time_s,clean_after_pga_uV,ideal_decimated_uV,adc_out_uV,error_uV,fifo_spi_code_int24
0.000000000000000000e+00,1.720235624586698577e+03,3.685349626770613440e+02,0.000000000000000000e+00,-3.685349626770613440e+02,0.000000000000000000e+00
4.000000000000000083e-03,5.134938035028540980e+03,2.222731757974826905e+03,3.125000000000000000e+03,9.022682420251732083e+02,5.242880000000000000e+05
8.000000000000000167e-03,8.310579006763053258e+03,4.466036539013347465e+03,4.687500000000000909e+03,2.214634609866532458e+02,7.864320000000000000e+05
1.200000000000000025e-02,1.110006535214157157e+04,7.125218480826592895e+03,6.250000000000000000e+03,-8.752184808265925540e+02,1.048576000000000000e+06
1.600000000000000033e-02,1.337534021699364894e+04,9.649452303486576056e+03,9.375000000000001819e+03,-2.744523034865740669e+02,1.572864000000000000e+06
2.000000000000000042e-02,1.503362868621810412e+04,1.189659518398568434e+04,1.250000000000000000e+04,6.034048160143170207e+02,2.097152000000000000e+06
2.400000000000000050e-02,1.600237797490789308e+04,1.350765295309513385e+04,1.406250000000000000e+04,5.548470469048660334e+02,2.359296000000000000e+06
2.800000000000000058e-02,1.624264293337963136e+04,1.453816824637070022e+04,1.406250000000000000e+04,-4.756682463707001602e+02,2.359296000000000000e+06
3.200000000000000067e-02,1.575075141005869227e+04,1.470074999074149127e+04,1.406250000000000000e+04,-6.382499907414910467e+02,2.359296000000000000e+06
3.599999999999999728e-02,1.455817632355309979e+04,1.405347739969070062e+04,1.406250000000000000e+04,9.022600309299688703e+00,2.359296000000000000e+06
4.000000000000000083e-02,1.272963693001355568e+04,1.295440649527027927e+04,1.406250000000000000e+04,1.108093504729720735e+03,2.359296000000000000e+06
4.399999999999999745e-02,1.035954541165226146e+04,1.128788647517972458e+04,1.093750000000000182e+04,-3.503864751797231065e+02,1.835008000000000000e+06
4.800000000000000100e-02,7.567001383513343171e+03,9.265491632576664415e+03,9.375000000000001819e+03,1.095083674233377593e+02,1.572864000000000000e+06
5.199999999999999761e-02,4.489611489954467288e+03,6.534982943907220033e+03,6.250000000000000000e+03,-2.849829439072193509e+02,1.048576000000000000e+06
5.600000000000000117e-02,1.276469925472833893e+03,3.460305186434004099e+03,3.125000000000000000e+03,-3.353051864340038151e+02,5.242880000000000000e+05
5.999999999999999778e-02,-1.919324608708574942e+03,3.360216953748096671e+02,0.000000000000000000e+00,-3.360216953748096671e+02,0.000000000000000000e+00
6.400000000000000133e-02,-4.948221277925880713e+03,-2.693100571081470207e+03,-1.562500000000000000e+03,1.130600571081470207e+03,-2.621440000000000000e+05
6.800000000000000488e-02,-7.671447570974934933e+03,-5.366411758177459888e+03,-6.250000000000000000e+03,-8.835882418225405672e+02,-1.048576000000000000e+06
7.199999999999999456e-02,-9.967550809894046324e+03,-8.135018944653236758e+03,-7.812500000000000000e+03,3.225189446532366446e+02,-1.310720000000000000e+06
7.599999999999999811e-02,-1.173792744258516541e+04,-1.045831187323894119e+04,-1.093750000000000182e+04,-4.791881267610601753e+02,-1.835008000000000000e+06
8.000000000000000167e-02,-1.291107738544248423e+04,-1.221376189583174528e+04,-1.250000000000000000e+04,-2.862381041682550631e+02,-2.097152000000000000e+06
8.400000000000000522e-02,-1.344539431656928355e+04,-1.329479469949063787e+04,-1.250000000000000000e+04,7.947946994906369582e+02,-2.097152000000000000e+06
8.799999999999999489e-02,-1.333038518405030482e+04,-1.376592805249376033e+04,-1.406250000000000000e+04,-2.965719475062408037e+02,-2.359296000000000000e+06
9.199999999999999845e-02,-1.258629850078140589e+04,-1.388223112468565341e+04,-1.406250000000000000e+04,-1.802688753143478380e+02,-2.359296000000000000e+06
9.600000000000000200e-02,-1.126222632379155220e+04,-1.326036509264093365e+04,-1.250000000000000000e+04,7.603650926409320618e+02,-2.097152000000000000e+06
1.000000000000000056e-01,-9.432824390913028765e+03,-1.173556752210393279e+04,-1.250000000000000000e+04,-7.644324778960670983e+02,-2.097152000000000000e+06
1.039999999999999952e-01,-7.193864368977093363e+03,-1.018500901455561871e+04,-9.375000000000001819e+03,8.100090145556175685e+02,-1.572864000000000000e+06
1.079999999999999988e-01,-4.656887888492860839e+03,-8.031120921787676707e+03,-7.812500000000000000e+03,2.186209217876766786e+02,-1.310720000000000000e+06
1.120000000000000023e-01,-1.943271210462877661e+03,-5.490781795388069440e+03,-6.250000000000000000e+03,-7.592182046119305596e+02,-1.048576000000000000e+06
1.160000000000000059e-01,8.219697739381094834e+02,-2.996865112558398778e+03,-3.125000000000000000e+03,-1.281348874416013359e+02,-5.242880000000000000e+05
1.199999999999999956e-01,3.516302629273393450e+03,-6.308114199099807138e+02,0.000000000000000000e+00,6.308114199099807138e+02,0.000000000000000000e+00
1.239999999999999991e-01,6.025414595818902853e+03,2.128160254103402167e+03,1.562500000000000000e+03,-5.656602541034019396e+02,2.621440000000000000e+05
1.280000000000000027e-01,8.248280600054109527e+03,4.764897074516203247e+03,4.687500000000000909e+03,-7.739707451620212453e+01,7.864320000000000000e+05
1.320000000000000062e-01,1.010132981165135971e+04,7.260591298625486161e+03,7.812500000000000000e+03,5.519087013745142940e+02,1.310720000000000000e+06
1.360000000000000098e-01,1.152153682544840012e+04,9.087749251747953167e+03,9.375000000000001819e+03,2.872507482520481972e+02,1.572864000000000000e+06
1.400000000000000133e-01,1.246833025690091745e+04,1.038226518326436417e+04,9.375000000000001819e+03,-1.007265183264362236e+03,1.572864000000000000e+06
1.439999999999999891e-01,1.292428148003774550e+04,1.152540250046625442e+04,1.250000000000000000e+04,9.745974995337465998e+02,2.097152000000000000e+06
1.479999999999999927e-01,1.289460518925518772e+04,1.173691819416595899e+04,1.093750000000000182e+04,-7.994181941659572885e+02,1.835008000000000000e+06
1.519999999999999962e-01,1.240556740792522396e+04,1.148198220767739986e+04,1.093750000000000182e+04,-5.444822076773984918e+02,1.835008000000000000e+06
1.559999999999999998e-01,1.150195191180693109e+04,1.137660587637327626e+04,1.250000000000000000e+04,1.123394123626724877e+03,2.097152000000000000e+06
1.600000000000000033e-01,1.024377984213169111e+04,1.060271511663748242e+04,1.093750000000000182e+04,3.347848833625179736e+02,1.835008000000000000e+06
1.640000000000000069e-01,8.702507418140932714e+03,9.328496175151749412e+03,7.812500000000000000e+03,-1.515996175151749412e+03,1.310720000000000000e+06
1.680000000000000104e-01,6.956941904766664265e+03,7.609804804150763630e+03,7.812500000000000000e+03,2.026951958492362564e+02,1.310720000000000000e+06
1.719999999999999862e-01,5.089116097071860167e+03,5.980152920950265980e+03,6.250000000000000000e+03,2.698470790497339067e+02,1.048576000000000000e+06
1.759999999999999898e-01,3.180347251340087496e+03,4.208847368225027822e+03,4.687500000000000909e+03,4.786526317749730310e+02,7.864320000000000000e+05
1.799999999999999933e-01,1.307679206278584843e+03,2.279349190393512799e+03,1.562500000000000000e+03,-7.168491903935129130e+02,2.621440000000000000e+05
1.839999999999999969e-01,-4.591312667010056998e+02,5.047419084394808237e+02,1.562500000000000000e+03,1.057758091560519460e+03,2.621440000000000000e+05
1.880000000000000004e-01,-2.059968149581308808e+03,-1.203452928111488745e+03,-1.562500000000000000e+03,-3.590470718885113683e+02,-2.621440000000000000e+05
1.920000000000000040e-01,-3.445983775813434022e+03,-2.892619868949624106e+03,-3.125000000000000000e+03,-2.323801310503762068e+02,-5.242880000000000000e+05
1.960000000000000075e-01,-4.580484686583414259e+03,-4.361532823759174789e+03,-4.687500000000000909e+03,-3.259671762408256654e+02,-7.864320000000000000e+05
2.000000000000000111e-01,-5.439108056016434602e+03,-5.401346480191456976e+03,-4.687500000000000909e+03,7.138464801914566351e+02,-7.864320000000000000e+05
2.039999999999999869e-01,-6.009363385993147858e+03,-6.372693868894411025e+03,-6.250000000000000000e+03,1.226938688944105280e+02,-1.048576000000000000e+06
2.079999999999999905e-01,-6.289648411149487401e+03,-7.076264090986494011e+03,-7.812500000000000000e+03,-7.362359090135059887e+02,-1.310720000000000000e+06
2.119999999999999940e-01,-6.287872320415249305e+03,-7.471573415151447080e+03,-7.812500000000000000e+03,-3.409265848485524657e+02,-1.310720000000000000e+06
2.159999999999999976e-01,-6.019832332125741232e+03,-7.085600047175005784e+03,-6.250000000000000000e+03,8.356000471750057841e+02,-1.048576000000000000e+06
2.200000000000000011e-01,-5.507491015959147262e+03,-6.803365533369371406e+03,-6.250000000000000000e+03,5.533655333693712919e+02,-1.048576000000000000e+06
2.240000000000000047e-01,-4.777292021253035273e+03,-6.099013679855211194e+03,-6.250000000000000000e+03,-1.509863201447888059e+02,-1.048576000000000000e+06
2.280000000000000082e-01,-3.858632302676063773e+03,-5.561404571224041320e+03,-6.250000000000000000e+03,-6.885954287759593626e+02,-1.048576000000000000e+06
2.320000000000000118e-01,-2.782581451528601974e+03,-4.649734660800513666e+03,-4.687500000000000909e+03,-3.776533919948744256e+01,-7.864320000000000000e+05
2.359999999999999876e-01,-1.580905782050764401e+03,-3.703566292449068442e+03,-3.125000000000000000e+03,5.785662924490684418e+02,-5.242880000000000000e+05
2.399999999999999911e-01,-2.854191603035827711e+02,-2.572176029740978265e+03,-3.125000000000000000e+03,-5.528239702590220759e+02,-5.242880000000000000e+05
2.439999999999999947e-01,1.072352895473701210e+03,-1.595458619360689681e+03,-1.562500000000000000e+03,3.295861936068950371e+01,-2.621440000000000000e+05
2.479999999999999982e-01,2.461241740185328126e+03,-1.526022054784011459e+02,0.000000000000000000e+00,1.526022054784011459e+02,0.000000000000000000e+00
2.520000000000000018e-01,3.850309492663433048e+03,1.249731189708353440e+03,1.562500000000000000e+03,3.127688102916466732e+02,2.621440000000000000e+05
2.560000000000000053e-01,5.208620199665089785e+03,2.585104453833744628e+03,1.562500000000000000e+03,-1.022604453833744742e+03,2.621440000000000000e+05
2.600000000000000089e-01,6.505010190195949690e+03,3.882065434727506727e+03,4.687500000000000909e+03,8.054345652724940692e+02,7.864320000000000000e+05
2.640000000000000124e-01,7.707959615894130366e+03,5.412128401952192689e+03,4.687500000000000909e+03,-7.246284019521917799e+02,7.864320000000000000e+05
2.680000000000000160e-01,8.785657315025717253e+03,6.594979408348561265e+03,7.812500000000000000e+03,1.217520591651438508e+03,1.310720000000000000e+06
2.720000000000000195e-01,9.706332103110973549e+03,7.263197421690553711e+03,6.250000000000000000e+03,-1.013197421690553483e+03,1.048576000000000000e+06
2.760000000000000231e-01,1.043889685581630329e+04,8.153207135436197859e+03,7.812500000000000000e+03,-3.407071354361978592e+02,1.310720000000000000e+06
2.800000000000000266e-01,1.095391939229046147e+04,8.942043156679957974e+03,9.375000000000001819e+03,4.329568433200439586e+02,1.572864000000000000e+06
2.839999999999999747e-01,1.122489873455727320e+04,9.456464436055772239e+03,9.375000000000001819e+03,-8.146443605577118774e+01,1.572864000000000000e+06
2.879999999999999782e-01,1.122978963751906485e+04,9.719404013754932748e+03,9.375000000000001819e+03,-3.444040137549307588e+02,1.572864000000000000e+06
2.919999999999999818e-01,1.095268526105427736e+04,9.597710309120802776e+03,1.093750000000000182e+04,1.339789690879198588e+03,1.835008000000000000e+06
2.959999999999999853e-01,1.038554026755402447e+04,9.156201633383370790e+03,7.812500000000000000e+03,-1.343701633383371018e+03,1.310720000000000000e+06
2.999999999999999889e-01,9.529796919676706239e+03,8.450712951758541749e+03,9.375000000000001819e+03,9.242870482414588196e+02,1.572864000000000000e+06
3.039999999999999925e-01,8.397766854185090779e+03,7.645648330746247666e+03,7.812500000000000000e+03,1.668516692537522204e+02,1.310720000000000000e+06
3.079999999999999960e-01,7.013622384839189181e+03,6.550996810725770956e+03,6.250000000000000000e+03,-3.009968107257707857e+02,1.048576000000000000e+06
3.119999999999999996e-01,5.413863937584333144e+03,4.954014011718577422e+03,4.687500000000000909e+03,-2.665140117185764552e+02,7.864320000000000000e+05
3.160000000000000031e-01,3.647154218345317076e+03,3.461028837352127539e+03,3.125000000000000000e+03,-3.360288373521272547e+02,5.242880000000000000e+05
3.200000000000000067e-01,1.773443809154851579e+03,1.934544576001693258e+03,3.125000000000000000e+03,1.190455423998306969e+03,5.242880000000000000e+05
3.240000000000000102e-01,-1.376448307782280267e+02,-1.134278850975752384e+01,0.000000000000000000e+00,1.134278850975752384e+01,0.000000000000000000e+00
3.280000000000000138e-01,-2.009160082479617131e+03,-1.609063436339186183e+03,-1.562500000000000000e+03,4.656343633918603331e+01,-2.621440000000000000e+05
3.320000000000000173e-01,-3.759825269666311669e+03,-3.361915647659915066e+03,-4.687500000000000909e+03,-1.325584352340085843e+03,-7.864320000000000000e+05
3.360000000000000209e-01,-5.307589162646944715e+03,-4.961411628884075981e+03,-4.687500000000000909e+03,2.739116288840749576e+02,-7.864320000000000000e+05
3.400000000000000244e-01,-6.573562502340981155e+03,-6.489710621946551328e+03,-6.250000000000000000e+03,2.397106219465512993e+02,-1.048576000000000000e+06
3.439999999999999725e-01,-7.486142316143044809e+03,-7.631773254715959411e+03,-7.812500000000000000e+03,-1.807267452840401916e+02,-1.310720000000000000e+06
3.479999999999999760e-01,-7.985098426861903135e+03,-8.584708789534939569e+03,-7.812500000000000000e+03,7.722087895349391147e+02,-1.310720000000000000e+06
3.519999999999999796e-01,-8.025382009055321760e+03,-9.206105073681459544e+03,-9.375000000000001819e+03,-1.688949263185419909e+02,-1.572864000000000000e+06
3.559999999999999831e-01,-7.580415919602310169e+03,-9.249307751522688704e+03,-9.375000000000001819e+03,-1.256922484773135409e+02,-1.572864000000000000e+06
3.599999999999999867e-01,-6.644641538103411222e+03,-8.821761273859354333e+03,-9.375000000000001819e+03,-5.532387261406469179e+02,-1.572864000000000000e+06
3.639999999999999902e-01,-5.235126761842729138e+03,-7.623254561457331874e+03,-7.812500000000000000e+03,-1.892454385426685235e+02,-1.310720000000000000e+06
3.679999999999999938e-01,-3.392083407436347898e+03,-5.858279531420852436e+03,-4.687500000000000909e+03,1.170779531420851981e+03,-7.864320000000000000e+05
3.719999999999999973e-01,-1.178197456726291875e+03,-4.364939346468289841e+03,-4.687500000000000909e+03,-3.225606535317108978e+02,-7.864320000000000000e+05
3.760000000000000009e-01,1.323260582056872863e+03,-2.496646574656313987e+03,-3.125000000000000000e+03,-6.283534253436863537e+02,-5.242880000000000000e+05
3.800000000000000044e-01,4.011509022722597820e+03,-3.446893640521718680e+02,0.000000000000000000e+00,3.446893640521718680e+02,0.000000000000000000e+00
3.840000000000000080e-01,6.772405926654085306e+03,2.147221920722593040e+03,1.562500000000000000e+03,-5.847219207225930404e+02,2.621440000000000000e+05
3.880000000000000115e-01,9.483504680003636167e+03,4.875060873523529153e+03,4.687500000000000909e+03,-1.875608735235284996e+02,7.864320000000000000e+05
3.920000000000000151e-01,1.201978182851161182e+04,7.438301923638066910e+03,7.812500000000000000e+03,3.741980763619333175e+02,1.310720000000000000e+06
3.960000000000000187e-01,1.425975647411153477e+04,9.915894263305377535e+03,1.093750000000000182e+04,1.021605736694623829e+03,1.835008000000000000e+06
4.000000000000000222e-01,1.609168668167143551e+04,1.192762317186278597e+04,1.093750000000000182e+04,-9.901231718627851706e+02,1.835008000000000000e+06
4.040000000000000258e-01,1.741951143446559581e+04,1.373944592992578146e+04,1.406250000000000000e+04,3.230540700742187141e+02,2.359296000000000000e+06
4.079999999999999738e-01,1.816820826210969244e+04,1.492008214286345901e+04,1.562500000000000000e+04,7.049178571365416701e+02,2.621440000000000000e+06
4.119999999999999774e-01,1.828825722542010044e+04,1.553615676800624897e+04,1.406250000000000000e+04,-1.473656768006249195e+03,2.359296000000000000e+06
4.159999999999999809e-01,1.775894083794071776e+04,1.530441595397560377e+04,1.562500000000000000e+04,3.205840460243965708e+02,2.621440000000000000e+06
4.199999999999999845e-01,1.659026498501063543e+04,1.501384900195199043e+04,1.562500000000000000e+04,6.111509980480101376e+02,2.621440000000000000e+06
4.239999999999999880e-01,1.482335519370978000e+04,1.388192205452126291e+04,1.406250000000000000e+04,1.805779454787381724e+02,2.359296000000000000e+06
4.279999999999999916e-01,1.252926205616150583e+04,1.233042659263281348e+04,1.250000000000000000e+04,1.695734073671878548e+02,2.097152000000000000e+06
4.319999999999999951e-01,9.806194881155763142e+03,1.001149935453767830e+04,9.375000000000001819e+03,-6.364993545376773909e+02,1.572864000000000000e+06
4.359999999999999987e-01,6.775288978608539765e+03,7.290687833741333634e+03,7.812500000000000000e+03,5.218121662586664797e+02,1.310720000000000000e+06
4.400000000000000022e-01,3.575094444417479735e+03,4.547320520659974136e+03,4.687500000000000909e+03,1.401794793400266883e+02,7.864320000000000000e+05
4.440000000000000058e-01,3.550481181280072178e+02,1.420941677596135378e+03,1.562500000000000000e+03,1.415583224038646222e+02,2.621440000000000000e+05
4.480000000000000093e-01,-2.731748841932107553e+03,-1.455738905403937451e+03,-1.562500000000000000e+03,-1.067610945960626765e+02,-2.621440000000000000e+05
4.520000000000000129e-01,-5.536081274646867314e+03,-4.579923080549482620e+03,-4.687500000000000909e+03,-1.075769194505181758e+02,-7.864320000000000000e+05
4.560000000000000164e-01,-7.920107194971763420e+03,-7.433019182269517842e+03,-7.812500000000000000e+03,-3.794808177304820447e+02,-1.310720000000000000e+06
4.600000000000000200e-01,-9.764387480671992307e+03,-9.909767454708715377e+03,-9.375000000000001819e+03,5.347674547087136716e+02,-1.572864000000000000e+06
4.640000000000000235e-01,-1.097408209826370876e+04,-1.183499624389020937e+04,-1.250000000000000000e+04,-6.650037561097918797e+02,-2.097152000000000000e+06
4.680000000000000271e-01,-1.148397626093744475e+04,-1.313788579872504124e+04,-1.250000000000000000e+04,6.378857987250404449e+02,-2.097152000000000000e+06
4.719999999999999751e-01,-1.126205829870511479e+04,-1.357038058418137189e+04,-1.406250000000000000e+04,-4.921194158186287382e+02,-2.359296000000000000e+06
4.759999999999999787e-01,-1.031144537545751155e+04,-1.338422374175793630e+04,-1.406250000000000000e+04,-6.782762582420633635e+02,-2.359296000000000000e+06
4.799999999999999822e-01,-8.670539507783365480e+03,-1.231044576905771646e+04,-1.250000000000000000e+04,-1.895542309422841640e+02,-2.097152000000000000e+06
4.839999999999999858e-01,-6.411389907167907040e+03,-1.071046552291847729e+04,-9.375000000000001819e+03,1.335465522918475017e+03,-1.572864000000000000e+06
4.879999999999999893e-01,-3.636333311720906750e+03,-8.454710082316149055e+03,-9.375000000000001819e+03,-9.202899176838519679e+02,-1.572864000000000000e+06
4.919999999999999929e-01,-4.730763734795219762e+02,-6.170960056184702808e+03,-6.250000000000000000e+03,-7.903994381529798829e+01,-1.048576000000000000e+06
4.959999999999999964e-01,2.931531846641057200e+03,-2.990850701711588499e+03,-3.125000000000000000e+03,-1.341492982884118419e+02,-5.242880000000000000e+05
5.000000000000000000e-01,6.418718368921176989e+03,4.347931242708647233e+02,1.562500000000000000e+03,1.127706875729135390e+03,2.621440000000000000e+05
5.040000000000000036e-01,9.825623128898314462e+03,3.972243022705063140e+03,3.125000000000000000e+03,-8.472430227050627991e+02,5.242880000000000000e+05
5.080000000000000071e-01,1.299334793468965836e+04,7.074781354075049421e+03,7.812500000000000000e+03,7.377186459249506925e+02,1.310720000000000000e+06
5.120000000000000107e-01,1.577479979865747191e+04,1.004140293697989728e+04,9.375000000000001819e+03,-6.664029369798963671e+02,1.572864000000000000e+06
5.160000000000000142e-01,1.804192206963157514e+04,1.271643589713953406e+04,1.250000000000000000e+04,-2.164358971395337221e+02,2.097152000000000000e+06
5.200000000000000178e-01,1.969194003849533692e+04,1.486414443085682433e+04,1.562500000000000000e+04,7.608555691431747618e+02,2.621440000000000000e+06
5.240000000000000213e-01,2.065230112930526957e+04,1.642704710191793492e+04,1.562500000000000000e+04,-8.020471019179360610e+02,2.621440000000000000e+06
5.280000000000000249e-01,2.088406040431532892e+04,1.732478068434293891e+04,1.718750000000000000e+04,-1.372806843429365244e+02,2.883584000000000000e+06
5.320000000000000284e-01,2.038354592685661555e+04,1.751059604851467884e+04,1.875000000000000364e+04,1.239403951485324569e+03,3.145728000000000000e+06
5.360000000000000320e-01,1.918223083340587254e+04,1.684774238222627537e+04,1.562500000000000000e+04,-1.222742382226273776e+03,2.621440000000000000e+06
5.400000000000000355e-01,1.734483460093999747e+04,1.582694757814451987e+04,1.562500000000000000e+04,-2.019475781445192979e+02,2.621440000000000000e+06
5.440000000000000391e-01,1.496576963544926730e+04,1.398996207325309661e+04,1.406250000000000000e+04,7.253792674690416220e+01,2.359296000000000000e+06
5.480000000000000426e-01,1.216413577870212248e+04,1.175202642189644939e+04,1.250000000000000000e+04,7.479735781035518585e+02,2.097152000000000000e+06
5.520000000000000462e-01,9.077539904721059429e+03,9.122645634917746065e+03,9.375000000000001819e+03,2.523543650822558675e+02,1.572864000000000000e+06
5.560000000000000497e-01,5.855076440602815637e+03,5.991495966918274462e+03,6.250000000000000000e+03,2.585040330817262770e+02,1.048576000000000000e+06
5.600000000000000533e-01,2.649844323098731820e+03,2.631944291471176712e+03,1.562500000000000000e+03,-1.069444291471176712e+03,2.621440000000000000e+05
5.639999999999999458e-01,-3.886053746760549075e+02,-1.328468929325329100e+02,0.000000000000000000e+00,1.328468929325329100e+02,0.000000000000000000e+00
5.679999999999999494e-01,-3.121499900149309269e+03,-3.263172476943304900e+03,-3.125000000000000000e+03,1.381724769433045026e+02,-5.242880000000000000e+05
5.719999999999999529e-01,-5.427386331080469063e+03,-5.865103477397097777e+03,-6.250000000000000000e+03,-3.848965226029027917e+02,-1.048576000000000000e+06
5.759999999999999565e-01,-7.207660868188057066e+03,-7.980477051582375680e+03,-7.812500000000000000e+03,1.679770515823752248e+02,-1.310720000000000000e+06
5.799999999999999600e-01,-8.390823177784479412e+03,-9.940115603045918760e+03,-9.375000000000001819e+03,5.651156030459167141e+02,-1.572864000000000000e+06
5.839999999999999636e-01,-8.935266684999218342e+03,-1.108173887937408472e+04,-1.093750000000000182e+04,1.442388793740836377e+02,-1.835008000000000000e+06
5.879999999999999671e-01,-8.830498082057581996e+03,-1.176483160762443003e+04,-1.250000000000000000e+04,-7.351683923755708747e+02,-2.097152000000000000e+06
5.919999999999999707e-01,-8.096765623116836650e+03,-1.182633363091380852e+04,-1.093750000000000182e+04,8.888336309138076103e+02,-1.835008000000000000e+06
5.959999999999999742e-01,-6.783161103594732595e+03,-1.114246054752665441e+04,-1.093750000000000182e+04,2.049605475266530448e+02,-1.835008000000000000e+06
5.999999999999999778e-01,-4.964339996846309077e+03,-9.656751330289345788e+03,-1.093750000000000182e+04,-1.280748669710654895e+03,-1.835008000000000000e+06
6.039999999999999813e-01,-2.736073702366256839e+03,-7.818007338074311519e+03,-7.812500000000000000e+03,5.507338074311681986e+00,-1.310720000000000000e+06
6.079999999999999849e-01,-2.099035804745386997e+02,-5.613384748842345289e+03,-4.687500000000000909e+03,9.258847488423449477e+02,-7.864320000000000000e+05
6.119999999999999885e-01,2.492794380861200352e+03,-3.420978073589497853e+03,-3.125000000000000000e+03,2.959780735894979102e+02,-5.242880000000000000e+05
6.159999999999999920e-01,5.247004566339980556e+03,-1.098301991855242477e+03,-1.562500000000000000e+03,-4.641980081447575230e+02,-2.621440000000000000e+05
6.199999999999999956e-01,7.930194819230737266e+03,1.672182341870355458e+03,1.562500000000000000e+03,-1.096823418703554296e+02,2.621440000000000000e+05
6.239999999999999991e-01,1.042805266133987971e+04,4.460574306677479399e+03,4.687500000000000909e+03,2.269256933225211412e+02,7.864320000000000000e+05
6.280000000000000027e-01,1.263955330349510587e+04,6.813329331764688504e+03,6.250000000000000000e+03,-5.633293317646881633e+02,1.048576000000000000e+06
6.320000000000000062e-01,1.448112620252751913e+04,8.873562406449980699e+03,9.375000000000001819e+03,5.014375935500203241e+02,1.572864000000000000e+06
6.360000000000000098e-01,1.588974624323691387e+04,1.067366038887216564e+04,1.093750000000000182e+04,2.638396111278359513e+02,1.835008000000000000e+06
6.400000000000000133e-01,1.682484233383699757e+04,1.198592732508518566e+04,1.093750000000000182e+04,-1.048427325085183838e+03,1.835008000000000000e+06
6.440000000000000169e-01,1.726898614390318835e+04,1.297515405648989690e+04,1.406250000000000000e+04,1.087345943510103325e+03,2.359296000000000000e+06
6.480000000000000204e-01,1.722739266615947054e+04,1.336529926409191103e+04,1.250000000000000000e+04,-8.652992640919097767e+02,2.097152000000000000e+06
6.520000000000000240e-01,1.672632822507906167e+04,1.330638296939368229e+04,1.406250000000000000e+04,7.561170306063183943e+02,2.359296000000000000e+06
6.560000000000000275e-01,1.581057690028823345e+04,1.298251551922430917e+04,1.250000000000000000e+04,-4.825155192243087185e+02,2.097152000000000000e+06
6.600000000000000311e-01,1.454016013964385456e+04,1.196203510696345620e+04,1.250000000000000000e+04,5.379648930365441402e+02,2.097152000000000000e+06
6.640000000000000346e-01,1.298653447176335067e+04,1.077283096830249815e+04,1.093750000000000182e+04,1.646690316975032431e+02,1.835008000000000000e+06
6.680000000000000382e-01,1.122850747369744568e+04,9.226309544159668803e+03,9.375000000000001819e+03,1.486904558403324188e+02,1.572864000000000000e+06
6.720000000000000417e-01,9.348112255362661017e+03,7.513702872154238321e+03,6.250000000000000000e+03,-1.263702872154237866e+03,1.048576000000000000e+06
6.760000000000000453e-01,7.426666390622966901e+03,5.404728689249651325e+03,6.250000000000000000e+03,8.452713107503489027e+02,1.048576000000000000e+06
6.800000000000000488e-01,5.541214038484875346e+03,3.479702337504070783e+03,3.125000000000000000e+03,-3.547023375040703854e+02,5.242880000000000000e+05
6.840000000000000524e-01,3.761512293370045882e+03,1.795050991998868994e+03,1.562500000000000000e+03,-2.325509919988688807e+02,2.621440000000000000e+05
6.879999999999999449e-01,2.147677499008454106e+03,2.169754457924283031e+02,0.000000000000000000e+00,-2.169754457924283031e+02,0.000000000000000000e+00
6.919999999999999485e-01,7.485576503559751700e+02,-1.259617611198040322e+03,0.000000000000000000e+00,1.259617611198040322e+03,0.000000000000000000e+00
6.959999999999999520e-01,-3.991534626803938863e+02,-3.102557373270488370e+03,-3.125000000000000000e+03,-2.244262672951172632e+01,-5.242880000000000000e+05
6.999999999999999556e-01,-1.271092680455088839e+03,-4.595053492518749408e+03,-4.687500000000000909e+03,-9.244650748125096129e+01,-7.864320000000000000e+05
7.039999999999999591e-01,-1.854769168408756059e+03,-5.355487560352312357e+03,-6.250000000000000000e+03,-8.945124396476880975e+02,-1.048576000000000000e+06
7.079999999999999627e-01,-2.148580322076548782e+03,-6.029032831623004313e+03,-6.250000000000000000e+03,-2.209671683769962272e+02,-1.048576000000000000e+06
7.119999999999999662e-01,-2.160434988635288846e+03,-6.339419110056830505e+03,-6.250000000000000000e+03,8.941911005683027724e+01,-1.048576000000000000e+06
7.159999999999999698e-01,-1.906130042023746228e+03,-6.402918789912225293e+03,-6.250000000000000000e+03,1.529187899122251793e+02,-1.048576000000000000e+06
7.199999999999999734e-01,-1.407627704888694097e+03,-5.624486290690106216e+03,-4.687500000000000909e+03,9.369862906901055339e+02,-7.864320000000000000e+05
7.239999999999999769e-01,-6.913712769102053244e+02,-4.915679588786543718e+03,-6.250000000000000000e+03,-1.334320411213456509e+03,-1.048576000000000000e+06
7.279999999999999805e-01,2.132426395178233349e+02,-4.479704430461291849e+03,-3.125000000000000000e+03,1.354704430461291622e+03,-5.242880000000000000e+05
7.319999999999999840e-01,1.275144807978141898e+03,-3.518581584762144757e+03,-4.687500000000000909e+03,-1.168918415237855925e+03,-7.864320000000000000e+05
7.359999999999999876e-01,2.462569271713153285e+03,-2.766747005968919893e+03,-1.562500000000000000e+03,1.204247005968919666e+03,-2.621440000000000000e+05
7.399999999999999911e-01,3.743702524734697363e+03,-1.740880266994637168e+03,-3.125000000000000000e+03,-1.384119733005363059e+03,-5.242880000000000000e+05
7.439999999999999947e-01,5.087019411457669776e+03,-3.367064921270182936e+02,0.000000000000000000e+00,3.367064921270182936e+02,0.000000000000000000e+00
7.479999999999999982e-01,6.461351652012554041e+03,1.012196263140191036e+03,1.562500000000000000e+03,5.503037368598090779e+02,2.621440000000000000e+05
7.520000000000000018e-01,7.835761733020592146e+03,2.275759059501475804e+03,1.562500000000000000e+03,-7.132590595014756900e+02,2.621440000000000000e+05
7.560000000000000053e-01,9.179314071581560711e+03,3.273042092233741187e+03,3.125000000000000000e+03,-1.480420922337411866e+02,5.242880000000000000e+05
7.600000000000000089e-01,1.046084536958801255e+04,4.167926377764748395e+03,4.687500000000000909e+03,5.195736222352526283e+02,7.864320000000000000e+05
7.640000000000000124e-01,1.164883615409979393e+04,5.641161975045317376e+03,6.250000000000000000e+03,6.088380249546828509e+02,1.048576000000000000e+06
7.680000000000000160e-01,1.271147564133002015e+04,7.162932347535117515e+03,6.250000000000000000e+03,-9.129323475351169463e+02,1.048576000000000000e+06
7.720000000000000195e-01,1.361699302726174938e+04,7.996471544732115035e+03,7.812500000000000000e+03,-1.839715447321150918e+02,1.310720000000000000e+06
7.760000000000000231e-01,1.433430157053035509e+04,8.650418609760889012e+03,9.375000000000001819e+03,7.245813902391120109e+02,1.572864000000000000e+06
7.800000000000000266e-01,1.483396947575001286e+04,9.473829180718073985e+03,9.375000000000001819e+03,-9.882918071807237936e+01,1.572864000000000000e+06
7.840000000000000302e-01,1.508949615289671965e+04,1.025343489259974558e+04,1.093750000000000182e+04,6.840651074002546466e+02,1.835008000000000000e+06
7.880000000000000338e-01,1.507883674730191706e+04,1.045042413385355212e+04,9.375000000000001819e+03,-1.075424133853549847e+03,1.572864000000000000e+06
7.920000000000000373e-01,1.478608481174022563e+04,1.034596728906747921e+04,1.093750000000000182e+04,5.915327109325216952e+02,1.835008000000000000e+06
7.960000000000000409e-01,1.420319540395607874e+04,9.868388233146733910e+03,9.375000000000001819e+03,-4.933882331467319204e+02,1.572864000000000000e+06
8.000000000000000444e-01,1.333161118440836799e+04,9.311781740336738949e+03,9.375000000000001819e+03,6.321825966326168356e+01,1.572864000000000000e+06
8.040000000000000480e-01,1.218364419009743506e+04,8.377255802231835332e+03,7.812500000000000000e+03,-5.647558022318348776e+02,1.310720000000000000e+06
8.080000000000000515e-01,1.078346713744788940e+04,6.840367855111023346e+03,7.812500000000000000e+03,9.721321448889763133e+02,1.310720000000000000e+06
8.120000000000000551e-01,9.167580857486445893e+03,5.911387807709410481e+03,6.250000000000000000e+03,3.386121922905899737e+02,1.048576000000000000e+06
8.159999999999999476e-01,7.384648463625895602e+03,4.432741366941685556e+03,3.125000000000000000e+03,-1.307741366941685556e+03,5.242880000000000000e+05
8.199999999999999512e-01,5.494620947783208976e+03,2.669742327379420203e+03,3.125000000000000000e+03,4.552576726205800242e+02,5.242880000000000000e+05
8.239999999999999547e-01,3.567121181437429641e+03,7.953520271578349821e+02,1.562500000000000000e+03,7.671479728421651316e+02,2.621440000000000000e+05
8.279999999999999583e-01,1.679101198208586766e+03,-1.289651091632304542e+03,-1.562500000000000000e+03,-2.728489083676955147e+02,-2.621440000000000000e+05
8.319999999999999618e-01,-8.816190860956096742e+01,-3.299754858740254349e+03,-3.125000000000000000e+03,1.747548587402543205e+02,-5.242880000000000000e+05
8.359999999999999654e-01,-1.652616489960382523e+03,-5.178020759589623594e+03,-6.250000000000000000e+03,-1.071979240410377088e+03,-1.048576000000000000e+06
8.399999999999999689e-01,-2.935372865054172053e+03,-6.391121202828832793e+03,-6.250000000000000000e+03,1.411212028288328497e+02,-1.048576000000000000e+06
8.439999999999999725e-01,-3.864827637243130539e+03,-7.394085144682558166e+03,-6.250000000000000000e+03,1.144085144682557939e+03,-1.048576000000000000e+06
8.479999999999999760e-01,-4.380750202971067665e+03,-8.130696596143089664e+03,-9.375000000000001819e+03,-1.244303403856911928e+03,-1.572864000000000000e+06
8.519999999999999796e-01,-4.438091308119017413e+03,-8.650391073757411505e+03,-7.812500000000000000e+03,8.378910737574119594e+02,-1.310720000000000000e+06
8.559999999999999831e-01,-4.010273378588332434e+03,-8.523401076818920046e+03,-9.375000000000001819e+03,-8.515989231810805222e+02,-1.572864000000000000e+06
8.599999999999999867e-01,-3.091737360711841575e+03,-8.037953017262627327e+03,-7.812500000000000000e+03,2.254530172626275544e+02,-1.310720000000000000e+06
8.639999999999999902e-01,-1.699550716226844315e+03,-7.365419597418625926e+03,-6.250000000000000000e+03,1.115419597418625244e+03,-1.048576000000000000e+06
8.679999999999999938e-01,1.260751760654690514e+02,-6.074867329441764923e+03,-6.250000000000000000e+03,-1.751326705582353895e+02,-1.048576000000000000e+06
8.719999999999999973e-01,2.322454774395017466e+03,-4.458182136165778502e+03,-4.687500000000000909e+03,-2.293178638342217539e+02,-7.864320000000000000e+05
8.760000000000000009e-01,4.806318012849071238e+03,-2.447939428831242822e+03,-3.125000000000000000e+03,-6.770605711687574058e+02,-5.242880000000000000e+05
8.800000000000000044e-01,7.476883649789677293e+03,-2.744617865889615018e+02,0.000000000000000000e+00,2.744617865889615018e+02,0.000000000000000000e+00
8.840000000000000080e-01,1.022001019337611797e+04,2.122263500760837815e+03,1.562500000000000000e+03,-5.597635007608378146e+02,2.621440000000000000e+05
8.880000000000000115e-01,1.291325147874900540e+04,4.611867576369806557e+03,4.687500000000000909e+03,7.563242363019425341e+01,7.864320000000000000e+05
8.920000000000000151e-01,1.543158450283788079e+04,7.060169921100538886e+03,7.812500000000000000e+03,7.523300788994614550e+02,1.310720000000000000e+06
8.960000000000000187e-01,1.765352882095491805e+04,9.640683621301417588e+03,9.375000000000001819e+03,-2.656836213014157693e+02,1.572864000000000000e+06
9.000000000000000222e-01,1.946734295352481786e+04,1.174851633636583756e+04,1.250000000000000000e+04,7.514836636341639178e+02,2.097152000000000000e+06
9.040000000000000258e-01,2.077696634154504136e+04,1.359631568044587038e+04,1.250000000000000000e+04,-1.096315680445870385e+03,2.097152000000000000e+06
9.080000000000000293e-01,2.150737697450940686e+04,1.531728703116037104e+04,1.562500000000000000e+04,3.077129688396282177e+02,2.621440000000000000e+06
9.120000000000000329e-01,2.160905537525570253e+04,1.590547677104588183e+04,1.562500000000000000e+04,-2.804767710458816623e+02,2.621440000000000000e+06
9.160000000000000364e-01,2.106128452148094584e+04,1.595860597107127251e+04,1.562500000000000000e+04,-3.336059710712727338e+02,2.621440000000000000e+06
9.200000000000000400e-01,1.987407076479723764e+04,1.529114299722624855e+04,1.562500000000000000e+04,3.338570027737516170e+02,2.621440000000000000e+06
9.240000000000000435e-01,1.808854010066567207e+04,1.383685998424058016e+04,1.406250000000000000e+04,2.256400157594207201e+02,2.359296000000000000e+06
9.280000000000000471e-01,1.577574359168706542e+04,1.216519199836165717e+04,1.250000000000000000e+04,3.348080016383428870e+02,2.097152000000000000e+06
9.320000000000000506e-01,1.303389101921327165e+04,9.771158793135571614e+03,9.375000000000001819e+03,-3.961587931355700221e+02,1.572864000000000000e+06
9.360000000000000542e-01,9.984118167794633337e+03,6.854148873396694398e+03,7.812500000000000000e+03,9.583511266033056017e+02,1.310720000000000000e+06
9.399999999999999467e-01,6.764975610023660920e+03,4.177192433144909046e+03,3.125000000000000000e+03,-1.052192433144909273e+03,5.242880000000000000e+05
9.439999999999999503e-01,3.525900664189086910e+03,1.362675563560918135e+03,1.562500000000000000e+03,1.998244364390818362e+02,2.621440000000000000e+05
9.479999999999999538e-01,4.199949693983218708e+02,-1.636699563525796066e+03,-1.562500000000000000e+03,7.419956352579595205e+01,-2.621440000000000000e+05
9.519999999999999574e-01,-2.403525830428772679e+03,-4.897183136054832175e+03,-4.687500000000000909e+03,2.096831360548318912e+02,-7.864320000000000000e+05
9.559999999999999609e-01,-4.806819265431828171e+03,-7.601034513453761974e+03,-7.812500000000000000e+03,-2.114654865462382816e+02,-1.310720000000000000e+06
9.599999999999999645e-01,-6.670445726560446019e+03,-9.907896428058546007e+03,-9.375000000000001819e+03,5.328964280585448705e+02,-1.572864000000000000e+06
9.639999999999999680e-01,-7.899564691527707510e+03,-1.172848743534581627e+04,-1.250000000000000000e+04,-7.715125646541847573e+02,-2.097152000000000000e+06
9.679999999999999716e-01,-8.428960882745986964e+03,-1.297412721838130528e+04,-1.250000000000000000e+04,4.741272183813039192e+02,-2.097152000000000000e+06
9.719999999999999751e-01,-8.226622137486319843e+03,-1.366301849155707532e+04,-1.406250000000000000e+04,-3.994815084429250760e+02,-2.359296000000000000e+06
9.759999999999999787e-01,-7.295665124948392986e+03,-1.339166323869571170e+04,-1.250000000000000000e+04,8.916632386957115841e+02,-2.097152000000000000e+06
9.799999999999999822e-01,-5.674491365092053456e+03,-1.234435141032441607e+04,-1.250000000000000000e+04,-1.556485896755839633e+02,-2.097152000000000000e+06
9.839999999999999858e-01,-3.435149570848444000e+03,-1.074812833115233116e+04,-1.093750000000000182e+04,-1.893716688476706338e+02,-1.835008000000000000e+06
9.879999999999999893e-01,-6.799759798606502272e+02,-8.718759320211520389e+03,-9.375000000000001819e+03,-6.562406797884813159e+02,-1.572864000000000000e+06
9.919999999999999929e-01,2.463323258200819055e+03,-6.134645189833950099e+03,-6.250000000000000000e+03,-1.153548101660503704e+02,-1.048576000000000000e+06
9.959999999999999964e-01,5.847899586674720922e+03,-3.096886139739888677e+03,-3.125000000000000000e+03,-2.811386026011159345e+01,-5.242880000000000000e+05
1.000000000000000000e+00,9.314980531969846197e+03,-8.168204622327525044e+01,0.000000000000000000e+00,8.168204622327525044e+01,0.000000000000000000e+00
1.004000000000000004e+00,1.270170653761388166e+04,3.161221906278436109e+03,3.125000000000000000e+03,-3.622190627843588828e+01,5.242880000000000000e+05
1.008000000000000007e+00,1.584917992156312903e+04,6.394530239973593780e+03,6.250000000000000000e+03,-1.445302399735934387e+02,1.048576000000000000e+06
1.012000000000000011e+00,1.861030820785498872e+04,9.427326651538094666e+03,9.375000000000001819e+03,-5.232665153809268332e+01,1.572864000000000000e+06
1.016000000000000014e+00,2.085703525881752284e+04,1.205373486978157052e+04,1.250000000000000000e+04,4.462651302184310111e+02,2.097152000000000000e+06
1.020000000000000018e+00,2.248658688064245507e+04,1.445700709956018181e+04,1.406250000000000000e+04,-3.945070995601818140e+02,2.359296000000000000e+06
1.024000000000000021e+00,2.342641101449176858e+04,1.608925314249806615e+04,1.718750000000000000e+04,1.098246857501934755e+03,2.883584000000000000e+06
1.028000000000000025e+00,2.363756324150893124e+04,1.694872582137362770e+04,1.718750000000000000e+04,2.387741786263747201e+02,2.883584000000000000e+06
1.032000000000000028e+00,2.311637214568548370e+04,1.732922271950442519e+04,1.718750000000000000e+04,-1.417227195044251573e+02,2.883584000000000000e+06
1.036000000000000032e+00,2.189431138591637500e+04,1.673449876475825295e+04,1.562500000000000000e+04,-1.109498764758253628e+03,2.621440000000000000e+06
1.040000000000000036e+00,2.003610096334128320e+04,1.512541603933786428e+04,1.562500000000000000e+04,4.995839606621362918e+02,2.621440000000000000e+06
1.044000000000000039e+00,1.763615380984461081e+04,1.358314415977950375e+04,1.406250000000000000e+04,4.793558402204963613e+02,2.359296000000000000e+06
1.048000000000000043e+00,1.481357029480696110e+04,1.121141170308113760e+04,1.093750000000000182e+04,-2.739117030811366362e+02,1.835008000000000000e+06
1.052000000000000046e+00,1.170595782156770292e+04,8.709253401504000067e+03,7.812500000000000000e+03,-8.967534015040002942e+02,1.310720000000000000e+06
1.056000000000000050e+00,8.462411348231786178e+03,5.764354502407757536e+03,6.250000000000000000e+03,4.856454975922424069e+02,1.048576000000000000e+06
1.060000000000000053e+00,5.236030344236693963e+03,2.687284762384157602e+03,3.125000000000000000e+03,4.377152376158427955e+02,5.242880000000000000e+05
1.064000000000000057e+00,2.176366417048158382e+03,-4.519337783442919090e+02,0.000000000000000000e+00,4.519337783442919090e+02,0.000000000000000000e+00
1.068000000000000060e+00,-5.778071447600112833e+02,-3.398481886188022145e+03,-4.687500000000000909e+03,-1.289018113811978310e+03,-7.864320000000000000e+05
1.072000000000000064e+00,-2.905036881308281409e+03,-6.322035577095336521e+03,-6.250000000000000000e+03,7.203557709533660613e+01,-1.048576000000000000e+06
1.076000000000000068e+00,-4.706718454052342167e+03,-8.818586661385113985e+03,-7.812500000000000000e+03,1.006086661385113075e+03,-1.310720000000000000e+06
1.080000000000000071e+00,-5.911350988431568112e+03,-1.053328401459344423e+04,-1.093750000000000182e+04,-4.042159854065561149e+02,-1.835008000000000000e+06
1.084000000000000075e+00,-6.477327367105870508e+03,-1.172367524792336553e+04,-1.250000000000000000e+04,-7.763247520766354910e+02,-2.097152000000000000e+06
1.088000000000000078e+00,-6.394153738248131958e+03,-1.234213119179684873e+04,-1.093750000000000182e+04,1.404631191796847361e+03,-1.835008000000000000e+06
1.092000000000000082e+00,-5.682077810394113840e+03,-1.226668273429798501e+04,-1.250000000000000000e+04,-2.333172657020161864e+02,-2.097152000000000000e+06
1.096000000000000085e+00,-4.390190831784745569e+03,-1.108007577475346807e+04,-1.093750000000000182e+04,1.425757747534669306e+02,-1.835008000000000000e+06
1.100000000000000089e+00,-2.593147727056765689e+03,-9.953052498871526041e+03,-1.093750000000000182e+04,-9.844475011284749826e+02,-1.835008000000000000e+06
1.104000000000000092e+00,-3.867193454589512385e+02,-8.412211396377448182e+03,-7.812500000000000000e+03,5.997113963774474996e+02,-1.310720000000000000e+06
1.108000000000000096e+00,2.117553504448377680e+03,-6.501616546287062192e+03,-6.250000000000000000e+03,2.516165462870621070e+02,-1.048576000000000000e+06
1.112000000000000099e+00,4.798295387956979539e+03,-4.425148779851998370e+03,-4.687500000000000909e+03,-2.623512201480023123e+02,-7.864320000000000000e+05
1.116000000000000103e+00,7.530491244511084915e+03,-1.694270016134307980e+03,-1.562500000000000000e+03,1.317700161343078946e+02,-2.621440000000000000e+05
1.120000000000000107e+00,1.019160947359661077e+04,1.207633119252606548e+03,1.562500000000000000e+03,3.548668807473935658e+02,2.621440000000000000e+05
1.124000000000000110e+00,1.266733815469468209e+04,3.653341873330314684e+03,3.125000000000000000e+03,-5.283418733303146837e+02,5.242880000000000000e+05
1.127999999999999892e+00,1.485665305775134584e+04,6.159526070463913129e+03,6.250000000000000000e+03,9.047392953608762411e+01,1.048576000000000000e+06
1.131999999999999895e+00,1.667598420014555813e+04,8.405446345017260683e+03,7.812500000000000000e+03,-5.929463450172600005e+02,1.310720000000000000e+06
1.135999999999999899e+00,1.806230702864033447e+04,9.706505018339763410e+03,9.375000000000001819e+03,-3.315050183397613068e+02,1.572864000000000000e+06
1.139999999999999902e+00,1.897505101481371094e+04,1.089950989495888098e+04,1.093750000000000182e+04,3.799010504111979714e+01,1.835008000000000000e+06
1.143999999999999906e+00,1.939678839299239553e+04,1.187076525819113340e+04,1.250000000000000000e+04,6.292347418088671702e+02,2.097152000000000000e+06
1.147999999999999909e+00,1.933273472202426274e+04,1.225729742118876493e+04,1.250000000000000000e+04,2.427025788112359521e+02,2.097152000000000000e+06
1.151999999999999913e+00,1.880915689386480517e+04,1.223589398421234182e+04,1.250000000000000000e+04,2.641060157876594303e+02,2.097152000000000000e+06
1.155999999999999917e+00,1.787083955696654448e+04,1.179976306140271663e+04,1.093750000000000182e+04,-8.622630614027148113e+02,1.835008000000000000e+06
1.159999999999999920e+00,1.657780472934222780e+04,1.092209623229859790e+04,1.093750000000000182e+04,1.540376770140308693e+01,1.835008000000000000e+06
1.163999999999999924e+00,1.500150951108039590e+04,9.453645758382923304e+03,9.375000000000001819e+03,-7.864575838292114440e+01,1.572864000000000000e+06
1.167999999999999927e+00,1.322076205200367440e+04,8.144644674659279190e+03,9.375000000000001819e+03,1.230355325340722175e+03,1.572864000000000000e+06
1.171999999999999931e+00,1.131759603608679572e+04,6.487420607089669829e+03,6.250000000000000000e+03,-2.374206070896696872e+02,1.048576000000000000e+06
1.175999999999999934e+00,9.373329612523766627e+03,4.772943173514576301e+03,4.687500000000000909e+03,-8.544317351457524978e+01,7.864320000000000000e+05
1.179999999999999938e+00,7.465007516908387515e+03,2.935624745009274648e+03,3.125000000000000000e+03,1.893752549907254661e+02,5.242880000000000000e+05
1.183999999999999941e+00,5.662387421492318026e+03,9.323172812495816970e+02,0.000000000000000000e+00,-9.323172812495816970e+02,0.000000000000000000e+00
1.187999999999999945e+00,4.025586249063659579e+03,-8.143812856982334552e+02,0.000000000000000000e+00,8.143812856982334552e+02,0.000000000000000000e+00
1.191999999999999948e+00,2.603452574849858138e+03,-2.559328438028546771e+03,-3.125000000000000000e+03,-5.656715619714535705e+02,-5.242880000000000000e+05
1.195999999999999952e+00,1.432680770228326537e+03,-3.834658800623799834e+03,-3.125000000000000000e+03,7.096588006237996069e+02,-5.242880000000000000e+05
1.199999999999999956e+00,5.376345774991484632e+02,-5.128628669952568998e+03,-6.250000000000000000e+03,-1.121371330047431684e+03,-1.048576000000000000e+06
1.203999999999999959e+00,-6.919458495439516810e+01,-6.058679120269875057e+03,-6.250000000000000000e+03,-1.913208797301255970e+02,-1.048576000000000000e+06
1.207999999999999963e+00,-3.862035276888801150e+02,-6.433281792649153431e+03,-6.250000000000000000e+03,1.832817926491533171e+02,-1.048576000000000000e+06
1.211999999999999966e+00,-4.213005117626778997e+02,-6.766443333083560901e+03,-6.250000000000000000e+03,5.164433330835607876e+02,-1.048576000000000000e+06
1.215999999999999970e+00,-1.902818238710482603e+02,-7.113209652035353429e+03,-7.812500000000000000e+03,-6.992903479646466849e+02,-1.310720000000000000e+06
1.219999999999999973e+00,2.848909016929693507e+02,-7.062168542864734263e+03,-6.250000000000000000e+03,8.121685428647343770e+02,-1.048576000000000000e+06
1.223999999999999977e+00,9.777749546983955042e+02,-6.652197375799958536e+03,-6.250000000000000000e+03,4.021973757999579675e+02,-1.048576000000000000e+06
1.227999999999999980e+00,1.858974323280897124e+03,-5.513849491851467064e+03,-6.250000000000000000e+03,-7.361505081485332767e+02,-1.048576000000000000e+06
1.231999999999999984e+00,2.897420362618323907e+03,-4.585888585629925728e+03,-4.687500000000000909e+03,-1.016114143700752948e+02,-7.864320000000000000e+05
1.235999999999999988e+00,4.061347708598781992e+03,-3.490901414597526127e+03,-3.125000000000000000e+03,3.659014145975260703e+02,-5.242880000000000000e+05
1.239999999999999991e+00,5.318943448915444606e+03,-2.320616714210495957e+03,-3.125000000000000000e+03,-8.043832857895041570e+02,-5.242880000000000000e+05
1.243999999999999995e+00,6.638683022685155265e+03,-9.296635530514635093e+02,0.000000000000000000e+00,9.296635530514635093e+02,0.000000000000000000e+00
1.247999999999999998e+00,7.989398745745946144e+03,1.727542209258632511e+02,0.000000000000000000e+00,-1.727542209258632511e+02,0.000000000000000000e+00
1.252000000000000002e+00,9.340153701417155389e+03,1.444248067064812176e+03,1.562500000000000000e+03,1.182519329351878667e+02,2.621440000000000000e+05
1.256000000000000005e+00,1.066001290447213250e+04,2.706938813353671776e+03,3.125000000000000000e+03,4.180611866463285651e+02,5.242880000000000000e+05
1.260000000000000009e+00,1.191781365543737047e+04,3.934901528561915711e+03,3.125000000000000000e+03,-8.099015285619155975e+02,5.242880000000000000e+05
1.264000000000000012e+00,1.308203708095188631e+04,5.119131279763932071e+03,4.687500000000000909e+03,-4.316312797639316727e+02,7.864320000000000000e+05
1.268000000000000016e+00,1.412087299773808627e+04,5.840624662832077775e+03,6.250000000000000000e+03,4.093753371679229645e+02,1.048576000000000000e+06
1.272000000000000020e+00,1.500255120320322749e+04,6.776957546082078807e+03,6.250000000000000000e+03,-5.269575460820785793e+02,1.048576000000000000e+06
1.276000000000000023e+00,1.569598555830661098e+04,7.599351600839419007e+03,7.812500000000000000e+03,2.131483991605811354e+02,1.310720000000000000e+06
1.280000000000000027e+00,1.617174487087085254e+04,8.428869020541897044e+03,9.375000000000001819e+03,9.461309794581047754e+02,1.572864000000000000e+06
1.284000000000000030e+00,1.640332915494965710e+04,8.670484457832864791e+03,7.812500000000000000e+03,-8.579844578328644502e+02,1.310720000000000000e+06
1.288000000000000034e+00,1.636869416080617702e+04,8.777957488837935671e+03,9.375000000000001819e+03,5.970425111620666030e+02,1.572864000000000000e+06
1.292000000000000037e+00,1.605193404698546874e+04,8.747138113055118083e+03,9.375000000000001819e+03,6.278618869448824853e+02,1.572864000000000000e+06
1.296000000000000041e+00,1.544500447782582160e+04,8.366196972915648075e+03,7.812500000000000000e+03,-5.536969729156484163e+02,1.310720000000000000e+06
1.300000000000000044e+00,1.454934872118805470e+04,7.905097213567050858e+03,7.812500000000000000e+03,-9.259721356705101414e+01,1.310720000000000000e+06
1.304000000000000048e+00,1.337727942226721461e+04,7.269105464461817974e+03,7.812500000000000000e+03,5.433945355381823674e+02,1.310720000000000000e+06
1.308000000000000052e+00,1.195296990645994629e+04,5.868910854035230841e+03,4.687500000000000909e+03,-1.181410854035230386e+03,7.864320000000000000e+05
1.312000000000000055e+00,1.031292161452702567e+04,4.379881049227958101e+03,4.687500000000000909e+03,3.076189507720426377e+02,7.864320000000000000e+05
1.316000000000000059e+00,8.505798270361879986e+03,2.895218999882976732e+03,3.125000000000000000e+03,2.297810001170236660e+02,5.242880000000000000e+05
1.320000000000000062e+00,6.591551477093261383e+03,1.290976826616715243e+03,1.562500000000000000e+03,2.715231733832848136e+02,2.621440000000000000e+05
1.324000000000000066e+00,4.639804718127738852e+03,-3.195419013714331982e+02,0.000000000000000000e+00,3.195419013714331982e+02,0.000000000000000000e+00
1.328000000000000069e+00,2.727510639713104410e+03,-2.387433715136030060e+03,-3.125000000000000000e+03,-7.375662848639699405e+02,-5.242880000000000000e+05
1.332000000000000073e+00,9.359469484556516363e+02,-4.283450593482486511e+03,-4.687500000000000909e+03,-4.040494065175141714e+02,-7.864320000000000000e+05
1.336000000000000076e+00,-6.528340926061555365e+02,-5.966157365633448535e+03,-4.687500000000000909e+03,1.278657365633447853e+03,-7.864320000000000000e+05
1.340000000000000080e+00,-1.959942188047023365e+03,-7.496119320356495336e+03,-7.812500000000000000e+03,-3.163806796435044362e+02,-1.310720000000000000e+06
1.344000000000000083e+00,-2.913773325945320721e+03,-8.586931508792033128e+03,-9.375000000000001819e+03,-7.880684912079677815e+02,-1.572864000000000000e+06
1.348000000000000087e+00,-3.454096286848331602e+03,-9.459635204669595623e+03,-9.375000000000001819e+03,8.463520466959334954e+01,-1.572864000000000000e+06
1.352000000000000091e+00,-3.535861200133436341e+03,-1.012243403628097803e+04,-9.375000000000001819e+03,7.474340362809764429e+02,-1.572864000000000000e+06
1.356000000000000094e+00,-3.132489874606776539e+03,-1.036608124476957892e+04,-1.093750000000000182e+04,-5.714187552304222208e+02,-1.835008000000000000e+06
1.360000000000000098e+00,-2.238422638929995173e+03,-9.956690323175364028e+03,-9.375000000000001819e+03,5.816903231753625505e+02,-1.572864000000000000e+06
1.364000000000000101e+00,-8.707263366088851626e+02,-9.192808643568634579e+03,-9.375000000000001819e+03,-1.821913564313670122e+02,-1.572864000000000000e+06
1.368000000000000105e+00,9.303882723316552301e+02,-7.854589156651608391e+03,-7.812500000000000000e+03,4.208915665160871100e+01,-1.310720000000000000e+06
1.372000000000000108e+00,3.102236265426906357e+03,-5.866934115071911037e+03,-6.250000000000000000e+03,-3.830658849280893037e+02,-1.048576000000000000e+06
1.375999999999999890e+00,5.561548196582960372e+03,-4.074018349252979533e+03,-4.687500000000000909e+03,-6.134816507470212628e+02,-7.864320000000000000e+05
1.379999999999999893e+00,8.207543444478504171e+03,-1.687377263297182708e+03,-1.562500000000000000e+03,1.248772632971826795e+02,-2.621440000000000000e+05
1.383999999999999897e+00,1.092608113807154041e+04,9.380253943375244035e+02,1.562500000000000000e+03,6.244746056624757102e+02,2.621440000000000000e+05
1.387999999999999901e+00,1.359471573376788001e+04,3.530834106444243389e+03,3.125000000000000000e+03,-4.058341064442430479e+02,5.242880000000000000e+05
1.391999999999999904e+00,1.608842485021298126e+04,6.136574076869977944e+03,6.250000000000000000e+03,1.134259231300224116e+02,1.048576000000000000e+06
1.395999999999999908e+00,1.828572866486995554e+04,8.472273010784152575e+03,9.375000000000001819e+03,9.027269892158493576e+02,1.572864000000000000e+06
1.399999999999999911e+00,2.007488632073378540e+04,1.056790534706889775e+04,9.375000000000001819e+03,-1.192905347068897299e+03,1.572864000000000000e+06
1.403999999999999915e+00,2.135983788177577662e+04,1.217931328620929708e+04,1.250000000000000000e+04,3.206867137907042320e+02,2.097152000000000000e+06
1.407999999999999918e+00,2.206556196085141710e+04,1.328691109748351482e+04,1.406250000000000000e+04,7.755889025164858595e+02,2.359296000000000000e+06
1.411999999999999922e+00,2.214253970453230431e+04,1.414092423830442021e+04,1.406250000000000000e+04,-7.842423830442014321e+01,2.359296000000000000e+06
1.415999999999999925e+00,2.157005471460553963e+04,1.433770013960204960e+04,1.406250000000000000e+04,-2.752001396020501716e+02,2.359296000000000000e+06
1.419999999999999929e+00,2.035811396711390989e+04,1.368314377828082252e+04,1.406250000000000000e+04,3.793562217191785635e+02,2.359296000000000000e+06
1.423999999999999932e+00,1.854784408227400127e+04,1.252983742598794925e+04,1.250000000000000000e+04,-2.983742598794934864e+01,2.097152000000000000e+06
1.427999999999999936e+00,1.621029674775105195e+04,1.063862113172819409e+04,9.375000000000001819e+03,-1.263621131728192040e+03,1.572864000000000000e+06
1.431999999999999940e+00,1.344368237025460985e+04,8.367933287906158512e+03,9.375000000000001819e+03,1.007066712093843080e+03,1.572864000000000000e+06
1.435999999999999943e+00,1.036913735997012373e+04,5.830446357821435413e+03,6.250000000000000000e+03,4.195536421785650987e+02,1.048576000000000000e+06
1.439999999999999947e+00,7.125212915386761779e+03,2.958484466532009264e+03,1.562500000000000000e+03,-1.395984466532009037e+03,2.621440000000000000e+05
1.443999999999999950e+00,3.861346980935747524e+03,1.479865681723716762e+02,0.000000000000000000e+00,-1.479865681723716762e+02,0.000000000000000000e+00
1.447999999999999954e+00,7.306418220969343338e+02,-3.303972463362152666e+03,-3.125000000000000000e+03,1.789724633621523537e+02,-5.242880000000000000e+05
1.451999999999999957e+00,-2.117686290623239984e+03,-6.388527832445231979e+03,-6.250000000000000000e+03,1.385278324452319509e+02,-1.048576000000000000e+06
1.455999999999999961e+00,-4.545794260579510592e+03,-9.056258282457725727e+03,-7.812500000000000000e+03,1.243758282457725045e+03,-1.310720000000000000e+06
1.459999999999999964e+00,-6.434241851754110940e+03,-1.135369992724146687e+04,-1.250000000000000000e+04,-1.146300072758534725e+03,-2.097152000000000000e+06
1.463999999999999968e+00,-7.688187914726124291e+03,-1.310688764859695584e+04,-1.250000000000000000e+04,6.068876485969543637e+02,-2.097152000000000000e+06
1.467999999999999972e+00,-8.242416544623136360e+03,-1.423821903060754084e+04,-1.406250000000000000e+04,1.757190306075403328e+02,-2.359296000000000000e+06
1.471999999999999975e+00,-8.064914951296467734e+03,-1.501117504310842742e+04,-1.562500000000000000e+04,-6.138249568915719010e+02,-2.621440000000000000e+06
1.475999999999999979e+00,-7.158799176406976585e+03,-1.510512362461739758e+04,-1.562500000000000000e+04,-5.198763753826024185e+02,-2.621440000000000000e+06
1.479999999999999982e+00,-5.562470112272472761e+03,-1.415354425756080855e+04,-1.406250000000000000e+04,9.104425756080794940e+01,-2.359296000000000000e+06
1.483999999999999986e+00,-3.347975844094702552e+03,-1.243056948969349651e+04,-1.250000000000000000e+04,-6.943051030650418909e+01,-2.097152000000000000e+06
1.487999999999999989e+00,-6.176519817158088017e+02,-1.014623590521126607e+04,-9.375000000000001819e+03,7.712359052112639120e+02,-1.572864000000000000e+06
1.491999999999999993e+00,2.500795953050275330e+03,-7.790282650170035595e+03,-7.812500000000000000e+03,-2.221734982996419916e+01,-1.310720000000000000e+06
1.495999999999999996e+00,5.860520031438642945e+03,-4.829830725835253361e+03,-4.687500000000000909e+03,1.423307258352525650e+02,-7.864320000000000000e+05
1.500000000000000000e+00,9.302748407778401088e+03,-1.680110722476612636e+03,-1.562500000000000000e+03,1.176107224766125938e+02,-2.621440000000000000e+05
1.504000000000000004e+00,1.266462215352554631e+04,1.719881660979469643e+03,1.562500000000000000e+03,-1.573816609794695580e+02,2.621440000000000000e+05
1.508000000000000007e+00,1.578724421455693664e+04,5.159332666705129668e+03,4.687500000000000909e+03,-4.718326667051287586e+02,7.864320000000000000e+05
1.512000000000000011e+00,1.852352274280681740e+04,8.011078709244041420e+03,7.812500000000000000e+03,-1.985787092440415620e+02,1.310720000000000000e+06
1.516000000000000014e+00,2.074540222846055985e+04,1.067316834799223579e+04,1.093750000000000182e+04,2.643316520077650580e+02,1.835008000000000000e+06
1.520000000000000018e+00,2.235010910551181587e+04,1.288793804480380459e+04,1.250000000000000000e+04,-3.879380448038039049e+02,2.097152000000000000e+06
1.524000000000000021e+00,2.326509194285322155e+04,1.420446079459733301e+04,1.406250000000000000e+04,-1.419607945973323808e+02,2.359296000000000000e+06
1.528000000000000025e+00,2.345140694927176082e+04,1.513733007612021538e+04,1.562500000000000000e+04,4.876699238797847897e+02,2.621440000000000000e+06
1.532000000000000028e+00,2.290538333629953195e+04,1.542972759737783053e+04,1.562500000000000000e+04,1.952724026221697784e+02,2.621440000000000000e+06
1.536000000000000032e+00,2.165849539025318518e+04,1.494835413170146421e+04,1.562500000000000000e+04,6.766458682985355608e+02,2.621440000000000000e+06
1.540000000000000036e+00,1.977546373955941453e+04,1.379271455188736581e+04,1.250000000000000000e+04,-1.292714551887364223e+03,2.097152000000000000e+06
1.544000000000000039e+00,1.735070194323910619e+04,1.203765309903331399e+04,1.250000000000000000e+04,4.623469009666873148e+02,2.097152000000000000e+06
1.548000000000000043e+00,1.450331099764295141e+04,9.518624938486378596e+03,9.375000000000001819e+03,-1.436249384863773457e+02,1.572864000000000000e+06
1.552000000000000046e+00,1.137089893289817883e+04,6.700551453033363032e+03,7.812500000000000000e+03,1.111948546966636741e+03,1.310720000000000000e+06
1.556000000000000050e+00,8.102561333699556599e+03,3.678167476407291815e+03,3.125000000000000000e+03,-5.531674764072914741e+02,5.242880000000000000e+05
1.560000000000000053e+00,4.851398295860461985e+03,4.815962332915386241e+02,0.000000000000000000e+00,-4.815962332915386241e+02,0.000000000000000000e+00
1.564000000000000057e+00,1.766962052992836334e+03,-2.714346196365371270e+03,-3.125000000000000000e+03,-4.106538036346288436e+02,-5.242880000000000000e+05
1.568000000000000060e+00,-1.011973480428885637e+03,-5.682868317899716203e+03,-4.687500000000000909e+03,9.953683178997151799e+02,-7.864320000000000000e+05
1.572000000000000064e+00,-3.363954218885861337e+03,-8.047673282202389601e+03,-7.812500000000000000e+03,2.351732822023899132e+02,-1.310720000000000000e+06
1.576000000000000068e+00,-5.190375198471639123e+03,-1.035186971389748942e+04,-1.093750000000000182e+04,-5.856302861025116044e+02,-1.835008000000000000e+06
1.580000000000000071e+00,-6.419734919556447494e+03,-1.221952951894324542e+04,-1.250000000000000000e+04,-2.804704810567548634e+02,-2.097152000000000000e+06
1.584000000000000075e+00,-7.010425640039761674e+03,-1.311138646803860502e+04,-1.250000000000000000e+04,6.113864680386046757e+02,-2.097152000000000000e+06
1.588000000000000078e+00,-6.951952883658604151e+03,-1.385755673204951745e+04,-1.406250000000000000e+04,-2.049432679504820669e+02,-2.359296000000000000e+06
1.592000000000000082e+00,-6.264563734853175447e+03,-1.389251039150855831e+04,-1.406250000000000000e+04,-1.699896084914418566e+02,-2.359296000000000000e+06
1.596000000000000085e+00,-4.997348818124935860e+03,-1.305255842020219825e+04,-1.250000000000000000e+04,5.525584202021975671e+02,-2.097152000000000000e+06
1.600000000000000089e+00,-3.224962434742999903e+03,-1.193542444605612036e+04,-1.250000000000000000e+04,-5.645755539438797541e+02,-2.097152000000000000e+06
1.604000000000000092e+00,-1.043174810976119488e+03,-1.057745824100981372e+04,-1.093750000000000182e+04,-3.600417589901868496e+02,-1.835008000000000000e+06
1.608000000000000096e+00,1.436473867192078842e+03,-8.359741563258809038e+03,-7.812500000000000000e+03,5.472415632588098333e+02,-1.310720000000000000e+06
1.612000000000000099e+00,4.092608787210985156e+03,-5.829944287297894334e+03,-6.250000000000000000e+03,-4.200557127021064616e+02,-1.048576000000000000e+06
1.616000000000000103e+00,6.800215510247644488e+03,-3.402675540881733468e+03,-3.125000000000000000e+03,2.776755408817332977e+02,-5.242880000000000000e+05
1.620000000000000107e+00,9.436763057060345091e+03,-9.375022924780643052e+02,-1.562500000000000000e+03,-6.249977075219358085e+02,-2.621440000000000000e+05
1.624000000000000110e+00,1.188794012793634647e+04,1.665139971566268287e+03,3.125000000000000000e+03,1.459860028433731713e+03,5.242880000000000000e+05
1.627999999999999892e+00,1.405272311314597755e+04,4.117476962547608309e+03,3.125000000000000000e+03,-9.924769625476084229e+02,5.242880000000000000e+05
1.631999999999999895e+00,1.584754264989492913e+04,6.475017784623926673e+03,6.250000000000000000e+03,-2.250177846239267012e+02,1.048576000000000000e+06
1.635999999999999899e+00,1.720937480425970716e+04,8.166571540040244145e+03,9.375000000000001819e+03,1.208428459959756992e+03,1.572864000000000000e+06
1.639999999999999902e+00,1.809764966660303617e+04,9.515672641863851823e+03,9.375000000000001819e+03,-1.406726418638499467e+02,1.572864000000000000e+06
1.643999999999999906e+00,1.849494008949175623e+04,1.034336398227462996e+04,9.375000000000001819e+03,-9.683639822746278014e+02,1.572864000000000000e+06
1.647999999999999909e+00,1.840646224945380527e+04,1.092158191039604026e+04,1.093750000000000182e+04,1.591808960396158490e+01,1.835008000000000000e+06
1.651999999999999913e+00,1.785848365554900374e+04,1.097788477214614795e+04,1.093750000000000182e+04,-4.038477214614658095e+01,1.835008000000000000e+06
1.655999999999999917e+00,1.689578957274289496e+04,1.019276523608336720e+04,1.093750000000000182e+04,7.447347639166334829e+02,1.835008000000000000e+06
1.659999999999999920e+00,1.557840263495435829e+04,9.208971865056639217e+03,9.375000000000001819e+03,1.660281349433624030e+02,1.572864000000000000e+06
1.663999999999999924e+00,1.397778055755561400e+04,7.928007101839921233e+03,7.812500000000000000e+03,-1.155071018399209777e+02,1.310720000000000000e+06
1.667999999999999927e+00,1.217273210501496396e+04,6.530684741301600297e+03,6.250000000000000000e+03,-2.806847413015997859e+02,1.048576000000000000e+06
1.671999999999999931e+00,1.024529157529930671e+04,4.726700048670352771e+03,4.687500000000000909e+03,-3.920004867035212470e+01,7.864320000000000000e+05
1.675999999999999934e+00,8.276777730925768992e+03,2.701782770634723875e+03,3.125000000000000000e+03,4.232172293652763528e+02,5.242880000000000000e+05
1.679999999999999938e+00,6.344235920126723613e+03,9.264173301729499599e+02,0.000000000000000000e+00,-9.264173301729499599e+02,0.000000000000000000e+00
1.683999999999999941e+00,4.517424427092424594e+03,-8.998640139282700829e+02,0.000000000000000000e+00,8.998640139282700829e+02,0.000000000000000000e+00
1.687999999999999945e+00,2.856460785834046874e+03,-2.683207837297385140e+03,-3.125000000000000000e+03,-4.417921627026151441e+02,-5.242880000000000000e+05
1.691999999999999948e+00,1.410194182071227260e+03,-4.232582651364949925e+03,-4.687500000000000909e+03,-4.549173486350505300e+02,-7.864320000000000000e+05
1.695999999999999952e+00,2.153195969272131265e+02,-5.521596450464665395e+03,-4.687500000000000909e+03,8.340964504646650539e+02,-7.864320000000000000e+05
1.699999999999999956e+00,-7.037986183138431215e+02,-6.798993628909117433e+03,-7.812500000000000000e+03,-1.013506371090882794e+03,-1.310720000000000000e+06
1.703999999999999959e+00,-1.334668437061695386e+03,-7.725821354767945195e+03,-7.812500000000000000e+03,-8.667864523205504668e+01,-1.310720000000000000e+06
1.707999999999999963e+00,-1.675686062458486731e+03,-8.290116366714828473e+03,-7.812500000000000000e+03,4.776163667148288141e+02,-1.310720000000000000e+06
1.711999999999999966e+00,-1.734759148955985893e+03,-8.624060362823345713e+03,-7.812500000000000000e+03,8.115603628233453719e+02,-1.310720000000000000e+06
1.715999999999999970e+00,-1.527683377466035608e+03,-8.773892296462385275e+03,-9.375000000000001819e+03,-6.011077035376152935e+02,-1.572864000000000000e+06
1.719999999999999973e+00,-1.076419777336741163e+03,-8.554562124441832566e+03,-7.812500000000000000e+03,7.420621244418317701e+02,-1.310720000000000000e+06
1.723999999999999977e+00,-4.074104547079136296e+02,-8.223248705539739603e+03,-9.375000000000001819e+03,-1.151751294460261306e+03,-1.572864000000000000e+06
1.727999999999999980e+00,4.499491817782512726e+02,-7.607333174199839050e+03,-7.812500000000000000e+03,-2.051668258001605807e+02,-1.310720000000000000e+06
1.731999999999999984e+00,1.464591089637481218e+03,-6.571874573228883492e+03,-6.250000000000000000e+03,3.218745732288833779e+02,-1.048576000000000000e+06
1.735999999999999988e+00,2.604750506196240622e+03,-5.755028603854785615e+03,-4.687500000000000909e+03,1.067528603854784706e+03,-7.864320000000000000e+05
1.739999999999999991e+00,3.838615119671408138e+03,-4.554578269906330206e+03,-4.687500000000000909e+03,-1.329217300936706749e+02,-7.864320000000000000e+05
1.743999999999999995e+00,5.134660968773658169e+03,-3.202753260694006713e+03,-3.125000000000000000e+03,7.775326069400659890e+01,-5.242880000000000000e+05
1.747999999999999998e+00,6.461720967989839664e+03,-1.942733029299296277e+03,-3.125000000000000000e+03,-1.182266970700703723e+03,-5.242880000000000000e+05
1.752000000000000002e+00,7.788858798327989462e+03,-8.588376390869540273e+02,0.000000000000000000e+00,8.588376390869540273e+02,0.000000000000000000e+00
1.756000000000000005e+00,9.085140071274905495e+03,2.433525736929979644e+02,0.000000000000000000e+00,-2.433525736929979644e+02,0.000000000000000000e+00
1.760000000000000009e+00,1.031940268308023042e+04,1.559023822222934768e+03,1.562500000000000000e+03,3.476177777065291075e+00,2.621440000000000000e+05
1.764000000000000012e+00,1.146012835510075456e+04,2.998478480821241192e+03,3.125000000000000000e+03,1.265215191787591067e+02,5.242880000000000000e+05
1.768000000000000016e+00,1.247550749775628174e+04,3.826158264676829731e+03,3.125000000000000000e+03,-7.011582646768293898e+02,5.242880000000000000e+05
1.772000000000000020e+00,1.333377050111605968e+04,4.910608059644808236e+03,4.687500000000000909e+03,-2.231080596448078381e+02,7.864320000000000000e+05
1.776000000000000023e+00,1.400383181775103185e+04,5.862993440039256711e+03,6.250000000000000000e+03,3.870065599607432318e+02,1.048576000000000000e+06
1.780000000000000027e+00,1.445626084603013442e+04,6.442511793373249020e+03,6.250000000000000000e+03,-1.925117933732484232e+02,1.048576000000000000e+06
1.784000000000000030e+00,1.466455818947316766e+04,6.878229654004155236e+03,7.812500000000000000e+03,9.342703459958448775e+02,1.310720000000000000e+06
1.788000000000000034e+00,1.460668018671424215e+04,7.017657622221694510e+03,6.250000000000000000e+03,-7.676576222216940550e+02,1.048576000000000000e+06
1.792000000000000037e+00,1.426672158355938700e+04,6.844786036602393324e+03,7.812500000000000000e+03,9.677139633976067898e+02,1.310720000000000000e+06
1.796000000000000041e+00,1.363663863048304302e+04,6.477976016320542840e+03,6.250000000000000000e+03,-2.279760163205425272e+02,1.048576000000000000e+06
1.800000000000000044e+00,1.271787518034251116e+04,5.802651059519219416e+03,4.687500000000000909e+03,-1.115151059519218506e+03,7.864320000000000000e+05
1.804000000000000048e+00,1.152274446217493642e+04,5.025209836351979902e+03,6.250000000000000000e+03,1.224790163648020325e+03,1.048576000000000000e+06
1.808000000000000052e+00,1.007542038404986852e+04,3.869795234170494950e+03,3.125000000000000000e+03,-7.447952341704949504e+02,5.242880000000000000e+05
1.812000000000000055e+00,8.412404968217106216e+03,2.681466409198063047e+03,3.125000000000000000e+03,4.435335908019371800e+02,5.242880000000000000e+05
1.816000000000000059e+00,6.582362518860498312e+03,1.274629013033282945e+03,1.562500000000000000e+03,2.878709869667171120e+02,2.621440000000000000e+05
1.820000000000000062e+00,4.645245218185990780e+03,-2.392872986550802921e+02,-1.562500000000000000e+03,-1.323212701344919878e+03,-2.621440000000000000e+05
1.824000000000000066e+00,2.670677127449454019e+03,-2.558823243894934421e+03,-1.562500000000000000e+03,9.963232438949345351e+02,-2.621440000000000000e+05
1.828000000000000069e+00,7.356114695055072161e+02,-4.533858994033987983e+03,-4.687500000000000909e+03,-1.536410059660127843e+02,-7.864320000000000000e+05
1.832000000000000073e+00,-1.078673473689773118e+03,-6.268973316999784402e+03,-6.250000000000000000e+03,1.897331699978431629e+01,-1.048576000000000000e+06
1.836000000000000076e+00,-2.690124865019724894e+03,-8.011328462490097991e+03,-7.812500000000000000e+03,1.988284624900981612e+02,-1.310720000000000000e+06
1.840000000000000080e+00,-4.019851836266946066e+03,-9.440692988408321980e+03,-9.375000000000001819e+03,6.569298840832134090e+01,-1.572864000000000000e+06
1.844000000000000083e+00,-4.996249804018252689e+03,-1.063486962643538027e+04,-1.093750000000000182e+04,-3.026303735646201289e+02,-1.835008000000000000e+06
1.848000000000000087e+00,-5.559086978644384544e+03,-1.146301350736025961e+04,-1.093750000000000182e+04,5.255135073602580178e+02,-1.835008000000000000e+06
1.852000000000000091e+00,-5.663312920675579335e+03,-1.203348448636543071e+04,-1.250000000000000000e+04,-4.665155136345695723e+02,-2.097152000000000000e+06
1.856000000000000094e+00,-5.282348871414616042e+03,-1.180081551992825189e+04,-1.250000000000000000e+04,-6.991844800717482258e+02,-2.097152000000000000e+06
1.860000000000000098e+00,-4.410634593377890269e+03,-1.149224799764845011e+04,-1.093750000000000182e+04,5.547479976484495410e+02,-1.835008000000000000e+06
1.864000000000000101e+00,-3.065236365298366763e+03,-1.091188374101974841e+04,-1.093750000000000182e+04,-2.561625898025304693e+01,-1.835008000000000000e+06
1.868000000000000105e+00,-1.286364383814814119e+03,-9.789316539587451189e+03,-9.375000000000001819e+03,4.143165395874490287e+02,-1.572864000000000000e+06
1.872000000000000108e+00,8.632969905932577603e+02,-7.894502600228611300e+03,-7.812500000000000000e+03,8.200260022861102982e+01,-1.310720000000000000e+06
1.875999999999999890e+00,3.300478872402020897e+03,-5.603223469704760646e+03,-6.250000000000000000e+03,-6.467765302952399225e+02,-1.048576000000000000e+06
1.879999999999999893e+00,5.924401199430954875e+03,-3.243818417440468238e+03,-3.125000000000000000e+03,1.188184174404681812e+02,-5.242880000000000000e+05
1.883999999999999897e+00,8.620923658335448636e+03,-8.964963427989764568e+02,-1.562500000000000000e+03,-6.660036572010236569e+02,-2.621440000000000000e+05
1.887999999999999901e+00,1.126760126176117410e+04,1.943521748122579083e+03,3.125000000000000000e+03,1.181478251877421144e+03,5.242880000000000000e+05
1.891999999999999904e+00,1.373941218312189994e+04,4.691444860498737398e+03,4.687500000000000909e+03,-3.944860498737018162e+00,7.864320000000000000e+05
1.895999999999999908e+00,1.591487715316348658e+04,6.814940598009755377e+03,6.250000000000000000e+03,-5.649405980097552629e+02,1.048576000000000000e+06
1.899999999999999911e+00,1.768225586666407253e+04,8.890827192661294248e+03,9.375000000000001819e+03,4.841728073387077416e+02,1.572864000000000000e+06
1.903999999999999915e+00,1.894548893786465123e+04,1.063981665209252424e+04,1.093750000000000182e+04,2.976833479074771276e+02,1.835008000000000000e+06
1.907999999999999918e+00,1.962955552836298011e+04,1.185165107318119772e+04,1.093750000000000182e+04,-9.141510731811973756e+02,1.835008000000000000e+06
1.911999999999999922e+00,1.968493733193167282e+04,1.245997437339094904e+04,1.250000000000000000e+04,4.002562660905192615e+01,2.097152000000000000e+06
1.915999999999999925e+00,1.909091849600374917e+04,1.231844845472075576e+04,1.250000000000000000e+04,1.815515452792456585e+02,2.097152000000000000e+06
1.919999999999999929e+00,1.785750654069903612e+04,1.182863012689279276e+04,1.250000000000000000e+04,6.713698731072078090e+02,2.097152000000000000e+06
1.923999999999999932e+00,1.602582862872852638e+04,1.095287888648370790e+04,1.093750000000000182e+04,-1.537888648370754119e+01,1.835008000000000000e+06
1.927999999999999936e+00,1.366693698865555052e+04,9.039719821236067219e+03,7.812500000000000000e+03,-1.227219821236066764e+03,1.310720000000000000e+06
1.931999999999999940e+00,1.087904256647773946e+04,6.866097195120192737e+03,7.812500000000000000e+03,9.464028048798076043e+02,1.310720000000000000e+06
1.935999999999999943e+00,7.783282310045000486e+03,4.006136175254081536e+03,3.125000000000000000e+03,-8.811361752540814223e+02,5.242880000000000000e+05
1.939999999999999947e+00,4.518207953873759834e+03,1.092665756032349918e+03,1.562500000000000000e+03,4.698342439676502522e+02,2.621440000000000000e+05
1.943999999999999950e+00,1.233257976771742278e+03,-2.291353401767397827e+03,-1.562500000000000000e+03,7.288534017673978269e+02,-2.621440000000000000e+05
1.947999999999999954e+00,-1.918464823068949272e+03,-5.487031454230894269e+03,-6.250000000000000000e+03,-7.629685457691062993e+02,-1.048576000000000000e+06
1.951999999999999957e+00,-4.787743644107349610e+03,-8.355849930979808050e+03,-7.812500000000000000e+03,5.433499309798073682e+02,-1.310720000000000000e+06
1.955999999999999961e+00,-7.236734860354781631e+03,-1.081370999896642752e+04,-1.093750000000000182e+04,-1.237900010335728922e+02,-1.835008000000000000e+06
1.959999999999999964e+00,-9.145997708154580323e+03,-1.307858609874388458e+04,-1.406250000000000000e+04,-9.839139012561161053e+02,-2.359296000000000000e+06
1.963999999999999968e+00,-1.042069051216476510e+04,-1.494097421805901831e+04,-1.406250000000000000e+04,8.784742180590176304e+02,-2.359296000000000000e+06
1.967999999999999972e+00,-1.099559684332297547e+04,-1.604158001975249499e+04,-1.562500000000000000e+04,4.165800197524944792e+02,-2.621440000000000000e+06
1.971999999999999975e+00,-1.083870338903496486e+04,-1.641253487816063353e+04,-1.718750000000000000e+04,-7.749651218393674981e+02,-2.883584000000000000e+06
1.975999999999999979e+00,-9.953125670273584547e+03,-1.644594544659716848e+04,-1.562500000000000000e+04,8.209454465971689388e+02,-2.621440000000000000e+06
1.979999999999999982e+00,-8.377264060439369132e+03,-1.604715069476856843e+04,-1.718750000000000000e+04,-1.140349305231432709e+03,-2.883584000000000000e+06
1.983999999999999986e+00,-6.183166127600617983e+03,-1.478781121417885697e+04,-1.406250000000000000e+04,7.253112141788562894e+02,-2.359296000000000000e+06
1.987999999999999989e+00,-3.473166966262928781e+03,-1.267824750351049443e+04,-1.250000000000000000e+04,1.782475035104931465e+02,-2.097152000000000000e+06
1.991999999999999993e+00,-3.749715847136146749e+02,-9.636058105332274863e+03,-9.375000000000001819e+03,2.610581053322739535e+02,-1.572864000000000000e+06
1.995999999999999996e+00,2.964572599986142905e+03,-6.409660189926121348e+03,-7.812500000000000000e+03,-1.402839810073878880e+03,-1.310720000000000000e+06
2.000000000000000000e+00,6.386694252033351404e+03,-3.101239688908660355e+03,-3.125000000000000000e+03,-2.376031109134002861e+01,-5.242880000000000000e+05
2.004000000000000004e+00,9.728534950903198478e+03,4.515803135487607278e+01,1.562500000000000000e+03,1.517341968645123870e+03,2.621440000000000000e+05
2.008000000000000007e+00,1.283119814863019201e+04,3.100130253532870938e+03,1.562500000000000000e+03,-1.537630253532870711e+03,2.621440000000000000e+05
2.012000000000000011e+00,1.554759250143188183e+04,6.374865220319137734e+03,7.812500000000000000e+03,1.437634779680862493e+03,1.310720000000000000e+06
2.016000000000000014e+00,1.774966300188989771e+04,9.105026637254291927e+03,7.812500000000000000e+03,-1.292526637254291472e+03,1.310720000000000000e+06
2.020000000000000018e+00,1.933463658449435752e+04,1.092258745344787167e+04,1.093750000000000182e+04,1.491254655212881275e+01,1.835008000000000000e+06
2.024000000000000021e+00,2.022996231672196518e+04,1.260469618086750961e+04,1.250000000000000000e+04,-1.046961808675080761e+02,2.097152000000000000e+06
2.028000000000000025e+00,2.039669690401875414e+04,1.370801506216315101e+04,1.406250000000000000e+04,3.544849378368485304e+02,2.359296000000000000e+06
2.032000000000000028e+00,1.983117005263831743e+04,1.391043385254270288e+04,1.406250000000000000e+04,1.520661474572974328e+02,2.359296000000000000e+06
2.036000000000000032e+00,1.856485654166874156e+04,1.323027768307158476e+04,1.406250000000000000e+04,8.322223169284163760e+02,2.359296000000000000e+06
2.040000000000000036e+00,1.666247749034566004e+04,1.193901817433998986e+04,1.093750000000000182e+04,-1.001518174339988491e+03,1.835008000000000000e+06
2.044000000000000039e+00,1.421844694652394901e+04,1.012903522901492033e+04,1.093750000000000182e+04,8.084647709850813726e+02,1.835008000000000000e+06
2.048000000000000043e+00,1.135186639340108741e+04,7.952410499585130310e+03,7.812500000000000000e+03,-1.399104995851302533e+02,1.310720000000000000e+06
2.052000000000000046e+00,8.200344345951483774e+03,5.141959193591616895e+03,4.687500000000000909e+03,-4.544591935916166108e+02,7.864320000000000000e+05
2.056000000000000050e+00,4.912976871705290250e+03,2.137000683146752635e+03,1.562500000000000000e+03,-5.745006831467526354e+02,2.621440000000000000e+05
2.060000000000000053e+00,1.642864547287278810e+03,-1.324446832984584489e+03,0.000000000000000000e+00,1.324446832984584489e+03,0.000000000000000000e+00
2.064000000000000057e+00,-1.460439914915428517e+03,-4.326665082955205435e+03,-4.687500000000000909e+03,-3.608349170447951337e+02,-7.864320000000000000e+05
2.068000000000000060e+00,-4.258162123701404198e+03,-7.201301661122512996e+03,-7.812500000000000000e+03,-6.111983388774871173e+02,-1.310720000000000000e+06
2.072000000000000064e+00,-6.628847518885167119e+03,-9.927167393628764330e+03,-9.375000000000001819e+03,5.521673936287625111e+02,-1.572864000000000000e+06
2.076000000000000068e+00,-8.473890663965899876e+03,-1.228707927047801422e+04,-1.250000000000000000e+04,-2.129207295219863454e+02,-2.097152000000000000e+06
2.080000000000000071e+00,-9.721789588803691004e+03,-1.400991290503111304e+04,-1.406250000000000000e+04,-5.258709496888669577e+01,-2.359296000000000000e+06
2.084000000000000075e+00,-1.033093608288401811e+04,-1.517556151290663729e+04,-1.562500000000000000e+04,-4.494384870933620846e+02,-2.621440000000000000e+06
2.088000000000000078e+00,-1.029083520363784737e+04,-1.559052692615772139e+04,-1.562500000000000000e+04,-3.447307384227791971e+01,-2.621440000000000000e+06
2.092000000000000082e+00,-9.621733571319062321e+03,-1.555020725873077572e+04,-1.562500000000000000e+04,-7.479274126922369703e+01,-2.621440000000000000e+06
2.096000000000000085e+00,-8.372721348374303489e+03,-1.537676515845560061e+04,-1.406250000000000000e+04,1.314265158455599476e+03,-2.359296000000000000e+06
2.100000000000000089e+00,-6.618452376160942549e+03,-1.413521840078527021e+04,-1.406250000000000000e+04,7.271840078526895468e+01,-2.359296000000000000e+06
2.104000000000000092e+00,-4.454696423190847781e+03,-1.224585279828178682e+04,-1.250000000000000000e+04,-2.541472017182147454e+02,-2.097152000000000000e+06
2.108000000000000096e+00,-1.992993219856975657e+03,-1.022558329659739320e+04,-1.093750000000000182e+04,-7.119167034026069132e+02,-1.835008000000000000e+06
2.112000000000000099e+00,6.452828747027917871e+02,-7.678305606470112252e+03,-7.812500000000000000e+03,-1.341943935298872930e+02,-1.310720000000000000e+06
2.116000000000000103e+00,3.335117872879002789e+03,-5.034654666155503037e+03,-4.687500000000000909e+03,3.471546661555019568e+02,-7.864320000000000000e+05
2.120000000000000107e+00,5.953981244452726060e+03,-2.386553173654540387e+03,-3.125000000000000000e+03,-7.384468263454597263e+02,-5.242880000000000000e+05
2.124000000000000110e+00,8.387562136521955836e+03,1.422633655851007859e+02,1.562500000000000000e+03,1.420236634414899299e+03,2.621440000000000000e+05
2.128000000000000114e+00,1.053483738394443571e+04,2.723816522192779303e+03,1.562500000000000000e+03,-1.161316522192779303e+03,2.621440000000000000e+05
2.132000000000000117e+00,1.231223806627871090e+04,4.972724426368230525e+03,6.250000000000000000e+03,1.277275573631770158e+03,1.048576000000000000e+06
2.136000000000000121e+00,1.365674068970838380e+04,6.360633493063431160e+03,6.250000000000000000e+03,-1.106334930634309615e+02,1.048576000000000000e+06
2.140000000000000124e+00,1.452777578244646247e+04,7.648962453949441624e+03,6.250000000000000000e+03,-1.398962453949441624e+03,1.048576000000000000e+06
2.144000000000000128e+00,1.490791663264207818e+04,8.822972817048770594e+03,9.375000000000001819e+03,5.520271829512306567e+02,1.572864000000000000e+06
2.148000000000000131e+00,1.480237985012660465e+04,9.194848758117939724e+03,9.375000000000001819e+03,1.801512418820611856e+02,1.572864000000000000e+06
2.152000000000000135e+00,1.423743337497337234e+04,9.278939326217960115e+03,9.375000000000001819e+03,9.606067378204082274e+01,1.572864000000000000e+06
2.156000000000000139e+00,1.325786290086068584e+04,8.497851840914689092e+03,7.812500000000000000e+03,-6.853518409146893191e+02,1.310720000000000000e+06
2.160000000000000142e+00,1.192369148810859770e+04,7.497982768542791746e+03,7.812500000000000000e+03,3.145172314572087089e+02,1.310720000000000000e+06
2.164000000000000146e+00,1.030637727616811208e+04,6.265845899964248019e+03,6.250000000000000000e+03,-1.584589996424766412e+01,1.048576000000000000e+06
2.168000000000000149e+00,8.484729451253255320e+03,4.676208985028762982e+03,4.687500000000000909e+03,1.129101497123786935e+01,7.864320000000000000e+05
2.172000000000000153e+00,6.540782730732878917e+03,3.166945702583528600e+03,3.125000000000000000e+03,-4.194570258352851511e+01,5.242880000000000000e+05
2.176000000000000156e+00,4.555856294171753689e+03,1.081280386338062272e+03,1.562500000000000000e+03,4.812196136619378422e+02,2.621440000000000000e+05
2.180000000000000160e+00,2.606995904484995663e+03,-7.759011568094911127e+02,-1.562500000000000000e+03,-7.865988431905090010e+02,-2.621440000000000000e+05
2.184000000000000163e+00,7.639602581702628186e+02,-2.692652028094105390e+03,-1.562500000000000000e+03,1.130152028094105390e+03,-2.621440000000000000e+05
2.188000000000000167e+00,-9.131327008396266365e+02,-4.497375657469649013e+03,-4.687500000000000909e+03,-1.901243425303520098e+02,-7.864320000000000000e+05
2.192000000000000171e+00,-2.375433379299547141e+03,-6.331504910872107757e+03,-6.250000000000000000e+03,8.150491087210737362e+01,-1.048576000000000000e+06
2.196000000000000174e+00,-3.586246390967171465e+03,-7.771719825925749319e+03,-7.812500000000000000e+03,-4.078017407425048191e+01,-1.310720000000000000e+06
2.200000000000000178e+00,-4.521206981855891172e+03,-8.742378989368573457e+03,-9.375000000000001819e+03,-6.326210106314279074e+02,-1.572864000000000000e+06
2.204000000000000181e+00,-5.167822725099935269e+03,-9.396376520175039332e+03,-9.375000000000001819e+03,2.137652017503849322e+01,-1.572864000000000000e+06
2.208000000000000185e+00,-5.524489426002736764e+03,-1.003560214967818501e+04,-9.375000000000001819e+03,6.606021496781827409e+02,-1.572864000000000000e+06
2.212000000000000188e+00,-5.599114343624488356e+03,-1.079840885748567780e+04,-1.093750000000000182e+04,-1.390911425143224278e+02,-1.835008000000000000e+06
2.216000000000000192e+00,-5.407492765942335609e+03,-1.051036989013534549e+04,-1.093750000000000182e+04,-4.271301098646550827e+02,-1.835008000000000000e+06
2.220000000000000195e+00,-4.971585331836676232e+03,-1.018940171207189451e+04,-9.375000000000001819e+03,8.144017120718938259e+02,-1.572864000000000000e+06
2.224000000000000199e+00,-4.317833759456364533e+03,-9.637600455627529300e+03,-1.093750000000000182e+04,-1.299899544372470928e+03,-1.835008000000000000e+06
2.228000000000000203e+00,-3.475633071939232195e+03,-9.089445167052486795e+03,-7.812500000000000000e+03,1.276945167052486340e+03,-1.310720000000000000e+06
2.232000000000000206e+00,-2.476050928761510932e+03,-8.184327022310578286e+03,-9.375000000000001819e+03,-1.190672977689422623e+03,-1.572864000000000000e+06
2.236000000000000210e+00,-1.350851712094723098e+03,-6.767923084754970660e+03,-6.250000000000000000e+03,5.179230847549704322e+02,-1.048576000000000000e+06
2.240000000000000213e+00,-1.318473557355278274e+02,-5.603678223657856506e+03,-6.250000000000000000e+03,-6.463217763421433801e+02,-1.048576000000000000e+06
2.244000000000000217e+00,1.149438554487928286e+03,-4.422682460719273877e+03,-3.125000000000000000e+03,1.297682460719274104e+03,-5.242880000000000000e+05
2.248000000000000220e+00,2.461839305989164131e+03,-3.449526860041445161e+03,-4.687500000000000909e+03,-1.237973139958555521e+03,-7.864320000000000000e+05
2.251999999999999780e+00,3.774418950158678399e+03,-2.011925058981713846e+03,-1.562500000000000000e+03,4.494250589817138462e+02,-2.621440000000000000e+05
2.255999999999999783e+00,5.056243466312379496e+03,-6.270630498273866351e+02,0.000000000000000000e+00,6.270630498273866351e+02,0.000000000000000000e+00
2.259999999999999787e+00,6.276151115966259567e+03,6.460997035742660728e+02,0.000000000000000000e+00,-6.460997035742660728e+02,0.000000000000000000e+00
2.263999999999999790e+00,7.402623983171494729e+03,2.023308292521476687e+03,1.562500000000000000e+03,-4.608082925214766874e+02,2.621440000000000000e+05
2.267999999999999794e+00,8.403852838461192732e+03,3.320384356486067190e+03,4.687500000000000909e+03,1.367115643513933492e+03,7.864320000000000000e+05
2.271999999999999797e+00,9.248068429427637966e+03,4.016422809269853133e+03,3.125000000000000000e+03,-8.914228092698527917e+02,5.242880000000000000e+05
2.275999999999999801e+00,9.904185563565579287e+03,4.748456639589437145e+03,4.687500000000000909e+03,-6.095663958943612926e+01,7.864320000000000000e+05
2.279999999999999805e+00,1.034277399155955391e+04,5.364431434534581967e+03,6.250000000000000000e+03,8.855685654654181462e+02,1.048576000000000000e+06
2.283999999999999808e+00,1.053733466662780120e+04,5.623271801716356094e+03,4.687500000000000909e+03,-9.357718017163557533e+02,7.864320000000000000e+05
2.287999999999999812e+00,1.046582427447696136e+04,5.686600968277466563e+03,6.250000000000000000e+03,5.633990317225334366e+02,1.048576000000000000e+06
2.291999999999999815e+00,1.011233790535082153e+04,5.483852155673232119e+03,4.687500000000000909e+03,-7.963521556732314366e+02,7.864320000000000000e+05
2.295999999999999819e+00,9.468832151518168757e+03,5.028019705857076588e+03,6.250000000000000000e+03,1.221980294142923640e+03,1.048576000000000000e+06
2.299999999999999822e+00,8.536751204978625537e+03,4.424483127357912963e+03,3.125000000000000000e+03,-1.299483127357912963e+03,5.242880000000000000e+05
2.303999999999999826e+00,7.328408631250924373e+03,3.567641449065763027e+03,4.687500000000000909e+03,1.119858550934237428e+03,7.864320000000000000e+05
2.307999999999999829e+00,5.867978672217188432e+03,2.304461805070781793e+03,1.562500000000000000e+03,-7.419618050707814518e+02,2.621440000000000000e+05
2.311999999999999833e+00,4.191963681262112914e+03,1.130174939604707106e+03,1.562500000000000000e+03,4.323250603952930646e+02,2.621440000000000000e+05
2.315999999999999837e+00,2.349028291018596065e+03,-2.467729327219119284e+02,0.000000000000000000e+00,2.467729327219119284e+02,0.000000000000000000e+00
2.319999999999999840e+00,3.991250094473194849e+02,-1.988066462875920479e+03,-3.125000000000000000e+03,-1.136933537124079749e+03,-5.242880000000000000e+05
2.323999999999999844e+00,-1.588121779143508093e+03,-4.017430599045489089e+03,-3.125000000000000000e+03,8.924305990454890889e+02,-5.242880000000000000e+05
2.327999999999999847e+00,-3.535758531557612059e+03,-5.758685169858248628e+03,-6.250000000000000000e+03,-4.913148301417518269e+02,-1.048576000000000000e+06
2.331999999999999851e+00,-5.362506648215941823e+03,-7.650173623702508849e+03,-7.812500000000000000e+03,-1.623263762974914073e+02,-1.310720000000000000e+06
2.335999999999999854e+00,-6.986312977105633763e+03,-9.503234443574425313e+03,-9.375000000000001819e+03,1.282344435744233522e+02,-1.572864000000000000e+06
2.339999999999999858e+00,-8.328286337847755931e+03,-1.110768794102899665e+04,-1.093750000000000182e+04,1.701879410289947714e+02,-1.835008000000000000e+06
2.343999999999999861e+00,-9.316821837610248622e+03,-1.227615994870427676e+04,-1.250000000000000000e+04,-2.238400512957240664e+02,-2.097152000000000000e+06
2.347999999999999865e+00,-9.891687380095285334e+03,-1.288892487520808572e+04,-1.250000000000000000e+04,3.889248752080853819e+02,-2.097152000000000000e+06
2.351999999999999869e+00,-1.000783222192280118e+04,-1.316524040176204107e+04,-1.250000000000000000e+04,6.652404017620413015e+02,-2.097152000000000000e+06
2.355999999999999872e+00,-9.638677303251006379e+03,-1.340819237799773691e+04,-1.406250000000000000e+04,-6.543076220022637699e+02,-2.359296000000000000e+06
2.359999999999999876e+00,-8.778662088225264597e+03,-1.293075574759041228e+04,-1.250000000000000000e+04,4.307557475904111470e+02,-2.097152000000000000e+06
2.363999999999999879e+00,-7.444852559988420580e+03,-1.234145207022888826e+04,-1.250000000000000000e+04,-1.585479297711127344e+02,-2.097152000000000000e+06
2.367999999999999883e+00,-5.677458622377594111e+03,-1.112888700077695830e+04,-1.093750000000000182e+04,1.913870007769578194e+02,-1.835008000000000000e+06
2.371999999999999886e+00,-3.539164345866523036e+03,-9.398499209044392046e+03,-9.375000000000001819e+03,2.349920904439091629e+01,-1.572864000000000000e+06
2.375999999999999890e+00,-1.113238328776393246e+03,-7.029782193323267165e+03,-7.812500000000000000e+03,-7.827178066767328346e+02,-1.310720000000000000e+06
2.379999999999999893e+00,1.499539651104460063e+03,-4.887739234463802859e+03,-4.687500000000000909e+03,2.002392344638021768e+02,-7.864320000000000000e+05
2.383999999999999897e+00,4.185029562005967819e+03,-2.211441435744876344e+03,-1.562500000000000000e+03,6.489414357448764576e+02,-2.621440000000000000e+05
2.387999999999999901e+00,6.820786695323679851e+03,3.657931127222737473e+02,0.000000000000000000e+00,-3.657931127222737473e+02,0.000000000000000000e+00
2.391999999999999904e+00,9.281789500389393652e+03,3.092671726783760732e+03,3.125000000000000000e+03,3.232827321623943106e+01,5.242880000000000000e+05
2.395999999999999908e+00,1.144655898102829997e+04,5.433221399217694852e+03,4.687500000000000909e+03,-7.457213992176940565e+02,7.864320000000000000e+05
2.399999999999999911e+00,1.320335510225221151e+04,7.424257125589287170e+03,7.812500000000000000e+03,3.882428744107127159e+02,1.310720000000000000e+06
2.403999999999999915e+00,1.445611874568329404e+04,9.062920205906513729e+03,9.375000000000001819e+03,3.120797940934869530e+02,1.572864000000000000e+06
2.407999999999999918e+00,1.512982933744130605e+04,1.023760096524656183e+04,9.375000000000001819e+03,-8.626009652465613726e+02,1.572864000000000000e+06
2.411999999999999922e+00,1.517496883295486805e+04,1.098608405570461400e+04,1.093750000000000182e+04,-4.858405570461361833e+01,1.835008000000000000e+06
2.415999999999999925e+00,1.457082163844057504e+04,1.111023364215002584e+04,1.250000000000000000e+04,1.389766357849974156e+03,2.097152000000000000e+06
2.419999999999999929e+00,1.332739552992268727e+04,1.035891762332032886e+04,9.375000000000001819e+03,-9.839176233203266975e+02,1.572864000000000000e+06
2.423999999999999932e+00,1.148581792313114966e+04,9.418894610340370491e+03,9.375000000000001819e+03,-4.389461034036943943e+01,1.572864000000000000e+06
2.427999999999999936e+00,9.117141296756310112e+03,7.912989218534250540e+03,7.812500000000000000e+03,-1.004892185342501989e+02,1.310720000000000000e+06
2.431999999999999940e+00,6.319576844024564707e+03,5.808302740346401151e+03,6.250000000000000000e+03,4.416972596535994171e+02,1.048576000000000000e+06
2.435999999999999943e+00,3.214261757110113649e+03,2.956457385353609425e+03,3.125000000000000000e+03,1.685426146463908879e+02,5.242880000000000000e+05
2.439999999999999947e+00,-6.025198805697182536e+01,-5.079087501133453202e+02,0.000000000000000000e+00,5.079087501133453202e+02,0.000000000000000000e+00
2.443999999999999950e+00,-3.354525674172147319e+03,-3.666814082785303981e+03,-4.687500000000000909e+03,-1.020685917214696929e+03,-7.864320000000000000e+05
2.447999999999999954e+00,-6.515456267469158774e+03,-6.547146915573901424e+03,-6.250000000000000000e+03,2.971469155739013104e+02,-1.048576000000000000e+06
2.451999999999999957e+00,-9.393826733761763535e+03,-9.388073691478004548e+03,-9.375000000000001819e+03,1.307369147800392639e+01,-1.572864000000000000e+06
2.455999999999999961e+00,-1.185179321735051053e+04,-1.241589824723392303e+04,-1.250000000000000000e+04,-8.410175276607826333e+01,-2.097152000000000000e+06
2.459999999999999964e+00,-1.376991472780845288e+04,-1.472037642196775232e+04,-1.406250000000000000e+04,6.578764219677523215e+02,-2.359296000000000000e+06
2.463999999999999968e+00,-1.505334936596943589e+04,-1.622496306845184699e+04,-1.718750000000000000e+04,-9.625369315481544845e+02,-2.883584000000000000e+06
2.467999999999999972e+00,-1.563688048189875190e+04,-1.755927814899541409e+04,-1.718750000000000000e+04,3.717781489954129484e+02,-2.883584000000000000e+06
2.471999999999999975e+00,-1.548849454508718190e+04,-1.817149123693663205e+04,-1.875000000000000364e+04,-5.785087630633713616e+02,-3.145728000000000000e+06
2.475999999999999979e+00,-1.461130686155551120e+04,-1.792162208566849586e+04,-1.718750000000000000e+04,7.341220856684933551e+02,-2.883584000000000000e+06
2.479999999999999982e+00,-1.304371759272049894e+04,-1.694805778957857547e+04,-1.718750000000000000e+04,-2.394422104214262390e+02,-2.883584000000000000e+06
2.483999999999999986e+00,-1.085777409764038930e+04,-1.549935365388442369e+04,-1.562500000000000000e+04,-1.256463461155755255e+02,-2.621440000000000000e+06
2.487999999999999989e+00,-8.155811264789647794e+03,-1.331190727960175536e+04,-1.250000000000000000e+04,8.119072796017537712e+02,-2.097152000000000000e+06
2.491999999999999993e+00,-5.065533899408641446e+03,-1.046404737429412125e+04,-1.093750000000000182e+04,-4.734526257058803935e+02,-1.835008000000000000e+06
2.495999999999999996e+00,-1.733789218500883180e+03,-7.624737394551772923e+03,-7.812500000000000000e+03,-1.877626054482273048e+02,-1.310720000000000000e+06
2.500000000000000000e+00,1.680651639193925575e+03,-4.773205095631093172e+03,-4.687500000000000909e+03,8.570509563109260398e+01,-7.864320000000000000e+05
2.504000000000000004e+00,5.014930447214960623e+03,-1.525702040530136856e+03,-1.562500000000000000e+03,-3.679795946986323685e+01,-2.621440000000000000e+05
2.508000000000000007e+00,8.110150848656492599e+03,1.687166372845975275e+03,1.562500000000000000e+03,-1.246663728459752889e+02,2.621440000000000000e+05
2.512000000000000011e+00,1.081922168778672130e+04,4.921761688310110912e+03,4.687500000000000909e+03,-2.342616883101098040e+02,7.864320000000000000e+05
2.516000000000000014e+00,1.301408814222420551e+04,7.904130992893246912e+03,7.812500000000000000e+03,-9.163099289324732410e+01,1.310720000000000000e+06
2.520000000000000018e+00,1.459197732847741463e+04,9.966882327928202358e+03,1.093750000000000182e+04,9.706176720717992339e+02,1.835008000000000000e+06
2.524000000000000021e+00,1.548033849301837654e+04,1.156952731695773400e+04,1.093750000000000182e+04,-6.320273169577328645e+02,1.835008000000000000e+06
2.528000000000000025e+00,1.564022851726082990e+04,1.232717322328078262e+04,1.250000000000000000e+04,1.728267767192176336e+02,2.097152000000000000e+06
2.532000000000000028e+00,1.506797728039400681e+04,1.234616310922362209e+04,1.250000000000000000e+04,1.538368907763789650e+02,2.097152000000000000e+06
2.536000000000000032e+00,1.379505973140522474e+04,1.215499581393795415e+04,1.250000000000000000e+04,3.450041860620471539e+02,2.097152000000000000e+06
2.540000000000000036e+00,1.188619715638862181e+04,1.096222526573710456e+04,1.093750000000000182e+04,-2.472526573710394260e+01,1.835008000000000000e+06
2.544000000000000039e+00,9.435803767012650496e+03,9.265301139120487278e+03,9.375000000000001819e+03,1.096988608795136031e+02,1.572864000000000000e+06
2.548000000000000043e+00,6.562981207239316973e+03,6.738636199653097719e+03,6.250000000000000000e+03,-4.886361996530976057e+02,1.048576000000000000e+06
2.552000000000000046e+00,3.405338149754367805e+03,4.068049133304964016e+03,4.687500000000000909e+03,6.194508666950365523e+02,7.864320000000000000e+05
2.556000000000000050e+00,1.119708167422855780e+02,1.171880508567228844e+03,0.000000000000000000e+00,-1.171880508567228844e+03,0.000000000000000000e+00
2.560000000000000053e+00,-3.164020063579019734e+03,-2.036660400782307988e+03,-1.562500000000000000e+03,4.741604007823078746e+02,-2.621440000000000000e+05
2.564000000000000057e+00,-6.273081630293959279e+03,-5.334892916189834068e+03,-4.687500000000000909e+03,6.473929161898332723e+02,-7.864320000000000000e+05
2.568000000000000060e+00,-9.076439346741381087e+03,-8.224746622188669789e+03,-9.375000000000001819e+03,-1.150253377811331120e+03,-1.572864000000000000e+06
2.572000000000000064e+00,-1.145263851034827167e+04,-1.092902216927656809e+04,-1.093750000000000182e+04,-8.477830723432541404e+00,-1.835008000000000000e+06
2.576000000000000068e+00,-1.330307354530225348e+04,-1.321364304098284265e+04,-1.250000000000000000e+04,7.136430409828420807e+02,-2.097152000000000000e+06
2.580000000000000071e+00,-1.455624234523113773e+04,-1.485333253362749383e+04,-1.562500000000000000e+04,-7.716674663725067376e+02,-2.621440000000000000e+06
2.584000000000000075e+00,-1.517053656647110074e+04,-1.603722010313823557e+04,-1.562500000000000000e+04,4.122201031382354017e+02,-2.621440000000000000e+06
2.588000000000000078e+00,-1.513546113638988209e+04,-1.678534168258851059e+04,-1.718750000000000000e+04,-4.021583174114925896e+02,-2.883584000000000000e+06
2.592000000000000082e+00,-1.447126254826775039e+04,-1.682543724947046940e+04,-1.562500000000000000e+04,1.200437249470470761e+03,-2.621440000000000000e+06
2.596000000000000085e+00,-1.322703084067030795e+04,-1.633660655629283428e+04,-1.718750000000000000e+04,-8.508934437071666252e+02,-2.883584000000000000e+06
2.600000000000000089e+00,-1.147741973416986002e+04,-1.502022700172797158e+04,-1.406250000000000000e+04,9.577270017279704462e+02,-2.359296000000000000e+06
2.604000000000000092e+00,-9.318198879591936930e+03,-1.327751729233944206e+04,-1.406250000000000000e+04,-7.849827076605586171e+02,-2.359296000000000000e+06
2.608000000000000096e+00,-6.860907892745158279e+03,-1.087672692360856126e+04,-1.093750000000000182e+04,-6.077307639144012796e+01,-1.835008000000000000e+06
2.612000000000000099e+00,-4.226921021287714211e+03,-8.187638480419401276e+03,-7.812500000000000000e+03,3.751384804194009917e+02,-1.310720000000000000e+06
2.616000000000000103e+00,-1.541252144456977021e+03,-5.861677418341523662e+03,-6.250000000000000000e+03,-3.883225816584765653e+02,-1.048576000000000000e+06
2.620000000000000107e+00,1.073568312789882157e+03,-3.454500578777082865e+03,-3.125000000000000000e+03,3.295005787770826373e+02,-5.242880000000000000e+05
2.624000000000000110e+00,3.503229599699718619e+03,-1.009833102835733939e+03,-1.562500000000000000e+03,-5.526668971642660608e+02,-2.621440000000000000e+05
2.628000000000000114e+00,5.646708650163490347e+03,1.234230359148414664e+03,1.562500000000000000e+03,3.282696408515855069e+02,2.621440000000000000e+05
2.632000000000000117e+00,7.420436639654990358e+03,3.500992147711973303e+03,3.125000000000000000e+03,-3.759921477119731890e+02,5.242880000000000000e+05
2.636000000000000121e+00,8.761390167152601862e+03,5.427529871213891965e+03,6.250000000000000000e+03,8.224701287861081482e+02,1.048576000000000000e+06
2.640000000000000124e+00,9.628999850541189517e+03,6.656204577860350582e+03,6.250000000000000000e+03,-4.062045778603501276e+02,1.048576000000000000e+06
2.644000000000000128e+00,1.000583906451680195e+04,7.593913801796442385e+03,7.812500000000000000e+03,2.185861982035575011e+02,1.310720000000000000e+06
2.648000000000000131e+00,9.897124502330390897e+03,8.128934191702795033e+03,7.812500000000000000e+03,-3.164341917027950899e+02,1.310720000000000000e+06
2.652000000000000135e+00,9.329124184345440881e+03,8.144852239748107422e+03,7.812500000000000000e+03,-3.323522397481078201e+02,1.310720000000000000e+06
2.656000000000000139e+00,8.346623881399136735e+03,7.742224902678417493e+03,7.812500000000000000e+03,7.027509732158293332e+01,1.310720000000000000e+06
2.660000000000000142e+00,7.009646727836902755e+03,6.805280581403329052e+03,7.812500000000000000e+03,1.007219418596671403e+03,1.310720000000000000e+06
2.664000000000000146e+00,5.389650934000029338e+03,5.445790156721283893e+03,4.687500000000000909e+03,-7.582901567212835516e+02,7.864320000000000000e+05
2.668000000000000149e+00,3.565445753855713065e+03,4.031421233838761054e+03,4.687500000000000909e+03,6.560787661612395141e+02,7.864320000000000000e+05
2.672000000000000153e+00,1.619065969387296491e+03,2.266405102065132724e+03,1.562500000000000000e+03,-7.039051020651327235e+02,2.621440000000000000e+05
2.676000000000000156e+00,-3.681691783663387127e+02,4.099166965750850977e+02,0.000000000000000000e+00,-4.099166965750850977e+02,0.000000000000000000e+00
2.680000000000000160e+00,-2.319213868157827619e+03,-1.401028376982103282e+03,-1.562500000000000000e+03,-1.614716230178968885e+02,-2.621440000000000000e+05
2.684000000000000163e+00,-4.164309348300778765e+03,-3.468968216430114353e+03,-3.125000000000000000e+03,3.439682164301143530e+02,-5.242880000000000000e+05
2.688000000000000167e+00,-5.843337622818233285e+03,-5.019067284368135006e+03,-4.687500000000000909e+03,3.315672843681345512e+02,-7.864320000000000000e+05
2.692000000000000171e+00,-7.307449049567213478e+03,-6.899602557091008748e+03,-6.250000000000000000e+03,6.496025570910087481e+02,-1.048576000000000000e+06
2.696000000000000174e+00,-8.519948196554723836e+03,-8.512356481007778712e+03,-9.375000000000001819e+03,-8.626435189922221980e+02,-1.572864000000000000e+06
2.700000000000000178e+00,-9.456470267192073152e+03,-9.612987547677585098e+03,-9.375000000000001819e+03,2.379875476775841037e+02,-1.572864000000000000e+06
2.704000000000000181e+00,-1.010452279516088493e+04,-1.034259166465938142e+04,-1.093750000000000182e+04,-5.949083353406197148e+02,-1.835008000000000000e+06
2.708000000000000185e+00,-1.046250154946266593e+04,-1.086231087339897749e+04,-1.093750000000000182e+04,-7.518912660102287759e+01,-1.835008000000000000e+06
2.712000000000000188e+00,-1.053831375600702813e+04,-1.105000987674986936e+04,-1.093750000000000182e+04,1.125098767498691075e+02,-1.835008000000000000e+06
2.716000000000000192e+00,-1.034775467277294592e+04,-1.120983114682893211e+04,-1.093750000000000182e+04,2.723311468289315940e+02,-1.835008000000000000e+06
2.720000000000000195e+00,-9.912784911795695734e+03,-1.100108765174805558e+04,-1.093750000000000182e+04,6.358765174805519393e+01,-1.835008000000000000e+06
2.724000000000000199e+00,-9.259846167532736217e+03,-1.023595870901274793e+04,-9.375000000000001819e+03,8.609587090127463398e+02,-1.572864000000000000e+06
2.728000000000000203e+00,-8.418333442584882505e+03,-9.253317315053123821e+03,-9.375000000000001819e+03,-1.216826849468766909e+02,-1.572864000000000000e+06
2.732000000000000206e+00,-7.419314379046237264e+03,-8.617910352239201529e+03,-9.375000000000001819e+03,-7.570896477608006307e+02,-1.572864000000000000e+06
2.736000000000000210e+00,-6.294553344861415098e+03,-7.623615006965439534e+03,-7.812500000000000000e+03,-1.888849930345602388e+02,-1.310720000000000000e+06
2.740000000000000213e+00,-5.075862262755988922e+03,-6.808845528244223715e+03,-6.250000000000000000e+03,5.588455282442231464e+02,-1.048576000000000000e+06
2.744000000000000217e+00,-3.794764710642777118e+03,-5.609997679389024597e+03,-6.250000000000000000e+03,-6.400023206109758576e+02,-1.048576000000000000e+06
2.748000000000000220e+00,-2.482427396349252376e+03,-4.249485369501371679e+03,-3.125000000000000000e+03,1.124485369501370997e+03,-5.242880000000000000e+05
2.751999999999999780e+00,-1.169786266882083282e+03,-2.955174730914035536e+03,-3.125000000000000000e+03,-1.698252690859646350e+02,-5.242880000000000000e+05
2.755999999999999783e+00,1.122246555211865484e+02,-1.320873633528251275e+03,-1.562500000000000000e+03,-2.416263664717487814e+02,-2.621440000000000000e+05
2.759999999999999787e+00,1.332443627666690645e+03,-8.381030587770507623e+01,0.000000000000000000e+00,8.381030587770507623e+01,0.000000000000000000e+00
2.763999999999999790e+00,2.459352725739801826e+03,9.612123329377824348e+02,0.000000000000000000e+00,-9.612123329377824348e+02,0.000000000000000000e+00
2.767999999999999794e+00,3.461142709251657379e+03,2.119161660137643594e+03,3.125000000000000000e+03,1.005838339862356406e+03,5.242880000000000000e+05
2.771999999999999797e+00,4.306044311617072708e+03,2.969117869306663124e+03,3.125000000000000000e+03,1.558821306933372171e+02,5.242880000000000000e+05
2.775999999999999801e+00,4.962972322997908122e+03,3.931653798035654290e+03,3.125000000000000000e+03,-8.066537980356540629e+02,5.242880000000000000e+05
2.779999999999999805e+00,5.402496473590969799e+03,4.733163368073955098e+03,4.687500000000000909e+03,-4.566336807395460085e+01,7.864320000000000000e+05
2.783999999999999808e+00,5.598117692972412442e+03,5.091914276460207475e+03,4.687500000000000909e+03,-4.044142764602067928e+02,7.864320000000000000e+05
2.787999999999999812e+00,5.527792640053025934e+03,5.161239858929866386e+03,6.250000000000000000e+03,1.088760141070134068e+03,1.048576000000000000e+06
2.791999999999999815e+00,5.175616375127617175e+03,5.069884072054701392e+03,4.687500000000000909e+03,-3.823840720547011074e+02,7.864320000000000000e+05
2.795999999999999819e+00,4.533545457363786227e+03,4.813434771269127850e+03,4.687500000000000909e+03,-1.259347712691269834e+02,7.864320000000000000e+05
2.799999999999999822e+00,3.603024042508302045e+03,3.974605218036142105e+03,4.687500000000000909e+03,7.128947819638585770e+02,7.864320000000000000e+05
2.803999999999999826e+00,2.396365656676633535e+03,3.235358930636560217e+03,3.125000000000000000e+03,-1.103589306365600748e+02,5.242880000000000000e+05
2.807999999999999829e+00,9.377444991979255065e+02,2.102490575102415733e+03,1.562500000000000000e+03,-5.399905751024155052e+02,2.621440000000000000e+05
2.811999999999999833e+00,-7.363371222444748128e+02,8.951164734459380270e+02,1.562500000000000000e+03,6.673835265540620867e+02,2.621440000000000000e+05
2.815999999999999837e+00,-2.577214623866530019e+03,-7.208918512502046951e+02,-1.562500000000000000e+03,-8.416081487497953049e+02,-2.621440000000000000e+05
2.819999999999999840e+00,-4.524935549702364369e+03,-2.890888388122375090e+03,-3.125000000000000000e+03,-2.341116118776249095e+02,-5.242880000000000000e+05
2.823999999999999844e+00,-6.509875570583523768e+03,-4.339594115129429156e+03,-3.125000000000000000e+03,1.214594115129428928e+03,-5.242880000000000000e+05
2.827999999999999847e+00,-8.455081201596811297e+03,-6.257316613299341043e+03,-6.250000000000000000e+03,7.316613299340398946e+00,-1.048576000000000000e+06
2.831999999999999851e+00,-1.027927390458821537e+04,-7.926853467536440803e+03,-9.375000000000001819e+03,-1.448146532463560106e+03,-1.572864000000000000e+06
2.835999999999999854e+00,-1.190040059211029075e+04,-9.538023648806334677e+03,-9.375000000000001819e+03,1.630236488063333127e+02,-1.572864000000000000e+06
2.839999999999999858e+00,-1.323957015148831488e+04,-1.099250756314136561e+04,-1.093750000000000182e+04,5.500756314136441461e+01,-1.835008000000000000e+06
2.843999999999999861e+00,-1.422517776073139612e+04,-1.274800186452989510e+04,-1.250000000000000000e+04,2.480018645298950162e+02,-2.097152000000000000e+06
2.847999999999999865e+00,-1.479699139751824259e+04,-1.394984676866131122e+04,-1.406250000000000000e+04,-1.126532313386885420e+02,-2.359296000000000000e+06
2.851999999999999869e+00,-1.490996039557859694e+04,-1.435600585987005798e+04,-1.406250000000000000e+04,2.935058598700583161e+02,-2.359296000000000000e+06
2.855999999999999872e+00,-1.453750577531198360e+04,-1.437555124049590449e+04,-1.406250000000000000e+04,3.130512404959043806e+02,-2.359296000000000000e+06
2.859999999999999876e+00,-1.367406708423449527e+04,-1.378072670660849144e+04,-1.406250000000000000e+04,-2.817732933915098101e+02,-2.359296000000000000e+06
2.863999999999999879e+00,-1.233671039198690414e+04,-1.284670111941917457e+04,-1.250000000000000000e+04,3.467011194191738355e+02,-2.097152000000000000e+06
2.867999999999999883e+00,-1.056564569202955317e+04,-1.115024576901275577e+04,-1.093750000000000182e+04,2.127457690127548062e+02,-1.835008000000000000e+06
2.871999999999999886e+00,-8.423557147582090693e+03,-9.483042671069641074e+03,-9.375000000000001819e+03,1.080426710696399937e+02,-1.572864000000000000e+06
2.875999999999999890e+00,-5.993713452832180337e+03,-7.642355527086141592e+03,-7.812500000000000000e+03,-1.701444729138588059e+02,-1.310720000000000000e+06
2.879999999999999893e+00,-3.376894484552759877e+03,-4.882437695558070118e+03,-4.687500000000000909e+03,1.949376955580695494e+02,-7.864320000000000000e+05
2.883999999999999897e+00,-6.872403766140362222e+02,-2.536004552602628337e+03,-3.125000000000000000e+03,-5.889954473973718905e+02,-5.242880000000000000e+05
2.887999999999999901e+00,1.952804057166393477e+03,-4.548361115614712702e+01,0.000000000000000000e+00,4.548361115614712702e+01,0.000000000000000000e+00
2.891999999999999904e+00,4.418217157796778338e+03,2.504929321175900895e+03,3.125000000000000000e+03,6.200706788240992182e+02,5.242880000000000000e+05
2.895999999999999908e+00,6.587519817671246528e+03,4.780172411359483704e+03,4.687500000000000909e+03,-9.267241135948317776e+01,7.864320000000000000e+05
2.899999999999999911e+00,8.348971887265628538e+03,6.890659775013990838e+03,6.250000000000000000e+03,-6.406597750139904974e+02,1.048576000000000000e+06
2.903999999999999915e+00,9.606514130564353763e+03,8.630781198666531054e+03,9.375000000000001819e+03,7.442188013334696279e+02,1.572864000000000000e+06
2.907999999999999918e+00,1.028512585295035751e+04,9.891237019781876370e+03,9.375000000000001819e+03,-5.162370197818750057e+02,1.572864000000000000e+06
2.911999999999999922e+00,1.033528888601970175e+04,1.063092139665181276e+04,1.093750000000000182e+04,3.065786033481874142e+02,1.835008000000000000e+06
2.915999999999999925e+00,9.736287509063547986e+03,1.074755616297825873e+04,1.093750000000000182e+04,1.899438370217415581e+02,1.835008000000000000e+06
2.919999999999999929e+00,8.498129368091314973e+03,1.017531384946553771e+04,9.375000000000001819e+03,-8.003138494655364639e+02,1.572864000000000000e+06
2.923999999999999932e+00,6.661941745731677656e+03,8.887218776048988730e+03,9.375000000000001819e+03,4.877812239510118957e+02,1.572864000000000000e+06
2.927999999999999936e+00,4.298776984491002622e+03,7.073269578567937060e+03,6.250000000000000000e+03,-8.232695785679363780e+02,1.048576000000000000e+06
2.931999999999999940e+00,1.506846138332111877e+03,4.774775017253568876e+03,4.687500000000000909e+03,-8.727501725356786721e+01,7.864320000000000000e+05
2.935999999999999943e+00,-1.592713742910232440e+03,2.174038334663699970e+03,3.125000000000000000e+03,9.509616653363001433e+02,5.242880000000000000e+05
2.939999999999999947e+00,-4.861350828717789227e+03,-5.345854044485801069e+02,-1.562500000000000000e+03,-1.027914595551420007e+03,-2.621440000000000000e+05
2.943999999999999950e+00,-8.149626550266407321e+03,-3.615303350304506694e+03,-3.125000000000000000e+03,4.903033503045064094e+02,-5.242880000000000000e+05
2.947999999999999954e+00,-1.130443802533529561e+04,-6.722744848560765604e+03,-6.250000000000000000e+03,4.727448485607657176e+02,-1.048576000000000000e+06
2.951999999999999957e+00,-1.417656837434462614e+04,-9.365815424968315710e+03,-9.375000000000001819e+03,-9.184575031686085467e+00,-1.572864000000000000e+06
2.955999999999999961e+00,-1.662817389925857424e+04,-1.212597489854448395e+04,-1.250000000000000000e+04,-3.740251014555159372e+02,-2.097152000000000000e+06
2.959999999999999964e+00,-1.853981377036705817e+04,-1.459926885326873526e+04,-1.406250000000000000e+04,5.367688532687351426e+02,-2.359296000000000000e+06
2.963999999999999968e+00,-1.981664625226987482e+04,-1.632429725409053208e+04,-1.718750000000000000e+04,-8.632027459094699680e+02,-2.883584000000000000e+06
2.967999999999999972e+00,-2.039345486184330366e+04,-1.775523888004020409e+04,-1.718750000000000000e+04,5.677388800402020479e+02,-2.883584000000000000e+06
2.971999999999999975e+00,-2.023822623842984467e+04,-1.811580222482976023e+04,-1.875000000000000364e+04,-6.341977751702435171e+02,-3.145728000000000000e+06
2.975999999999999979e+00,-1.935407586093851569e+04,-1.777420412658059286e+04,-1.718750000000000000e+04,5.867041265805901276e+02,-2.883584000000000000e+06
2.979999999999999982e+00,-1.777940406670648736e+04,-1.687038326929933100e+04,-1.718750000000000000e+04,-3.171167307006693363e+02,-2.883584000000000000e+06
2.983999999999999986e+00,-1.558625839373997951e+04,-1.565595604164766701e+04,-1.562500000000000000e+04,3.095604164766660560e+01,-2.621440000000000000e+06
2.987999999999999989e+00,-1.287697391248465283e+04,-1.340133353602996613e+04,-1.250000000000000000e+04,9.013335360299658987e+02,-2.097152000000000000e+06
2.991999999999999993e+00,-9.779255613170702418e+03,-1.050957883161337668e+04,-1.093750000000000182e+04,-4.279211683866236058e+02,-1.835008000000000000e+06
2.995999999999999996e+00,-6.439950900805163656e+03,-7.518486532168672056e+03,-7.812500000000000000e+03,-2.940134678313276027e+02,-1.310720000000000000e+06
3.000000000000000000e+00,-3.017831105140593536e+03,-4.486427632560024904e+03,-4.687500000000000909e+03,-2.010723674399760625e+02,-7.864320000000000000e+05
3.004000000000000004e+00,3.242453533451741237e+02,-9.454408919376883205e+02,-1.562500000000000000e+03,-6.170591080623117932e+02,-2.621440000000000000e+05
3.008000000000000007e+00,3.427381920729828380e+03,2.146374859567085878e+03,3.125000000000000000e+03,9.786251404329143497e+02,5.242880000000000000e+05
3.012000000000000011e+00,6.144487241270809136e+03,4.889612207626244526e+03,4.687500000000000909e+03,-2.021122076262434177e+02,7.864320000000000000e+05
3.016000000000000014e+00,8.347506289586253843e+03,7.599490169506644634e+03,7.812500000000000000e+03,2.130098304933556221e+02,1.310720000000000000e+06
3.020000000000000018e+00,9.933665976200160003e+03,9.582010906133002209e+03,9.375000000000001819e+03,-2.070109061330007592e+02,1.572864000000000000e+06
3.024000000000000021e+00,1.083041533862099823e+04,1.121705044372032717e+04,1.093750000000000182e+04,-2.795504437203260295e+02,1.835008000000000000e+06
3.028000000000000025e+00,1.099881104632513961e+04,1.222978682949169888e+04,1.250000000000000000e+04,2.702131705083019710e+02,2.097152000000000000e+06
3.032000000000000028e+00,1.043518276359609081e+04,1.225872889744309214e+04,1.250000000000000000e+04,2.412711025569086587e+02,2.097152000000000000e+06
3.036000000000000032e+00,9.171005221552464718e+03,1.172379458366697145e+04,1.093750000000000182e+04,-7.862945836669705386e+02,1.835008000000000000e+06
3.040000000000000036e+00,7.270999485462186385e+03,1.063378419075314559e+04,1.093750000000000182e+04,3.037158092468548034e+02,1.835008000000000000e+06
3.044000000000000039e+00,4.829579543215687409e+03,9.002360031873207845e+03,9.375000000000001819e+03,3.726399681267932920e+02,1.572864000000000000e+06
3.048000000000000043e+00,1.965846812050555627e+03,6.701954304581789984e+03,6.250000000000000000e+03,-4.519543045817895290e+02,1.048576000000000000e+06
3.052000000000000046e+00,-1.182590265012186592e+03,4.162521076690862174e+03,4.687500000000000909e+03,5.249789233091389633e+02,7.864320000000000000e+05
3.056000000000000050e+00,-4.466635698387665798e+03,1.288353402670019250e+03,1.562500000000000000e+03,2.741465973299809207e+02,2.621440000000000000e+05
3.060000000000000053e+00,-7.733188995386301031e+03,-1.816165510922320664e+03,-1.562500000000000000e+03,2.536655109223206637e+02,-2.621440000000000000e+05
3.064000000000000057e+00,-1.083269753354374916e+04,-4.976475238110066130e+03,-6.250000000000000000e+03,-1.273524761889933870e+03,-1.048576000000000000e+06
3.068000000000000060e+00,-1.362638701756698720e+04,-8.326608437020851852e+03,-7.812500000000000000e+03,5.141084370208510563e+02,-1.310720000000000000e+06
3.072000000000000064e+00,-1.599280298916182255e+04,-1.118173501538181881e+04,-1.093750000000000182e+04,2.442350153818179876e+02,-1.835008000000000000e+06
3.076000000000000068e+00,-1.783334011969934363e+04,-1.360198792821477400e+04,-1.406250000000000000e+04,-4.605120717852267944e+02,-2.359296000000000000e+06
3.080000000000000071e+00,-1.907649655288913709e+04,-1.508072924096361021e+04,-1.562500000000000000e+04,-5.442707590363904728e+02,-2.621440000000000000e+06
3.084000000000000075e+00,-1.968066419804115867e+04,-1.619477686263491887e+04,-1.562500000000000000e+04,5.697768626349193255e+02,-2.621440000000000000e+06
3.088000000000000078e+00,-1.963534823838260854e+04,-1.678472852696736663e+04,-1.718750000000000000e+04,-4.027714730326335939e+02,-2.883584000000000000e+06
3.092000000000000082e+00,-1.896079542593232691e+04,-1.647990973265041248e+04,-1.562500000000000000e+04,8.549097326504135026e+02,-2.621440000000000000e+06
3.096000000000000085e+00,-1.770609606086713393e+04,-1.549321254803726151e+04,-1.562500000000000000e+04,-1.317874519627393397e+02,-2.621440000000000000e+06
3.100000000000000089e+00,-1.594590412823660881e+04,-1.459586199771940119e+04,-1.406250000000000000e+04,5.333619977194014155e+02,-2.359296000000000000e+06
3.104000000000000092e+00,-1.377598954620278892e+04,-1.286259442994743767e+04,-1.406250000000000000e+04,-1.199905570052561870e+03,-2.359296000000000000e+06
3.108000000000000096e+00,-1.130789220076351739e+04,-1.092443890121036202e+04,-1.093750000000000182e+04,-1.306109878963963844e+01,-1.835008000000000000e+06
3.112000000000000099e+00,-8.662986612611814053e+03,-8.502470563644148569e+03,-7.812500000000000000e+03,6.899705636441485694e+02,-1.310720000000000000e+06
3.116000000000000103e+00,-5.966286936858879926e+03,-5.917016763424338933e+03,-6.250000000000000000e+03,-3.329832365756611807e+02,-1.048576000000000000e+06
3.120000000000000107e+00,-3.340323877167483715e+03,-3.286570539429550990e+03,-3.125000000000000000e+03,1.615705394295507062e+02,-5.242880000000000000e+05
3.124000000000000110e+00,-8.994084658212821068e+02,-6.590403753122504895e+02,0.000000000000000000e+00,6.590403753122504895e+02,0.000000000000000000e+00
3.128000000000000114e+00,1.255435946722474455e+03,1.863790708529424819e+03,1.562500000000000000e+03,-3.012907085294246485e+02,2.621440000000000000e+05
3.132000000000000117e+00,3.040640248778811838e+03,3.973483359998994729e+03,3.125000000000000000e+03,-8.484833599989947288e+02,5.242880000000000000e+05
3.136000000000000121e+00,4.393180749364080839e+03,5.681238332374372476e+03,6.250000000000000000e+03,5.687616676256276378e+02,1.048576000000000000e+06
3.140000000000000124e+00,5.272487773605093025e+03,7.087653186121378894e+03,7.812500000000000000e+03,7.248468138786211057e+02,1.310720000000000000e+06
3.144000000000000128e+00,5.661134400651366377e+03,7.980438979822488363e+03,7.812500000000000000e+03,-1.679389798224881929e+02,1.310720000000000000e+06
3.148000000000000131e+00,5.564337025426104447e+03,8.596573967767000795e+03,7.812500000000000000e+03,-7.840739677669998855e+02,1.310720000000000000e+06
3.152000000000000135e+00,5.008363367191624093e+03,8.831481388508704185e+03,9.375000000000001819e+03,5.435186114912966104e+02,1.572864000000000000e+06
3.156000000000000139e+00,4.037998892917837111e+03,7.976302872695065162e+03,7.812500000000000000e+03,-1.638028726950648775e+02,1.310720000000000000e+06
3.160000000000000142e+00,2.713266430324751127e+03,7.105889294774595328e+03,6.250000000000000000e+03,-8.558892947745947595e+02,1.048576000000000000e+06
3.164000000000000146e+00,1.105623880377628439e+03,5.708901210514871309e+03,6.250000000000000000e+03,5.410987894851294868e+02,1.048576000000000000e+06
3.168000000000000149e+00,-7.061198150750533387e+02,4.496357425020822120e+03,4.687500000000000909e+03,1.911425749791789030e+02,7.864320000000000000e+05
3.172000000000000153e+00,-2.639930188903480939e+03,2.344025728474645803e+03,1.562500000000000000e+03,-7.815257284746455753e+02,2.621440000000000000e+05
3.176000000000000156e+00,-4.614488317649198507e+03,4.545020452303785419e+02,1.562500000000000000e+03,1.107997954769621629e+03,2.621440000000000000e+05
3.180000000000000160e+00,-6.552748700364106298e+03,-8.950779755486139493e+02,-1.562500000000000000e+03,-6.674220244513860507e+02,-2.621440000000000000e+05
3.184000000000000163e+00,-8.384952908371804369e+03,-2.829286141249124739e+03,-3.125000000000000000e+03,-2.957138587508754881e+02,-5.242880000000000000e+05
3.188000000000000167e+00,-1.005098327140798938e+04,-4.699684448773594340e+03,-4.687500000000000909e+03,1.218444877359396017e+01,-7.864320000000000000e+05
3.192000000000000171e+00,-1.150199047573660391e+04,-6.580481448623589131e+03,-6.250000000000000000e+03,3.304814486235884488e+02,-1.048576000000000000e+06
3.196000000000000174e+00,-1.270127942045773307e+04,-8.014255508365869900e+03,-7.812500000000000000e+03,2.017555083658698720e+02,-1.310720000000000000e+06
3.200000000000000178e+00,-1.362448564275341778e+04,-9.091167711917054476e+03,-9.375000000000001819e+03,-2.838322880829476276e+02,-1.572864000000000000e+06
3.204000000000000181e+00,-1.425911701274526422e+04,-9.722649841661068422e+03,-9.375000000000001819e+03,3.476498416610674553e+02,-1.572864000000000000e+06
3.208000000000000185e+00,-1.460356963853560956e+04,-1.018934948180753418e+04,-1.093750000000000182e+04,-7.481505181924676435e+02,-1.835008000000000000e+06
3.212000000000000188e+00,-1.466575108778698268e+04,-1.058713911110480512e+04,-9.375000000000001819e+03,1.212139111104803305e+03,-1.572864000000000000e+06
3.216000000000000192e+00,-1.446145696287494866e+04,-1.062518199432745678e+04,-1.093750000000000182e+04,-3.123180056725447002e+02,-1.835008000000000000e+06
3.220000000000000195e+00,-1.401264822286615163e+04,-1.036269743087396637e+04,-1.093750000000000182e+04,-5.748025691260354506e+02,-1.835008000000000000e+06
3.224000000000000199e+00,-1.334576691187557299e+04,-9.802988011909015768e+03,-9.375000000000001819e+03,4.279880119090144035e+02,-1.572864000000000000e+06
3.228000000000000203e+00,-1.249020838477877987e+04,-9.424445755762650151e+03,-9.375000000000001819e+03,4.944575576264903560e+01,-1.572864000000000000e+06
3.232000000000000206e+00,-1.147704063855299682e+04,-8.244399483328228598e+03,-7.812500000000000000e+03,4.318994833282293371e+02,-1.310720000000000000e+06
3.236000000000000210e+00,-1.033802839862533983e+04,-7.183489215578315452e+03,-7.812500000000000000e+03,-6.290107844216848889e+02,-1.310720000000000000e+06
3.240000000000000213e+00,-9.104983947794289634e+03,-6.279492549136592061e+03,-6.250000000000000000e+03,2.949254913659198607e+01,-1.048576000000000000e+06
3.244000000000000217e+00,-7.809431226626747048e+03,-4.887883623097777672e+03,-4.687500000000000909e+03,2.003836230977766490e+02,-7.864320000000000000e+05
3.248000000000000220e+00,-6.482537308176495571e+03,-3.525564113835630451e+03,-3.125000000000000000e+03,4.005641138356301099e+02,-5.242880000000000000e+05
3.251999999999999780e+00,-5.155238507239245337e+03,-2.267427982946016073e+03,-3.125000000000000000e+03,-8.575720170539841547e+02,-5.242880000000000000e+05
3.255999999999999783e+00,-3.858469216395304102e+03,-1.039061142838576188e+03,0.000000000000000000e+00,1.039061142838576188e+03,0.000000000000000000e+00
3.259999999999999787e+00,-2.623391551725383579e+03,3.082824110336381409e+02,0.000000000000000000e+00,-3.082824110336381409e+02,0.000000000000000000e+00
3.263999999999999790e+00,-1.481523812465873107e+03,1.299767489055632495e+03,1.562500000000000000e+03,2.627325109443676752e+02,2.621440000000000000e+05
3.267999999999999794e+00,-4.646756170526568326e+02,2.607773497122092522e+03,1.562500000000000000e+03,-1.045273497122092294e+03,2.621440000000000000e+05
3.271999999999999797e+00,3.953833874662865924e+02,3.619156844469441694e+03,4.687500000000000909e+03,1.068343155530559216e+03,7.864320000000000000e+05
3.275999999999999801e+00,1.067567608283852678e+03,4.469358884050328015e+03,3.125000000000000000e+03,-1.344358884050328015e+03,5.242880000000000000e+05
3.279999999999999805e+00,1.522446390131411363e+03,5.481355133624751943e+03,6.250000000000000000e+03,7.686448663752481707e+02,1.048576000000000000e+06
3.283999999999999808e+00,1.733520274632969404e+03,5.931119351566798287e+03,6.250000000000000000e+03,3.188806484332017703e+02,1.048576000000000000e+06
3.287999999999999812e+00,1.678745530270165091e+03,6.004169852606162749e+03,6.250000000000000000e+03,2.458301473938374215e+02,1.048576000000000000e+06
3.291999999999999815e+00,1.342216824441681865e+03,5.703209136499985107e+03,4.687500000000000909e+03,-1.015709136499984083e+03,7.864320000000000000e+05
3.295999999999999819e+00,7.158903209617345738e+02,5.531093306376780674e+03,6.250000000000000000e+03,7.189066936232196667e+02,1.048576000000000000e+06
3.299999999999999822e+00,-1.987902222233496445e+02,4.966190075164867267e+03,4.687500000000000909e+03,-2.786900751648663572e+02,7.864320000000000000e+05
3.303999999999999826e+00,-1.389511679235695283e+03,4.058907806103803978e+03,4.687500000000000909e+03,6.285921938961967044e+02,7.864320000000000000e+05
3.307999999999999829e+00,-2.832100253410767891e+03,2.864800053857974490e+03,1.562500000000000000e+03,-1.302300053857974262e+03,2.621440000000000000e+05
3.311999999999999833e+00,-4.490054042146566644e+03,1.068607281583199892e+03,1.562500000000000000e+03,4.938927184168001077e+02,2.621440000000000000e+05
3.315999999999999837e+00,-6.314708869147093537e+03,-5.281620215218439398e+02,0.000000000000000000e+00,5.281620215218439398e+02,0.000000000000000000e+00
3.319999999999999840e+00,-8.246112688330698802e+03,-2.058353021542153783e+03,-3.125000000000000000e+03,-1.066646978457846444e+03,-5.242880000000000000e+05
3.323999999999999844e+00,-1.021464158279916228e+04,-3.767328260570628572e+03,-3.125000000000000000e+03,6.423282605706285722e+02,-5.242880000000000000e+05
3.327999999999999847e+00,-1.214334248228500110e+04,-5.384486342731483091e+03,-4.687500000000000909e+03,6.969863427314821820e+02,-7.864320000000000000e+05
3.331999999999999851e+00,-1.395093726564494864e+04,-7.478394853899461850e+03,-7.812500000000000000e+03,-3.341051461005382635e+02,-1.310720000000000000e+06
3.335999999999999854e+00,-1.555537326479683725e+04,-9.218755345178158677e+03,-9.375000000000001819e+03,-1.562446548218424027e+02,-1.572864000000000000e+06
3.339999999999999858e+00,-1.687775978877512171e+04,-1.095571071968579417e+04,-1.093750000000000182e+04,1.821071968579300560e+01,-1.835008000000000000e+06
3.343999999999999861e+00,-1.784649243963129629e+04,-1.221004800622378389e+04,-1.250000000000000000e+04,-2.899519937762176482e+02,-2.097152000000000000e+06
3.347999999999999865e+00,-1.840133962140908261e+04,-1.283136803810082347e+04,-1.250000000000000000e+04,3.313680381008231279e+02,-2.097152000000000000e+06
3.351999999999999869e+00,-1.849725109651489402e+04,-1.332513083170342543e+04,-1.406250000000000000e+04,-7.373691682965744576e+02,-2.359296000000000000e+06
3.355999999999999872e+00,-1.810764831632597634e+04,-1.330303809748295498e+04,-1.250000000000000000e+04,8.030380974829547540e+02,-2.097152000000000000e+06
3.359999999999999876e+00,-1.722697126162607674e+04,-1.282497139851522843e+04,-1.250000000000000000e+04,3.249713985152280316e+02,-2.097152000000000000e+06
3.363999999999999879e+00,-1.587228643760280829e+04,-1.217816007793299468e+04,-1.250000000000000000e+04,-3.218399220670052046e+02,-2.097152000000000000e+06
3.367999999999999883e+00,-1.408380427553139270e+04,-1.098668897845766332e+04,-1.093750000000000182e+04,4.918897845766247201e+01,-1.835008000000000000e+06
3.371999999999999886e+00,-1.192420937870342095e+04,-9.367938629955169745e+03,-9.375000000000001819e+03,-7.061370044832496085e+00,-1.572864000000000000e+06
3.375999999999999890e+00,-9.476770883624403723e+03,-7.182746071255405695e+03,-7.812500000000000000e+03,-6.297539287445945320e+02,-1.310720000000000000e+06
3.379999999999999893e+00,-6.842269111619868454e+03,-4.624056024636118309e+03,-4.687500000000000909e+03,-6.344397536388237313e+01,-7.864320000000000000e+05
3.383999999999999897e+00,-4.134844643336089575e+03,-1.775763298327987741e+03,-1.562500000000000000e+03,2.132632983279877408e+02,-2.621440000000000000e+05
3.387999999999999901e+00,-1.476942741579010999e+03,7.717915131053588311e+02,1.562500000000000000e+03,7.907084868946412826e+02,2.621440000000000000e+05
3.391999999999999904e+00,1.006414483470496066e+03,3.107339871504846997e+03,3.125000000000000000e+03,1.766012849515339056e+01,5.242880000000000000e+05
3.395999999999999908e+00,3.193747470827837788e+03,5.558957548192352988e+03,4.687500000000000909e+03,-8.714575481923525331e+02,7.864320000000000000e+05
3.399999999999999911e+00,4.973315615412233456e+03,7.971324017352230840e+03,7.812500000000000000e+03,-1.588240173522308680e+02,1.310720000000000000e+06
3.403999999999999915e+00,6.249059223484895483e+03,9.732850820801302689e+03,9.375000000000001819e+03,-3.578508208013017793e+02,1.572864000000000000e+06
3.407999999999999918e+00,6.945957140550639451e+03,1.089762026494588827e+04,1.093750000000000182e+04,3.987973505411267183e+01,1.835008000000000000e+06
3.411999999999999922e+00,7.014490736184108755e+03,1.123063905353255723e+04,1.250000000000000000e+04,1.269360946467443227e+03,2.097152000000000000e+06
3.415999999999999925e+00,6.433943825523325359e+03,1.111983814948005238e+04,1.093750000000000182e+04,-1.823381494800522375e+02,1.835008000000000000e+06
3.419999999999999929e+00,5.214323588304726400e+03,1.048044856729474850e+04,9.375000000000001819e+03,-1.105448567294747818e+03,1.572864000000000000e+06
3.423999999999999932e+00,3.396756838775805591e+03,9.548793573107037446e+03,1.093750000000000182e+04,1.388706426892963691e+03,1.835008000000000000e+06
3.427999999999999936e+00,1.052295448965460764e+03,7.926186428545081071e+03,7.812500000000000000e+03,-1.136864285450813554e+02,1.310720000000000000e+06
3.431999999999999940e+00,-1.720849999725363205e+03,5.757128861992890052e+03,4.687500000000000909e+03,-1.069628861992889824e+03,7.864320000000000000e+05
3.435999999999999943e+00,-4.801542932096295772e+03,3.180851433263975196e+03,3.125000000000000000e+03,-5.585143326397503216e+01,5.242880000000000000e+05
3.439999999999999947e+00,-8.051231994323941763e+03,2.053170404301927192e+02,0.000000000000000000e+00,-2.053170404301927192e+02,0.000000000000000000e+00
3.443999999999999950e+00,-1.132047909632744449e+04,-2.788789272808513488e+03,-1.562500000000000000e+03,1.226289272808513488e+03,-2.621440000000000000e+05
3.447999999999999954e+00,-1.445618183666570803e+04,-5.901036108682435952e+03,-6.250000000000000000e+03,-3.489638913175647872e+02,-1.048576000000000000e+06
3.451999999999999957e+00,-1.730912381856268621e+04,-8.900213233130825756e+03,-9.375000000000001819e+03,-4.747867668691754375e+02,-1.572864000000000000e+06
3.455999999999999961e+00,-1.974146182879848857e+04,-1.162187259701028051e+04,-1.093750000000000182e+04,6.843725970102788096e+02,-1.835008000000000000e+06
3.459999999999999964e+00,-2.163375552447858718e+04,-1.378172678081131562e+04,-1.406250000000000000e+04,-2.807732191886843225e+02,-2.359296000000000000e+06
3.463999999999999968e+00,-2.289116365900586970e+04,-1.548251760538194685e+04,-1.562500000000000000e+04,-1.424823946180528367e+02,-2.621440000000000000e+06
3.467999999999999972e+00,-2.344847024003475599e+04,-1.645183922434147462e+04,-1.718750000000000000e+04,-7.356607756585260631e+02,-2.883584000000000000e+06
3.471999999999999975e+00,-2.327366239964864144e+04,-1.676661741731929942e+04,-1.562500000000000000e+04,1.141617417319298283e+03,-2.621440000000000000e+06
3.475999999999999979e+00,-2.236985611144764334e+04,-1.690502004575068713e+04,-1.718750000000000000e+04,-2.824799542493136641e+02,-2.883584000000000000e+06
3.479999999999999982e+00,-2.077545220939782303e+04,-1.602460760104533074e+04,-1.562500000000000000e+04,3.996076010453313074e+02,-2.621440000000000000e+06
3.483999999999999986e+00,-1.856249873005946210e+04,-1.423926408435214580e+04,-1.406250000000000000e+04,1.767640843521461989e+02,-2.359296000000000000e+06
3.487999999999999989e+00,-1.583333124434494675e+04,-1.222923351653209829e+04,-1.250000000000000000e+04,-2.707664834679015371e+02,-2.097152000000000000e+06
3.491999999999999993e+00,-1.271565524485107017e+04,-9.656010314748578821e+03,-9.375000000000001819e+03,2.810103147485778550e+02,-1.572864000000000000e+06
3.495999999999999996e+00,-9.356318640838870124e+03,-7.026567219110055703e+03,-7.812500000000000000e+03,-7.859327808899442971e+02,-1.310720000000000000e+06
3.500000000000000000e+00,-5.914093268189288210e+03,-3.839200979271451160e+03,-3.125000000000000000e+03,7.142009792714511605e+02,-5.242880000000000000e+05
3.504000000000000004e+00,-2.551838055370426900e+03,-5.239825014696243670e+02,-1.562500000000000000e+03,-1.038517498530375633e+03,-2.621440000000000000e+05
3.508000000000000007e+00,5.715499338563274705e+02,2.711735808602941233e+03,3.125000000000000000e+03,4.132641913970587666e+02,5.242880000000000000e+05
3.512000000000000011e+00,3.308978832073272315e+03,5.875515799065256033e+03,6.250000000000000000e+03,3.744842009347441376e+02,1.048576000000000000e+06
3.516000000000000014e+00,5.532393100400285221e+03,8.558326503130807396e+03,7.812500000000000000e+03,-7.458265031308076232e+02,1.310720000000000000e+06
3.520000000000000018e+00,7.139019134053032758e+03,1.079369281133464574e+04,1.093750000000000182e+04,1.438071886653551701e+02,1.835008000000000000e+06
3.524000000000000021e+00,8.056305453434492847e+03,1.221523484331624968e+04,1.250000000000000000e+04,2.847651566837503765e+02,2.097152000000000000e+06
3.528000000000000025e+00,8.245308209131531839e+03,1.331066044302647424e+04,1.250000000000000000e+04,-8.106604430264726489e+02,2.097152000000000000e+06
3.532000000000000028e+00,7.702356544767236301e+03,1.350873333838352301e+04,1.406250000000000000e+04,5.537666616164775633e+02,2.359296000000000000e+06
3.536000000000000032e+00,6.458924669041977722e+03,1.306589867112217144e+04,1.406250000000000000e+04,9.966013288778292463e+02,2.359296000000000000e+06
3.540000000000000036e+00,4.579733123060922480e+03,1.212280282517639534e+04,1.093750000000000182e+04,-1.185302825176393526e+03,1.835008000000000000e+06
3.544000000000000039e+00,2.159195368820371186e+03,1.024095479413927387e+04,1.093750000000000182e+04,6.965452058607276058e+02,1.835008000000000000e+06
3.548000000000000043e+00,-6.835877040542660552e+02,7.791863431663140545e+03,7.812500000000000000e+03,2.063656833685943681e+01,1.310720000000000000e+06
3.552000000000000046e+00,-3.811008181858789612e+03,5.417646827286887856e+03,4.687500000000000909e+03,-7.301468272868875147e+02,7.864320000000000000e+05
3.556000000000000050e+00,-7.073970606016614511e+03,2.285465193142588760e+03,3.125000000000000000e+03,8.395348068574114677e+02,5.242880000000000000e+05
3.560000000000000053e+00,-1.031937501652422179e+04,-9.894245924715766023e+02,-1.562500000000000000e+03,-5.730754075284235114e+02,-2.621440000000000000e+05
3.564000000000000057e+00,-1.339766932526793971e+04,-3.860169027971102878e+03,-3.125000000000000000e+03,7.351690279711027642e+02,-5.242880000000000000e+05
3.568000000000000060e+00,-1.617007977295625460e+04,-6.999309205442460552e+03,-7.812500000000000000e+03,-8.131907945575396752e+02,-1.310720000000000000e+06
3.572000000000000064e+00,-1.851515243893399384e+04,-9.357772378882798876e+03,-9.375000000000001819e+03,-1.722762111720267697e+01,-1.572864000000000000e+06
3.576000000000000068e+00,-2.033428253383504853e+04,-1.172468342215775920e+04,-1.093750000000000182e+04,7.871834221577587414e+02,-1.835008000000000000e+06
3.580000000000000071e+00,-2.155596874224203930e+04,-1.353887153822347136e+04,-1.406250000000000000e+04,-5.236284617765284111e+02,-2.359296000000000000e+06
3.584000000000000075e+00,-2.213860351593450105e+04,-1.474474805266677322e+04,-1.406250000000000000e+04,6.822480526667735603e+02,-2.359296000000000000e+06
3.588000000000000078e+00,-2.207169258219207768e+04,-1.542690183490546588e+04,-1.562500000000000000e+04,-1.980981650945342381e+02,-2.621440000000000000e+06
3.592000000000000082e+00,-2.137548323865504790e+04,-1.523312691382954836e+04,-1.562500000000000000e+04,-3.918730861704518702e+02,-2.621440000000000000e+06
3.596000000000000085e+00,-2.009906633267715370e+04,-1.468725954159150933e+04,-1.406250000000000000e+04,6.247595415915085368e+02,-2.359296000000000000e+06
3.600000000000000089e+00,-1.831709639802615857e+04,-1.358111975652968613e+04,-1.406250000000000000e+04,-4.813802434703133599e+02,-2.359296000000000000e+06
3.604000000000000092e+00,-1.612534390311012248e+04,-1.203193834889100253e+04,-1.250000000000000000e+04,-4.680616511089988308e+02,-2.097152000000000000e+06
3.608000000000000096e+00,-1.363534928568645773e+04,-9.881190554035925743e+03,-9.375000000000001819e+03,5.061905540359248903e+02,-1.572864000000000000e+06
3.612000000000000099e+00,-1.096848761970761916e+04,-7.308252025800252341e+03,-7.812500000000000000e+03,-5.042479741997480005e+02,-1.310720000000000000e+06
3.616000000000000103e+00,-8.249773615030015208e+03,-4.662208488336837036e+03,-4.687500000000000909e+03,-2.529151166316342980e+01,-7.864320000000000000e+05
3.620000000000000107e+00,-5.601738531533381320e+03,-2.057585179565385715e+03,-1.562500000000000000e+03,4.950851795653857153e+02,-2.621440000000000000e+05
3.624000000000000110e+00,-3.138693959176107910e+03,5.840962488004236093e+02,0.000000000000000000e+00,-5.840962488004236093e+02,0.000000000000000000e+00
3.628000000000000114e+00,-9.616638075337873488e+02,2.965469238168157062e+03,3.125000000000000000e+03,1.595307618318430229e+02,5.242880000000000000e+05
3.632000000000000117e+00,8.457822511607603246e+02,5.055447780774985404e+03,4.687500000000000909e+03,-3.679477807749850058e+02,7.864320000000000000e+05
3.636000000000000121e+00,2.220619963960647510e+03,6.960314550968666481e+03,7.812500000000000000e+03,8.521854490313338601e+02,1.310720000000000000e+06
3.640000000000000124e+00,3.122279092628372382e+03,8.161944481126995015e+03,7.812500000000000000e+03,-3.494444811269949582e+02,1.310720000000000000e+06
3.644000000000000128e+00,3.533332151562156923e+03,9.143686643708957490e+03,9.375000000000001819e+03,2.313133562910439025e+02,1.572864000000000000e+06
3.648000000000000131e+00,3.458994969561303606e+03,9.751211500633375181e+03,9.375000000000001819e+03,-3.762115006333746123e+02,1.572864000000000000e+06
3.652000000000000135e+00,2.925534698405891049e+03,9.784592675583675373e+03,9.375000000000001819e+03,-4.095926755836743496e+02,1.572864000000000000e+06
3.656000000000000139e+00,1.977736236239531308e+03,9.313286192001543895e+03,9.375000000000001819e+03,6.171380799845776721e+01,1.572864000000000000e+06
3.660000000000000142e+00,6.756218406264048326e+02,8.426794243256788832e+03,9.375000000000001819e+03,9.482057567432120777e+02,1.572864000000000000e+06
3.664000000000000146e+00,-9.093511589394031489e+02,7.054142419530396182e+03,6.250000000000000000e+03,-8.041424195303955003e+02,1.048576000000000000e+06
3.668000000000000149e+00,-2.698374393381262053e+03,5.408070988723277878e+03,6.250000000000000000e+03,8.419290112767225764e+02,1.048576000000000000e+06
3.672000000000000153e+00,-4.609413969627603365e+03,3.441628781445157983e+03,3.125000000000000000e+03,-3.166287814451579266e+02,5.242880000000000000e+05
3.676000000000000156e+00,-6.561151539549981862e+03,1.670457336305979652e+03,1.562500000000000000e+03,-1.079573363059794815e+02,2.621440000000000000e+05
3.680000000000000160e+00,-8.476542178787600278e+03,-1.470316019830750918e+02,0.000000000000000000e+00,1.470316019830750918e+02,0.000000000000000000e+00
3.684000000000000163e+00,-1.028582803649405832e+04,-2.033706352550603015e+03,-1.562500000000000000e+03,4.712063525506029009e+02,-2.621440000000000000e+05
3.688000000000000167e+00,-1.192889202146318530e+04,-3.792353611595081475e+03,-4.687500000000000909e+03,-8.951463884049192075e+02,-7.864320000000000000e+05
3.692000000000000171e+00,-1.335688540023046517e+04,-5.277952430441378965e+03,-4.687500000000000909e+03,5.904524304413778282e+02,-7.864320000000000000e+05
3.696000000000000174e+00,-1.453311365336645758e+04,-6.435059536292967096e+03,-6.250000000000000000e+03,1.850595362929670671e+02,-1.048576000000000000e+06
3.700000000000000178e+00,-1.543321290070763825e+04,-7.525429761702101132e+03,-7.812500000000000000e+03,-2.870702382978991523e+02,-1.310720000000000000e+06
3.704000000000000181e+00,-1.604469159619963102e+04,-8.455434272705089825e+03,-9.375000000000001819e+03,-9.195657272949107437e+02,-1.572864000000000000e+06
3.708000000000000185e+00,-1.636594643292327601e+04,-8.898820960261384243e+03,-7.812500000000000000e+03,1.086320960261384243e+03,-1.310720000000000000e+06
3.712000000000000188e+00,-1.640488556465959482e+04,-9.200120237015236853e+03,-9.375000000000001819e+03,-1.748797629847649659e+02,-1.572864000000000000e+06
3.716000000000000192e+00,-1.617730518102765382e+04,-9.242456633995647280e+03,-9.375000000000001819e+03,-1.325433660043541408e+02,-1.572864000000000000e+06
3.720000000000000195e+00,-1.570516682944782224e+04,-8.855341759864671985e+03,-9.375000000000001819e+03,-5.196582401353292653e+02,-1.572864000000000000e+06
3.724000000000000199e+00,-1.501491314348418382e+04,-8.716294465566748841e+03,-7.812500000000000000e+03,9.037944655667495226e+02,-1.310720000000000000e+06
3.728000000000000203e+00,-1.413594006854186591e+04,-8.017470794160144578e+03,-7.812500000000000000e+03,2.049707941601444077e+02,-1.310720000000000000e+06
3.732000000000000206e+00,-1.309931619319318270e+04,-6.981858861543993953e+03,-7.812500000000000000e+03,-8.306411384560062743e+02,-1.310720000000000000e+06
3.736000000000000210e+00,-1.193680683551099173e+04,-6.087815264215003481e+03,-6.250000000000000000e+03,-1.621847357849964055e+02,-1.048576000000000000e+06
3.740000000000000213e+00,-1.068022487197504233e+04,-4.881954922178901143e+03,-4.687500000000000909e+03,1.944549221789002331e+02,-7.864320000000000000e+05
3.744000000000000217e+00,-9.361094837854250727e+03,-3.749430022688452027e+03,-3.125000000000000000e+03,6.244300226884517997e+02,-5.242880000000000000e+05
3.748000000000000220e+00,-8.010584401909907683e+03,-2.503202487122198363e+03,-3.125000000000000000e+03,-6.217975128778017506e+02,-5.242880000000000000e+05
3.751999999999999780e+00,-6.659630475635817675e+03,-1.057388460519036698e+03,-1.562500000000000000e+03,-5.051115394809633017e+02,-2.621440000000000000e+05
3.755999999999999783e+00,-5.339168049285897723e+03,2.573041804823126313e+02,1.562500000000000000e+03,1.305195819517687596e+03,2.621440000000000000e+05
3.759999999999999787e+00,-4.080359837574740141e+03,1.453681639653444790e+03,0.000000000000000000e+00,-1.453681639653444790e+03,0.000000000000000000e+00
3.763999999999999790e+00,-2.914724739317981403e+03,2.978025991759256158e+03,3.125000000000000000e+03,1.469740082407438138e+02,5.242880000000000000e+05
3.767999999999999794e+00,-1.874072973460729372e+03,3.590386188895284249e+03,4.687500000000000909e+03,1.097113811104716660e+03,7.864320000000000000e+05
3.771999999999999797e+00,-9.901747884751986248e+02,4.601220594002440521e+03,4.687500000000000909e+03,8.627940599756009021e+01,7.864320000000000000e+05
3.775999999999999801e+00,-2.941163794924086119e+02,5.759212177932438863e+03,4.687500000000000909e+03,-1.071712177932437726e+03,7.864320000000000000e+05
3.779999999999999805e+00,1.846709950105713460e+02,6.605554755418641435e+03,7.812500000000000000e+03,1.206945244581358793e+03,1.310720000000000000e+06
3.783999999999999808e+00,4.196872725800364492e+02,6.959022607603235883e+03,6.250000000000000000e+03,-7.090226076032352012e+02,1.048576000000000000e+06
3.787999999999999812e+00,3.888881167659009748e+02,7.216650272146622228e+03,7.812500000000000000e+03,5.958497278533781127e+02,1.310720000000000000e+06
3.791999999999999815e+00,7.636758919645032506e+01,7.230714941323709354e+03,6.250000000000000000e+03,-9.807149413237087856e+02,1.048576000000000000e+06
3.795999999999999819e+00,-5.259187529080111290e+02,7.013057383778171243e+03,7.812500000000000000e+03,7.994426162218287573e+02,1.310720000000000000e+06
3.799999999999999822e+00,-1.416527759003021401e+03,6.164268031422010608e+03,6.250000000000000000e+03,8.573196857798986059e+01,1.048576000000000000e+06
3.803999999999999826e+00,-2.583146911405470291e+03,5.264998471534145210e+03,4.687500000000000909e+03,-5.774984715341443007e+02,7.864320000000000000e+05
3.807999999999999829e+00,-4.001603022422801587e+03,4.110064135921802517e+03,4.687500000000000909e+03,5.774358640781981649e+02,7.864320000000000000e+05
3.811999999999999833e+00,-5.635394799187131866e+03,2.779622909526308376e+03,1.562500000000000000e+03,-1.217122909526308149e+03,2.621440000000000000e+05
3.815999999999999837e+00,-7.435858675883056094e+03,1.202163808929233483e+03,1.562500000000000000e+03,3.603361910707665743e+02,2.621440000000000000e+05
3.819999999999999840e+00,-9.343043217640737566e+03,-4.519485321615769067e+02,0.000000000000000000e+00,4.519485321615769067e+02,0.000000000000000000e+00
3.823999999999999844e+00,-1.128732511948945648e+04,-2.143101452256139055e+03,-1.562500000000000000e+03,5.806014522561388276e+02,-2.621440000000000000e+05
3.827999999999999847e+00,-1.319175192378950123e+04,-4.046196483915106910e+03,-4.687500000000000909e+03,-6.413035160848937721e+02,-7.864320000000000000e+05
3.831999999999999851e+00,-1.497504612271014230e+04,-6.159995927848921383e+03,-6.250000000000000000e+03,-9.000407215107881598e+01,-1.048576000000000000e+06
3.835999999999999854e+00,-1.655515566215105719e+04,-7.636192987230026120e+03,-7.812500000000000000e+03,-1.763070127699739942e+02,-1.310720000000000000e+06
3.839999999999999858e+00,-1.785319046578224879e+04,-9.193388835643632774e+03,-9.375000000000001819e+03,-1.816111643563687039e+02,-1.572864000000000000e+06
3.843999999999999861e+00,-1.879754675092910111e+04,-1.038581350688439670e+04,-9.375000000000001819e+03,1.010813506884394883e+03,-1.572864000000000000e+06
3.847999999999999865e+00,-1.932799353753181276e+04,-1.130097405297807927e+04,-1.250000000000000000e+04,-1.199025947021922093e+03,-2.097152000000000000e+06
3.851999999999999869e+00,-1.939948120450047645e+04,-1.151998237880426132e+04,-1.093750000000000182e+04,5.824823788042609749e+02,-1.835008000000000000e+06
3.855999999999999872e+00,-1.898543182030754906e+04,-1.138397984820004240e+04,-1.093750000000000182e+04,4.464798482000410900e+02,-1.835008000000000000e+06
3.859999999999999876e+00,-1.808028598340792087e+04,-1.094197011162643867e+04,-1.093750000000000182e+04,4.470111626436734653e+00,-1.835008000000000000e+06
3.863999999999999879e+00,-1.670111081722078961e+04,-1.004291498238037639e+04,-1.093750000000000182e+04,-8.945850176196242955e+02,-1.835008000000000000e+06
3.867999999999999883e+00,-1.488811737179759439e+04,-8.931293227785501585e+03,-7.812500000000000000e+03,1.118793227785502040e+03,-1.310720000000000000e+06
3.871999999999999886e+00,-1.270399086973533122e+04,-7.393409988384027201e+03,-7.812500000000000000e+03,-4.190900116159725144e+02,-1.310720000000000000e+06
3.875999999999999890e+00,-1.023200106735832560e+04,-5.117645336961300018e+03,-4.687500000000000909e+03,4.301453369612989945e+02,-7.864320000000000000e+05
3.879999999999999893e+00,-7.572928906308716250e+03,-2.891530712763308202e+03,-3.125000000000000000e+03,-2.334692872366919403e+02,-5.242880000000000000e+05
3.883999999999999897e+00,-4.840915588031541120e+03,-6.961864732729872003e+02,-1.562500000000000000e+03,-8.663135267270129134e+02,-2.621440000000000000e+05
3.887999999999999901e+00,-2.158406996597914258e+03,1.900788174057219749e+03,1.562500000000000000e+03,-3.382881740572197486e+02,2.621440000000000000e+05
3.891999999999999904e+00,3.495741360953842900e+02,4.546933035666854266e+03,4.687500000000000909e+03,1.405669643331462737e+02,7.864320000000000000e+05
3.895999999999999908e+00,2.561547626912763917e+03,6.887743692032916442e+03,7.812500000000000000e+03,9.247563079670837851e+02,1.310720000000000000e+06
3.899999999999999911e+00,4.365772248203256822e+03,9.222478679628724421e+03,9.375000000000001819e+03,1.525213203712773407e+02,1.572864000000000000e+06
3.903999999999999915e+00,5.666187683254140211e+03,1.115231316962060555e+04,1.093750000000000182e+04,-2.148131696206052084e+02,1.835008000000000000e+06
3.907999999999999918e+00,6.387772154208628308e+03,1.246039398955458455e+04,1.250000000000000000e+04,3.960601044541642324e+01,2.097152000000000000e+06
3.911999999999999922e+00,6.481006406907508790e+03,1.306063723255086006e+04,1.250000000000000000e+04,-5.606372325508597214e+02,2.097152000000000000e+06
3.915999999999999925e+00,5.925173632398743393e+03,1.314986855602186006e+04,1.406250000000000000e+04,9.126314439781394867e+02,2.359296000000000000e+06
3.919999999999999929e+00,4.730280385988064154e+03,1.282002973432728504e+04,1.250000000000000000e+04,-3.200297343272841886e+02,2.097152000000000000e+06
3.923999999999999932e+00,2.937452857167507773e+03,1.193957739248401958e+04,1.093750000000000182e+04,-1.002077392484017992e+03,1.835008000000000000e+06
3.927999999999999936e+00,6.177422929015014006e+02,1.024857813812167478e+04,1.093750000000000182e+04,6.889218618783260126e+02,1.835008000000000000e+06
3.931999999999999940e+00,-2.130641350766671621e+03,7.816394895531885595e+03,7.812500000000000000e+03,-3.894895531885572915e+00,1.310720000000000000e+06
3.935999999999999943e+00,-5.186562124271759785e+03,5.151905985456892267e+03,4.687500000000000909e+03,-4.644059854568916421e+02,7.864320000000000000e+05
3.939999999999999947e+00,-8.411469299687001694e+03,2.181525464216432738e+03,3.125000000000000000e+03,9.434745357835673758e+02,5.242880000000000000e+05
3.943999999999999950e+00,-1.165592541307408646e+04,-9.520381778984843777e+02,-1.562500000000000000e+03,-6.104618221015157360e+02,-2.621440000000000000e+05
3.947999999999999954e+00,-1.476682868936428531e+04,-3.993293885376870094e+03,-3.125000000000000000e+03,8.682938853768699801e+02,-5.242880000000000000e+05
3.951999999999999957e+00,-1.759496335836819344e+04,-6.860353332512319867e+03,-7.812500000000000000e+03,-9.521466674876797924e+02,-1.310720000000000000e+06
3.955999999999999961e+00,-2.000248683365079341e+04,-9.378462148862921822e+03,-9.375000000000001819e+03,3.462148862921204717e+00,-1.572864000000000000e+06
3.959999999999999964e+00,-2.186995939928489679e+04,-1.181780581777826956e+04,-1.093750000000000182e+04,8.803058177782683060e+02,-1.835008000000000000e+06
3.963999999999999968e+00,-2.310254043580745201e+04,-1.377743765577130034e+04,-1.406250000000000000e+04,-2.850623442287002263e+02,-2.359296000000000000e+06
3.967999999999999972e+00,-2.363501457815759932e+04,-1.496883077422221504e+04,-1.562500000000000000e+04,-6.561692257777851864e+02,-2.621440000000000000e+06
3.971999999999999975e+00,-2.343536958583850355e+04,-1.540800246618650453e+04,-1.562500000000000000e+04,-2.169975338134951528e+02,-2.621440000000000000e+06
3.975999999999999979e+00,-2.250672205998908248e+04,-1.513801925352256694e+04,-1.406250000000000000e+04,1.075519253522566260e+03,-2.359296000000000000e+06
3.979999999999999982e+00,-2.088747346221741464e+04,-1.451579228866532139e+04,-1.562500000000000000e+04,-1.109207711334677924e+03,-2.621440000000000000e+06
3.983999999999999986e+00,-1.864967245681323038e+04,-1.285950983355894277e+04,-1.250000000000000000e+04,3.595098335589415228e+02,-2.097152000000000000e+06
3.987999999999999989e+00,-1.589565524248981455e+04,-1.060175817188383553e+04,-1.093750000000000182e+04,-3.357418281161646973e+02,-1.835008000000000000e+06
3.991999999999999993e+00,-1.275312793970054554e+04,-7.946998509637915049e+03,-7.812500000000000000e+03,1.344985096379154470e+02,-1.310720000000000000e+06
3.995999999999999996e+00,-9.368939085602836712e+03,-5.261876118770010180e+03,-4.687500000000000909e+03,5.743761187700091568e+02,-7.864320000000000000e+05
4.000000000000000000e+00,-5.901861143997814906e+03,-2.296635829576317064e+03,-3.125000000000000000e+03,-8.283641704236832766e+02,-5.242880000000000000e+05
4.003999999999999559e+00,-2.514753671282205687e+03,1.027111028793814967e+03,1.562500000000000000e+03,5.353889712061850332e+02,2.621440000000000000e+05
4.008000000000000007e+00,6.334856408625543054e+02,4.262651023434138551e+03,4.687500000000000909e+03,4.248489765658622446e+02,7.864320000000000000e+05
4.011999999999999567e+00,3.395764297121366781e+03,7.268785273939784929e+03,6.250000000000000000e+03,-1.018785273939784361e+03,1.048576000000000000e+06
4.016000000000000014e+00,5.644026130757269129e+03,1.014046761394389978e+04,1.093750000000000182e+04,7.970323860561015863e+02,1.835008000000000000e+06
4.019999999999999574e+00,7.275496909183641947e+03,1.277435262542629061e+04,1.250000000000000000e+04,-2.743526254262891371e+02,2.097152000000000000e+06
4.024000000000000021e+00,8.217624525073044424e+03,1.438001131659619568e+04,1.406250000000000000e+04,-3.175113165961949449e+02,2.359296000000000000e+06
4.027999999999999581e+00,8.431464501368700439e+03,1.534673799476848217e+04,1.562500000000000000e+04,2.782620052315179464e+02,2.621440000000000000e+06
4.032000000000000028e+00,7.913345354153193512e+03,1.524317701509042490e+04,1.562500000000000000e+04,3.818229849095744726e+02,2.621440000000000000e+06
4.035999999999999588e+00,6.694740664705201198e+03,1.468061716950775553e+04,1.406250000000000000e+04,-6.181171695077546246e+02,2.359296000000000000e+06
4.040000000000000036e+00,4.840370346842802064e+03,1.366857294654523321e+04,1.406250000000000000e+04,3.939270534547671900e+02,2.359296000000000000e+06
4.043999999999999595e+00,2.444647235425910367e+03,1.193540733260798697e+04,1.250000000000000000e+04,5.645926673920140502e+02,2.097152000000000000e+06
4.048000000000000043e+00,-3.733284068902292461e+02,9.562064456917991265e+03,9.375000000000001819e+03,-1.870644569179902419e+02,1.572864000000000000e+06
4.051999999999999602e+00,-3.475949293189205491e+03,6.917660935226466790e+03,6.250000000000000000e+03,-6.676609352264662220e+02,1.048576000000000000e+06
4.056000000000000050e+00,-6.714120591484379474e+03,3.914770737280644425e+03,4.687500000000000909e+03,7.727292627193564840e+02,7.864320000000000000e+05
4.059999999999999609e+00,-9.934742968147937063e+03,7.976705671334059389e+02,0.000000000000000000e+00,-7.976705671334059389e+02,0.000000000000000000e+00
4.064000000000000057e+00,-1.298826496121260789e+04,-2.449440150542281572e+03,-1.562500000000000000e+03,8.869401505422814580e+02,-2.621440000000000000e+05
4.067999999999999616e+00,-1.573591343728734864e+04,-5.381290624940759699e+03,-6.250000000000000000e+03,-8.687093750592401875e+02,-1.048576000000000000e+06
4.072000000000000064e+00,-1.805623510135641118e+04,-8.337857205977108606e+03,-7.812500000000000000e+03,5.253572059771092881e+02,-1.310720000000000000e+06
4.075999999999999623e+00,-1.985062578941572065e+04,-1.038033021837211891e+04,-1.093750000000000182e+04,-5.571697816278818891e+02,-1.835008000000000000e+06
4.080000000000000071e+00,-2.104758481111716173e+04,-1.198748747465911401e+04,-1.093750000000000182e+04,1.049987474659112877e+03,-1.835008000000000000e+06
4.083999999999999631e+00,-2.160550524300061079e+04,-1.315424402497541450e+04,-1.406250000000000000e+04,-9.082559750245854957e+02,-2.359296000000000000e+06
4.088000000000000078e+00,-2.151389343678160731e+04,-1.362094131783876037e+04,-1.406250000000000000e+04,-4.415586821612405970e+02,-2.359296000000000000e+06
4.091999999999999638e+00,-2.079299731419601085e+04,-1.362106162707593649e+04,-1.250000000000000000e+04,1.121061627075935803e+03,-2.097152000000000000e+06
4.096000000000000085e+00,-1.949190834633697159e+04,-1.276695601742448162e+04,-1.250000000000000000e+04,2.669560174244807627e+02,-2.097152000000000000e+06
4.099999999999999645e+00,-1.768528169033994709e+04,-1.157829293219040119e+04,-1.250000000000000000e+04,-9.217070678095990388e+02,-2.097152000000000000e+06
4.104000000000000092e+00,-1.546888843759298652e+04,-9.830313651676415247e+03,-9.375000000000001819e+03,4.553136516764130874e+02,-1.572864000000000000e+06
4.107999999999999652e+00,-1.295426964843017413e+04,-7.555209674929542416e+03,-7.812500000000000000e+03,-2.572903250704578113e+02,-1.310720000000000000e+06
4.112000000000000099e+00,-1.026280101896166343e+04,-5.163673134662798475e+03,-4.687500000000000909e+03,4.761731346627981338e+02,-7.864320000000000000e+05
4.115999999999999659e+00,-7.519497880766565686e+03,-2.661717994850804644e+03,-3.125000000000000000e+03,-4.632820051491954700e+02,-5.242880000000000000e+05
4.120000000000000107e+00,-4.846892114997152930e+03,1.083334243458183010e+02,0.000000000000000000e+00,-1.083334243458183010e+02,0.000000000000000000e+00
4.123999999999999666e+00,-2.359295932417788208e+03,2.450875819168493308e+03,3.125000000000000000e+03,6.741241808315068056e+02,5.242880000000000000e+05
4.128000000000000114e+00,-1.577338629284542719e+02,5.121888867186914467e+03,4.687500000000000909e+03,-4.343888671869133873e+02,7.864320000000000000e+05
4.131999999999999673e+00,1.674223801411380691e+03,7.277878275109384958e+03,7.812500000000000000e+03,5.346217248906152690e+02,1.310720000000000000e+06
4.136000000000000121e+00,3.073552188341238434e+03,8.897159057431843394e+03,7.812500000000000000e+03,-1.084659057431844076e+03,1.310720000000000000e+06
4.139999999999999680e+00,3.999680440839054882e+03,1.008214707040782559e+04,1.093750000000000182e+04,8.553529295921759967e+02,1.835008000000000000e+06
4.144000000000000128e+00,4.435180455062802139e+03,1.089113309270497120e+04,1.093750000000000182e+04,4.636690729502984709e+01,1.835008000000000000e+06
4.147999999999999687e+00,4.385267442131760617e+03,1.125972972269226921e+04,1.093750000000000182e+04,-3.222297226922673872e+02,1.835008000000000000e+06
4.152000000000000135e+00,3.876207936721695660e+03,1.124789493386046342e+04,1.093750000000000182e+04,-3.103949338604631976e+02,1.835008000000000000e+06
4.155999999999999694e+00,2.952786220463176505e+03,1.096439299016681252e+04,1.093750000000000182e+04,-2.689299016681197330e+01,1.835008000000000000e+06
4.160000000000000142e+00,1.675023935014299468e+03,1.001524695897948368e+04,1.093750000000000182e+04,9.222530410205181397e+02,1.835008000000000000e+06
4.163999999999999702e+00,1.143777945853675533e+02,8.780279516672469981e+03,7.812500000000000000e+03,-9.677795166724706633e+02,1.310720000000000000e+06
4.168000000000000149e+00,-1.650344446392515010e+03,7.340973916655644643e+03,7.812500000000000000e+03,4.715260833443555839e+02,1.310720000000000000e+06
4.171999999999999709e+00,-3.537109508840119815e+03,5.507157789442752801e+03,4.687500000000000909e+03,-8.196577894427521187e+02,7.864320000000000000e+05
4.176000000000000156e+00,-5.464599657951926019e+03,3.612535082600489204e+03,4.687500000000000909e+03,1.074964917399511705e+03,7.864320000000000000e+05
4.179999999999999716e+00,-7.355770582005944561e+03,1.946815776282073557e+03,1.562500000000000000e+03,-3.843157762820734433e+02,2.621440000000000000e+05
4.184000000000000163e+00,-9.140865042094113960e+03,1.577170117679515897e+02,0.000000000000000000e+00,-1.577170117679515897e+02,0.000000000000000000e+00
4.187999999999999723e+00,-1.075976655823358124e+04,-1.657625657152402255e+03,-1.562500000000000000e+03,9.512565715240209840e+01,-2.621440000000000000e+05
4.192000000000000171e+00,-1.216362700745183429e+04,-3.451011741628180971e+03,-3.125000000000000000e+03,3.260117416281809142e+02,-5.242880000000000000e+05
4.195999999999999730e+00,-1.331575248006532092e+04,-4.887632998052542462e+03,-4.687500000000000909e+03,2.001329980525420922e+02,-7.864320000000000000e+05
4.200000000000000178e+00,-1.419177970489463769e+04,-5.956155229844572204e+03,-6.250000000000000000e+03,-2.938447701554278524e+02,-1.048576000000000000e+06
4.203999999999999737e+00,-1.477921774409232239e+04,-6.675726499951059850e+03,-6.250000000000000000e+03,4.257264999510592816e+02,-1.048576000000000000e+06
4.208000000000000185e+00,-1.507646389815366820e+04,-7.339269201861869078e+03,-7.812500000000000000e+03,-4.732307981381309219e+02,-1.310720000000000000e+06
4.211999999999999744e+00,-1.509142692746629291e+04,-7.681826469699684822e+03,-7.812500000000000000e+03,-1.306735303003153774e+02,-1.310720000000000000e+06
4.216000000000000192e+00,-1.483990362743267360e+04,-7.753004015970419459e+03,-7.812500000000000000e+03,-5.949598402958059751e+01,-1.310720000000000000e+06
4.219999999999999751e+00,-1.434385615041811434e+04,-7.371078935583589555e+03,-7.812500000000000000e+03,-4.414210644164105588e+02,-1.310720000000000000e+06
4.224000000000000199e+00,-1.362972773407788736e+04,-6.884033980676239480e+03,-6.250000000000000000e+03,6.340339806762390253e+02,-1.048576000000000000e+06
4.227999999999999758e+00,-1.272691492703922631e+04,-6.243193705601792317e+03,-6.250000000000000000e+03,-6.806294398207894503e+00,-1.048576000000000000e+06
4.232000000000000206e+00,-1.166648692021236093e+04,-5.024958571188379210e+03,-4.687500000000000909e+03,3.374585711883784143e+02,-7.864320000000000000e+05
4.235999999999999766e+00,-1.048020963310845946e+04,-3.772174384272227144e+03,-4.687500000000000909e+03,-9.153256157277736520e+02,-7.864320000000000000e+05
4.240000000000000213e+00,-9.199896542731015870e+03,-2.538926823290861194e+03,-1.562500000000000000e+03,9.764268232908610798e+02,-2.621440000000000000e+05
4.243999999999999773e+00,-7.857072783942764545e+03,-1.629190844627103388e+03,-1.562500000000000000e+03,6.669084462710338812e+01,-2.621440000000000000e+05
4.248000000000000220e+00,-6.482906624153805751e+03,-2.811977395066081158e+02,-1.562500000000000000e+03,-1.281302260493391941e+03,-2.621440000000000000e+05
4.251999999999999780e+00,-5.108335572546670846e+03,1.347460595828669739e+03,1.562500000000000000e+03,2.150394041713302897e+02,2.621440000000000000e+05
4.256000000000000227e+00,-3.764295216088686175e+03,2.325595125251490572e+03,3.125000000000000000e+03,7.994048747485097692e+02,5.242880000000000000e+05
4.259999999999999787e+00,-2.481948865217619641e+03,3.299747346791138170e+03,3.125000000000000000e+03,-1.747473467911381704e+02,5.242880000000000000e+05
4.264000000000000234e+00,-1.292816013466851700e+03,4.628052439699903516e+03,4.687500000000000909e+03,5.944756030009691727e+01,7.864320000000000000e+05
4.267999999999999794e+00,-2.287074734789416937e+02,5.960530119057681986e+03,6.250000000000000000e+03,2.894698809423187527e+02,1.048576000000000000e+06
4.272000000000000242e+00,6.786059136119627055e+02,6.764057304616300826e+03,6.250000000000000000e+03,-5.140573046163001436e+02,1.048576000000000000e+06
4.275999999999999801e+00,1.398037361063159778e+03,7.418306592374572574e+03,7.812500000000000000e+03,3.941934076254274828e+02,1.310720000000000000e+06
4.280000000000000249e+00,1.900155019851284123e+03,8.150381371622479492e+03,7.812500000000000000e+03,-3.378813716224792643e+02,1.310720000000000000e+06
4.283999999999999808e+00,2.158458238056522532e+03,8.961956899104054173e+03,9.375000000000001819e+03,4.130431008959479300e+02,1.572864000000000000e+06
4.288000000000000256e+00,2.150902090857836811e+03,9.002895588283905454e+03,7.812500000000000000e+03,-1.190395588283904544e+03,1.310720000000000000e+06
4.291999999999999815e+00,1.861580052622529593e+03,9.085348659742163363e+03,9.375000000000001819e+03,2.896513402578376599e+02,1.572864000000000000e+06
4.296000000000000263e+00,1.282447094434775181e+03,8.582437634018118843e+03,9.375000000000001819e+03,7.925623659818820670e+02,1.572864000000000000e+06
4.299999999999999822e+00,4.149457818425308346e+02,7.830831086614947708e+03,7.812500000000000000e+03,-1.833108661494775760e+01,1.310720000000000000e+06
4.304000000000000270e+00,-7.286119513131758367e+02,7.076643554743212007e+03,6.250000000000000000e+03,-8.266435547432115527e+02,1.048576000000000000e+06
4.307999999999999829e+00,-2.124053500012685618e+03,5.973861254330779047e+03,6.250000000000000000e+03,2.761387456692212368e+02,1.048576000000000000e+06
4.312000000000000277e+00,-3.734878152877235607e+03,4.678098755726337004e+03,4.687500000000000909e+03,9.401244273663824202e+00,7.864320000000000000e+05
4.315999999999999837e+00,-5.512422924381630764e+03,2.922475098574332151e+03,3.125000000000000000e+03,2.025249014256679914e+02,5.242880000000000000e+05
4.320000000000000284e+00,-7.396736958733486972e+03,1.038215842842045731e+03,1.562500000000000000e+03,5.242841571579542688e+02,2.621440000000000000e+05
4.323999999999999844e+00,-9.318197528811120719e+03,-7.095090509668874574e+02,-1.562500000000000000e+03,-8.529909490331125426e+02,-2.621440000000000000e+05
4.328000000000000291e+00,-1.119985275358191029e+04,-2.416441906265722082e+03,-1.562500000000000000e+03,8.539419062657221957e+02,-2.621440000000000000e+05
4.331999999999999851e+00,-1.296042570056467230e+04,-3.874725455810400945e+03,-4.687500000000000909e+03,-8.127745441895997374e+02,-7.864320000000000000e+05
4.336000000000000298e+00,-1.451786488973749329e+04,-5.583985249035374181e+03,-4.687500000000000909e+03,8.964852490353737267e+02,-7.864320000000000000e+05
4.339999999999999858e+00,-1.579328081756230858e+04,-7.280613266129505973e+03,-7.812500000000000000e+03,-5.318867338704943677e+02,-1.310720000000000000e+06
4.344000000000000306e+00,-1.671507027285616277e+04,-8.400847566480904788e+03,-7.812500000000000000e+03,5.883475664809050159e+02,-1.310720000000000000e+06
4.347999999999999865e+00,-1.722300284573575482e+04,-9.329731070170233579e+03,-9.375000000000001819e+03,-4.526892982976808355e+01,-1.572864000000000000e+06
4.352000000000000313e+00,-1.727202948395834028e+04,-9.950961190500938756e+03,-1.093750000000000182e+04,-9.865388094990619265e+02,-1.835008000000000000e+06
4.355999999999999872e+00,-1.683557282349972593e+04,-9.736828548405632318e+03,-9.375000000000001819e+03,3.618285484056314658e+02,-1.572864000000000000e+06
4.360000000000000320e+00,-1.590807402896001986e+04,-9.252609492064553706e+03,-9.375000000000001819e+03,-1.223905079354471752e+02,-1.572864000000000000e+06
4.363999999999999879e+00,-1.450660078853133746e+04,-8.478176954518987259e+03,-7.812500000000000000e+03,6.656769545189869177e+02,-1.310720000000000000e+06
4.368000000000000327e+00,-1.267136471565113243e+04,-7.116122601321731054e+03,-7.812500000000000000e+03,-6.963773986782689462e+02,-1.310720000000000000e+06
4.371999999999999886e+00,-1.046505159490171718e+04,-5.191238495267029975e+03,-4.687500000000000909e+03,5.037384952670288953e+02,-7.864320000000000000e+05
4.376000000000000334e+00,-7.970931743177391581e+03,-3.187310592228656787e+03,-3.125000000000000000e+03,6.231059222865662406e+01,-5.242880000000000000e+05
4.379999999999999893e+00,-5.289786661261238805e+03,-6.255446351007087742e+02,-1.562500000000000000e+03,-9.369553648992913395e+02,-2.621440000000000000e+05
4.384000000000000341e+00,-2.535758108295451621e+03,1.878141652708492984e+03,1.562500000000000000e+03,-3.156416527084929271e+02,2.621440000000000000e+05
4.387999999999999901e+00,1.687074754087534814e+02,4.212047552692579302e+03,4.687500000000000909e+03,4.754524473074214939e+02,7.864320000000000000e+05
4.392000000000000348e+00,2.698586803186440193e+03,6.677648024425699077e+03,6.250000000000000000e+03,-4.276480244256985088e+02,1.048576000000000000e+06
4.395999999999999908e+00,4.932399138619215591e+03,8.756078828991088812e+03,9.375000000000001819e+03,6.189211710089133476e+02,1.572864000000000000e+06
4.400000000000000355e+00,6.758402702272953320e+03,1.105591355666588424e+04,1.093750000000000182e+04,-1.184135566658830356e+02,1.835008000000000000e+06
4.403999999999999915e+00,8.080536627165266509e+03,1.255635197118433280e+04,1.250000000000000000e+04,-5.635197118433222840e+01,2.097152000000000000e+06
4.408000000000000362e+00,8.823778586697058927e+03,1.381231223859056081e+04,1.406250000000000000e+04,2.501877614094396449e+02,2.359296000000000000e+06
4.411999999999999922e+00,8.938608779508142106e+03,1.450906532346602580e+04,1.406250000000000000e+04,-4.465653234660259727e+02,2.359296000000000000e+06
4.416000000000000369e+00,8.404309851000547496e+03,1.489242269696540279e+04,1.562500000000000000e+04,7.325773030345973211e+02,2.621440000000000000e+06
4.419999999999999929e+00,7.230887812402939744e+03,1.435327938035816442e+04,1.406250000000000000e+04,-2.907793803581648149e+02,2.359296000000000000e+06
4.424000000000000377e+00,5.459468310713009487e+03,1.291284373103035250e+04,1.250000000000000000e+04,-4.128437310303521031e+02,2.097152000000000000e+06
4.427999999999999936e+00,3.161102051997027957e+03,1.133229771859266293e+04,1.250000000000000000e+04,1.167702281407337978e+03,2.097152000000000000e+06
4.432000000000000384e+00,4.339984530102306621e+02,9.326381868228076200e+03,7.812500000000000000e+03,-1.513881868228076200e+03,1.310720000000000000e+06
4.435999999999999943e+00,-2.600707074346620630e+03,6.784774509237170605e+03,7.812500000000000000e+03,1.027725490762828940e+03,1.310720000000000000e+06
4.440000000000000391e+00,-5.804464338173964279e+03,3.956945183419303248e+03,3.125000000000000000e+03,-8.319451834193029072e+02,5.242880000000000000e+05
4.443999999999999950e+00,-9.027836408910074169e+03,9.011317314778274294e+02,1.562500000000000000e+03,6.613682685221726842e+02,2.621440000000000000e+05
4.448000000000000398e+00,-1.211772204419836453e+04,-2.344741970693779876e+03,-3.125000000000000000e+03,-7.802580293062204646e+02,-5.242880000000000000e+05
4.451999999999999957e+00,-1.492490600488407290e+04,-5.190400177371578138e+03,-4.687500000000000909e+03,5.029001773715771719e+02,-7.864320000000000000e+05
4.456000000000000405e+00,-1.731154623387547690e+04,-7.903053405758224471e+03,-7.812500000000000000e+03,9.055340575822405924e+01,-1.310720000000000000e+06
4.459999999999999964e+00,-1.915820354288443923e+04,-1.011446015130101114e+04,-9.375000000000001819e+03,7.394601513010089775e+02,-1.572864000000000000e+06
4.464000000000000412e+00,-2.037003783836879302e+04,-1.211637894956632408e+04,-1.250000000000000000e+04,-3.836210504336769986e+02,-2.097152000000000000e+06
4.467999999999999972e+00,-2.088183427945776566e+04,-1.357097130758776257e+04,-1.406250000000000000e+04,-4.915286924122383994e+02,-2.359296000000000000e+06
4.472000000000000419e+00,-2.066158114810001280e+04,-1.393384135586912271e+04,-1.406250000000000000e+04,-1.286586441308773487e+02,-2.359296000000000000e+06
4.475999999999999979e+00,-1.971239556612246815e+04,-1.386060748423128643e+04,-1.406250000000000000e+04,-2.018925157687145884e+02,-2.359296000000000000e+06
4.480000000000000426e+00,-1.807267951405057465e+04,-1.297563193601801322e+04,-1.250000000000000000e+04,4.756319360180120270e+02,-2.097152000000000000e+06
4.483999999999999986e+00,-1.581448217330728949e+04,-1.117889164438039916e+04,-1.093750000000000182e+04,2.413916443803985317e+02,-1.835008000000000000e+06
4.488000000000000433e+00,-1.304014025794278132e+04,-8.856135600680367133e+03,-9.375000000000001819e+03,-5.188643993196337760e+02,-1.572864000000000000e+06
4.491999999999999993e+00,-9.877360401936632115e+03,-6.166935778669296269e+03,-6.250000000000000000e+03,-8.306422133070451252e+01,-1.048576000000000000e+06
4.496000000000000441e+00,-6.472991654150417162e+03,-3.164343863614252768e+03,-3.125000000000000000e+03,3.934386361425243450e+01,-5.242880000000000000e+05
4.500000000000000000e+00,-2.985806988252807514e+03,-6.551970953431030864e+01,0.000000000000000000e+00,6.551970953431030864e+01,0.000000000000000000e+00
4.503999999999999559e+00,4.213335313401215672e+02,2.772385097265232616e+03,3.125000000000000000e+03,3.526149027347673837e+02,5.242880000000000000e+05
4.508000000000000007e+00,3.589531706789266082e+03,6.395904908073484876e+03,6.250000000000000000e+03,-1.459049080734849895e+02,1.048576000000000000e+06
4.511999999999999567e+00,6.371694538496284622e+03,9.475087117803597721e+03,9.375000000000001819e+03,-1.000871178035954472e+02,1.572864000000000000e+06
4.516000000000000014e+00,8.639765357327909442e+03,1.210762910168880444e+04,1.250000000000000000e+04,3.923708983111957878e+02,2.097152000000000000e+06
4.519999999999999574e+00,1.029096943020108665e+04,1.435266697931505951e+04,1.406250000000000000e+04,-2.901669793150592795e+02,2.359296000000000000e+06
4.524000000000000021e+00,1.125275415120429352e+04,1.578810144995400333e+04,1.562500000000000000e+04,-1.631014499540034421e+02,2.621440000000000000e+06
4.527999999999999581e+00,1.148617454662170894e+04,1.697250173188091867e+04,1.718750000000000000e+04,2.149982681190834626e+02,2.883584000000000000e+06
4.532000000000000028e+00,1.098755863781441076e+04,1.716203005114782718e+04,1.718750000000000000e+04,2.546994885217410243e+01,2.883584000000000000e+06
4.535999999999999588e+00,9.788379513289661190e+03,1.647886353979234264e+04,1.718750000000000000e+04,7.086364602076587289e+02,2.883584000000000000e+06
4.540000000000000036e+00,7.953356596056566559e+03,1.540664621769321093e+04,1.406250000000000000e+04,-1.344146217693209792e+03,2.359296000000000000e+06
4.543999999999999595e+00,5.576902232141095737e+03,1.347210854749402824e+04,1.406250000000000000e+04,5.903914525059727794e+02,2.359296000000000000e+06
4.548000000000000043e+00,2.778116197351652772e+03,1.116709587459023351e+04,1.093750000000000182e+04,-2.295958745902326825e+02,1.835008000000000000e+06
4.551999999999999602e+00,-3.053947062424782075e+02,8.484981918075145586e+03,9.375000000000001819e+03,8.900180819248552098e+02,1.572864000000000000e+06
4.556000000000000050e+00,-3.524536129490088570e+03,5.770429480336977576e+03,4.687500000000000909e+03,-1.082929480336976667e+03,7.864320000000000000e+05
4.559999999999999609e+00,-6.726209219574716371e+03,2.521231633027357475e+03,3.125000000000000000e+03,6.037683669726425251e+02,5.242880000000000000e+05
4.564000000000000057e+00,-9.760862993304315751e+03,-7.450852200933881022e+02,-1.562500000000000000e+03,-8.174147799066120115e+02,-2.621440000000000000e+05
4.567999999999999616e+00,-1.248972479401480814e+04,-3.801871562358666779e+03,-3.125000000000000000e+03,6.768715623586664378e+02,-5.242880000000000000e+05
4.572000000000000064e+00,-1.479134180135708084e+04,-6.471338014967967865e+03,-6.250000000000000000e+03,2.213380149679675810e+02,-1.048576000000000000e+06
4.575999999999999623e+00,-1.656711032392144625e+04,-8.560053191660799712e+03,-9.375000000000001819e+03,-8.149468083392015387e+02,-1.572864000000000000e+06
4.580000000000000071e+00,-1.774553014186990549e+04,-1.010440257310514062e+04,-9.375000000000001819e+03,7.294025731051385719e+02,-1.572864000000000000e+06
4.583999999999999631e+00,-1.828499480015634981e+04,-1.133068175915761822e+04,-1.093750000000000182e+04,3.931817591576163977e+02,-1.835008000000000000e+06
4.588000000000000078e+00,-1.817501111680237955e+04,-1.198616482787015411e+04,-1.250000000000000000e+04,-5.138351721298457733e+02,-2.097152000000000000e+06
4.591999999999999638e+00,-1.743582747773011579e+04,-1.155996903575016222e+04,-1.093750000000000182e+04,6.224690357501619928e+02,-1.835008000000000000e+06
4.596000000000000085e+00,-1.611653581608763670e+04,-1.107623850714434957e+04,-1.093750000000000182e+04,1.387385071443484605e+02,-1.835008000000000000e+06
4.599999999999999645e+00,-1.429179174892200535e+04,-1.003779015630187678e+04,-1.093750000000000182e+04,-8.997098436981237910e+02,-1.835008000000000000e+06
4.604000000000000092e+00,-1.205736682537829074e+04,-8.305538065915699917e+03,-7.812500000000000000e+03,4.930380659156994625e+02,-1.310720000000000000e+06
4.607999999999999652e+00,-9.524802561381138730e+03,-5.869602887984679001e+03,-6.250000000000000000e+03,-3.803971120153216816e+02,-1.048576000000000000e+06
4.612000000000000099e+00,-6.815475106453500302e+03,-3.686977147982771385e+03,-3.125000000000000000e+03,5.619771479827713847e+02,-5.242880000000000000e+05
4.615999999999999659e+00,-4.054400243397957638e+03,-1.301343511859434784e+03,-1.562500000000000000e+03,-2.611564881405653296e+02,-2.621440000000000000e+05
4.620000000000000107e+00,-1.364110302389556864e+03,1.324191428278089006e+03,1.562500000000000000e+03,2.383085717219111359e+02,2.621440000000000000e+05
4.623999999999999666e+00,1.141082058996581281e+03,4.067541571846403713e+03,3.125000000000000000e+03,-9.425415718464033716e+02,5.242880000000000000e+05
4.628000000000000114e+00,3.360151866273065934e+03,6.607260768449966235e+03,7.812500000000000000e+03,1.205239231550033765e+03,1.310720000000000000e+06
4.631999999999999673e+00,5.209528385027591867e+03,8.643178797894117452e+03,7.812500000000000000e+03,-8.306787978941167694e+02,1.310720000000000000e+06
4.636000000000000121e+00,6.626186302892538151e+03,1.040866803335886652e+04,1.093750000000000182e+04,5.288319666411339313e+02,1.835008000000000000e+06
4.639999999999999680e+00,7.569554324995628122e+03,1.181354816639767341e+04,1.093750000000000182e+04,-8.760481663976725031e+02,1.835008000000000000e+06
4.644000000000000128e+00,8.022203911912469266e+03,1.270239678954403644e+04,1.250000000000000000e+04,-2.023967895440348457e+02,2.097152000000000000e+06
4.647999999999999687e+00,7.989349841458963056e+03,1.301907110728912266e+04,1.406250000000000000e+04,1.043428892710878245e+03,2.359296000000000000e+06
4.652000000000000135e+00,7.497258217297347983e+03,1.290364278265497342e+04,1.250000000000000000e+04,-4.036427826549730185e+02,2.097152000000000000e+06
4.655999999999999694e+00,6.590712892345389264e+03,1.241038278266225643e+04,1.250000000000000000e+04,8.961721733774345466e+01,2.097152000000000000e+06
4.660000000000000142e+00,5.329735081860088940e+03,1.174787716723630365e+04,1.093750000000000182e+04,-8.103771672363021707e+02,1.835008000000000000e+06
4.663999999999999702e+00,3.785781075972880899e+03,1.035865751126822033e+04,1.093750000000000182e+04,5.788424887317802359e+02,1.835008000000000000e+06
4.668000000000000149e+00,2.037658207369215006e+03,8.887860360085942375e+03,9.375000000000001819e+03,4.871396399140585345e+02,1.572864000000000000e+06
4.671999999999999709e+00,1.673993357263224198e+02,7.268402727741477975e+03,6.250000000000000000e+03,-1.018402727741478088e+03,1.048576000000000000e+06
4.676000000000000156e+00,-1.743678221197891844e+03,5.263192965025775266e+03,6.250000000000000000e+03,9.868070349742250755e+02,1.048576000000000000e+06
4.679999999999999716e+00,-3.618530566364200240e+03,3.605040729407265644e+03,3.125000000000000000e+03,-4.800407294072656441e+02,5.242880000000000000e+05
4.684000000000000163e+00,-5.387400873171935018e+03,1.719910730411958184e+03,1.562500000000000000e+03,-1.574107304119580988e+02,2.621440000000000000e+05
4.687999999999999723e+00,-6.990173071559900563e+03,-1.444514990178380742e+02,0.000000000000000000e+00,1.444514990178380742e+02,0.000000000000000000e+00
4.692000000000000171e+00,-8.377999446081033966e+03,-1.733184087609135759e+03,-1.562500000000000000e+03,1.706840876091355881e+02,-2.621440000000000000e+05
4.695999999999999730e+00,-9.514186492170943893e+03,-2.974855576390551050e+03,-3.125000000000000000e+03,-1.501444236094492339e+02,-5.242880000000000000e+05
4.700000000000000178e+00,-1.037437134135256383e+04,-4.223762030351463181e+03,-4.687500000000000909e+03,-4.637379696485373302e+02,-7.864320000000000000e+05
4.703999999999999737e+00,-1.094606345605409479e+04,-5.102023377764952784e+03,-4.687500000000000909e+03,4.145233777649521016e+02,-7.864320000000000000e+05
4.708000000000000185e+00,-1.122766053460940384e+04,-5.364085993481030528e+03,-4.687500000000000909e+03,6.765859934810296181e+02,-7.864320000000000000e+05
4.711999999999999744e+00,-1.122707173279779636e+04,-5.672022733830825018e+03,-6.250000000000000000e+03,-5.779772661691755502e+02,-1.048576000000000000e+06
4.716000000000000192e+00,-1.096009423895637519e+04,-5.975214742668306826e+03,-6.250000000000000000e+03,-2.747852573316937423e+02,-1.048576000000000000e+06
4.719999999999999751e+00,-1.044869059591818404e+04,-5.930577945272031684e+03,-6.250000000000000000e+03,-3.194220547279684297e+02,-1.048576000000000000e+06
4.724000000000000199e+00,-9.719304429329444247e+03,-5.186236844490674230e+03,-4.687500000000000909e+03,4.987368444906732066e+02,-7.864320000000000000e+05
4.727999999999999758e+00,-8.801332673321758193e+03,-4.459780736729865566e+03,-4.687500000000000909e+03,-2.277192632701352295e+02,-7.864320000000000000e+05
4.732000000000000206e+00,-7.725844901813373326e+03,-3.941306971697293193e+03,-3.125000000000000000e+03,8.163069716972930792e+02,-5.242880000000000000e+05
4.735999999999999766e+00,-6.524607414817520294e+03,-2.899167878525577635e+03,-3.125000000000000000e+03,-2.258321214744225642e+02,-5.242880000000000000e+05
4.740000000000000213e+00,-5.229434067324079479e+03,-1.487195982878540917e+03,-1.562500000000000000e+03,-7.530401712145919646e+01,-2.621440000000000000e+05
4.743999999999999773e+00,-3.871850369657066040e+03,-2.862541510676431358e+02,0.000000000000000000e+00,2.862541510676431358e+02,0.000000000000000000e+00
4.748000000000000220e+00,-2.483024962153144770e+03,1.117418513539305195e+03,0.000000000000000000e+00,-1.117418513539305195e+03,0.000000000000000000e+00
4.751999999999999780e+00,-1.093895724377365923e+03,2.160747666437359385e+03,3.125000000000000000e+03,9.642523335626407288e+02,5.242880000000000000e+05
4.756000000000000227e+00,2.646013888738195874e+02,3.782366033619247446e+03,3.125000000000000000e+03,-6.573660336192471050e+02,5.242880000000000000e+05
4.759999999999999787e+00,1.561302701896355074e+03,5.056732296124929235e+03,6.250000000000000000e+03,1.193267703875071447e+03,1.048576000000000000e+06
4.764000000000000234e+00,2.764688358462388805e+03,6.438795007131909188e+03,6.250000000000000000e+03,-1.887950071319090739e+02,1.048576000000000000e+06
4.767999999999999794e+00,3.842947185816142337e+03,7.390583553810316516e+03,6.250000000000000000e+03,-1.140583553810315834e+03,1.048576000000000000e+06
4.772000000000000242e+00,4.764307985300377368e+03,8.271341665059531806e+03,9.375000000000001819e+03,1.103658334940469786e+03,1.572864000000000000e+06
4.775999999999999801e+00,5.497683615248603019e+03,9.144602118883982257e+03,9.375000000000001819e+03,2.303978811160189366e+02,1.572864000000000000e+06
4.780000000000000249e+00,6.013641874321865544e+03,9.813305937547065696e+03,9.375000000000001819e+03,-4.383059375470642181e+02,1.572864000000000000e+06
4.783999999999999808e+00,6.285681760901886264e+03,1.018725302503634884e+04,9.375000000000001819e+03,-8.122530250363469122e+02,1.572864000000000000e+06
4.788000000000000256e+00,6.291758003095116692e+03,1.031005587044402455e+04,1.093750000000000182e+04,6.274441295559765877e+02,1.835008000000000000e+06
4.791999999999999815e+00,6.015963730831113025e+03,1.019173200231176997e+04,9.375000000000001819e+03,-8.167320023117694063e+02,1.572864000000000000e+06
4.796000000000000263e+00,5.450253573399639208e+03,9.840819809853685001e+03,1.093750000000000182e+04,1.096680190146316363e+03,1.835008000000000000e+06
4.799999999999999822e+00,4.596069757206444592e+03,9.530860826870894016e+03,9.375000000000001819e+03,-1.558608268708919127e+02,1.572864000000000000e+06
4.804000000000000270e+00,3.465723879610833592e+03,8.440731258332376456e+03,7.812500000000000000e+03,-6.282312583323762283e+02,1.310720000000000000e+06
4.807999999999999829e+00,2.083388211820023571e+03,7.179906585154805725e+03,7.812500000000000000e+03,6.325934148451945020e+02,1.310720000000000000e+06
4.812000000000000277e+00,4.855631340777655964e+02,5.952625833482505186e+03,6.250000000000000000e+03,2.973741665174955529e+02,1.048576000000000000e+06
4.815999999999999837e+00,-1.279088696539705552e+03,4.353893964064540341e+03,3.125000000000000000e+03,-1.228893964064540114e+03,5.242880000000000000e+05
4.820000000000000284e+00,-3.150616749994798283e+03,2.859656129350912124e+03,3.125000000000000000e+03,2.653438706490878758e+02,5.242880000000000000e+05
4.823999999999999844e+00,-5.059398622218137461e+03,1.372470272009033351e+03,1.562500000000000000e+03,1.900297279909667623e+02,2.621440000000000000e+05
4.828000000000000291e+00,-6.928482752518776579e+03,-5.147175874352375331e+02,0.000000000000000000e+00,5.147175874352375331e+02,0.000000000000000000e+00
4.831999999999999851e+00,-8.676592526038484721e+03,-2.420680844299328783e+03,-3.125000000000000000e+03,-7.043191557006712173e+02,-5.242880000000000000e+05
4.836000000000000298e+00,-1.022167677765158078e+04,-4.186184471512313394e+03,-3.125000000000000000e+03,1.061184471512313394e+03,-5.242880000000000000e+05
4.839999999999999858e+00,-1.148484631598147098e+04,-5.380795258506487698e+03,-6.250000000000000000e+03,-8.692047414935125289e+02,-1.048576000000000000e+06
4.844000000000000306e+00,-1.239449823926418139e+04,-6.630498010177139804e+03,-6.250000000000000000e+03,3.804980101771394629e+02,-1.048576000000000000e+06
4.847999999999999865e+00,-1.289040244428483675e+04,-7.842482205886978591e+03,-7.812500000000000000e+03,2.998220588697891742e+01,-1.310720000000000000e+06
4.852000000000000313e+00,-1.292751018271111934e+04,-8.374940658061228532e+03,-7.812500000000000000e+03,5.624406580612278503e+02,-1.310720000000000000e+06
4.855999999999999872e+00,-1.247924439166334196e+04,-8.441546761143115873e+03,-9.375000000000001819e+03,-9.334532388568864008e+02,-1.572864000000000000e+06
4.860000000000000320e+00,-1.154004653411264735e+04,-8.063034894343732958e+03,-7.812500000000000000e+03,2.505348943437329297e+02,-1.310720000000000000e+06
4.863999999999999879e+00,-1.012698459384130547e+04,-7.065187930735974987e+03,-7.812500000000000000e+03,-7.473120692640250127e+02,-1.310720000000000000e+06
4.868000000000000327e+00,-8.280270477088366533e+03,-5.782660222884660470e+03,-4.687500000000000909e+03,1.095160222884660016e+03,-7.864320000000000000e+05
4.871999999999999886e+00,-6.062590258441965489e+03,-4.096206976563326862e+03,-4.687500000000000909e+03,-5.912930234366741615e+02,-7.864320000000000000e+05
4.876000000000000334e+00,-3.557214541999005633e+03,-2.238606884771575551e+03,-1.562500000000000000e+03,6.761068847715755510e+02,-2.621440000000000000e+05
4.879999999999999893e+00,-8.649251129347611595e+02,9.480433640447598975e+01,0.000000000000000000e+00,-9.480433640447598975e+01,0.000000000000000000e+00
4.884000000000000341e+00,1.900135988033994863e+03,2.799416635311276877e+03,3.125000000000000000e+03,3.255833646887231794e+02,5.242880000000000000e+05
4.887999999999999901e+00,4.615522041846222237e+03,5.383644147688576595e+03,4.687500000000000909e+03,-6.961441476885759130e+02,7.864320000000000000e+05
4.892000000000000348e+00,7.156209485918931932e+03,7.842414678361343249e+03,7.812500000000000000e+03,-2.991467836134346925e+01,1.310720000000000000e+06
4.895999999999999908e+00,9.400717310754369464e+03,1.014685866123898450e+04,9.375000000000001819e+03,-7.718586612389822221e+02,1.572864000000000000e+06
4.900000000000000355e+00,1.123730346668480888e+04,1.245042763434041626e+04,1.250000000000000000e+04,4.957236565958367436e+01,2.097152000000000000e+06
4.903999999999999915e+00,1.256990681934659551e+04,1.410816272423136070e+04,1.406250000000000000e+04,-4.566272423136077663e+01,2.359296000000000000e+06
4.908000000000000362e+00,1.332350477761874390e+04,1.533513594517937963e+04,1.562500000000000000e+04,2.898640548206210497e+02,2.621440000000000000e+06
4.911999999999999922e+00,1.344857727848493596e+04,1.612514289045706755e+04,1.718750000000000000e+04,1.062357109542933586e+03,2.883584000000000000e+06
4.916000000000000369e+00,1.292440670856373072e+04,1.600863803074796851e+04,1.562500000000000000e+04,-3.836380307479687986e+02,2.621440000000000000e+06
4.919999999999999929e+00,1.176099882317930133e+04,1.554430212100956305e+04,1.562500000000000000e+04,8.069787899043708990e+01,2.621440000000000000e+06
4.924000000000000377e+00,9.999479016310402585e+03,1.448785681922565709e+04,1.406250000000000000e+04,-4.253568192256560678e+02,2.359296000000000000e+06
4.927999999999999936e+00,7.710897743896289285e+03,1.273962633449052919e+04,1.250000000000000000e+04,-2.396263344905287624e+02,2.097152000000000000e+06
4.932000000000000384e+00,4.993464175463438551e+03,1.085384068696898794e+04,1.093750000000000182e+04,8.365931303101238825e+01,1.835008000000000000e+06
4.935999999999999943e+00,1.968313478588288490e+03,8.283719631391290022e+03,7.812500000000000000e+03,-4.712196313912900791e+02,1.310720000000000000e+06
4.940000000000000391e+00,-1.226004396243176870e+03,5.289092459082756250e+03,6.250000000000000000e+03,9.609075409172437503e+02,1.048576000000000000e+06
4.943999999999999950e+00,-4.440052757966170248e+03,2.155293805068280108e+03,1.562500000000000000e+03,-5.927938050682801077e+02,2.621440000000000000e+05
4.948000000000000398e+00,-7.520730599798109324e+03,-1.088333567245107815e+03,0.000000000000000000e+00,1.088333567245107815e+03,0.000000000000000000e+00
4.951999999999999957e+00,-1.031882291522963351e+04,-4.111061472750701796e+03,-4.687500000000000909e+03,-5.764385272492992272e+02,-7.864320000000000000e+05
4.956000000000000405e+00,-1.269648787687973163e+04,-6.738104223947733772e+03,-6.250000000000000000e+03,4.881042239477332600e+02,-1.048576000000000000e+06
4.959999999999999964e+00,-1.453428652323055030e+04,-8.855528216495691595e+03,-9.375000000000001819e+03,-5.194717835043105651e+02,-1.572864000000000000e+06
4.964000000000000412e+00,-1.573737898456411676e+04,-1.076166867089564403e+04,-1.093750000000000182e+04,-1.758313291043561719e+02,-1.835008000000000000e+06
4.967999999999999972e+00,-1.624055064088198196e+04,-1.211417705483913960e+04,-1.250000000000000000e+04,-3.858229451608602290e+02,-2.097152000000000000e+06
4.972000000000000419e+00,-1.601178999204780303e+04,-1.273321286031638192e+04,-1.250000000000000000e+04,2.332128603163806417e+02,-2.097152000000000000e+06
4.975999999999999979e+00,-1.505421437484056150e+04,-1.272637334019318769e+04,-1.250000000000000000e+04,2.263733401931863227e+02,-2.097152000000000000e+06
4.980000000000000426e+00,-1.340622598176945758e+04,-1.159286524741604262e+04,-1.093750000000000182e+04,6.553652474160422798e+02,-1.835008000000000000e+06
4.983999999999999986e+00,-1.113987420326754909e+04,-9.961652628437097519e+03,-1.093750000000000182e+04,-9.758473715629038452e+02,-1.835008000000000000e+06
4.988000000000000433e+00,-8.357495959416091864e+03,-7.649508111102875773e+03,-7.812500000000000000e+03,-1.629918888971238005e+02,-1.310720000000000000e+06
4.991999999999999993e+00,-5.186798087241632857e+03,-4.935525227994015040e+03,-4.687500000000000909e+03,2.480252279940141023e+02,-7.864320000000000000e+05
4.996000000000000441e+00,-1.774629835663428139e+03,-2.479860568226544274e+03,-1.562500000000000000e+03,9.173605682265442738e+02,-2.621440000000000000e+05
5.000000000000000000e+00,1.720235624586593303e+03,1.002188259375754342e+03,0.000000000000000000e+00,-1.002188259375754342e+03,0.000000000000000000e+00
5.003999999999999559e+00,5.134938035028314516e+03,4.282872632149366837e+03,4.687500000000000909e+03,4.046273678506339024e+02,7.864320000000000000e+05
5.008000000000000007e+00,8.310579006762953213e+03,7.471251625359253012e+03,7.812500000000000000e+03,3.412483746407469880e+02,1.310720000000000000e+06
5.011999999999999567e+00,1.110006535214140422e+04,1.071433951567788426e+04,1.093750000000000182e+04,2.231604843221171564e+02,1.835008000000000000e+06
5.016000000000000014e+00,1.337534021699359255e+04,1.343020931765117712e+04,1.250000000000000000e+04,-9.302093176511757520e+02,2.097152000000000000e+06
5.019999999999999574e+00,1.503362868621801681e+04,1.544945787001744065e+04,1.562500000000000000e+04,1.755421299825584640e+02,2.621440000000000000e+06
5.024000000000000021e+00,1.600237797490787125e+04,1.678757854793920706e+04,1.718750000000000000e+04,3.999214520607926033e+02,2.883584000000000000e+06
5.027999999999999581e+00,1.624264293337963136e+04,1.772642232653819519e+04,1.718750000000000000e+04,-5.389223265381930332e+02,2.883584000000000000e+06
5.032000000000000028e+00,1.575075141005873047e+04,1.814646762485778527e+04,1.875000000000000364e+04,6.035323751422163241e+02,3.145728000000000000e+06
5.035999999999999588e+00,1.455817632355318710e+04,1.770168010368311297e+04,1.718750000000000000e+04,-5.141801036831102465e+02,2.883584000000000000e+06
5.040000000000000036e+00,1.272963693001363936e+04,1.630761351245703372e+04,1.718750000000000000e+04,8.798864875429676431e+02,2.883584000000000000e+06
5.043999999999999595e+00,1.035954541165240516e+04,1.456726908916546927e+04,1.406250000000000000e+04,-5.047690891654688130e+02,2.359296000000000000e+06
5.048000000000000043e+00,7.567001383513466862e+03,1.228806603836635259e+04,1.250000000000000000e+04,2.119339616336486642e+02,2.097152000000000000e+06
5.051999999999999602e+00,4.489611489954652825e+03,9.875894274973266874e+03,9.375000000000001819e+03,-5.008942749732646575e+02,1.572864000000000000e+06
5.056000000000000050e+00,1.276469925472964405e+03,6.686448361305562685e+03,6.250000000000000000e+03,-4.364483613055625710e+02,1.048576000000000000e+06
5.059999999999999609e+00,-1.919324608708397363e+03,3.432562521025335627e+03,4.687500000000000909e+03,1.254937478974664828e+03,7.864320000000000000e+05
5.064000000000000057e+00,-4.948221277925756112e+03,6.673575461298161144e+02,0.000000000000000000e+00,-6.673575461298161144e+02,0.000000000000000000e+00
5.067999999999999616e+00,-7.671447570974810333e+03,-2.336586156357005166e+03,-3.125000000000000000e+03,-7.884138436429948342e+02,-5.242880000000000000e+05
5.072000000000000064e+00,-9.967550809893949918e+03,-5.129128580251502171e+03,-4.687500000000000909e+03,4.416285802515017167e+02,-7.864320000000000000e+05
5.075999999999999623e+00,-1.173792744258508719e+04,-7.515275323463763925e+03,-7.812500000000000000e+03,-2.972246765362363590e+02,-1.310720000000000000e+06
5.080000000000000071e+00,-1.291107738544244057e+04,-9.247425783875087291e+03,-9.375000000000001819e+03,-1.275742161249131925e+02,-1.572864000000000000e+06
5.083999999999999631e+00,-1.344539431656927445e+04,-1.040354555892612552e+04,-9.375000000000001819e+03,1.028545558926124613e+03,-1.572864000000000000e+06
5.088000000000000078e+00,-1.333038518405033028e+04,-1.140161536821034497e+04,-1.093750000000000182e+04,4.641153682103434903e+02,-1.835008000000000000e+06
5.091999999999999638e+00,-1.258629850078144591e+04,-1.127064985185507976e+04,-1.250000000000000000e+04,-1.229350148144920468e+03,-2.097152000000000000e+06
5.096000000000000085e+00,-1.126222632379164497e+04,-1.014955876794891265e+04,-9.375000000000001819e+03,7.745587679489109405e+02,-1.572864000000000000e+06
5.099999999999999645e+00,-9.432824390913110619e+03,-8.628424994939143289e+03,-9.375000000000001819e+03,-7.465750050608572792e+02,-1.572864000000000000e+06
5.104000000000000092e+00,-7.193864368977238883e+03,-7.053299779310847043e+03,-6.250000000000000000e+03,8.032997793108471569e+02,-1.048576000000000000e+06
5.107999999999999652e+00,-4.656887888492957245e+03,-4.891776971380848408e+03,-4.687500000000000909e+03,2.042769713808479253e+02,-7.864320000000000000e+05
5.112000000000000099e+00,-1.943271210463020225e+03,-2.785543739587360960e+03,-3.125000000000000000e+03,-3.394562604126390397e+02,-5.242880000000000000e+05
5.115999999999999659e+00,8.219697739379781751e+02,-3.692372631255609576e+02,0.000000000000000000e+00,3.692372631255609576e+02,0.000000000000000000e+00
5.120000000000000107e+00,3.516302629273229286e+03,2.361990627491880787e+03,1.562500000000000000e+03,-7.994906274918809004e+02,2.621440000000000000e+05
5.123999999999999666e+00,6.025414595818824637e+03,4.981333435450820616e+03,4.687500000000000909e+03,-2.938334354508197634e+02,7.864320000000000000e+05
5.128000000000000114e+00,8.248280600053996750e+03,7.329250938961368774e+03,7.812500000000000000e+03,4.832490610386314529e+02,1.310720000000000000e+06
5.131999999999999673e+00,1.010132981165127967e+04,9.506269272251771326e+03,9.375000000000001819e+03,-1.312692722517695643e+02,1.572864000000000000e+06
5.136000000000000121e+00,1.152153682544833828e+04,1.133997532171154853e+04,1.093750000000000182e+04,-4.024753217115473944e+02,1.835008000000000000e+06
5.139999999999999680e+00,1.246833025690089926e+04,1.288582921159084981e+04,1.406250000000000000e+04,1.176670788409149964e+03,2.359296000000000000e+06
5.144000000000000128e+00,1.292428148003772003e+04,1.360915630681042421e+04,1.250000000000000000e+04,-1.109156306810424212e+03,2.097152000000000000e+06
5.147999999999999687e+00,1.289460518925519500e+04,1.394805801044182772e+04,1.406250000000000000e+04,1.144419895581731055e+02,2.359296000000000000e+06
5.152000000000000135e+00,1.240556740792527125e+04,1.390870498657321878e+04,1.406250000000000000e+04,1.537950134267822193e+02,2.359296000000000000e+06
5.155999999999999694e+00,1.150195191180695838e+04,1.349749435245399582e+04,1.406250000000000000e+04,5.650056475460049796e+02,2.359296000000000000e+06
5.160000000000000142e+00,1.024377984213178570e+04,1.251090550947246084e+04,1.250000000000000000e+04,-1.090550947245930224e+01,2.097152000000000000e+06
5.163999999999999702e+00,8.702507418140987284e+03,1.109923074948959038e+04,1.093750000000000182e+04,-1.617307494895889874e+02,1.835008000000000000e+06
5.168000000000000149e+00,6.956941904766784319e+03,9.484356677077093991e+03,9.375000000000001819e+03,-1.093566770770920016e+02,1.572864000000000000e+06
5.171999999999999709e+00,5.089116097071930199e+03,7.970118338364124611e+03,7.812500000000000000e+03,-1.576183383641248952e+02,1.310720000000000000e+06
5.176000000000000156e+00,3.180347251340218918e+03,6.010289819588639148e+03,6.250000000000000000e+03,2.397101804113609376e+02,1.048576000000000000e+06
5.179999999999999716e+00,1.307679206278636229e+03,3.953044895181704305e+03,3.125000000000000000e+03,-8.280448951817039642e+02,5.242880000000000000e+05
5.184000000000000163e+00,-4.591312667009166830e+02,2.414689095151101810e+03,3.125000000000000000e+03,7.103109048488985309e+02,5.242880000000000000e+05
5.187999999999999723e+00,-2.059968149581250600e+03,6.954439642307289660e+02,0.000000000000000000e+00,-6.954439642307289660e+02,0.000000000000000000e+00
5.192000000000000171e+00,-3.445983775813329885e+03,-8.668549240542821508e+02,0.000000000000000000e+00,8.668549240542821508e+02,0.000000000000000000e+00
5.195999999999999730e+00,-4.580484686583400617e+03,-2.269530665960580791e+03,-3.125000000000000000e+03,-8.554693340394195502e+02,-5.242880000000000000e+05
5.200000000000000178e+00,-5.439108056016394585e+03,-3.279302970587344134e+03,-3.125000000000000000e+03,1.543029705873438218e+02,-5.242880000000000000e+05
5.203999999999999737e+00,-6.009363385993133306e+03,-3.905395192808947286e+03,-3.125000000000000000e+03,7.803951928089469448e+02,-5.242880000000000000e+05
5.208000000000000185e+00,-6.289648411149475578e+03,-4.580484508837227622e+03,-4.687500000000000909e+03,-1.070154911627730172e+02,-7.864320000000000000e+05
5.211999999999999744e+00,-6.287872320415258400e+03,-4.998078831131164407e+03,-4.687500000000000909e+03,3.105788311311636107e+02,-7.864320000000000000e+05
5.216000000000000192e+00,-6.019832332125758512e+03,-4.863948684174888513e+03,-4.687500000000000909e+03,1.764486841748878021e+02,-7.864320000000000000e+05
5.219999999999999751e+00,-5.507491015959176366e+03,-4.625137089747945538e+03,-4.687500000000000909e+03,-6.236291025205498784e+01,-7.864320000000000000e+05
5.224000000000000199e+00,-4.777292021253077110e+03,-4.359794426296148231e+03,-4.687500000000000909e+03,-3.277055737038528491e+02,-7.864320000000000000e+05
5.227999999999999758e+00,-3.858632302676111067e+03,-3.790559044946253834e+03,-4.687500000000000909e+03,-8.969409550537467339e+02,-7.864320000000000000e+05
5.232000000000000206e+00,-2.782581451528664275e+03,-2.708447673420675528e+03,-1.562500000000000000e+03,1.145947673420675528e+03,-2.621440000000000000e+05
5.235999999999999766e+00,-1.580905782050839434e+03,-1.659243785542060778e+03,-1.562500000000000000e+03,9.674378554206069225e+01,-2.621440000000000000e+05
5.240000000000000213e+00,-2.854191603036360902e+02,-7.210862501358735699e+02,-1.562500000000000000e+03,-8.414137498641264301e+02,-2.621440000000000000e+05
5.243999999999999773e+00,1.072352895473627086e+03,7.222325169628310277e+02,1.562500000000000000e+03,8.402674830371690859e+02,2.621440000000000000e+05
5.248000000000000220e+00,2.461241740185244453e+03,1.665140346784098028e+03,1.562500000000000000e+03,-1.026403467840979431e+02,2.621440000000000000e+05
5.251999999999999780e+00,3.850309492663389392e+03,2.985907842647696725e+03,3.125000000000000000e+03,1.390921573523034454e+02,5.242880000000000000e+05
5.256000000000000227e+00,5.208620199665038854e+03,4.572016579711893428e+03,3.125000000000000000e+03,-1.447016579711893655e+03,5.242880000000000000e+05
5.259999999999999787e+00,6.505010190195875111e+03,5.727665835233394318e+03,6.250000000000000000e+03,5.223341647666059089e+02,1.048576000000000000e+06
5.264000000000000234e+00,7.707959615894060335e+03,6.953977436970971212e+03,7.812500000000000000e+03,8.585225630290292429e+02,1.310720000000000000e+06
5.267999999999999794e+00,8.785657315025673597e+03,7.855757957278588037e+03,7.812500000000000000e+03,-4.325795727858766782e+01,1.310720000000000000e+06
5.272000000000000242e+00,9.706332103110937169e+03,8.994312176349218134e+03,7.812500000000000000e+03,-1.181812176349217225e+03,1.310720000000000000e+06
5.275999999999999801e+00,1.043889685581626873e+04,1.002137581922528807e+04,1.093750000000000182e+04,9.161241807747137500e+02,1.835008000000000000e+06
5.280000000000000249e+00,1.095391939229044874e+04,1.084901101860494600e+04,1.093750000000000182e+04,8.848898139505490690e+01,1.835008000000000000e+06
5.283999999999999808e+00,1.122489873455725683e+04,1.104636509149901212e+04,1.093750000000000182e+04,-1.088650914990111431e+02,1.835008000000000000e+06
5.288000000000000256e+00,1.122978963751907213e+04,1.110412282330298876e+04,1.093750000000000182e+04,-1.666228233029882233e+02,1.835008000000000000e+06
5.291999999999999815e+00,1.095268526105431192e+04,1.124337632888426378e+04,1.093750000000000182e+04,-3.058763288842636143e+02,1.835008000000000000e+06
5.296000000000000263e+00,1.038554026755404448e+04,1.074644484124118935e+04,1.093750000000000182e+04,1.910551587588123823e+02,1.835008000000000000e+06
5.299999999999999822e+00,9.529796919676768084e+03,9.919597446083615068e+03,9.375000000000001819e+03,-5.445974460836135904e+02,1.572864000000000000e+06
5.304000000000000270e+00,8.397766854185128977e+03,8.970011227583880100e+03,9.375000000000001819e+03,4.049887724161208666e+02,1.572864000000000000e+06
5.307999999999999829e+00,7.013622384839287406e+03,7.967713223267734065e+03,7.812500000000000000e+03,-1.552132232677336958e+02,1.310720000000000000e+06
5.312000000000000277e+00,5.413863937584367704e+03,6.431317389643302704e+03,6.250000000000000000e+03,-1.813173896433022776e+02,1.048576000000000000e+06
5.315999999999999837e+00,3.647154218345447134e+03,4.960659434149155459e+03,4.687500000000000909e+03,-2.731594341491543787e+02,7.864320000000000000e+05
5.320000000000000284e+00,1.773443809154930932e+03,3.250395954304117822e+03,4.687500000000000909e+03,1.437104045695882633e+03,7.864320000000000000e+05
5.323999999999999844e+00,-1.376448307781067797e+02,1.710490034982471116e+03,1.562500000000000000e+03,-1.479900349824710872e+02,2.621440000000000000e+05
5.328000000000000291e+00,-2.009160082479570292e+03,8.179867097949306753e+01,0.000000000000000000e+00,-8.179867097949306753e+01,0.000000000000000000e+00
5.331999999999999851e+00,-3.759825269666194345e+03,-1.855008162073766698e+03,-1.562500000000000000e+03,2.925081620737666412e+02,-2.621440000000000000e+05
5.336000000000000298e+00,-5.307589162646903787e+03,-3.833226053581798169e+03,-4.687500000000000909e+03,-8.542739464182025131e+02,-7.864320000000000000e+05
5.339999999999999858e+00,-6.573562502340902029e+03,-5.206572389810434288e+03,-4.687500000000000909e+03,5.190723898104337195e+02,-7.864320000000000000e+05
5.344000000000000306e+00,-7.486142316143032076e+03,-6.579094093345077454e+03,-6.250000000000000000e+03,3.290940933450767147e+02,-1.048576000000000000e+06
5.347999999999999865e+00,-7.985098426861880398e+03,-7.622885937300860860e+03,-7.812500000000000000e+03,-1.896140626991386853e+02,-1.310720000000000000e+06
5.352000000000000313e+00,-8.025382009055329036e+03,-8.054664915412739902e+03,-9.375000000000001819e+03,-1.320335084587261463e+03,-1.572864000000000000e+06
5.355999999999999872e+00,-7.580415919602337453e+03,-8.077521167435737880e+03,-7.812500000000000000e+03,2.650211674357378229e+02,-1.310720000000000000e+06
5.360000000000000320e+00,-6.644641538103452149e+03,-7.600512525569045465e+03,-7.812500000000000000e+03,-2.119874744309548760e+02,-1.310720000000000000e+06
5.363999999999999879e+00,-5.235126761842841915e+03,-6.711823921024641095e+03,-6.250000000000000000e+03,4.618239210246403559e+02,-1.048576000000000000e+06
5.368000000000000327e+00,-3.392083407436433390e+03,-5.533335703764573736e+03,-4.687500000000000909e+03,8.458357037645731680e+02,-7.864320000000000000e+05
5.371999999999999886e+00,-1.178197456726421706e+03,-3.897827237103275820e+03,-4.687500000000000909e+03,-7.896727628967248620e+02,-7.864320000000000000e+05
5.376000000000000334e+00,1.323260582056760995e+03,-1.540918401717449569e+03,-1.562500000000000000e+03,-2.158159828255057278e+01,-2.621440000000000000e+05
5.379999999999999893e+00,4.011509022722440022e+03,7.294976677935171665e+02,1.562500000000000000e+03,8.330023322064829472e+02,2.621440000000000000e+05
5.384000000000000341e+00,6.772405926653974348e+03,3.286158919889323897e+03,3.125000000000000000e+03,-1.611589198893237835e+02,5.242880000000000000e+05
5.387999999999999901e+00,9.483504680003488829e+03,6.000298602262695567e+03,6.250000000000000000e+03,2.497013977373046316e+02,1.048576000000000000e+06
5.392000000000000348e+00,1.201978182851150814e+04,8.468513945277019957e+03,7.812500000000000000e+03,-6.560139452770202979e+02,1.310720000000000000e+06
5.395999999999999908e+00,1.425975647411141836e+04,1.057387022766028531e+04,1.093750000000000182e+04,3.636297723397154869e+02,1.835008000000000000e+06
5.400000000000000355e+00,1.609168668167137366e+04,1.287451899507767848e+04,1.250000000000000000e+04,-3.745189950776772889e+02,2.097152000000000000e+06
5.403999999999999915e+00,1.741951143446553033e+04,1.440873012994575583e+04,1.406250000000000000e+04,-3.462301299457549817e+02,2.359296000000000000e+06
5.408000000000000362e+00,1.816820826210968517e+04,1.598502934991036273e+04,1.562500000000000000e+04,-3.600293499103623844e+02,2.621440000000000000e+06
5.411999999999999922e+00,1.828825722542009316e+04,1.663958210165777564e+04,1.718750000000000000e+04,5.479178983422254987e+02,2.883584000000000000e+06
5.416000000000000369e+00,1.775894083794075777e+04,1.650012994020399128e+04,1.718750000000000000e+04,6.873700597960115601e+02,2.883584000000000000e+06
5.419999999999999929e+00,1.659026498501071183e+04,1.587122281355236919e+04,1.562500000000000000e+04,-2.462228135523686490e+02,2.621440000000000000e+06
5.424000000000000377e+00,1.482335519370989095e+04,1.485023005804193053e+04,1.406250000000000000e+04,-7.877300580419309881e+02,2.359296000000000000e+06
5.427999999999999936e+00,1.252926205616159859e+04,1.325225128729889366e+04,1.406250000000000000e+04,8.102487127011060011e+02,2.359296000000000000e+06
5.432000000000000384e+00,9.806194881155926851e+03,1.116305787225032145e+04,1.093750000000000182e+04,-2.255578722503200879e+02,1.835008000000000000e+06
5.435999999999999943e+00,6.775288978608694379e+03,8.451481981333043223e+03,7.812500000000000000e+03,-6.389819813330428815e+02,1.310720000000000000e+06
5.440000000000000391e+00,3.575094444417664818e+03,5.405244678037661288e+03,6.250000000000000000e+03,8.447553219623387122e+02,1.048576000000000000e+06
5.443999999999999950e+00,3.550481181281261343e+02,2.175858614779199343e+03,1.562500000000000000e+03,-6.133586147791993426e+02,2.621440000000000000e+05
5.448000000000000398e+00,-2.731748841931930201e+03,-8.758720126638992269e+02,0.000000000000000000e+00,8.758720126638992269e+02,0.000000000000000000e+00
5.451999999999999957e+00,-5.536081274646759994e+03,-4.026543276052690544e+03,-4.687500000000000909e+03,-6.609567239473099107e+02,-7.864320000000000000e+05
5.456000000000000405e+00,-7.920107194971648823e+03,-6.627325092448960277e+03,-6.250000000000000000e+03,3.773250924489603335e+02,-1.048576000000000000e+06
5.459999999999999964e+00,-9.764387480671932281e+03,-8.869073011453016079e+03,-9.375000000000001819e+03,-5.059269885469858536e+02,-1.572864000000000000e+06
5.464000000000000412e+00,-1.097408209826365783e+04,-1.054855882253760137e+04,-1.093750000000000182e+04,-3.889411774623992528e+02,-1.835008000000000000e+06
5.467999999999999972e+00,-1.148397626093744111e+04,-1.192714068565081106e+04,-1.093750000000000182e+04,9.896406856508103829e+02,-1.835008000000000000e+06
5.472000000000000419e+00,-1.126205829870515117e+04,-1.222723851550708969e+04,-1.250000000000000000e+04,-2.727614844929108813e+02,-2.097152000000000000e+06
5.475999999999999979e+00,-1.031144537545755520e+04,-1.212624895444238246e+04,-1.250000000000000000e+04,-3.737510455576187383e+02,-2.097152000000000000e+06
5.480000000000000426e+00,-8.670539507783490990e+03,-1.117876070198586967e+04,-1.093750000000000182e+04,2.412607019858688204e+02,-1.835008000000000000e+06
5.483999999999999986e+00,-6.411389907167985257e+03,-9.858111070789318546e+03,-9.375000000000001819e+03,4.831110707893167273e+02,-1.572864000000000000e+06
5.488000000000000433e+00,-3.636333311721097289e+03,-7.818085716649497044e+03,-7.812500000000000000e+03,5.585716649497348918e+00,-1.310720000000000000e+06
5.491999999999999993e+00,-4.730763734796438484e+02,-5.203122901368064049e+03,-6.250000000000000000e+03,-1.046877098631936633e+03,-1.048576000000000000e+06
5.496000000000000441e+00,2.931531846640816639e+03,-2.022006532267952934e+03,-1.562500000000000000e+03,4.595065322679529345e+02,-2.621440000000000000e+05
5.500000000000000000e+00,6.418718368921081492e+03,1.065019328712129663e+03,1.562500000000000000e+03,4.974806712878703365e+02,2.621440000000000000e+05
5.503999999999999559e+00,9.825623128898099822e+03,4.354893141994864891e+03,4.687500000000000909e+03,3.326068580051357344e+02,7.864320000000000000e+05
5.508000000000000007e+00,1.299334793468956923e+04,7.773430054132430087e+03,7.812500000000000000e+03,3.906994586757011234e+01,1.310720000000000000e+06
5.511999999999999567e+00,1.577479979865729183e+04,1.051208605039417489e+04,9.375000000000001819e+03,-1.137086050394173981e+03,1.572864000000000000e+06
5.516000000000000014e+00,1.804192206963151693e+04,1.304551839514208405e+04,1.406250000000000000e+04,1.016981604857915613e+03,2.359296000000000000e+06
5.519999999999999574e+00,1.969194003849524597e+04,1.501851430573194557e+04,1.406250000000000000e+04,-9.560143057319447735e+02,2.359296000000000000e+06
5.524000000000000021e+00,2.065230112930525138e+04,1.701003049751120489e+04,1.718750000000000000e+04,1.774695024887966497e+02,2.883584000000000000e+06
5.527999999999999581e+00,2.088406040431533256e+04,1.796649679343720345e+04,1.875000000000000364e+04,7.835032065627995053e+02,3.145728000000000000e+06
5.532000000000000028e+00,2.038354592685664466e+04,1.814186382206563576e+04,1.718750000000000000e+04,-9.543638220656340536e+02,2.883584000000000000e+06
5.535999999999999588e+00,1.918223083340596713e+04,1.761690026599127305e+04,1.718750000000000000e+04,-4.294002659912706008e+02,2.883584000000000000e+06
5.540000000000000036e+00,1.734483460094009934e+04,1.656951638381850717e+04,1.718750000000000000e+04,6.179836161814937441e+02,2.883584000000000000e+06
5.543999999999999595e+00,1.496576963544940190e+04,1.456268292775456757e+04,1.406250000000000000e+04,-5.001829277545676860e+02,2.359296000000000000e+06
5.548000000000000043e+00,1.216413577870225345e+04,1.271211038990459747e+04,1.406250000000000000e+04,1.350389610095403441e+03,2.359296000000000000e+06
5.551999999999999602e+00,9.077539904721243147e+03,9.762047171944323054e+03,9.375000000000001819e+03,-3.870471719443213487e+02,1.572864000000000000e+06
5.556000000000000050e+00,5.855076440602940238e+03,6.761435055702077989e+03,6.250000000000000000e+03,-5.114350557020777046e+02,1.048576000000000000e+06
5.559999999999999609e+00,2.649844323098890982e+03,3.852170757313683225e+03,4.687500000000000909e+03,8.353292426863173432e+02,7.864320000000000000e+05
5.564000000000000057e+00,-3.886053746759374121e+02,7.064799285221497485e+02,0.000000000000000000e+00,-7.064799285221497485e+02,0.000000000000000000e+00
5.567999999999999616e+00,-3.121499900149148743e+03,-2.333560192451165221e+03,-1.562500000000000000e+03,7.710601924511653351e+02,-2.621440000000000000e+05
5.572000000000000064e+00,-5.427386331080389937e+03,-5.090558953572035534e+03,-6.250000000000000000e+03,-1.159441046427964466e+03,-1.048576000000000000e+06
5.575999999999999623e+00,-7.207660868187989763e+03,-7.393177892499120389e+03,-6.250000000000000000e+03,1.143177892499120162e+03,-1.048576000000000000e+06
5.580000000000000071e+00,-8.390823177784432119e+03,-9.153865569159290317e+03,-9.375000000000001819e+03,-2.211344308407116444e+02,-1.572864000000000000e+06
5.583999999999999631e+00,-8.935266684999211066e+03,-1.044507922349627370e+04,-1.093750000000000182e+04,-4.924207765037280069e+02,-1.835008000000000000e+06
5.588000000000000078e+00,-8.830498082057602005e+03,-1.102490993943029207e+04,-1.093750000000000182e+04,8.740993943029060631e+01,-1.835008000000000000e+06
5.591999999999999638e+00,-8.096765623116886673e+03,-1.103482753286279330e+04,-1.093750000000000182e+04,9.732753286279157123e+01,-1.835008000000000000e+06
5.596000000000000085e+00,-6.783161103594819906e+03,-1.035534943697520248e+04,-1.093750000000000182e+04,-5.821505630247986574e+02,-1.835008000000000000e+06
5.599999999999999645e+00,-4.964339996846399117e+03,-9.162044055135838789e+03,-9.375000000000001819e+03,-2.129559448641633992e+02,-1.572864000000000000e+06
5.604000000000000092e+00,-2.736073702366383714e+03,-7.383619887483545426e+03,-6.250000000000000000e+03,1.133619887483544744e+03,-1.048576000000000000e+06
5.607999999999999652e+00,-2.099035804746501697e+02,-5.150173964379772769e+03,-6.250000000000000000e+03,-1.099826035620227231e+03,-1.048576000000000000e+06
5.612000000000000099e+00,2.492794380861038462e+03,-2.699063081198420605e+03,-1.562500000000000000e+03,1.136563081198420605e+03,-2.621440000000000000e+05
5.615999999999999659e+00,5.247004566339882331e+03,-2.523257305319373245e+02,-1.562500000000000000e+03,-1.310174269468062676e+03,-2.621440000000000000e+05
5.620000000000000107e+00,7.930194819230590838e+03,2.359870852897023724e+03,3.125000000000000000e+03,7.651291471029762761e+02,5.242880000000000000e+05
5.623999999999999666e+00,1.042805266133976875e+04,4.905661166007974316e+03,4.687500000000000909e+03,-2.181611660079735771e+02,7.864320000000000000e+05
5.628000000000000114e+00,1.263955330349500582e+04,7.287293217304075370e+03,7.812500000000000000e+03,5.252067826959248578e+02,1.310720000000000000e+06
5.631999999999999673e+00,1.448112620252746274e+04,9.332911906723635184e+03,9.375000000000001819e+03,4.208809327636668485e+01,1.572864000000000000e+06
5.636000000000000121e+00,1.588974624323683929e+04,1.118754252096293385e+04,1.093750000000000182e+04,-2.500425209629331960e+02,1.835008000000000000e+06
5.639999999999999680e+00,1.682484233383695755e+04,1.257572698648859478e+04,1.250000000000000000e+04,-7.572698648859385173e+01,2.097152000000000000e+06
5.644000000000000128e+00,1.726898614390317380e+04,1.333589703863101204e+04,1.406250000000000000e+04,7.266029613689877351e+02,2.359296000000000000e+06
5.647999999999999687e+00,1.722739266615948873e+04,1.387502193907571018e+04,1.250000000000000000e+04,-1.375021939075710179e+03,2.097152000000000000e+06
5.652000000000000135e+00,1.672632822507909805e+04,1.384157290709182780e+04,1.406250000000000000e+04,2.209270929081734494e+02,2.359296000000000000e+06
5.655999999999999694e+00,1.581057690028827346e+04,1.329416423515388851e+04,1.406250000000000000e+04,7.683357648461119425e+02,2.359296000000000000e+06
5.660000000000000142e+00,1.454016013964394187e+04,1.232078348767658099e+04,1.250000000000000000e+04,1.792165123234192095e+02,2.097152000000000000e+06
5.663999999999999702e+00,1.298653447176340524e+04,1.071007327627514860e+04,9.375000000000001819e+03,-1.335073276275147691e+03,1.572864000000000000e+06
5.668000000000000149e+00,1.122850747369757664e+04,9.202731785570769716e+03,9.375000000000001819e+03,1.722682144292310511e+02,1.572864000000000000e+06
5.671999999999999709e+00,9.348112255362719225e+03,7.625366981793225023e+03,7.812500000000000000e+03,1.871330182067754038e+02,1.310720000000000000e+06
5.676000000000000156e+00,7.426666390623072402e+03,5.846436850637723182e+03,6.250000000000000000e+03,4.035631493622768744e+02,1.048576000000000000e+06
5.679999999999999716e+00,5.541214038484940829e+03,4.166742391675860745e+03,4.687500000000000909e+03,5.207576083241403921e+02,7.864320000000000000e+05
5.684000000000000163e+00,3.761512293370161842e+03,2.327767113110739956e+03,1.562500000000000000e+03,-7.652671131107399560e+02,2.621440000000000000e+05
5.687999999999999723e+00,2.147677499008511404e+03,5.623609798863154765e+02,1.562500000000000000e+03,1.000139020113684751e+03,2.621440000000000000e+05
5.692000000000000171e+00,7.485576503560479296e+02,-1.246472458059985911e+03,-1.562500000000000000e+03,-3.160275419400140891e+02,-2.621440000000000000e+05
5.695999999999999730e+00,-3.991534626803434662e+02,-2.762241138294238681e+03,-3.125000000000000000e+03,-3.627588617057613760e+02,-5.242880000000000000e+05
5.700000000000000178e+00,-1.271092680455051322e+03,-3.935378221262124953e+03,-4.687500000000000909e+03,-7.521217787378759567e+02,-7.864320000000000000e+05
5.703999999999999737e+00,-1.854769168408744463e+03,-4.864207898499124894e+03,-4.687500000000000909e+03,1.767078984991239565e+02,-7.864320000000000000e+05
5.708000000000000185e+00,-2.148580322076537414e+03,-5.299726576107415895e+03,-4.687500000000000909e+03,6.122265761074148713e+02,-7.864320000000000000e+05
5.711999999999999744e+00,-2.160434988635294303e+03,-5.461072296582873605e+03,-6.250000000000000000e+03,-7.889277034171266223e+02,-1.048576000000000000e+06
5.716000000000000192e+00,-1.906130042023763508e+03,-5.758323573587257670e+03,-4.687500000000000909e+03,1.070823573587256988e+03,-7.864320000000000000e+05
5.719999999999999751e+00,-1.407627704888723656e+03,-5.478933877264175862e+03,-6.250000000000000000e+03,-7.710661227358240239e+02,-1.048576000000000000e+06
5.724000000000000199e+00,-6.913712769102519360e+02,-4.900972663731554348e+03,-4.687500000000000909e+03,2.134726637315533537e+02,-7.864320000000000000e+05
5.727999999999999758e+00,2.132426395177768939e+02,-4.192718090261715588e+03,-4.687500000000000909e+03,-4.947819097382852647e+02,-7.864320000000000000e+05
5.732000000000000206e+00,1.275144807978099152e+03,-3.167526774527140788e+03,-3.125000000000000000e+03,4.252677452714053885e+01,-5.242880000000000000e+05
5.735999999999999766e+00,2.462569271713107355e+03,-2.014463421567101705e+03,-1.562500000000000000e+03,4.519634215671016477e+02,-2.621440000000000000e+05
5.740000000000000213e+00,3.743702524734619146e+03,-1.024915277285292177e+03,-1.562500000000000000e+03,-5.375847227147079366e+02,-2.621440000000000000e+05
5.743999999999999773e+00,5.087019411457579736e+03,2.319901327930840864e+02,1.562500000000000000e+03,1.330509867206915942e+03,2.621440000000000000e+05
5.748000000000000220e+00,6.461351652012513114e+03,1.485382947564837423e+03,1.562500000000000000e+03,7.711705243516257724e+01,2.621440000000000000e+05
5.751999999999999780e+00,7.835761733020509382e+03,2.564686979692451587e+03,1.562500000000000000e+03,-1.002186979692451700e+03,2.621440000000000000e+05
5.756000000000000227e+00,9.179314071581498865e+03,3.774876098347081097e+03,4.687500000000000909e+03,9.126239016529194714e+02,7.864320000000000000e+05
5.759999999999999787e+00,1.046084536958795979e+04,5.187900722989333190e+03,4.687500000000000909e+03,-5.004007229893322801e+02,7.864320000000000000e+05
5.764000000000000234e+00,1.164883615409975027e+04,6.501189972116257195e+03,6.250000000000000000e+03,-2.511899721162570245e+02,1.048576000000000000e+06
5.767999999999999794e+00,1.271147564132996558e+04,7.559866696959075853e+03,7.812500000000000000e+03,2.526333030409243179e+02,1.310720000000000000e+06
5.772000000000000242e+00,1.361699302726171481e+04,8.870646042895283244e+03,9.375000000000001819e+03,5.043539571047174377e+02,1.572864000000000000e+06
5.775999999999999801e+00,1.433430157053032417e+04,9.490825905987314400e+03,9.375000000000001819e+03,-1.158259059873129075e+02,1.572864000000000000e+06
5.780000000000000249e+00,1.483396947574999649e+04,1.007451262801097073e+04,9.375000000000001819e+03,-6.995126280109690242e+02,1.572864000000000000e+06
5.783999999999999808e+00,1.508949615289671056e+04,1.053753580963080458e+04,1.093750000000000182e+04,3.999641903691970128e+02,1.835008000000000000e+06
5.788000000000000256e+00,1.507883674730192615e+04,1.043318812178143708e+04,1.093750000000000182e+04,5.043118782185641749e+02,1.835008000000000000e+06
5.791999999999999815e+00,1.478608481174024018e+04,1.045280732605444791e+04,9.375000000000001819e+03,-1.077807326054447458e+03,1.572864000000000000e+06
5.796000000000000263e+00,1.420319540395612239e+04,1.003235016762065061e+04,1.093750000000000182e+04,9.051498323793504142e+02,1.835008000000000000e+06
5.799999999999999822e+00,1.333161118440843711e+04,9.383675186712063805e+03,9.375000000000001819e+03,-8.675186712062131988e+00,1.572864000000000000e+06
5.804000000000000270e+00,1.218364419009746598e+04,8.505591045854363983e+03,7.812500000000000000e+03,-6.930910458543635286e+02,1.310720000000000000e+06
5.807999999999999829e+00,1.078346713744798581e+04,7.578087920339929951e+03,7.812500000000000000e+03,2.344120796600700203e+02,1.310720000000000000e+06
5.812000000000000277e+00,9.167580857486520472e+03,5.995031142961808655e+03,6.250000000000000000e+03,2.549688570381916577e+02,1.048576000000000000e+06
5.815999999999999837e+00,7.384648463626024750e+03,4.242914792825293262e+03,4.687500000000000909e+03,4.445852071747070227e+02,7.864320000000000000e+05
5.820000000000000284e+00,5.494620947783258089e+03,2.802580918921283228e+03,1.562500000000000000e+03,-1.240080918921283001e+03,2.621440000000000000e+05
5.823999999999999844e+00,3.567121181437551968e+03,9.551992296805620981e+02,1.562500000000000000e+03,6.073007703194380156e+02,2.621440000000000000e+05
5.828000000000000291e+00,1.679101198208649294e+03,-1.159185740149784351e+03,-1.562500000000000000e+03,-4.033142598502156488e+02,-2.621440000000000000e+05
5.831999999999999851e+00,-8.816190860945846453e+01,-2.795760380493082266e+03,-3.125000000000000000e+03,-3.292396195069178475e+02,-5.242880000000000000e+05
5.836000000000000298e+00,-1.652616489960334093e+03,-4.772829646576071355e+03,-4.687500000000000909e+03,8.532964657607077186e+01,-7.864320000000000000e+05
5.839999999999999858e+00,-2.935372865054093836e+03,-5.882573679854854163e+03,-4.687500000000000909e+03,1.195073679854853481e+03,-7.864320000000000000e+05
5.844000000000000306e+00,-3.864827637243112804e+03,-7.090685108194242275e+03,-7.812500000000000000e+03,-7.218148918057580659e+02,-1.310720000000000000e+06
5.847999999999999865e+00,-4.380750202971040380e+03,-7.813454008468436768e+03,-7.812500000000000000e+03,9.540084684369481982e-01,-1.310720000000000000e+06
5.852000000000000313e+00,-4.438091308119026507e+03,-8.286783744125415978e+03,-7.812500000000000000e+03,4.742837441254164901e+02,-1.310720000000000000e+06
5.855999999999999872e+00,-4.010273378588373362e+03,-8.695323767159159615e+03,-9.375000000000001819e+03,-6.796762328408426583e+02,-1.572864000000000000e+06
5.860000000000000320e+00,-3.091737360711898418e+03,-8.114381384481587702e+03,-7.812500000000000000e+03,3.018813844815875882e+02,-1.310720000000000000e+06
5.863999999999999879e+00,-1.699550716226921168e+03,-7.339770553819208544e+03,-7.812500000000000000e+03,-4.727294461807917969e+02,-1.310720000000000000e+06
5.868000000000000327e+00,1.260751760653840279e+02,-5.856651085543417139e+03,-4.687500000000000909e+03,1.169151085543416229e+03,-7.864320000000000000e+05
5.871999999999999886e+00,2.322454774394866490e+03,-4.172979279798449170e+03,-4.687500000000000909e+03,-5.145207202015512848e+02,-7.864320000000000000e+05
5.876000000000000334e+00,4.806318012848984836e+03,-2.098494916900624048e+03,-1.562500000000000000e+03,5.359949169006241618e+02,-2.621440000000000000e+05
5.879999999999999893e+00,7.476883649789536321e+03,6.080589085777651093e+01,0.000000000000000000e+00,-6.080589085777651093e+01,0.000000000000000000e+00
5.884000000000000341e+00,1.022001019337599064e+04,2.739825012792508005e+03,1.562500000000000000e+03,-1.177325012792507778e+03,2.621440000000000000e+05
5.887999999999999901e+00,1.291325147874885442e+04,5.240908764194055948e+03,6.250000000000000000e+03,1.009091235805944393e+03,1.048576000000000000e+06
5.892000000000000348e+00,1.543158450283778075e+04,7.843407019733063862e+03,7.812500000000000000e+03,-3.090701973306429906e+01,1.310720000000000000e+06
5.895999999999999908e+00,1.765352882095480891e+04,1.012915170770826262e+04,9.375000000000001819e+03,-7.541517077082615970e+02,1.572864000000000000e+06
5.900000000000000355e+00,1.946734295352474510e+04,1.187792834932082587e+04,1.250000000000000000e+04,6.220716506791756046e+02,2.097152000000000000e+06
5.903999999999999915e+00,2.077696634154499770e+04,1.351558566859669554e+04,1.250000000000000000e+04,-1.015585668596694745e+03,2.097152000000000000e+06
5.908000000000000362e+00,2.150737697450938504e+04,1.436433527751673319e+04,1.562500000000000000e+04,1.260664722483267497e+03,2.621440000000000000e+06
5.911999999999999922e+00,2.160905537525571344e+04,1.522089870984206937e+04,1.406250000000000000e+04,-1.158398709842068456e+03,2.359296000000000000e+06
5.916000000000000369e+00,2.106128452148099677e+04,1.552418050034430962e+04,1.562500000000000000e+04,1.008194996556903362e+02,2.621440000000000000e+06
5.919999999999999929e+00,1.987407076479730313e+04,1.526848381026246170e+04,1.562500000000000000e+04,3.565161897375376157e+02,2.621440000000000000e+06
5.924000000000000377e+00,1.808854010066578485e+04,1.435878205402190179e+04,1.406250000000000000e+04,-2.962820540219016721e+02,2.359296000000000000e+06
5.927999999999999936e+00,1.577574359168718729e+04,1.249639354183709838e+04,1.250000000000000000e+04,3.606458162903197540e+00,2.097152000000000000e+06
5.932000000000000384e+00,1.303389101921341717e+04,1.019685858309121795e+04,1.093750000000000182e+04,7.406414169087837536e+02,1.835008000000000000e+06
5.935999999999999943e+00,9.984118167794760666e+03,7.670349941340886289e+03,7.812500000000000000e+03,1.421500586591137676e+02,1.310720000000000000e+06
5.940000000000000391e+00,6.764975610023830995e+03,4.605540955410993774e+03,4.687500000000000909e+03,8.195904458900646716e+01,7.864320000000000000e+05
5.943999999999999950e+00,3.525900664189230156e+03,1.346231974505698190e+03,0.000000000000000000e+00,-1.346231974505698190e+03,0.000000000000000000e+00
5.948000000000000398e+00,4.199949693984903547e+02,-1.788298024696923449e+03,-1.562500000000000000e+03,2.257980246969232496e+02,-2.621440000000000000e+05
5.951999999999999957e+00,-2.403525830428671725e+03,-4.725750631325645372e+03,-4.687500000000000909e+03,3.825063132564462620e+01,-7.864320000000000000e+05
5.956000000000000405e+00,-4.806819265431700842e+03,-7.654180802694409067e+03,-7.812500000000000000e+03,-1.583191973055907908e+02,-1.310720000000000000e+06
5.959999999999999964e+00,-6.670445726560385083e+03,-1.009100650920091721e+04,-9.375000000000001819e+03,7.160065092009157297e+02,-1.572864000000000000e+06
5.964000000000000412e+00,-7.899564691527655668e+03,-1.183228702853361028e+04,-1.250000000000000000e+04,-6.677129714663908544e+02,-2.097152000000000000e+06
5.967999999999999972e+00,-8.428960882745979688e+03,-1.303243536904358007e+04,-1.250000000000000000e+04,5.324353690435799535e+02,-2.097152000000000000e+06
5.972000000000000419e+00,-8.226622137486365318e+03,-1.308457257013861999e+04,-1.250000000000000000e+04,5.845725701386188575e+02,-2.097152000000000000e+06
5.975999999999999979e+00,-7.295665124948431185e+03,-1.285789434583042203e+04,-1.406250000000000000e+04,-1.204605654169578884e+03,-2.359296000000000000e+06
5.980000000000000426e+00,-5.674491365092161686e+03,-1.220309871587117595e+04,-1.093750000000000182e+04,1.265598715871174591e+03,-1.835008000000000000e+06
5.983999999999999986e+00,-3.435149570848526309e+03,-1.078074136147407626e+04,-1.093750000000000182e+04,-1.567586385259247379e+02,-1.835008000000000000e+06
5.988000000000000433e+00,-6.799759798608524761e+02,-9.000996711898444119e+03,-9.375000000000001819e+03,-3.740032881015577004e+02,-1.572864000000000000e+06
5.991999999999999993e+00,2.463323258200717191e+03,-6.306436710705409496e+03,-6.250000000000000000e+03,5.643671070540943902e+01,-1.048576000000000000e+06
5.996000000000000441e+00,5.847899586674502643e+03,-2.932879109889370739e+03,-3.125000000000000000e+03,-1.921208901106293467e+02,-5.242880000000000000e+05
6.000000000000000000e+00,9.314980531969731601e+03,2.329492861986052787e+02,0.000000000000000000e+00,-2.329492861986052787e+02,0.000000000000000000e+00
6.003999999999999559e+00,1.270170653761366520e+04,3.547736747944679337e+03,3.125000000000000000e+03,-4.227367479446792231e+02,5.242880000000000000e+05
6.008000000000000007e+00,1.584917992156304172e+04,7.021759084862258533e+03,7.812500000000000000e+03,7.907409151377414673e+02,1.310720000000000000e+06
6.011999999999999567e+00,1.861030820785481410e+04,9.922305643356985456e+03,9.375000000000001819e+03,-5.473056433569836372e+02,1.572864000000000000e+06
6.016000000000000014e+00,2.085703525881744645e+04,1.259023341187456390e+04,1.250000000000000000e+04,-9.023341187456256307e+01,2.097152000000000000e+06
6.019999999999999574e+00,2.248658688064236776e+04,1.446614268220938175e+04,1.562500000000000000e+04,1.158857317790617799e+03,2.621440000000000000e+06
6.024000000000000021e+00,2.342641101449176131e+04,1.601606372726708469e+04,1.562500000000000000e+04,-3.910637272670838911e+02,2.621440000000000000e+06
6.027999999999999581e+00,2.363756324150893852e+04,1.695938083317932251e+04,1.718750000000000000e+04,2.281191668206776626e+02,2.883584000000000000e+06
6.032000000000000028e+00,2.311637214568551644e+04,1.726284534380607147e+04,1.718750000000000000e+04,-7.534534380607138360e+01,2.883584000000000000e+06
6.035999999999999588e+00,2.189431138591646595e+04,1.658842797766467993e+04,1.562500000000000000e+04,-9.634279776646811797e+02,2.621440000000000000e+06
6.040000000000000036e+00,2.003610096334136324e+04,1.539718256501089309e+04,1.562500000000000000e+04,2.278174349891071984e+02,2.621440000000000000e+06
6.043999999999999595e+00,1.763615380984477451e+04,1.359454214079209669e+04,1.406250000000000000e+04,4.679578592079042210e+02,2.359296000000000000e+06
6.048000000000000043e+00,1.481357029480708115e+04,1.120099377645706591e+04,1.093750000000000182e+04,-2.634937764570653940e+02,1.835008000000000000e+06
6.051999999999999602e+00,1.170595782156786481e+04,8.651731636163356598e+03,9.375000000000001819e+03,7.232683638366439709e+02,1.572864000000000000e+06
6.056000000000000050e+00,8.462411348231931697e+03,5.822645978247493076e+03,4.687500000000000909e+03,-1.135145978247492394e+03,7.864320000000000000e+05
6.059999999999999609e+00,5.236030344236882229e+03,2.591416898535176188e+03,3.125000000000000000e+03,5.335831014648241535e+02,5.242880000000000000e+05
6.064000000000000057e+00,2.176366417048281164e+03,-4.365118020213179193e+02,0.000000000000000000e+00,4.365118020213179193e+02,0.000000000000000000e+00
6.067999999999999616e+00,-5.778071447598744044e+02,-3.648477786789073889e+03,-4.687500000000000909e+03,-1.039022213210926793e+03,-7.864320000000000000e+05
6.072000000000000064e+00,-2.905036881308189095e+03,-6.546515361952033345e+03,-6.250000000000000000e+03,2.965153619520332313e+02,-1.048576000000000000e+06
6.075999999999999623e+00,-4.706718454052263951e+03,-8.969798467786897163e+03,-7.812500000000000000e+03,1.157298467786897163e+03,-1.310720000000000000e+06
6.080000000000000071e+00,-5.911350988431537189e+03,-1.082548277986845278e+04,-1.093750000000000182e+04,-1.120172201315473899e+02,-1.835008000000000000e+06
6.083999999999999631e+00,-6.477327367105855956e+03,-1.178071290857995700e+04,-1.250000000000000000e+04,-7.192870914200441348e+02,-2.097152000000000000e+06
6.088000000000000078e+00,-6.394153738248150148e+03,-1.227032839621294261e+04,-1.250000000000000000e+04,-2.296716037870575349e+02,-2.097152000000000000e+06
6.091999999999999638e+00,-5.682077810394163862e+03,-1.226327036312396922e+04,-1.250000000000000000e+04,-2.367296368760308383e+02,-2.097152000000000000e+06
6.096000000000000085e+00,-4.390190831784820148e+03,-1.184373846085631703e+04,-1.093750000000000182e+04,9.062384608563168058e+02,-1.835008000000000000e+06
6.099999999999999645e+00,-2.593147727056865733e+03,-1.035237372528228116e+04,-1.093750000000000182e+04,-5.851262747177190704e+02,-1.835008000000000000e+06
6.104000000000000092e+00,-3.867193454590809552e+02,-8.650173304452779121e+03,-7.812500000000000000e+03,8.376733044527795755e+02,-1.310720000000000000e+06
6.107999999999999652e+00,2.117553504448272633e+03,-6.666396245171135888e+03,-7.812500000000000000e+03,-1.146103754828864112e+03,-1.310720000000000000e+06
6.112000000000000099e+00,4.798295387956845843e+03,-4.260425768128227901e+03,-3.125000000000000000e+03,1.135425768128227446e+03,-5.242880000000000000e+05
6.115999999999999659e+00,7.530491244510952129e+03,-1.486252218720705514e+03,-1.562500000000000000e+03,-7.624778127929450022e+01,-2.621440000000000000e+05
6.120000000000000107e+00,1.019160947359644706e+04,1.313053158692429633e+03,0.000000000000000000e+00,-1.313053158692429633e+03,0.000000000000000000e+00
6.123999999999999666e+00,1.266733815469460569e+04,3.816810313222915283e+03,4.687500000000000909e+03,8.706896867770852850e+02,7.864320000000000000e+05
6.128000000000000114e+00,1.485665305775123488e+04,6.111222959709373754e+03,6.250000000000000000e+03,1.387770402906263882e+02,1.048576000000000000e+06
6.131999999999999673e+00,1.667598420014546718e+04,8.092483664156685336e+03,7.812500000000000000e+03,-2.799836641566855064e+02,1.310720000000000000e+06
6.136000000000000121e+00,1.806230702864027990e+04,9.907264937251484298e+03,9.375000000000001819e+03,-5.322649372514823654e+02,1.572864000000000000e+06
6.139999999999999680e+00,1.897505101481368547e+04,1.132379563477049851e+04,1.250000000000000000e+04,1.176204365229503082e+03,2.097152000000000000e+06
6.144000000000000128e+00,1.939678839299238825e+04,1.203908557812456093e+04,1.093750000000000182e+04,-1.101585578124559106e+03,1.835008000000000000e+06
6.147999999999999687e+00,1.933273472202426638e+04,1.248613885556614696e+04,1.250000000000000000e+04,1.386114443385419470e+01,2.097152000000000000e+06
6.152000000000000135e+00,1.880915689386485610e+04,1.291577020017101131e+04,1.406250000000000000e+04,1.146729799828988689e+03,2.359296000000000000e+06
6.155999999999999694e+00,1.787083955696657722e+04,1.227958243004802171e+04,1.093750000000000182e+04,-1.342082430048021251e+03,1.835008000000000000e+06
6.160000000000000142e+00,1.657780472934231875e+04,1.109310088164482659e+04,1.250000000000000000e+04,1.406899118355174323e+03,2.097152000000000000e+06
6.163999999999999702e+00,1.500150951108045774e+04,9.815155236489459639e+03,9.375000000000001819e+03,-4.401552364894575931e+02,1.572864000000000000e+06
6.168000000000000149e+00,1.322076205200379263e+04,8.313608406297031252e+03,7.812500000000000000e+03,-5.011084062970308537e+02,1.310720000000000000e+06
6.171999999999999709e+00,1.131759603608686848e+04,6.413295380290004687e+03,6.250000000000000000e+03,-1.632953802900042888e+02,1.048576000000000000e+06
6.176000000000000156e+00,9.373329612523906690e+03,4.635120410502624509e+03,4.687500000000000909e+03,5.237958949737623016e+01,7.864320000000000000e+05
6.179999999999999716e+00,7.465007516908437537e+03,2.490821421579663820e+03,3.125000000000000000e+03,6.341785784203364074e+02,5.242880000000000000e+05
6.184000000000000163e+00,5.662387421492412614e+03,5.310769919076482211e+02,0.000000000000000000e+00,-5.310769919076482211e+02,0.000000000000000000e+00
6.187999999999999723e+00,4.025586249063716878e+03,-1.005815815991243312e+03,-1.562500000000000000e+03,-5.566841840087568016e+02,-2.621440000000000000e+05
6.192000000000000171e+00,2.603452574849956818e+03,-2.382568020746544335e+03,-1.562500000000000000e+03,8.200680207465444482e+02,-2.621440000000000000e+05
6.195999999999999730e+00,1.432680770228353822e+03,-3.828986132092486514e+03,-3.125000000000000000e+03,7.039861320924864003e+02,-5.242880000000000000e+05
6.200000000000000178e+00,5.376345774991758617e+02,-5.189523427659110894e+03,-6.250000000000000000e+03,-1.060476572340889334e+03,-1.048576000000000000e+06
6.203999999999999737e+00,-6.919458495436504109e+01,-5.804761466661670056e+03,-6.250000000000000000e+03,-4.452385333383306829e+02,-1.048576000000000000e+06
6.208000000000000185e+00,-3.862035276888783528e+02,-6.412814859810371672e+03,-6.250000000000000000e+03,1.628148598103711890e+02,-1.048576000000000000e+06
6.211999999999999744e+00,-4.213005117626799461e+02,-6.692328184122565290e+03,-6.250000000000000000e+03,4.423281841225649487e+02,-1.048576000000000000e+06
6.216000000000000192e+00,-1.902818238710676439e+02,-7.036019094939072602e+03,-6.250000000000000000e+03,7.860190949390720334e+02,-1.048576000000000000e+06
6.219999999999999751e+00,2.848909016929419522e+02,-6.913412928761888907e+03,-7.812500000000000000e+03,-8.990870712381107523e+02,-1.310720000000000000e+06
6.224000000000000199e+00,9.777749546983558275e+02,-6.548609954767032832e+03,-6.250000000000000000e+03,2.986099547670328320e+02,-1.048576000000000000e+06
6.227999999999999758e+00,1.858974323280854378e+03,-5.454330077038243871e+03,-6.250000000000000000e+03,-7.956699229617562423e+02,-1.048576000000000000e+06
6.232000000000000206e+00,2.897420362618258878e+03,-4.718873271957662837e+03,-4.687500000000000909e+03,3.137327195766245680e+01,-7.864320000000000000e+05
6.235999999999999766e+00,4.061347708598721965e+03,-3.801520317956013059e+03,-3.125000000000000000e+03,6.765203179560129456e+02,-5.242880000000000000e+05
6.240000000000000213e+00,5.318943448915380031e+03,-2.583098827918538518e+03,-3.125000000000000000e+03,-5.419011720814614819e+02,-5.242880000000000000e+05
6.243999999999999773e+00,6.638683022685099786e+03,-1.248971517413857100e+03,0.000000000000000000e+00,1.248971517413857100e+03,0.000000000000000000e+00
6.248000000000000220e+00,7.989398745745852466e+03,2.893370933596052197e+01,0.000000000000000000e+00,-2.893370933596052197e+01,0.000000000000000000e+00
6.251999999999999780e+00,9.340153701417120828e+03,1.173247293567552788e+03,0.000000000000000000e+00,-1.173247293567552788e+03,0.000000000000000000e+00
6.256000000000000227e+00,1.066001290447208339e+04,2.689345009438901798e+03,3.125000000000000000e+03,4.356549905610981455e+02,5.242880000000000000e+05
6.259999999999999787e+00,1.191781365543728680e+04,3.898863606719437030e+03,4.687500000000000909e+03,7.886363932805636523e+02,7.864320000000000000e+05
6.264000000000000234e+00,1.308203708095182265e+04,5.010986000027906812e+03,4.687500000000000909e+03,-3.234860000279060728e+02,7.864320000000000000e+05
6.267999999999999794e+00,1.412087299773803716e+04,6.283060671344310322e+03,6.250000000000000000e+03,-3.306067134430968935e+01,1.048576000000000000e+06
6.272000000000000242e+00,1.500255120320319475e+04,7.049844964442712808e+03,6.250000000000000000e+03,-7.998449644427123530e+02,1.048576000000000000e+06
6.275999999999999801e+00,1.569598555830657642e+04,7.904405368275737601e+03,7.812500000000000000e+03,-9.190536827573779988e+01,1.310720000000000000e+06
6.280000000000000249e+00,1.617174487087082889e+04,8.497908503636434034e+03,9.375000000000001819e+03,8.770914963635665345e+02,1.572864000000000000e+06
6.283999999999999808e+00,1.640332915494964982e+04,8.985141559341154789e+03,9.375000000000001819e+03,3.898584406588460638e+02,1.572864000000000000e+06
6.288000000000000256e+00,1.636869416080618430e+04,9.235303402784204081e+03,7.812500000000000000e+03,-1.422803402784203854e+03,1.310720000000000000e+06
6.291999999999999815e+00,1.605193404698550694e+04,9.074697047570076393e+03,9.375000000000001819e+03,3.003029524299254263e+02,1.572864000000000000e+06
6.296000000000000263e+00,1.544500447782585070e+04,8.580772368541900505e+03,9.375000000000001819e+03,7.942276314581008592e+02,1.572864000000000000e+06
6.299999999999999822e+00,1.454934872118810745e+04,7.996217994502372676e+03,7.812500000000000000e+03,-1.837179945023727328e+02,1.310720000000000000e+06
6.304000000000000270e+00,1.337727942226726373e+04,7.100386736809005924e+03,6.250000000000000000e+03,-8.503867368090060381e+02,1.048576000000000000e+06
6.307999999999999829e+00,1.195296990646003542e+04,5.857118832843692871e+03,6.250000000000000000e+03,3.928811671563073560e+02,1.048576000000000000e+06
6.312000000000000277e+00,1.031292161452707478e+04,4.694717919815254390e+03,4.687500000000000909e+03,-7.217919815253812210e+00,7.864320000000000000e+05
6.315999999999999837e+00,8.505798270362001858e+03,3.280970793199793206e+03,3.125000000000000000e+03,-1.559707931997932349e+02,5.242880000000000000e+05
6.320000000000000284e+00,6.591551477093345056e+03,1.383468696716169916e+03,1.562500000000000000e+03,1.790313032838301979e+02,2.621440000000000000e+05
6.323999999999999844e+00,4.639804718127866181e+03,-4.914399404097616753e+02,0.000000000000000000e+00,4.914399404097616753e+02,0.000000000000000000e+00
6.328000000000000291e+00,2.727510639713153068e+03,-2.582539470585666550e+03,-3.125000000000000000e+03,-5.424605294143337915e+02,-5.242880000000000000e+05
6.331999999999999851e+00,9.359469484557689611e+02,-4.710763793982154311e+03,-4.687500000000000909e+03,2.326379398215339123e+01,-7.864320000000000000e+05
6.336000000000000298e+00,-6.528340926061049458e+02,-6.003909198296822069e+03,-6.250000000000000000e+03,-2.460908017031786983e+02,-1.048576000000000000e+06
6.339999999999999858e+00,-1.959942188046954470e+03,-7.697580067344365489e+03,-7.812500000000000000e+03,-1.149199326556347955e+02,-1.310720000000000000e+06
6.344000000000000306e+00,-2.913773325945285706e+03,-8.769094421882222377e+03,-7.812500000000000000e+03,9.565944218822216953e+02,-1.310720000000000000e+06
6.347999999999999865e+00,-3.454096286848322961e+03,-9.509960998551106968e+03,-9.375000000000001819e+03,1.349609985511063144e+02,-1.572864000000000000e+06
6.352000000000000313e+00,-3.535861200133433158e+03,-1.035339317545587255e+04,-1.093750000000000182e+04,-5.841068245441283580e+02,-1.835008000000000000e+06
6.355999999999999872e+00,-3.132489874606798821e+03,-1.055190786136797578e+04,-1.093750000000000182e+04,-3.855921386320248416e+02,-1.835008000000000000e+06
6.360000000000000320e+00,-2.238422638930041558e+03,-1.001565739378622311e+04,-9.375000000000001819e+03,6.406573937862217463e+02,-1.572864000000000000e+06
6.363999999999999879e+00,-8.707263366089946430e+02,-9.048002209296333604e+03,-9.375000000000001819e+03,-3.269977907036682154e+02,-1.572864000000000000e+06
6.368000000000000327e+00,9.303882723315683734e+02,-7.933694455787136576e+03,-7.812500000000000000e+03,1.211944557871370165e+02,-1.310720000000000000e+06
6.371999999999999886e+00,3.102236265426776299e+03,-6.111108202214896664e+03,-6.250000000000000000e+03,-1.388917977851039609e+02,-1.048576000000000000e+06
6.376000000000000334e+00,5.561548196582858509e+03,-3.904567452262647294e+03,-3.125000000000000000e+03,7.795674522626471799e+02,-5.242880000000000000e+05
6.379999999999999893e+00,8.207543444478336824e+03,-1.613576700363191094e+03,-1.562500000000000000e+03,5.107670036319099438e+01,-2.621440000000000000e+05
6.384000000000000341e+00,1.092608113807144036e+04,9.222974941635484356e+02,0.000000000000000000e+00,-9.222974941635484356e+02,0.000000000000000000e+00
6.387999999999999901e+00,1.359471573376772722e+04,3.660492019438363968e+03,4.687500000000000909e+03,1.027007980561636487e+03,7.864320000000000000e+05
6.392000000000000348e+00,1.608842485021287575e+04,6.159005054389604993e+03,4.687500000000000909e+03,-1.471505054389604538e+03,7.864320000000000000e+05
6.395999999999999908e+00,1.828572866486984640e+04,8.525724263388383406e+03,9.375000000000001819e+03,8.492757366116171625e+02,1.572864000000000000e+06
6.400000000000000355e+00,2.007488632073371627e+04,1.050444473834383825e+04,1.093750000000000182e+04,4.330552616561619175e+02,1.835008000000000000e+06
6.403999999999999915e+00,2.135983788177572933e+04,1.224750104441178155e+04,1.250000000000000000e+04,2.524989555882199568e+02,2.097152000000000000e+06
6.408000000000000362e+00,2.206556196085140255e+04,1.338466116667187634e+04,1.250000000000000000e+04,-8.846611666718761171e+02,2.097152000000000000e+06
6.411999999999999922e+00,2.214253970453231159e+04,1.387764355689274453e+04,1.406250000000000000e+04,1.848564431072563536e+02,2.359296000000000000e+06
6.416000000000000369e+00,2.157005471460557237e+04,1.398530740018769757e+04,1.406250000000000000e+04,7.719259981230248968e+01,2.359296000000000000e+06
6.419999999999999929e+00,2.035811396711399721e+04,1.376917946506024418e+04,1.406250000000000000e+04,2.933205349397553618e+02,2.359296000000000000e+06
6.424000000000000377e+00,1.854784408227410677e+04,1.252229678647527362e+04,1.250000000000000000e+04,-2.229678647527357072e+01,2.097152000000000000e+06
6.427999999999999936e+00,1.621029674775114836e+04,1.039134908570739026e+04,9.375000000000001819e+03,-1.016349085707388781e+03,1.572864000000000000e+06
6.432000000000000384e+00,1.344368237025477720e+04,8.316229467599972850e+03,9.375000000000001819e+03,1.058770532400029197e+03,1.572864000000000000e+06
6.435999999999999943e+00,1.036913735997028016e+04,5.798188596027827771e+03,4.687500000000000909e+03,-1.110688596027827316e+03,7.864320000000000000e+05
6.440000000000000391e+00,7.125212915386941859e+03,2.541845172146523055e+03,3.125000000000000000e+03,5.831548278534769452e+02,5.242880000000000000e+05
6.443999999999999950e+00,3.861346980935886677e+03,-3.549415216574722081e+02,0.000000000000000000e+00,3.549415216574722081e+02,0.000000000000000000e+00
6.448000000000000398e+00,7.306418220970940638e+02,-3.458185997548162049e+03,-3.125000000000000000e+03,3.331859975481618790e+02,-5.242880000000000000e+05
6.451999999999999957e+00,-2.117686290623116747e+03,-6.550025377290369761e+03,-7.812500000000000000e+03,-1.262474622709630012e+03,-1.310720000000000000e+06
6.456000000000000405e+00,-4.545794260579403272e+03,-9.181477430281933266e+03,-7.812500000000000000e+03,1.368977430281933721e+03,-1.310720000000000000e+06
6.459999999999999964e+00,-6.434241851754049094e+03,-1.136856619418379341e+04,-1.250000000000000000e+04,-1.131433805816206586e+03,-2.097152000000000000e+06
6.464000000000000412e+00,-7.688187914726069721e+03,-1.323556784471264473e+04,-1.250000000000000000e+04,7.355678447126448418e+02,-2.097152000000000000e+06
6.467999999999999972e+00,-8.242416544623134541e+03,-1.434630434657831574e+04,-1.406250000000000000e+04,2.838043465783150054e+02,-2.359296000000000000e+06
6.472000000000000419e+00,-8.064914951296499567e+03,-1.493194340060885770e+04,-1.562500000000000000e+04,-6.930565993911418445e+02,-2.621440000000000000e+06
6.475999999999999979e+00,-7.158799176407012965e+03,-1.455611365885093619e+04,-1.406250000000000000e+04,4.936136588509360195e+02,-2.359296000000000000e+06
6.480000000000000426e+00,-5.562470112272602819e+03,-1.400178759077816176e+04,-1.406250000000000000e+04,-6.071240922183793032e+01,-2.359296000000000000e+06
6.483999999999999986e+00,-3.347975844094768036e+03,-1.245243402177341886e+04,-1.250000000000000000e+04,-4.756597822658248731e+01,-2.097152000000000000e+06
6.488000000000000433e+00,-6.176519817160069579e+02,-1.032128493844611876e+04,-1.093750000000000182e+04,-6.162150615538815828e+02,-1.835008000000000000e+06
6.491999999999999993e+00,2.500795953050154367e+03,-7.621388248064478830e+03,-7.812500000000000000e+03,-1.911117519355215393e+02,-1.310720000000000000e+06
6.496000000000000441e+00,5.860520031438411024e+03,-4.468009832050314799e+03,-4.687500000000000909e+03,-2.194901679496855422e+02,-7.864320000000000000e+05
6.500000000000000000e+00,9.302748407778315595e+03,-1.494272625038025353e+03,0.000000000000000000e+00,1.494272625038025353e+03,0.000000000000000000e+00
6.503999999999999559e+00,1.266462215352534258e+04,1.762165190895037085e+03,1.562500000000000000e+03,-1.996651908950368863e+02,2.621440000000000000e+05
6.508000000000000007e+00,1.578724421455684387e+04,4.943136765727214879e+03,4.687500000000000909e+03,-2.556367657272143390e+02,7.864320000000000000e+05
6.511999999999999567e+00,1.852352274280665006e+04,7.998041275272703388e+03,7.812500000000000000e+03,-1.855412752727030750e+02,1.310720000000000000e+06
6.516000000000000014e+00,2.074540222846049073e+04,1.072294900422148021e+04,1.093750000000000182e+04,2.145509957785212691e+02,1.835008000000000000e+06
6.519999999999999574e+00,2.235010910551172856e+04,1.311243138180252572e+04,1.250000000000000000e+04,-6.124313818025254932e+02,2.097152000000000000e+06
6.524000000000000021e+00,2.326509194285319973e+04,1.425494539912188338e+04,1.406250000000000000e+04,-1.924453991218825308e+02,2.359296000000000000e+06
6.527999999999999581e+00,2.345140694927177174e+04,1.510308476747313580e+04,1.562500000000000000e+04,5.219152325268636332e+02,2.621440000000000000e+06
6.532000000000000028e+00,2.290538333629956105e+04,1.516335706440662943e+04,1.562500000000000000e+04,4.616429355933701117e+02,2.621440000000000000e+06
6.535999999999999588e+00,2.165849539025327249e+04,1.459419242319375917e+04,1.406250000000000000e+04,-5.316924231937581453e+02,2.359296000000000000e+06
6.540000000000000036e+00,1.977546373955950912e+04,1.342675067038095585e+04,1.406250000000000000e+04,6.357493296190452838e+02,2.359296000000000000e+06
6.543999999999999595e+00,1.735070194323925534e+04,1.186390848923903832e+04,1.093750000000000182e+04,-9.264084892390364985e+02,1.835008000000000000e+06
6.548000000000000043e+00,1.450331099764305691e+04,9.633292299080387238e+03,9.375000000000001819e+03,-2.582922990803857033e+02,1.572864000000000000e+06
6.551999999999999602e+00,1.137089893289838074e+04,6.919160231617216596e+03,7.812500000000000000e+03,8.933397683827835181e+02,1.310720000000000000e+06
6.556000000000000050e+00,8.102561333699674833e+03,3.793516566845902162e+03,3.125000000000000000e+03,-6.685165668459019344e+02,5.242880000000000000e+05
6.559999999999999609e+00,4.851398295860628423e+03,4.600589661867683731e+02,1.562500000000000000e+03,1.102441033813231797e+03,2.621440000000000000e+05
6.564000000000000057e+00,1.766962052992953204e+03,-2.733662509498933559e+03,-3.125000000000000000e+03,-3.913374905010666680e+02,-5.242880000000000000e+05
6.567999999999999616e+00,-1.011973480428723747e+03,-5.243229971066559301e+03,-6.250000000000000000e+03,-1.006770028933441267e+03,-1.048576000000000000e+06
6.572000000000000064e+00,-3.363954218885772207e+03,-8.002393621916179654e+03,-7.812500000000000000e+03,1.898936219161800238e+02,-1.310720000000000000e+06
6.575999999999999623e+00,-5.190375198471568183e+03,-1.008769462701190605e+04,-9.375000000000001819e+03,7.126946270119040037e+02,-1.572864000000000000e+06
6.580000000000000071e+00,-6.419734919556402929e+03,-1.216287995465715721e+04,-1.250000000000000000e+04,-3.371200453428438664e+02,-2.097152000000000000e+06
6.583999999999999631e+00,-7.010425640039738937e+03,-1.330027499052034000e+04,-1.250000000000000000e+04,8.002749905203394292e+02,-2.097152000000000000e+06
6.588000000000000078e+00,-6.951952883658635074e+03,-1.355951717877358169e+04,-1.406250000000000000e+04,-5.029828212264192189e+02,-2.359296000000000000e+06
6.591999999999999638e+00,-6.264563734853217284e+03,-1.374085898490616273e+04,-1.406250000000000000e+04,-3.216410150938368702e+02,-2.359296000000000000e+06
6.596000000000000085e+00,-4.997348818125024991e+03,-1.316908594167848059e+04,-1.250000000000000000e+04,6.690859416784797986e+02,-2.097152000000000000e+06
6.599999999999999645e+00,-3.224962434743084941e+03,-1.203785324389027664e+04,-1.250000000000000000e+04,-4.621467561097235262e+02,-2.097152000000000000e+06
6.604000000000000092e+00,-1.043174810976240678e+03,-1.026593444498037024e+04,-1.093750000000000182e+04,-6.715655550196316881e+02,-1.835008000000000000e+06
6.607999999999999652e+00,1.436473867191965155e+03,-8.076091772807199050e+03,-7.812500000000000000e+03,2.635917728071989359e+02,-1.310720000000000000e+06
6.612000000000000099e+00,4.092608787210828723e+03,-5.747766935362477852e+03,-4.687500000000000909e+03,1.060266935362477398e+03,-7.864320000000000000e+05
6.615999999999999659e+00,6.800215510247540806e+03,-3.185229380458999913e+03,-4.687500000000000909e+03,-1.502270619541000997e+03,-7.864320000000000000e+05
6.620000000000000107e+00,9.436763057060203209e+03,-8.596406598432361079e+02,0.000000000000000000e+00,8.596406598432361079e+02,0.000000000000000000e+00
6.623999999999999666e+00,1.188794012793624279e+04,1.629907674709448884e+03,1.562500000000000000e+03,-6.740767470944869899e+01,2.621440000000000000e+05
6.628000000000000114e+00,1.405272311314588296e+04,4.155901497238273805e+03,4.687500000000000909e+03,5.315985027617266496e+02,7.864320000000000000e+05
6.631999999999999673e+00,1.584754264989488001e+04,6.506363418822838867e+03,6.250000000000000000e+03,-2.563634188228382982e+02,1.048576000000000000e+06
6.636000000000000121e+00,1.720937480425963804e+04,7.995715782668595239e+03,7.812500000000000000e+03,-1.832157826685953239e+02,1.310720000000000000e+06
6.639999999999999680e+00,1.809764966660298887e+04,9.210749871147218073e+03,9.375000000000001819e+03,1.642501288527838028e+02,1.572864000000000000e+06
6.644000000000000128e+00,1.849494008949175259e+04,1.020853642846263574e+04,9.375000000000001819e+03,-8.335364284626344897e+02,1.572864000000000000e+06
6.647999999999999687e+00,1.840646224945380891e+04,1.080061026097401191e+04,1.093750000000000182e+04,1.368897390259891154e+02,1.835008000000000000e+06
6.652000000000000135e+00,1.785848365554906923e+04,1.109250503618667062e+04,1.093750000000000182e+04,-1.550050361866697131e+02,1.835008000000000000e+06
6.655999999999999694e+00,1.689578957274293134e+04,1.057686312073695444e+04,1.093750000000000182e+04,3.606368792630470352e+02,1.835008000000000000e+06
6.660000000000000142e+00,1.557840263495445470e+04,9.295620338095899569e+03,9.375000000000001819e+03,7.937966190410192269e+01,1.572864000000000000e+06
6.663999999999999702e+00,1.397778055755566311e+04,7.959688886036427903e+03,7.812500000000000000e+03,-1.471888860364277321e+02,1.310720000000000000e+06
6.668000000000000149e+00,1.217273210501509675e+04,6.647899893563497244e+03,6.250000000000000000e+03,-3.978998935634967893e+02,1.048576000000000000e+06
6.671999999999999709e+00,1.024529157529937038e+04,4.850784032886226669e+03,6.250000000000000000e+03,1.399215967113773331e+03,1.048576000000000000e+06
6.676000000000000156e+00,8.276777730925874494e+03,3.052087188361277640e+03,1.562500000000000000e+03,-1.489587188361277640e+03,2.621440000000000000e+05
6.679999999999999716e+00,6.344235920126785459e+03,1.202376945624097061e+03,1.562500000000000000e+03,3.601230543759030525e+02,2.621440000000000000e+05
6.684000000000000163e+00,4.517424427092558290e+03,-8.120661001801262273e+02,0.000000000000000000e+00,8.120661001801262273e+02,0.000000000000000000e+00
6.687999999999999723e+00,2.856460785834091439e+03,-2.699261944348366342e+03,-3.125000000000000000e+03,-4.257380556516336583e+02,-5.242880000000000000e+05
6.692000000000000171e+00,1.410194182071317528e+03,-4.194344105454232704e+03,-4.687500000000000909e+03,-4.931558945457676373e+02,-7.864320000000000000e+05
6.695999999999999730e+00,2.153195969272552190e+02,-5.700143058440534332e+03,-4.687500000000000909e+03,1.012643058440533309e+03,-7.864320000000000000e+05
6.700000000000000178e+00,-7.037986183137982152e+02,-7.081032706048049477e+03,-7.812500000000000000e+03,-7.314672939519508645e+02,-1.310720000000000000e+06
6.703999999999999737e+00,-1.334668437061684244e+03,-7.879537362978139754e+03,-7.812500000000000000e+03,6.703736297813955503e+01,-1.310720000000000000e+06
6.708000000000000185e+00,-1.675686062458474680e+03,-8.549395504436473857e+03,-7.812500000000000000e+03,7.368955044364730611e+02,-1.310720000000000000e+06
6.711999999999999744e+00,-1.734759148955981118e+03,-9.067613333674029491e+03,-9.375000000000001819e+03,-3.073866663259715892e+02,-1.572864000000000000e+06
6.716000000000000192e+00,-1.527683377466057664e+03,-9.044139285553908849e+03,-9.375000000000001819e+03,-3.308607144460930840e+02,-1.572864000000000000e+06
6.719999999999999751e+00,-1.076419777336765492e+03,-8.797315225387144892e+03,-9.375000000000001819e+03,-5.776847746128566996e+02,-1.572864000000000000e+06
6.724000000000000199e+00,-4.074104547079558074e+02,-8.254034621930246431e+03,-7.812500000000000000e+03,4.415346219302472832e+02,-1.310720000000000000e+06
6.727999999999999758e+00,4.499491817782056842e+02,-7.423083522967644058e+03,-7.812500000000000000e+03,-3.894164770323555445e+02,-1.310720000000000000e+06
6.732000000000000206e+00,1.464591089637440291e+03,-6.496157022802995016e+03,-6.250000000000000000e+03,2.461570228029950442e+02,-1.048576000000000000e+06
6.735999999999999766e+00,2.604750506196192873e+03,-5.276536082508662730e+03,-4.687500000000000909e+03,5.890360825086615932e+02,-7.864320000000000000e+05
6.740000000000000213e+00,3.838615119671332650e+03,-4.186232091890540687e+03,-4.687500000000000909e+03,-5.012679081094597109e+02,-7.864320000000000000e+05
6.743999999999999773e+00,5.134660968773573586e+03,-2.908149919405509536e+03,-3.125000000000000000e+03,-2.168500805944904926e+02,-5.242880000000000000e+05
6.748000000000000220e+00,6.461720967989789642e+03,-1.673892000434122792e+03,-1.562500000000000000e+03,1.113920004341226644e+02,-2.621440000000000000e+05
6.751999999999999780e+00,7.788858798327927616e+03,-5.231049596494569869e+02,0.000000000000000000e+00,5.231049596494569869e+02,0.000000000000000000e+00
6.756000000000000227e+00,9.085140071274834554e+03,8.765067925519812206e+02,0.000000000000000000e+00,-8.765067925519812206e+02,0.000000000000000000e+00
6.759999999999999787e+00,1.031940268308018858e+04,2.008185649017610558e+03,3.125000000000000000e+03,1.116814350982389669e+03,5.242880000000000000e+05
6.764000000000000234e+00,1.146012835510070909e+04,3.330061495040380578e+03,3.125000000000000000e+03,-2.050614950403805210e+02,5.242880000000000000e+05
6.767999999999999794e+00,1.247550749775622899e+04,4.651776625499747752e+03,4.687500000000000909e+03,3.572337450025338512e+01,7.864320000000000000e+05
6.772000000000000242e+00,1.333377050111602512e+04,5.736617884882120961e+03,4.687500000000000909e+03,-1.049117884882120279e+03,7.864320000000000000e+05
6.775999999999999801e+00,1.400383181775100275e+04,6.411023749223377308e+03,7.812500000000000000e+03,1.401476250776622919e+03,1.310720000000000000e+06
6.780000000000000249e+00,1.445626084603011986e+04,6.854818878948127349e+03,6.250000000000000000e+03,-6.048188789481270078e+02,1.048576000000000000e+06
6.783999999999999808e+00,1.466455818947317130e+04,7.278704646356893136e+03,7.812500000000000000e+03,5.337953536431070916e+02,1.310720000000000000e+06
6.788000000000000256e+00,1.460668018671424215e+04,7.577405459434138720e+03,6.250000000000000000e+03,-1.327405459434138493e+03,1.048576000000000000e+06
6.791999999999999815e+00,1.426672158355942338e+04,7.210152883221532647e+03,7.812500000000000000e+03,6.023471167784675799e+02,1.310720000000000000e+06
6.796000000000000263e+00,1.363663863048307212e+04,7.000674064773653299e+03,7.812500000000000000e+03,8.118259352263463597e+02,1.310720000000000000e+06
6.799999999999999822e+00,1.271787518034259483e+04,6.477756664724794973e+03,6.250000000000000000e+03,-2.277566647247942626e+02,1.048576000000000000e+06
6.804000000000000270e+00,1.152274446217495642e+04,5.498189506080445426e+03,4.687500000000000909e+03,-8.106895060804447439e+02,7.864320000000000000e+05
6.807999999999999829e+00,1.007542038404996674e+04,4.088570192129222050e+03,4.687500000000000909e+03,5.989298078707787454e+02,7.864320000000000000e+05
6.812000000000000277e+00,8.412404968217184432e+03,2.669538921354747799e+03,3.125000000000000000e+03,4.554610786452525417e+02,5.242880000000000000e+05
6.815999999999999837e+00,6.582362518860622004e+03,9.717961955729051624e+02,0.000000000000000000e+00,-9.717961955729051624e+02,0.000000000000000000e+00
6.820000000000000284e+00,4.645245218186046259e+03,-8.520259413805947588e+02,0.000000000000000000e+00,8.520259413805947588e+02,0.000000000000000000e+00
6.823999999999999844e+00,2.670677127449581803e+03,-2.496064292981982362e+03,-3.125000000000000000e+03,-6.289357070180176379e+02,-5.242880000000000000e+05
6.828000000000000291e+00,7.356114695055641732e+02,-4.521469524847298999e+03,-4.687500000000000909e+03,-1.660304751527020812e+02,-7.864320000000000000e+05
6.831999999999999851e+00,-1.078673473689660341e+03,-6.325992011186812306e+03,-6.250000000000000000e+03,7.599201118681232003e+01,-1.048576000000000000e+06
6.836000000000000298e+00,-2.690124865019682147e+03,-7.888016731233038627e+03,-7.812500000000000000e+03,7.551673123303882562e+01,-1.310720000000000000e+06
6.839999999999999858e+00,-4.019851836266859209e+03,-9.364691062272735508e+03,-9.375000000000001819e+03,-1.030893772726616753e+01,-1.572864000000000000e+06
6.844000000000000306e+00,-4.996249804018225404e+03,-1.019593252576798295e+04,-9.375000000000001819e+03,8.209325257679811330e+02,-1.572864000000000000e+06
6.847999999999999865e+00,-5.559086978644362716e+03,-1.119191253559147663e+04,-1.250000000000000000e+04,-1.308087464408523147e+03,-2.097152000000000000e+06
6.852000000000000313e+00,-5.663312920675573878e+03,-1.186467066807616538e+04,-1.093750000000000182e+04,9.271706680761635653e+02,-1.835008000000000000e+06
6.855999999999999872e+00,-5.282348871414664245e+03,-1.192450205193141664e+04,-1.250000000000000000e+04,-5.754979480685849467e+02,-2.097152000000000000e+06
6.860000000000000320e+00,-4.410634593377937563e+03,-1.166210613590198409e+04,-1.093750000000000182e+04,7.246061359019832935e+02,-1.835008000000000000e+06
6.863999999999999879e+00,-3.065236365298449982e+03,-1.084832232847000887e+04,-1.093750000000000182e+04,-8.917767152999238078e+01,-1.835008000000000000e+06
6.868000000000000327e+00,-1.286364383814895064e+03,-9.534422699573780847e+03,-9.375000000000001819e+03,1.594226995737801928e+02,-1.572864000000000000e+06
6.871999999999999886e+00,8.632969905931064432e+02,-7.720274010045051000e+03,-7.812500000000000000e+03,-9.222598995494921326e+01,-1.310720000000000000e+06
6.876000000000000334e+00,3.300478872401939043e+03,-5.715788701941196450e+03,-6.250000000000000000e+03,-5.342112980588038909e+02,-1.048576000000000000e+06
6.879999999999999893e+00,5.924401199430812994e+03,-3.551024685214146757e+03,-3.125000000000000000e+03,4.260246852141463592e+02,-5.242880000000000000e+05
6.884000000000000341e+00,8.620923658335330401e+03,-1.141981628465018957e+03,-1.562500000000000000e+03,-4.205183715349810996e+02,-2.621440000000000000e+05
6.887999999999999901e+00,1.126760126176101403e+04,1.606488213036597699e+03,1.562500000000000000e+03,-4.398821303659770621e+01,2.621440000000000000e+05
6.892000000000000348e+00,1.373941218312181809e+04,4.072362769634382857e+03,4.687500000000000909e+03,6.151372303656180520e+02,7.864320000000000000e+05
6.895999999999999908e+00,1.591487715316337199e+04,6.481423610897319122e+03,6.250000000000000000e+03,-2.314236108973185537e+02,1.048576000000000000e+06
6.900000000000000355e+00,1.768225586666401068e+04,8.747960009430689752e+03,7.812500000000000000e+03,-9.354600094306896381e+02,1.310720000000000000e+06
6.903999999999999915e+00,1.894548893786459666e+04,1.024563630271851434e+04,1.093750000000000182e+04,6.918636972814869068e+02,1.835008000000000000e+06
6.908000000000000362e+00,1.962955552836296920e+04,1.170283044720879116e+04,1.093750000000000182e+04,-7.653304472087907016e+02,1.835008000000000000e+06
6.911999999999999922e+00,1.968493733193168737e+04,1.243950333821755703e+04,1.250000000000000000e+04,6.049666178244324044e+01,2.097152000000000000e+06
6.916000000000000369e+00,1.909091849600380010e+04,1.229304998190918195e+04,1.250000000000000000e+04,2.069500180908179345e+02,2.097152000000000000e+06
6.919999999999999929e+00,1.785750654069910524e+04,1.166010807197829854e+04,1.250000000000000000e+04,8.398919280217018013e+02,2.097152000000000000e+06
6.924000000000000377e+00,1.602582862872863006e+04,1.062524247010038198e+04,1.093750000000000182e+04,3.122575298996187598e+02,1.835008000000000000e+06
6.927999999999999936e+00,1.366693698865566330e+04,8.970865366360560074e+03,7.812500000000000000e+03,-1.158365366360559619e+03,1.310720000000000000e+06
6.932000000000000384e+00,1.087904256647790498e+04,6.801888108493012624e+03,7.812500000000000000e+03,1.010611891506987831e+03,1.310720000000000000e+06
6.935999999999999943e+00,7.783282310045122358e+03,4.207901088901401636e+03,3.125000000000000000e+03,-1.082901088901401636e+03,5.242880000000000000e+05
6.940000000000000391e+00,4.518207953873943552e+03,1.219900225103392359e+03,1.562500000000000000e+03,3.425997748966076983e+02,2.621440000000000000e+05
6.943999999999999950e+00,1.233257976771896210e+03,-2.198592353194353564e+03,-1.562500000000000000e+03,6.360923531943535636e+02,-2.621440000000000000e+05
6.948000000000000398e+00,-1.918464823068783744e+03,-5.418315605622690782e+03,-6.250000000000000000e+03,-8.316843943773095589e+02,-1.048576000000000000e+06
6.951999999999999957e+00,-4.787743644107244108e+03,-8.200105190856043919e+03,-7.812500000000000000e+03,3.876051908560436914e+02,-1.310720000000000000e+06
6.956000000000000405e+00,-7.236734860354664306e+03,-1.100503133527935279e+04,-1.093750000000000182e+04,6.753133527935203517e+01,-1.835008000000000000e+06
6.959999999999999964e+00,-9.145997708154507563e+03,-1.297742018370773076e+04,-1.250000000000000000e+04,4.774201837077305299e+02,-2.097152000000000000e+06
6.964000000000000412e+00,-1.042069051216471962e+04,-1.490578594936464651e+04,-1.562500000000000000e+04,-7.192140506353528053e+02,-2.621440000000000000e+06
6.967999999999999972e+00,-1.099559684332296456e+04,-1.591800076963485117e+04,-1.562500000000000000e+04,2.930007696348504851e+02,-2.621440000000000000e+06
6.972000000000000419e+00,-1.083870338903500488e+04,-1.650943007479839434e+04,-1.718750000000000000e+04,-6.780699252016062246e+02,-2.883584000000000000e+06
6.975999999999999979e+00,-9.953125670273620926e+03,-1.670846608767784346e+04,-1.562500000000000000e+04,1.083466087677842324e+03,-2.621440000000000000e+06
6.980000000000000426e+00,-8.377264060439481909e+03,-1.569179041346499616e+04,-1.562500000000000000e+04,6.679041346499548126e+01,-2.621440000000000000e+06
6.983999999999999986e+00,-6.183166127600691652e+03,-1.418182313265101948e+04,-1.406250000000000000e+04,1.193231326510196766e+02,-2.359296000000000000e+06
6.988000000000000433e+00,-3.473166966263134782e+03,-1.203421707834753215e+04,-1.250000000000000000e+04,-4.657829216524692697e+02,-2.097152000000000000e+06
6.991999999999999993e+00,-3.749715847137099445e+02,-9.396677681826568005e+03,-9.375000000000001819e+03,2.167768182656688936e+01,-1.572864000000000000e+06
6.996000000000000441e+00,2.964572599985918259e+03,-6.351639517510186124e+03,-6.250000000000000000e+03,1.016395175101854704e+02,-1.048576000000000000e+06
7.000000000000000000e+00,6.386694252033254088e+03,-3.257985801491223810e+03,-3.125000000000000000e+03,1.329858014912236115e+02,-5.242880000000000000e+05
7.003999999999999559e+00,9.728534950902974742e+03,1.874009363119571674e+02,0.000000000000000000e+00,-1.874009363119571674e+02,0.000000000000000000e+00
7.008000000000000007e+00,1.283119814863010834e+04,3.255869368190812565e+03,3.125000000000000000e+03,-1.308693681908125086e+02,5.242880000000000000e+05
7.011999999999999567e+00,1.554759250143170902e+04,6.296779096869294335e+03,6.250000000000000000e+03,-4.677909686929410071e+01,1.048576000000000000e+06
7.016000000000000014e+00,1.774966300188982132e+04,9.153850540427669330e+03,9.375000000000001819e+03,2.211494595723319208e+02,1.572864000000000000e+06
7.019999999999999574e+00,1.933463658449427021e+04,1.111176889235427734e+04,1.093750000000000182e+04,-1.742688923542755219e+02,1.835008000000000000e+06
7.024000000000000021e+00,2.022996231672195063e+04,1.272531959087741598e+04,1.250000000000000000e+04,-2.253195908774145835e+02,2.097152000000000000e+06
7.027999999999999581e+00,2.039669690401876142e+04,1.364089398609727505e+04,1.406250000000000000e+04,4.216060139027259197e+02,2.359296000000000000e+06
7.032000000000000028e+00,1.983117005263836108e+04,1.364660961927789685e+04,1.406250000000000000e+04,4.158903807221034867e+02,2.359296000000000000e+06
7.035999999999999588e+00,1.856485654166882523e+04,1.314938309364539055e+04,1.250000000000000000e+04,-6.493830936453899767e+02,2.097152000000000000e+06
7.040000000000000036e+00,1.666247749034574736e+04,1.186268739689799440e+04,1.250000000000000000e+04,6.373126031020068467e+02,2.097152000000000000e+06
7.043999999999999595e+00,1.421844694652411999e+04,9.973095972431727205e+03,9.375000000000001819e+03,-5.980959724317252721e+02,1.572864000000000000e+06
7.048000000000000043e+00,1.135186639340120564e+04,7.584205412899000294e+03,7.812500000000000000e+03,2.282945871009993084e+02,1.310720000000000000e+06
7.051999999999999602e+00,8.200344345951652940e+03,5.140066946898894457e+03,4.687500000000000909e+03,-4.525669468988941162e+02,7.864320000000000000e+05
7.056000000000000050e+00,4.912976871705433041e+03,2.386013597650926840e+03,3.125000000000000000e+03,7.389864023490733871e+02,5.242880000000000000e+05
7.059999999999999609e+00,1.642864547287477080e+03,-9.728176802633464604e+02,-1.562500000000000000e+03,-5.896823197366536533e+02,-2.621440000000000000e+05
7.064000000000000057e+00,-1.460439914915312556e+03,-3.927447688927656600e+03,-4.687500000000000909e+03,-7.600523110723438549e+02,-7.864320000000000000e+05
7.067999999999999616e+00,-4.258162123701260498e+03,-6.859376748422294440e+03,-6.250000000000000000e+03,6.093767484222937583e+02,-1.048576000000000000e+06
7.072000000000000064e+00,-6.628847518885071622e+03,-9.596454656913214421e+03,-9.375000000000001819e+03,2.214546569132124603e+02,-1.572864000000000000e+06
7.075999999999999623e+00,-8.473890663965825297e+03,-1.183494997690411947e+04,-1.250000000000000000e+04,-6.650500230958814427e+02,-2.097152000000000000e+06
7.080000000000000071e+00,-9.721789588803656443e+03,-1.355294397136041880e+04,-1.250000000000000000e+04,1.052943971360418118e+03,-2.097152000000000000e+06
7.083999999999999631e+00,-1.033093608288399992e+04,-1.506105739657886443e+04,-1.562500000000000000e+04,-5.639426034211355727e+02,-2.621440000000000000e+06
7.088000000000000078e+00,-1.029083520363786738e+04,-1.586545666150000397e+04,-1.562500000000000000e+04,2.404566615000040883e+02,-2.621440000000000000e+06
7.091999999999999638e+00,-9.621733571319107796e+03,-1.569483552120462264e+04,-1.562500000000000000e+04,6.983552120462185542e+01,-2.621440000000000000e+06
7.096000000000000085e+00,-8.372721348374381705e+03,-1.486439235356362224e+04,-1.562500000000000000e+04,-7.606076464363783316e+02,-2.621440000000000000e+06
7.099999999999999645e+00,-6.618452376161031680e+03,-1.387575273748050131e+04,-1.406250000000000000e+04,-1.867472625194984630e+02,-2.359296000000000000e+06
7.104000000000000092e+00,-4.454696423190979658e+03,-1.208941771156851428e+04,-1.093750000000000182e+04,1.151917711568512914e+03,-1.835008000000000000e+06
7.107999999999999652e+00,-1.992993219857072745e+03,-1.002243285929954982e+04,-1.093750000000000182e+04,-9.150671407004515459e+02,-1.835008000000000000e+06
7.112000000000000099e+00,6.452828747026543397e+02,-7.692533211396521438e+03,-7.812500000000000000e+03,-1.199667886034785198e+02,-1.310720000000000000e+06
7.115999999999999659e+00,3.335117872878877733e+03,-4.847476914306087565e+03,-4.687500000000000909e+03,1.599769143060865986e+02,-7.864320000000000000e+05
7.120000000000000107e+00,5.953981244452561441e+03,-2.236323394980759531e+03,-1.562500000000000000e+03,6.738233949807595309e+02,-2.621440000000000000e+05
7.123999999999999666e+00,8.387562136521881257e+03,3.516081979959346882e+02,0.000000000000000000e+00,-3.516081979959346882e+02,0.000000000000000000e+00
7.128000000000000114e+00,1.053483738394433021e+04,2.400096145556437477e+03,3.125000000000000000e+03,7.249038544435626363e+02,5.242880000000000000e+05
7.131999999999999673e+00,1.231223806627863087e+04,4.179364336996472048e+03,3.125000000000000000e+03,-1.054364336996471820e+03,5.242880000000000000e+05
7.136000000000000121e+00,1.365674068970833468e+04,6.014886094365420831e+03,6.250000000000000000e+03,2.351139056345798224e+02,1.048576000000000000e+06
7.139999999999999680e+00,1.452777578244644246e+04,7.538720803459717899e+03,7.812500000000000000e+03,2.737791965402823280e+02,1.310720000000000000e+06
7.144000000000000128e+00,1.490791663264206181e+04,8.553372598346937593e+03,7.812500000000000000e+03,-7.408725983469380481e+02,1.310720000000000000e+06
7.147999999999999687e+00,1.480237985012661375e+04,9.015931456399921444e+03,9.375000000000001819e+03,3.590685436000804884e+02,1.572864000000000000e+06
7.152000000000000135e+00,1.423743337497342327e+04,9.459389781171203140e+03,9.375000000000001819e+03,-8.438978117120132083e+01,1.572864000000000000e+06
7.155999999999999694e+00,1.325786290086072040e+04,8.983265745970506032e+03,9.375000000000001819e+03,3.917342540294948208e+02,1.572864000000000000e+06
7.160000000000000142e+00,1.192369148810869228e+04,7.971552242719143578e+03,7.812500000000000000e+03,-1.590522427191432087e+02,1.310720000000000000e+06
7.163999999999999702e+00,1.030637727616816665e+04,6.455213606202086339e+03,6.250000000000000000e+03,-2.052136062020860265e+02,1.048576000000000000e+06
7.168000000000000149e+00,8.484729451253379011e+03,4.968514902712025105e+03,4.687500000000000909e+03,-2.810149027120244796e+02,7.864320000000000000e+05
7.171999999999999709e+00,6.540782730732953496e+03,3.007279850684662961e+03,3.125000000000000000e+03,1.177201493153374088e+02,5.242880000000000000e+05
7.176000000000000156e+00,4.555856294171887384e+03,1.356636967258168170e+03,1.562500000000000000e+03,2.058630327418319439e+02,2.621440000000000000e+05
7.179999999999999716e+00,2.606995904485054325e+03,-5.865055787461905084e+02,0.000000000000000000e+00,5.865055787461905084e+02,0.000000000000000000e+00
7.184000000000000163e+00,7.639602581703621809e+02,-2.638646820616748300e+03,-3.125000000000000000e+03,-4.863531793832518701e+02,-5.242880000000000000e+05
7.187999999999999723e+00,-9.131327008395670646e+02,-4.437226552350554812e+03,-4.687500000000000909e+03,-2.502734476494457851e+02,-7.864320000000000000e+05
7.192000000000000171e+00,-2.375433379299441185e+03,-5.898273983959807993e+03,-6.250000000000000000e+03,-3.517260160401927465e+02,-1.048576000000000000e+06
7.195999999999999730e+00,-3.586246390967149182e+03,-7.412886565102508939e+03,-6.250000000000000000e+03,1.162886565102508257e+03,-1.048576000000000000e+06
7.200000000000000178e+00,-4.521206981855852064e+03,-8.556136192429483344e+03,-9.375000000000001819e+03,-8.188638075705187021e+02,-1.572864000000000000e+06
7.203999999999999737e+00,-5.167822725099913441e+03,-9.340375230400069995e+03,-9.375000000000001819e+03,-3.462476959993112047e+01,-1.572864000000000000e+06
7.208000000000000185e+00,-5.524489426002727669e+03,-9.949646744587244029e+03,-9.375000000000001819e+03,5.746467445872424378e+02,-1.572864000000000000e+06
7.211999999999999744e+00,-5.599114343624489265e+03,-1.018150933880054072e+04,-1.093750000000000182e+04,-7.559906611994595096e+02,-1.835008000000000000e+06
7.216000000000000192e+00,-5.407492765942351070e+03,-1.038895022361299743e+04,-9.375000000000001819e+03,1.013950223612995728e+03,-1.572864000000000000e+06
7.219999999999999751e+00,-4.971585331836702608e+03,-1.015204602643789804e+04,-1.093750000000000182e+04,-7.854539735621026466e+02,-1.835008000000000000e+06
7.224000000000000199e+00,-4.317833759456400912e+03,-9.359177530427967213e+03,-9.375000000000001819e+03,-1.582246957203443927e+01,-1.572864000000000000e+06
7.227999999999999758e+00,-3.475633071939272213e+03,-8.851904299539455678e+03,-7.812500000000000000e+03,1.039404299539456360e+03,-1.310720000000000000e+06
7.232000000000000206e+00,-2.476050928761573232e+03,-8.189795900725419415e+03,-9.375000000000001819e+03,-1.185204099274582177e+03,-1.572864000000000000e+06
7.235999999999999766e+00,-1.350851712094786535e+03,-6.978213650376666010e+03,-6.250000000000000000e+03,7.282136503766658961e+02,-1.048576000000000000e+06
7.240000000000000213e+00,-1.318473557355871435e+02,-6.005964169484589547e+03,-6.250000000000000000e+03,-2.440358305154108791e+02,-1.048576000000000000e+06
7.243999999999999773e+00,1.149438554487869169e+03,-5.061692647876113369e+03,-4.687500000000000909e+03,3.741926478761127441e+02,-7.864320000000000000e+05
7.248000000000000220e+00,2.461839305989074546e+03,-3.851141578367963120e+03,-4.687500000000000909e+03,-8.363584216320375617e+02,-7.864320000000000000e+05
7.251999999999999780e+00,3.774418950158638381e+03,-2.470769220821316594e+03,-1.562500000000000000e+03,9.082692208213167078e+02,-2.621440000000000000e+05
7.256000000000000227e+00,5.056243466312336750e+03,-7.851224141230185296e+02,-1.562500000000000000e+03,-7.773775858769815841e+02,-2.621440000000000000e+05
7.259999999999999787e+00,6.276151115966181351e+03,5.535959862512362406e+02,1.562500000000000000e+03,1.008904013748763987e+03,2.621440000000000000e+05
7.264000000000000234e+00,7.402623983171433792e+03,1.784169612444116410e+03,1.562500000000000000e+03,-2.216696124441163249e+02,2.621440000000000000e+05
7.267999999999999794e+00,8.403852838461149076e+03,2.869935540566648342e+03,3.125000000000000000e+03,2.550644594333517716e+02,5.242880000000000000e+05
7.272000000000000242e+00,9.248068429427607043e+03,3.854176755615966613e+03,3.125000000000000000e+03,-7.291767556159662718e+02,5.242880000000000000e+05
7.275999999999999801e+00,9.904185563565550183e+03,4.567588427122029316e+03,4.687500000000000909e+03,1.199115728779710821e+02,7.864320000000000000e+05
7.280000000000000249e+00,1.034277399155954299e+04,5.111946695260688102e+03,4.687500000000000909e+03,-4.244466952606877612e+02,7.864320000000000000e+05
7.283999999999999808e+00,1.053733466662779392e+04,5.334123405027935405e+03,6.250000000000000000e+03,9.158765949720650497e+02,1.048576000000000000e+06
7.288000000000000256e+00,1.046582427447696682e+04,5.719796765941719059e+03,4.687500000000000909e+03,-1.032296765941718377e+03,7.864320000000000000e+05
7.291999999999999815e+00,1.011233790535085973e+04,5.614344352859443461e+03,6.250000000000000000e+03,6.356556471405569937e+02,1.048576000000000000e+06
7.296000000000000263e+00,9.468832151518194223e+03,5.259871074755055815e+03,4.687500000000000909e+03,-5.723710747550549058e+02,7.864320000000000000e+05
7.299999999999999822e+00,8.536751204978681926e+03,4.584575089941082297e+03,4.687500000000000909e+03,1.029249100589187407e+02,7.864320000000000000e+05
7.304000000000000270e+00,7.328408631250966209e+03,3.686034631242053820e+03,4.687500000000000909e+03,1.001465368757946862e+03,7.864320000000000000e+05
7.307999999999999829e+00,5.867978672217288477e+03,2.867367222624861824e+03,1.562500000000000000e+03,-1.304867222624861597e+03,2.621440000000000000e+05
7.312000000000000277e+00,4.191963681262155660e+03,1.482794621759789152e+03,1.562500000000000000e+03,7.970537824021086237e+01,2.621440000000000000e+05
7.315999999999999837e+00,2.349028291018720665e+03,-1.457012045511764597e+02,0.000000000000000000e+00,1.457012045511764597e+02,0.000000000000000000e+00
7.320000000000000284e+00,3.991250094474047501e+02,-2.090738383891852209e+03,-1.562500000000000000e+03,5.282383838918522088e+02,-2.621440000000000000e+05
7.323999999999999844e+00,-1.588121779143382810e+03,-3.968668813145648528e+03,-4.687500000000000909e+03,-7.188311868543519267e+02,-7.864320000000000000e+05
7.328000000000000291e+00,-3.535758531557562947e+03,-5.836292390034155687e+03,-4.687500000000000909e+03,1.148792390034155233e+03,-7.864320000000000000e+05
7.331999999999999851e+00,-5.362506648215814494e+03,-7.762235818456995730e+03,-7.812500000000000000e+03,-5.026418154300410635e+01,-1.310720000000000000e+06
7.336000000000000298e+00,-6.986312977105587379e+03,-9.432026087735059264e+03,-9.375000000000001819e+03,5.702608773505701834e+01,-1.572864000000000000e+06
7.339999999999999858e+00,-8.328286337847675895e+03,-1.077565923952422054e+04,-1.093750000000000182e+04,-1.618407604757811953e+02,-1.835008000000000000e+06
7.344000000000000306e+00,-9.316821837610221337e+03,-1.198007801770194601e+04,-1.250000000000000000e+04,-5.199219822980550134e+02,-2.097152000000000000e+06
7.347999999999999865e+00,-9.891687380095270782e+03,-1.296477613945660414e+04,-1.250000000000000000e+04,4.647761394566043123e+02,-2.097152000000000000e+06
7.352000000000000313e+00,-1.000783222192280482e+04,-1.350180399050398955e+04,-1.406250000000000000e+04,-5.606960094960110155e+02,-2.359296000000000000e+06
7.355999999999999872e+00,-9.638677303251028206e+03,-1.325246391670993398e+04,-1.250000000000000000e+04,7.524639167099337556e+02,-2.097152000000000000e+06
7.360000000000000320e+00,-8.778662088225304615e+03,-1.277327358793201893e+04,-1.250000000000000000e+04,2.732735879320182448e+02,-2.097152000000000000e+06
7.363999999999999879e+00,-7.444852559988526991e+03,-1.215087113049383152e+04,-1.250000000000000000e+04,-3.491288695061691101e+02,-2.097152000000000000e+06
7.368000000000000327e+00,-5.677458622377679603e+03,-1.098939632727674143e+04,-1.093750000000000182e+04,5.189632727673962620e+01,-1.835008000000000000e+06
7.371999999999999886e+00,-3.539164345866648546e+03,-9.463397782024054322e+03,-9.375000000000001819e+03,8.839778202405362606e+01,-1.572864000000000000e+06
7.376000000000000334e+00,-1.113238328776495109e+03,-7.106560220590959034e+03,-7.812500000000000000e+03,-7.059397794090408524e+02,-1.310720000000000000e+06
7.379999999999999893e+00,1.499539651104297945e+03,-4.574150895861501340e+03,-4.687500000000000909e+03,-1.133491041384994702e+02,-7.864320000000000000e+05
7.384000000000000341e+00,4.185029562005866865e+03,-2.149354242348739717e+03,-1.562500000000000000e+03,5.868542423487394899e+02,-2.621440000000000000e+05
7.387999999999999901e+00,6.820786695323533422e+03,2.414181393065163661e+02,0.000000000000000000e+00,-2.414181393065163661e+02,0.000000000000000000e+00
7.392000000000000348e+00,9.281789500389293607e+03,2.877874559825655979e+03,3.125000000000000000e+03,2.471254401743444191e+02,5.242880000000000000e+05
7.395999999999999908e+00,1.144655898102819265e+04,5.415155497107007250e+03,4.687500000000000909e+03,-7.276554971070063402e+02,7.864320000000000000e+05
7.400000000000000355e+00,1.320335510225215148e+04,7.481218827063737990e+03,7.812500000000000000e+03,3.312811729362617825e+02,1.310720000000000000e+06
7.403999999999999915e+00,1.445611874568323947e+04,9.006216014176223325e+03,9.375000000000001819e+03,3.687839858237777548e+02,1.572864000000000000e+06
7.408000000000000362e+00,1.512982933744129878e+04,1.020808579273258329e+04,9.375000000000001819e+03,-8.330857927325816945e+02,1.572864000000000000e+06
7.411999999999999922e+00,1.517496883295487714e+04,1.074903449457658280e+04,1.093750000000000182e+04,1.884655054234189038e+02,1.835008000000000000e+06
7.416000000000000369e+00,1.457082163844062052e+04,1.067516369707929516e+04,1.093750000000000182e+04,2.623363029207060322e+02,1.835008000000000000e+06
7.419999999999999929e+00,1.332739552992277822e+04,1.016892421192887923e+04,1.093750000000000182e+04,7.685757880711209964e+02,1.835008000000000000e+06
7.424000000000000377e+00,1.148581792313125879e+04,9.256435080693207055e+03,7.812500000000000000e+03,-1.443935080693207738e+03,1.310720000000000000e+06
7.427999999999999936e+00,9.117141296756406518e+03,7.847084053422546276e+03,9.375000000000001819e+03,1.527915946577454861e+03,1.572864000000000000e+06
7.432000000000000384e+00,6.319576844024735692e+03,5.505225342263303901e+03,4.687500000000000909e+03,-8.177253422633027640e+02,7.864320000000000000e+05
7.435999999999999943e+00,3.214261757110267354e+03,3.074590834909645764e+03,3.125000000000000000e+03,5.040916509035454141e+01,5.242880000000000000e+05
7.440000000000000391e+00,-6.025198805678847691e+01,-1.704281296459231498e+02,0.000000000000000000e+00,1.704281296459231498e+02,0.000000000000000000e+00
7.443999999999999950e+00,-3.354525674172011804e+03,-3.158468916067929513e+03,-3.125000000000000000e+03,3.346891606792944884e+01,-5.242880000000000000e+05
7.448000000000000398e+00,-6.515456267468987789e+03,-6.459617180683534571e+03,-6.250000000000000000e+03,2.096171806835345990e+02,-1.048576000000000000e+06
7.451999999999999957e+00,-9.393826733761652577e+03,-9.499894812428008663e+03,-9.375000000000001819e+03,1.248948124280072136e+02,-1.572864000000000000e+06
7.456000000000000405e+00,-1.185179321735039593e+04,-1.226333949792667954e+04,-1.250000000000000000e+04,-2.366605020733217941e+02,-2.097152000000000000e+06
7.459999999999999964e+00,-1.376991472780838922e+04,-1.424641035390096840e+04,-1.406250000000000000e+04,1.839103539009682322e+02,-2.359296000000000000e+06
7.464000000000000412e+00,-1.505334936596937951e+04,-1.611548621845999514e+04,-1.718750000000000000e+04,-1.072013781540006448e+03,-2.883584000000000000e+06
7.467999999999999972e+00,-1.563688048189874280e+04,-1.734794238700329151e+04,-1.718750000000000000e+04,1.604423870032907473e+02,-2.883584000000000000e+06
7.472000000000000419e+00,-1.548849454508721283e+04,-1.786678781084106231e+04,-1.718750000000000000e+04,6.792878108410616278e+02,-2.883584000000000000e+06
7.475999999999999979e+00,-1.461130686155554577e+04,-1.772008325212252021e+04,-1.875000000000000364e+04,-1.029916747877480930e+03,-3.145728000000000000e+06
7.480000000000000426e+00,-1.304371759272062081e+04,-1.706800602914201590e+04,-1.562500000000000000e+04,1.443006029142015450e+03,-2.621440000000000000e+06
7.483999999999999986e+00,-1.085777409764046206e+04,-1.569332004348274859e+04,-1.562500000000000000e+04,6.832004348274884364e+01,-2.621440000000000000e+06
7.488000000000000433e+00,-8.155811264789833331e+03,-1.333249932037691724e+04,-1.406250000000000000e+04,-7.300006796230832151e+02,-2.359296000000000000e+06
7.491999999999999993e+00,-5.065533899408763318e+03,-1.052004111348185506e+04,-1.093750000000000182e+04,-4.174588865181461301e+02,-1.835008000000000000e+06
7.496000000000000441e+00,-1.733789218501114647e+03,-7.621305643107433752e+03,-7.812500000000000000e+03,-1.911943568925662760e+02,-1.310720000000000000e+06
7.500000000000000000e+00,1.680651639193833716e+03,-4.448825861373930820e+03,-3.125000000000000000e+03,1.323825861373930366e+03,-5.242880000000000000e+05
7.503999999999999559e+00,5.014930447214754167e+03,-1.157786650338409117e+03,-1.562500000000000000e+03,-4.047133496615910531e+02,-2.621440000000000000e+05
7.508000000000000007e+00,8.110150848656395283e+03,2.233382975600790814e+03,1.562500000000000000e+03,-6.708829756007904734e+02,2.621440000000000000e+05
7.511999999999999567e+00,1.081922168778655396e+04,5.161082015217044500e+03,6.250000000000000000e+03,1.088917984782955727e+03,1.048576000000000000e+06
7.516000000000000014e+00,1.301408814222414185e+04,8.038470732443453926e+03,7.812500000000000000e+03,-2.259707324434537838e+02,1.310720000000000000e+06
7.519999999999999574e+00,1.459197732847732368e+04,1.029349512421343934e+04,9.375000000000001819e+03,-9.184951242134382028e+02,1.572864000000000000e+06
7.524000000000000021e+00,1.548033849301835835e+04,1.161698353983855486e+04,1.250000000000000000e+04,8.830164601614457069e+02,2.097152000000000000e+06
7.527999999999999581e+00,1.564022851726084446e+04,1.274097308858504221e+04,1.250000000000000000e+04,-2.409730885850423192e+02,2.097152000000000000e+06
7.532000000000000028e+00,1.506797728039404137e+04,1.254991657778501576e+04,1.250000000000000000e+04,-4.991657778501482312e+01,2.097152000000000000e+06
7.535999999999999588e+00,1.379505973140531751e+04,1.218600336062962924e+04,1.250000000000000000e+04,3.139966393703712697e+02,2.097152000000000000e+06
7.540000000000000036e+00,1.188619715638871821e+04,1.117557437702989955e+04,1.093750000000000182e+04,-2.380743770298981872e+02,1.835008000000000000e+06
7.543999999999999595e+00,9.435803767012803291e+03,9.310300423620030415e+03,9.375000000000001819e+03,6.469957637997119093e+01,1.572864000000000000e+06
7.548000000000000043e+00,6.562981207239443393e+03,6.688112888857442158e+03,6.250000000000000000e+03,-4.381128888574417033e+02,1.048576000000000000e+06
7.551999999999999602e+00,3.405338149754567439e+03,3.980921593412359471e+03,4.687500000000000909e+03,7.065784065876414388e+02,7.864320000000000000e+05
7.556000000000000050e+00,1.119708167424051055e+02,1.084820995000585981e+03,0.000000000000000000e+00,-1.084820995000585981e+03,0.000000000000000000e+00
7.559999999999999609e+00,-3.164020063578851477e+03,-1.613227946229895906e+03,-1.562500000000000000e+03,5.072794622989584923e+01,-2.621440000000000000e+05
7.564000000000000057e+00,-6.273081630293839225e+03,-4.887729228402526132e+03,-4.687500000000000909e+03,2.002292284025257345e+02,-7.864320000000000000e+05
7.567999999999999616e+00,-9.076439346741213740e+03,-7.986345323838503646e+03,-7.812500000000000000e+03,1.738453238385034751e+02,-1.310720000000000000e+06
7.572000000000000064e+00,-1.145263851034819163e+04,-1.083310913884209185e+04,-1.093750000000000182e+04,-1.043908611579099528e+02,-1.835008000000000000e+06
7.575999999999999623e+00,-1.330307354530217344e+04,-1.323080943428432511e+04,-1.250000000000000000e+04,7.308094342843244249e+02,-2.097152000000000000e+06
7.580000000000000071e+00,-1.455624234523109953e+04,-1.511366221928553205e+04,-1.562500000000000000e+04,-5.113377807144676126e+02,-2.621440000000000000e+06
7.583999999999999631e+00,-1.517053656647108437e+04,-1.637489445897148653e+04,-1.718750000000000000e+04,-8.126055410285146081e+02,-2.883584000000000000e+06
7.588000000000000078e+00,-1.513546113638990573e+04,-1.684087901461201182e+04,-1.562500000000000000e+04,1.215879014612012497e+03,-2.621440000000000000e+06
7.591999999999999638e+00,-1.447126254826779405e+04,-1.660528344619262862e+04,-1.718750000000000000e+04,-5.822165538073714970e+02,-2.883584000000000000e+06
7.596000000000000085e+00,-1.322703084067039163e+04,-1.596175332639665066e+04,-1.562500000000000000e+04,3.367533263966514028e+02,-2.621440000000000000e+06
7.599999999999999645e+00,-1.147741973416994188e+04,-1.475231729130168242e+04,-1.562500000000000000e+04,-8.726827086983183790e+02,-2.621440000000000000e+06
7.604000000000000092e+00,-9.318198879592062440e+03,-1.286418291414258238e+04,-1.250000000000000000e+04,3.641829141425821490e+02,-2.097152000000000000e+06
7.607999999999999652e+00,-6.860907892745269237e+03,-1.067993594338433832e+04,-1.093750000000000182e+04,-2.575640566156618547e+02,-1.835008000000000000e+06
7.612000000000000099e+00,-4.226921021287870644e+03,-8.392665584640999441e+03,-7.812500000000000000e+03,5.801655846409993273e+02,-1.310720000000000000e+06
7.615999999999999659e+00,-1.541252144457070244e+03,-6.050061477630282752e+03,-6.250000000000000000e+03,-1.999385223697179867e+02,-1.048576000000000000e+06
7.620000000000000107e+00,1.073568312789746642e+03,-3.366122824796201257e+03,-3.125000000000000000e+03,2.411228247962012574e+02,-5.242880000000000000e+05
7.623999999999999666e+00,3.503229599699604478e+03,-8.037815079538117971e+02,-1.562500000000000000e+03,-7.587184920461883166e+02,-2.621440000000000000e+05
7.628000000000000114e+00,5.646708650163399398e+03,1.836001685169683924e+03,3.125000000000000000e+03,1.288998314830316303e+03,5.242880000000000000e+05
7.631999999999999673e+00,7.420436639654945793e+03,4.357998407621410479e+03,3.125000000000000000e+03,-1.232998407621410479e+03,5.242880000000000000e+05
7.636000000000000121e+00,8.761390167152527283e+03,5.720124348878836827e+03,6.250000000000000000e+03,5.298756511211638554e+02,1.048576000000000000e+06
7.639999999999999680e+00,9.628999850541149499e+03,7.283566967764385481e+03,7.812500000000000000e+03,5.289330322356148599e+02,1.310720000000000000e+06
7.644000000000000128e+00,1.000583906451679832e+04,8.080587351299909642e+03,7.812500000000000000e+03,-2.680873512999094714e+02,1.310720000000000000e+06
7.647999999999999687e+00,9.897124502330399991e+03,8.363066786359522666e+03,7.812500000000000000e+03,-5.505667863595232348e+02,1.310720000000000000e+06
7.652000000000000135e+00,9.329124184345488175e+03,8.098441078329366974e+03,7.812500000000000000e+03,-2.859410783293669169e+02,1.310720000000000000e+06
7.655999999999999694e+00,8.346623881399173115e+03,7.747850441244610920e+03,7.812500000000000000e+03,6.464955875538913688e+01,1.310720000000000000e+06
7.660000000000000142e+00,7.009646727836996433e+03,6.875764660734450445e+03,7.812500000000000000e+03,9.367353392655498965e+02,1.310720000000000000e+06
7.663999999999999702e+00,5.389650934000077541e+03,5.460253554966775482e+03,4.687500000000000909e+03,-7.727535549667749137e+02,7.864320000000000000e+05
7.668000000000000149e+00,3.565445753855843577e+03,3.737087394350416616e+03,4.687500000000000909e+03,9.504126056495841794e+02,7.864320000000000000e+05
7.671999999999999709e+00,1.619065969387363111e+03,1.868990213269658852e+03,1.562500000000000000e+03,-3.064902132696588524e+02,2.621440000000000000e+05
7.676000000000000156e+00,-3.681691783662245712e+02,1.408452603931800411e+02,0.000000000000000000e+00,-1.408452603931800411e+02,0.000000000000000000e+00
7.679999999999999716e+00,-2.319213868157775323e+03,-1.709750859789375454e+03,-1.562500000000000000e+03,1.472508597893753688e+02,-2.621440000000000000e+05
7.684000000000000163e+00,-4.164309348300639613e+03,-3.616679611019697859e+03,-3.125000000000000000e+03,4.916796110196975746e+02,-5.242880000000000000e+05
7.687999999999999723e+00,-5.843337622818185991e+03,-5.450372514019809387e+03,-6.250000000000000000e+03,-7.996274859801908406e+02,-1.048576000000000000e+06
7.692000000000000171e+00,-7.307449049567133443e+03,-6.902590079754876569e+03,-6.250000000000000000e+03,6.525900797548761147e+02,-1.048576000000000000e+06
7.695999999999999730e+00,-8.519948196554667447e+03,-7.897714294737524142e+03,-7.812500000000000000e+03,8.521429473752444039e+01,-1.310720000000000000e+06
7.700000000000000178e+00,-9.456470267192027677e+03,-9.130881796404120905e+03,-9.375000000000001819e+03,-2.441182035958812264e+02,-1.572864000000000000e+06
7.703999999999999737e+00,-1.010452279516087583e+04,-9.857093124202381659e+03,-1.093750000000000182e+04,-1.080406875797619250e+03,-1.835008000000000000e+06
7.708000000000000185e+00,-1.046250154946265320e+04,-1.085550002506798228e+04,-9.375000000000001819e+03,1.480500025067981596e+03,-1.572864000000000000e+06
7.711999999999999744e+00,-1.053831375600702449e+04,-1.124876452601226265e+04,-1.250000000000000000e+04,-1.251235473987737805e+03,-2.097152000000000000e+06
7.716000000000000192e+00,-1.034775467277296411e+04,-1.128784203435124437e+04,-1.093750000000000182e+04,3.503420343512440809e+02,-1.835008000000000000e+06
7.719999999999999751e+00,-9.912784911795721200e+03,-1.085137510958177336e+04,-1.093750000000000182e+04,-8.612489041822692570e+01,-1.835008000000000000e+06
7.724000000000000199e+00,-9.259846167532778054e+03,-1.067322271676180571e+04,-1.093750000000000182e+04,-2.642772832381953094e+02,-1.835008000000000000e+06
7.727999999999999758e+00,-8.418333442584929799e+03,-9.896865481414832175e+03,-9.375000000000001819e+03,5.218654814148314927e+02,-1.572864000000000000e+06
7.732000000000000206e+00,-7.419314379046273643e+03,-9.166204061958098464e+03,-9.375000000000001819e+03,-2.087959380419023034e+02,-1.572864000000000000e+06
7.735999999999999766e+00,-6.294553344861462392e+03,-8.055544450184919697e+03,-7.812500000000000000e+03,2.430444501849201515e+02,-1.310720000000000000e+06
7.740000000000000213e+00,-5.075862262756063501e+03,-6.956432311821369694e+03,-7.812500000000000000e+03,-8.560676881786306467e+02,-1.310720000000000000e+06
7.743999999999999773e+00,-3.794764710642859882e+03,-5.759442248982392812e+03,-4.687500000000000909e+03,1.071942248982392130e+03,-7.864320000000000000e+05
7.748000000000000220e+00,-2.482427396349295577e+03,-4.274984352909677909e+03,-4.687500000000000909e+03,-4.125156470903227728e+02,-7.864320000000000000e+05
7.751999999999999780e+00,-1.169786266882150130e+03,-2.840703209461655661e+03,-3.125000000000000000e+03,-2.842967905383447373e+02,-5.242880000000000000e+05
7.756000000000000227e+00,1.122246555211155368e+02,-1.534886281960618817e+03,-1.562500000000000000e+03,-2.761371803938132530e+01,-2.621440000000000000e+05
7.759999999999999787e+00,1.332443627666652446e+03,-2.768645214621427044e+02,0.000000000000000000e+00,2.768645214621427044e+02,0.000000000000000000e+00
7.764000000000000234e+00,2.459352725739754533e+03,1.000849261004552204e+03,1.562500000000000000e+03,5.616507389954479095e+02,2.621440000000000000e+05
7.767999999999999794e+00,3.461142709251610540e+03,2.112042579252049109e+03,1.562500000000000000e+03,-5.495425792520492223e+02,2.621440000000000000e+05
7.772000000000000242e+00,4.306044311617038147e+03,2.975948682104432919e+03,3.125000000000000000e+03,1.490513178955673936e+02,5.242880000000000000e+05
7.775999999999999801e+00,4.962972322997881747e+03,3.990607714483879136e+03,4.687500000000000909e+03,6.968922855161213192e+02,7.864320000000000000e+05
7.780000000000000249e+00,5.402496473590954338e+03,4.386897786106912463e+03,3.125000000000000000e+03,-1.261897786106912690e+03,5.242880000000000000e+05
7.783999999999999808e+00,5.598117692972411533e+03,4.773369992698262649e+03,4.687500000000000909e+03,-8.586999269826183934e+01,7.864320000000000000e+05
7.788000000000000256e+00,5.527792640053031391e+03,5.285416727166442797e+03,6.250000000000000000e+03,9.645832728335575439e+02,1.048576000000000000e+06
7.791999999999999815e+00,5.175616375127649007e+03,5.037528118963380621e+03,4.687500000000000909e+03,-3.500281189633795975e+02,7.864320000000000000e+05
7.796000000000000263e+00,4.533545457363821697e+03,5.095586778596501972e+03,4.687500000000000909e+03,-4.080867785965017447e+02,7.864320000000000000e+05
7.799999999999999822e+00,3.603024042508373441e+03,4.377142733557974680e+03,4.687500000000000909e+03,3.103572664420262299e+02,7.864320000000000000e+05
7.804000000000000270e+00,2.396365656676660819e+03,3.563332721431765549e+03,3.125000000000000000e+03,-4.383327214317654921e+02,5.242880000000000000e+05
7.807999999999999829e+00,9.377444991980308941e+02,2.151144798932923095e+03,3.125000000000000000e+03,9.738552010670771324e+02,5.242880000000000000e+05
7.812000000000000277e+00,-7.363371222444037585e+02,7.887604267351327962e+02,0.000000000000000000e+00,-7.887604267351327962e+02,0.000000000000000000e+00
7.815999999999999837e+00,-2.577214623866394049e+03,-7.118331270119424516e+02,0.000000000000000000e+00,7.118331270119424516e+02,0.000000000000000000e+00
7.820000000000000284e+00,-4.524935549702314347e+03,-2.596475252634386379e+03,-3.125000000000000000e+03,-5.285247473656136208e+02,-5.242880000000000000e+05
7.823999999999999844e+00,-6.509875570583401895e+03,-4.355902534835774532e+03,-4.687500000000000909e+03,-3.315974651642260369e+02,-7.864320000000000000e+05
7.828000000000000291e+00,-8.455081201596749452e+03,-6.395106108020071588e+03,-6.250000000000000000e+03,1.451061080200710762e+02,-1.048576000000000000e+06
7.831999999999999851e+00,-1.027927390458810441e+04,-7.990365862662393738e+03,-7.812500000000000000e+03,1.778658626623939085e+02,-1.310720000000000000e+06
7.836000000000000298e+00,-1.190040059211024527e+04,-9.387400308883259640e+03,-9.375000000000001819e+03,1.240030888325846448e+01,-1.572864000000000000e+06
7.839999999999999858e+00,-1.323957015148823484e+04,-1.095895239201669210e+04,-1.093750000000000182e+04,2.145239201669160778e+01,-1.835008000000000000e+06
7.844000000000000306e+00,-1.422517776073137247e+04,-1.209148738630057233e+04,-1.250000000000000000e+04,-4.085126136994278454e+02,-2.097152000000000000e+06
7.847999999999999865e+00,-1.479699139751821167e+04,-1.315515749218132805e+04,-1.250000000000000000e+04,6.551574921813269157e+02,-2.097152000000000000e+06
7.852000000000000313e+00,-1.490996039557859694e+04,-1.359904016793734445e+04,-1.406250000000000000e+04,-4.634598320626560053e+02,-2.359296000000000000e+06
7.855999999999999872e+00,-1.453750577531202907e+04,-1.398115294438766978e+04,-1.406250000000000000e+04,-8.134705561232968307e+01,-2.359296000000000000e+06
7.860000000000000320e+00,-1.367406708423453711e+04,-1.381910215026281367e+04,-1.406250000000000000e+04,-2.433978497371862204e+02,-2.359296000000000000e+06
7.863999999999999879e+00,-1.233671039198699145e+04,-1.281847239552372230e+04,-1.250000000000000000e+04,3.184723955237216160e+02,-2.097152000000000000e+06
7.868000000000000327e+00,-1.056564569202963867e+04,-1.143567155341136640e+04,-1.093750000000000182e+04,4.981715534113657213e+02,-1.835008000000000000e+06
7.871999999999999886e+00,-8.423557147582228936e+03,-9.888911725585789100e+03,-9.375000000000001819e+03,5.139117255857881901e+02,-1.572864000000000000e+06
7.876000000000000334e+00,-5.993713452832265830e+03,-7.865196657960199445e+03,-7.812500000000000000e+03,5.269665796019985748e+01,-1.310720000000000000e+06
7.879999999999999893e+00,-3.376894484552908580e+03,-5.540636188485378625e+03,-6.250000000000000000e+03,-7.093638115146221708e+02,-1.048576000000000000e+06
7.884000000000000341e+00,-6.872403766141552524e+02,-2.629543866859737136e+03,-3.125000000000000000e+03,-4.954561331402631481e+02,-5.242880000000000000e+05
7.887999999999999901e+00,1.952804057166236589e+03,-2.745185145558862772e+01,0.000000000000000000e+00,2.745185145558862772e+01,0.000000000000000000e+00
7.892000000000000348e+00,4.418217157796683750e+03,2.756814797583797372e+03,3.125000000000000000e+03,3.681852024162027419e+02,5.242880000000000000e+05
7.895999999999999908e+00,6.587519817671136479e+03,5.011673927164195447e+03,4.687500000000000909e+03,-3.241739271641948790e+02,7.864320000000000000e+05
7.900000000000000355e+00,8.348971887265564874e+03,6.991259612779274903e+03,7.812500000000000000e+03,8.212403872207250970e+02,1.310720000000000000e+06
7.903999999999999915e+00,9.606514130564302832e+03,8.708055552068692123e+03,7.812500000000000000e+03,-8.955555520686921227e+02,1.310720000000000000e+06
7.908000000000000362e+00,1.028512585295034114e+04,9.767268362172888374e+03,1.093750000000000182e+04,1.170231637827112991e+03,1.835008000000000000e+06
7.911999999999999922e+00,1.033528888601971812e+04,1.043796186127102192e+04,9.375000000000001819e+03,-1.062961861271021007e+03,1.572864000000000000e+06
7.916000000000000369e+00,9.736287509063615289e+03,1.037475786321248961e+04,1.093750000000000182e+04,5.627421367875116403e+02,1.835008000000000000e+06
7.919999999999999929e+00,8.498129368091373181e+03,9.620639770765599678e+03,9.375000000000001819e+03,-2.456397707655978024e+02,1.572864000000000000e+06
7.924000000000000377e+00,6.661941745731795891e+03,8.724637024866902721e+03,9.375000000000001819e+03,6.503629751330990985e+02,1.572864000000000000e+06
7.927999999999999936e+00,4.298776984491118128e+03,7.186487551293298566e+03,6.250000000000000000e+03,-9.364875512932981110e+02,1.048576000000000000e+06
7.932000000000000384e+00,1.506846138332267628e+03,5.028382800844562553e+03,4.687500000000000909e+03,-3.408828008445614728e+02,7.864320000000000000e+05
7.935999999999999943e+00,-1.592713742910106930e+03,2.223231337275864007e+03,3.125000000000000000e+03,9.017686627241362203e+02,5.242880000000000000e+05
7.940000000000000391e+00,-4.861350828717612785e+03,-7.300069067545092594e+02,-1.562500000000000000e+03,-8.324930932454908543e+02,-2.621440000000000000e+05
7.943999999999999950e+00,-8.149626550266259983e+03,-3.935388968926587950e+03,-3.125000000000000000e+03,8.103889689265878360e+02,-5.242880000000000000e+05
7.948000000000000398e+00,-1.130443802533513553e+04,-6.885961462620807652e+03,-6.250000000000000000e+03,6.359614626208070831e+02,-1.048576000000000000e+06
7.951999999999999957e+00,-1.417656837434451700e+04,-9.718463215214069351e+03,-1.093750000000000182e+04,-1.219036784785932241e+03,-1.835008000000000000e+06
7.956000000000000405e+00,-1.662817389925844691e+04,-1.273174832260061703e+04,-1.250000000000000000e+04,2.317483226006167172e+02,-2.097152000000000000e+06
7.959999999999999964e+00,-1.853981377036699632e+04,-1.516712846547286608e+04,-1.562500000000000000e+04,-4.578715345271346564e+02,-2.621440000000000000e+06
7.964000000000000412e+00,-1.981664625226982389e+04,-1.673193120858959082e+04,-1.562500000000000000e+04,1.106931208589591961e+03,-2.621440000000000000e+06
7.967999999999999972e+00,-2.039345486184328911e+04,-1.753637124735470570e+04,-1.875000000000000364e+04,-1.213628752645298164e+03,-3.145728000000000000e+06
7.972000000000000419e+00,-2.023822623842987741e+04,-1.817928011633914866e+04,-1.718750000000000000e+04,9.917801163391477530e+02,-2.883584000000000000e+06
7.975999999999999979e+00,-1.935407586093855571e+04,-1.811434343587204057e+04,-1.875000000000000364e+04,-6.356565641279614738e+02,-3.145728000000000000e+06
7.980000000000000426e+00,-1.777940406670658922e+04,-1.725581659421434233e+04,-1.718750000000000000e+04,6.831659421433974444e+01,-2.883584000000000000e+06
7.983999999999999986e+00,-1.558625839374005045e+04,-1.557634078076187870e+04,-1.562500000000000000e+04,-4.865921923812195615e+01,-2.621440000000000000e+06
7.988000000000000433e+00,-1.287697391248486565e+04,-1.341697818642357561e+04,-1.250000000000000000e+04,9.169781864235750390e+02,-2.097152000000000000e+06
7.991999999999999993e+00,-9.779255613170791548e+03,-1.104173182841540074e+04,-1.093750000000000182e+04,1.042318284154002868e+02,-1.835008000000000000e+06
7.996000000000000441e+00,-6.439950900805383753e+03,-8.173790751191087111e+03,-9.375000000000001819e+03,-1.201209248808914481e+03,-1.572864000000000000e+06
8.000000000000000000e+00,-3.017831105140888667e+03,-4.897602337650502704e+03,-4.687500000000000909e+03,2.101023376505023919e+02,-7.864320000000000000e+05
8.003999999999999559e+00,3.242453533451077874e+02,-1.367215673302127016e+03,-1.562500000000000000e+03,-1.952843266978729559e+02,-2.621440000000000000e+05
8.007999999999999119e+00,3.427381920729648300e+03,1.897171776240058989e+03,3.125000000000000000e+03,1.227828223759941238e+03,5.242880000000000000e+05
8.012000000000000455e+00,6.144487241270703635e+03,5.031924546138476217e+03,4.687500000000000909e+03,-3.444245461384758755e+02,7.864320000000000000e+05
8.016000000000000014e+00,8.347506289586137427e+03,7.324439089277822859e+03,6.250000000000000000e+03,-1.074439089277822177e+03,1.048576000000000000e+06
8.019999999999999574e+00,9.933665976200107252e+03,9.703414786731513232e+03,1.093750000000000182e+04,1.234085213268487223e+03,1.835008000000000000e+06
8.023999999999999133e+00,1.083041533862097276e+04,1.142566347909862270e+04,1.093750000000000182e+04,-4.881634790986216785e+02,1.835008000000000000e+06
8.028000000000000469e+00,1.099881104632514507e+04,1.251845490416247412e+04,1.250000000000000000e+04,-1.845490416247340448e+01,2.097152000000000000e+06
8.032000000000000028e+00,1.043518276359613810e+04,1.278704008486297789e+04,1.250000000000000000e+04,-2.870400848629765846e+02,2.097152000000000000e+06
8.035999999999999588e+00,9.171005221552522926e+03,1.225242974156408491e+04,1.250000000000000000e+04,2.475702584359158038e+02,2.097152000000000000e+06
8.039999999999999147e+00,7.270999485462332814e+03,1.098292114578142173e+04,1.093750000000000182e+04,-4.542114578142027170e+01,1.835008000000000000e+06
8.044000000000000483e+00,4.829579543215778358e+03,9.094465320673612950e+03,9.375000000000001819e+03,2.805346793263892096e+02,1.572864000000000000e+06
8.048000000000000043e+00,1.965846812050757990e+03,6.820138852015295015e+03,6.250000000000000000e+03,-5.701388520152946739e+02,1.048576000000000000e+06
8.051999999999999602e+00,-1.182590265012089503e+03,3.968757194765230906e+03,4.687500000000000909e+03,7.187428052347700032e+02,7.864320000000000000e+05
8.055999999999999162e+00,-4.466635698387451157e+03,8.005369679858656582e+02,0.000000000000000000e+00,-8.005369679858656582e+02,0.000000000000000000e+00
8.060000000000000497e+00,-7.733188995386151873e+03,-1.939314429579844955e+03,-1.562500000000000000e+03,3.768144295798448411e+02,-2.621440000000000000e+05
8.064000000000000057e+00,-1.083269753354362729e+04,-5.116918716565308387e+03,-4.687500000000000909e+03,4.294187165653079319e+02,-7.864320000000000000e+05
8.067999999999999616e+00,-1.362638701756683622e+04,-8.304041040612442885e+03,-9.375000000000001819e+03,-1.070958959387559389e+03,-1.572864000000000000e+06
8.071999999999999176e+00,-1.599280298916174615e+04,-1.105459841306884846e+04,-1.093750000000000182e+04,1.170984130688477336e+02,-1.835008000000000000e+06
8.076000000000000512e+00,-1.783334011969923813e+04,-1.310093670235119316e+04,-1.250000000000000000e+04,6.009367023511927073e+02,-2.097152000000000000e+06
8.080000000000000071e+00,-1.907649655288911526e+04,-1.491484267414430724e+04,-1.562500000000000000e+04,-7.101573258556925339e+02,-2.621440000000000000e+06
8.083999999999999631e+00,-1.968066419804114776e+04,-1.607014584445634318e+04,-1.562500000000000000e+04,4.451458444563426156e+02,-2.621440000000000000e+06
8.087999999999999190e+00,-1.963534823838261946e+04,-1.639504764521143443e+04,-1.562500000000000000e+04,7.700476452114357926e+02,-2.621440000000000000e+06
8.092000000000000526e+00,-1.896079542593238148e+04,-1.650348420937580522e+04,-1.718750000000000000e+04,-6.840157906241977344e+02,-2.883584000000000000e+06
8.096000000000000085e+00,-1.770609606086721396e+04,-1.578506291830329428e+04,-1.562500000000000000e+04,1.600629183032935146e+02,-2.621440000000000000e+06
8.099999999999999645e+00,-1.594590412823668521e+04,-1.455467720686386019e+04,-1.406250000000000000e+04,4.921772068638592827e+02,-2.359296000000000000e+06
8.103999999999999204e+00,-1.377598954620292898e+04,-1.282673331846297515e+04,-1.250000000000000000e+04,3.267333184629739549e+02,-2.097152000000000000e+06
8.108000000000000540e+00,-1.130789220076364290e+04,-1.075278685534041324e+04,-1.093750000000000182e+04,-1.847131446595876696e+02,-1.835008000000000000e+06
8.112000000000000099e+00,-8.662986612611906821e+03,-8.443554590972798906e+03,-9.375000000000001819e+03,-9.314454090272022313e+02,-1.572864000000000000e+06
8.115999999999999659e+00,-5.966286936859046364e+03,-5.835003592447859774e+03,-6.250000000000000000e+03,-4.149964075521403970e+02,-1.048576000000000000e+06
8.119999999999999218e+00,-3.340323877167566934e+03,-2.996167214370811507e+03,-1.562500000000000000e+03,1.433667214370811507e+03,-2.621440000000000000e+05
8.124000000000000554e+00,-8.994084658214567298e+02,-2.882364765494875201e+02,-1.562500000000000000e+03,-1.274263523450512594e+03,-2.621440000000000000e+05
8.128000000000000114e+00,1.255435946722455128e+03,2.239105998589983756e+03,3.125000000000000000e+03,8.858940014100165854e+02,5.242880000000000000e+05
8.131999999999999673e+00,3.040640248778692694e+03,4.193361849702429026e+03,4.687500000000000909e+03,4.941381502975719968e+02,7.864320000000000000e+05
8.135999999999999233e+00,4.393180749364020812e+03,5.863617664834095194e+03,4.687500000000000909e+03,-1.176117664834094967e+03,7.864320000000000000e+05
8.140000000000000568e+00,5.272487773605080292e+03,7.138878546052035745e+03,7.812500000000000000e+03,6.736214539479643690e+02,1.310720000000000000e+06
8.144000000000000128e+00,5.661134400651333635e+03,8.186505814143692078e+03,7.812500000000000000e+03,-3.740058141436918504e+02,1.310720000000000000e+06
8.147999999999999687e+00,5.564337025426127184e+03,8.848835855510791589e+03,9.375000000000001819e+03,5.261641444892096615e+02,1.572864000000000000e+06
8.151999999999999247e+00,5.008363367191650468e+03,8.617693413508628510e+03,7.812500000000000000e+03,-8.051934135086293054e+02,1.310720000000000000e+06
8.156000000000000583e+00,4.037998892917902140e+03,8.095150974856179346e+03,7.812500000000000000e+03,-2.826509748561790047e+02,1.310720000000000000e+06
8.160000000000000142e+00,2.713266430324802968e+03,6.996108054761619314e+03,7.812500000000000000e+03,8.163919452383811404e+02,1.310720000000000000e+06
8.163999999999999702e+00,1.105623880377748719e+03,5.811519352955922841e+03,6.250000000000000000e+03,4.384806470440777844e+02,1.048576000000000000e+06
8.167999999999999261e+00,-7.061198150750266223e+02,4.278813501162277134e+03,3.125000000000000000e+03,-1.153813501162276680e+03,5.242880000000000000e+05
8.172000000000000597e+00,-2.639930188903305407e+03,2.418268784741747822e+03,3.125000000000000000e+03,7.067312152582521776e+02,5.242880000000000000e+05
8.176000000000000156e+00,-4.614488317649167584e+03,5.908030808422312248e+02,0.000000000000000000e+00,-5.908030808422312248e+02,0.000000000000000000e+00
8.179999999999999716e+00,-6.552748700363988064e+03,-1.422186719541363800e+03,-1.562500000000000000e+03,-1.403132804586363420e+02,-2.621440000000000000e+05
8.183999999999999275e+00,-8.384952908371733429e+03,-3.514377302247481566e+03,-3.125000000000000000e+03,3.893773022474816230e+02,-5.242880000000000000e+05
8.188000000000000611e+00,-1.005098327140789297e+04,-5.226143917885993687e+03,-4.687500000000000909e+03,5.386439178859930053e+02,-7.864320000000000000e+05
8.192000000000000171e+00,-1.150199047573652024e+04,-6.621460536225639771e+03,-6.250000000000000000e+03,3.714605362256390890e+02,-1.048576000000000000e+06
8.195999999999999730e+00,-1.270127942045771670e+04,-7.888908007954815730e+03,-9.375000000000001819e+03,-1.486091992045185634e+03,-1.572864000000000000e+06
8.199999999999999289e+00,-1.362448564275334866e+04,-9.204202537622459204e+03,-7.812500000000000000e+03,1.391702537622458522e+03,-1.310720000000000000e+06
8.204000000000000625e+00,-1.425911701274525876e+04,-9.765351829376644673e+03,-1.093750000000000182e+04,-1.172148170623357146e+03,-1.835008000000000000e+06
8.208000000000000185e+00,-1.460356963853560956e+04,-1.044420742670428990e+04,-9.375000000000001819e+03,1.069207426704288991e+03,-1.572864000000000000e+06
8.211999999999999744e+00,-1.466575108778697359e+04,-1.076889097880756890e+04,-1.093750000000000182e+04,-1.686090211924316122e+02,-1.835008000000000000e+06
8.215999999999999304e+00,-1.446145696287496867e+04,-1.108214576124071027e+04,-1.093750000000000182e+04,1.446457612407099020e+02,-1.835008000000000000e+06
8.220000000000000639e+00,-1.401264822286618801e+04,-1.073102798987450478e+04,-1.093750000000000182e+04,-2.064720101254968654e+02,-1.835008000000000000e+06
8.224000000000000199e+00,-1.334576691187559663e+04,-9.829988090845172337e+03,-9.375000000000001819e+03,4.549880908451715982e+02,-1.572864000000000000e+06
8.227999999999999758e+00,-1.249020838477884354e+04,-9.332580828755935727e+03,-9.375000000000001819e+03,-4.241917124406594297e+01,-1.572864000000000000e+06
8.231999999999999318e+00,-1.147704063855303502e+04,-8.317380909054032600e+03,-9.375000000000001819e+03,-1.057619090945968765e+03,-1.572864000000000000e+06
8.236000000000000654e+00,-1.033802839862541623e+04,-7.342686778076328665e+03,-6.250000000000000000e+03,1.092686778076327982e+03,-1.048576000000000000e+06
8.240000000000000213e+00,-9.104983947794364212e+03,-6.102738240710689752e+03,-6.250000000000000000e+03,-1.472617592893103335e+02,-1.048576000000000000e+06
8.243999999999999773e+00,-7.809431226626756143e+03,-4.813992809412685347e+03,-4.687500000000000909e+03,1.264928094126850624e+02,-7.864320000000000000e+05
8.247999999999999332e+00,-6.482537308176628358e+03,-3.705551720460192882e+03,-4.687500000000000909e+03,-9.819482795398077997e+02,-7.864320000000000000e+05
8.252000000000000668e+00,-5.155238507239262617e+03,-2.765001630053581721e+03,-3.125000000000000000e+03,-3.599983699464183928e+02,-5.242880000000000000e+05
8.256000000000000227e+00,-3.858469216395378680e+03,-1.515257499905419081e+03,-1.562500000000000000e+03,-4.724250009458105382e+01,-2.621440000000000000e+05
8.259999999999999787e+00,-2.623391551725430872e+03,-1.949340848554104610e+01,0.000000000000000000e+00,1.949340848554104610e+01,0.000000000000000000e+00
8.263999999999999346e+00,-1.481523812465930860e+03,1.379872553911830892e+03,1.562500000000000000e+03,1.826274460881691084e+02,2.621440000000000000e+05
8.268000000000000682e+00,-4.646756170527168592e+02,2.450209296838709179e+03,3.125000000000000000e+03,6.747907031612911624e+02,5.242880000000000000e+05
8.272000000000000242e+00,3.953833874662639687e+02,3.608671854642884682e+03,3.125000000000000000e+03,-4.836718546428844547e+02,5.242880000000000000e+05
8.275999999999999801e+00,1.067567608283822892e+03,4.425587742046575841e+03,4.687500000000000909e+03,2.619122579534246711e+02,7.864320000000000000e+05
8.279999999999999361e+00,1.522446390131397493e+03,5.100999438229366206e+03,4.687500000000000909e+03,-4.134994382293654667e+02,7.864320000000000000e+05
8.284000000000000696e+00,1.733520274632963947e+03,5.728988670479641769e+03,6.250000000000000000e+03,5.210113295203589132e+02,1.048576000000000000e+06
8.288000000000000256e+00,1.678745530270173731e+03,5.725111434292752165e+03,6.250000000000000000e+03,5.248885657072478352e+02,1.048576000000000000e+06
8.291999999999999815e+00,1.342216824441696190e+03,5.702490481264869231e+03,4.687500000000000909e+03,-1.014990481264868549e+03,7.864320000000000000e+05
8.295999999999999375e+00,7.158903209617990342e+02,5.346045705046133662e+03,6.250000000000000000e+03,9.039542949538671337e+02,1.048576000000000000e+06
8.300000000000000711e+00,-1.987902222233645091e+02,4.917768795208608026e+03,4.687500000000000909e+03,-2.302687952086069174e+02,7.864320000000000000e+05
8.304000000000000270e+00,-1.389511679235565907e+03,4.220196267774776970e+03,4.687500000000000909e+03,4.673037322252236550e+02,7.864320000000000000e+05
8.307999999999999829e+00,-2.832100253410721052e+03,2.946934259268752157e+03,1.562500000000000000e+03,-1.384434259268752157e+03,2.621440000000000000e+05
8.311999999999999389e+00,-4.490054042146487518e+03,1.428886571713434250e+03,1.562500000000000000e+03,1.336134282865658065e+02,2.621440000000000000e+05
8.316000000000000725e+00,-6.314708869146976213e+03,-3.309351760014594106e+02,0.000000000000000000e+00,3.309351760014594106e+02,0.000000000000000000e+00
8.320000000000000284e+00,-8.246112688330609672e+03,-1.931682581489883205e+03,-1.562500000000000000e+03,3.691825814898831482e+02,-2.621440000000000000e+05
8.323999999999999844e+00,-1.021464158279908588e+04,-3.767230322111506212e+03,-4.687500000000000909e+03,-9.202696778884944706e+02,-7.864320000000000000e+05
8.327999999999999403e+00,-1.214334248228489378e+04,-5.562117581658392737e+03,-4.687500000000000909e+03,8.746175816583918277e+02,-7.864320000000000000e+05
8.332000000000000739e+00,-1.395093726564488679e+04,-7.451334702670405022e+03,-7.812500000000000000e+03,-3.611652973295950915e+02,-1.310720000000000000e+06
8.336000000000000298e+00,-1.555537326479673720e+04,-8.938352056338746479e+03,-9.375000000000001819e+03,-4.366479436612551126e+02,-1.572864000000000000e+06
8.339999999999999858e+00,-1.687775978877508169e+04,-1.063370959594617307e+04,-9.375000000000001819e+03,1.258709595946171021e+03,-1.572864000000000000e+06
8.343999999999999417e+00,-1.784649243963124172e+04,-1.204847359757787672e+04,-1.250000000000000000e+04,-4.515264024221240788e+02,-2.097152000000000000e+06
8.348000000000000753e+00,-1.840133962140905351e+04,-1.299040914834289106e+04,-1.250000000000000000e+04,4.904091483428907168e+02,-2.097152000000000000e+06
8.352000000000000313e+00,-1.849725109651492312e+04,-1.344510426835013277e+04,-1.406250000000000000e+04,-6.173957316498672299e+02,-2.359296000000000000e+06
8.355999999999999872e+00,-1.810764831632599817e+04,-1.333518892464286000e+04,-1.406250000000000000e+04,-7.273110753571402256e+02,-2.359296000000000000e+06
8.359999999999999432e+00,-1.722697126162613495e+04,-1.283800395819897858e+04,-1.250000000000000000e+04,3.380039581989784097e+02,-2.097152000000000000e+06
8.364000000000000767e+00,-1.587228643760291197e+04,-1.194875985255962587e+04,-1.093750000000000182e+04,1.011259852559624051e+03,-1.835008000000000000e+06
8.368000000000000327e+00,-1.408380427553148184e+04,-1.060165215913135216e+04,-1.093750000000000182e+04,-3.358478408686492571e+02,-1.835008000000000000e+06
8.371999999999999886e+00,-1.192420937870354646e+04,-8.736967396393971285e+03,-9.375000000000001819e+03,-6.380326036060299657e+02,-1.572864000000000000e+06
8.375999999999999446e+00,-9.476770883624503767e+03,-6.739602558556402983e+03,-6.250000000000000000e+03,4.896025585564029825e+02,-1.048576000000000000e+06
8.380000000000000782e+00,-6.842269111620018521e+03,-4.511638751915508692e+03,-4.687500000000000909e+03,-1.758612480844915638e+02,-7.864320000000000000e+05
8.384000000000000341e+00,-4.134844643336219633e+03,-2.157523640790567697e+03,-1.562500000000000000e+03,5.950236407905673559e+02,-2.621440000000000000e+05
8.387999999999999901e+00,-1.476942741579109907e+03,6.166652270642950953e+02,0.000000000000000000e+00,-6.166652270642950953e+02,0.000000000000000000e+00
8.391999999999999460e+00,1.006414483470344408e+03,3.402243791905288163e+03,3.125000000000000000e+03,-2.772437919052878215e+02,5.242880000000000000e+05
8.396000000000000796e+00,3.193747470827755023e+03,5.849069938314469255e+03,6.250000000000000000e+03,4.009300616855306885e+02,1.048576000000000000e+06
8.400000000000000355e+00,4.973315615412147054e+03,7.742515041977021610e+03,7.812500000000000000e+03,6.998495802297814805e+01,1.310720000000000000e+06
8.403999999999999915e+00,6.249059223484857284e+03,9.663357247962692782e+03,9.375000000000001819e+03,-2.883572479626915310e+02,1.572864000000000000e+06
8.407999999999999474e+00,6.945957140550623990e+03,1.079724393505802254e+04,1.093750000000000182e+04,1.402560649419789343e+02,1.835008000000000000e+06
8.412000000000000810e+00,7.014490736184126035e+03,1.138079057069963892e+04,1.093750000000000182e+04,-4.432905706996375557e+02,1.835008000000000000e+06
8.416000000000000369e+00,6.433943825523355372e+03,1.153819572999796401e+04,1.250000000000000000e+04,9.618042700020364464e+02,2.097152000000000000e+06
8.419999999999999929e+00,5.214323588304835539e+03,1.123246838764653876e+04,1.093750000000000182e+04,-2.949683876465377352e+02,1.835008000000000000e+06
8.423999999999999488e+00,3.396756838775873348e+03,1.002085168413823340e+04,9.375000000000001819e+03,-6.458516841382315761e+02,1.572864000000000000e+06
8.428000000000000824e+00,1.052295448965611513e+03,8.186277058425955147e+03,9.375000000000001819e+03,1.188722941574045763e+03,1.572864000000000000e+06
8.432000000000000384e+00,-1.720849999725258840e+03,6.034400086755280427e+03,4.687500000000000909e+03,-1.346900086755279972e+03,7.864320000000000000e+05
8.435999999999999943e+00,-4.801542932096125696e+03,3.321070704601292618e+03,3.125000000000000000e+03,-1.960707046012922490e+02,5.242880000000000000e+05
8.439999999999999503e+00,-8.051231994323760773e+03,5.846287040593555275e+02,1.562500000000000000e+03,9.778712959406445862e+02,2.621440000000000000e+05
8.444000000000000838e+00,-1.132047909632730989e+04,-2.630457773324955269e+03,-3.125000000000000000e+03,-4.945422266750447875e+02,-5.242880000000000000e+05
8.448000000000000398e+00,-1.445618183666554432e+04,-5.710258810569669549e+03,-4.687500000000000909e+03,1.022758810569668981e+03,-7.864320000000000000e+05
8.451999999999999957e+00,-1.730912381856254797e+04,-8.866009476684361289e+03,-9.375000000000001819e+03,-5.089905233156399049e+02,-1.572864000000000000e+06
8.455999999999999517e+00,-1.974146182879840853e+04,-1.170718060414031424e+04,-1.250000000000000000e+04,-7.928193958596872335e+02,-2.097152000000000000e+06
8.460000000000000853e+00,-2.163375552447849986e+04,-1.411600568000891508e+04,-1.406250000000000000e+04,5.350568000891432519e+01,-2.359296000000000000e+06
8.464000000000000412e+00,-2.289116365900583332e+04,-1.556704290071995820e+04,-1.562500000000000000e+04,-5.795709928004162492e+01,-2.621440000000000000e+06
8.467999999999999972e+00,-2.344847024003474871e+04,-1.664377751439162967e+04,-1.562500000000000000e+04,1.018777514391628529e+03,-2.621440000000000000e+06
8.471999999999999531e+00,-2.327366239964863780e+04,-1.731455798434318785e+04,-1.718750000000000000e+04,1.270579843431866891e+02,-2.883584000000000000e+06
8.476000000000000867e+00,-2.236985611144775248e+04,-1.720043611765974856e+04,-1.718750000000000000e+04,1.293611765974811334e+01,-2.883584000000000000e+06
8.480000000000000426e+00,-2.077545220939787032e+04,-1.618033196096723259e+04,-1.718750000000000000e+04,-1.007168039032769343e+03,-2.883584000000000000e+06
8.483999999999999986e+00,-1.856249873005960399e+04,-1.467255149911652188e+04,-1.406250000000000000e+04,6.100514991165209722e+02,-2.359296000000000000e+06
8.487999999999999545e+00,-1.583333124434507408e+04,-1.263598755887355219e+04,-1.250000000000000000e+04,1.359875588735522172e+02,-2.097152000000000000e+06
8.492000000000000881e+00,-1.271565524485125752e+04,-9.984477606587997798e+03,-1.093750000000000182e+04,-9.530223934120039075e+02,-1.835008000000000000e+06
8.496000000000000441e+00,-9.356318640839019281e+03,-7.040516135931366080e+03,-6.250000000000000000e+03,7.905161359313657385e+02,-1.048576000000000000e+06
8.500000000000000000e+00,-5.914093268189462833e+03,-3.755208774175122471e+03,-4.687500000000000909e+03,-9.322912258248783246e+02,-7.864320000000000000e+05
8.503999999999999559e+00,-2.551838055370548318e+03,-5.396713965753403954e+02,0.000000000000000000e+00,5.396713965753403954e+02,0.000000000000000000e+00
8.507999999999999119e+00,5.715499338561498917e+02,2.670773397239239330e+03,3.125000000000000000e+03,4.542266027607608407e+02,5.242880000000000000e+05
8.512000000000000455e+00,3.308978832073187732e+03,5.797101091205986449e+03,6.250000000000000000e+03,4.528989087940141758e+02,1.048576000000000000e+06
8.516000000000000014e+00,5.532393100400141520e+03,8.410847350970028856e+03,7.812500000000000000e+03,-5.983473509700281738e+02,1.310720000000000000e+06
8.519999999999999574e+00,7.139019134053019116e+03,1.067186799866470210e+04,1.093750000000000182e+04,2.656320013352981846e+02,1.835008000000000000e+06
8.523999999999999133e+00,8.056305453434431911e+03,1.240824756529266415e+04,1.250000000000000000e+04,9.175243470733660445e+01,2.097152000000000000e+06
8.528000000000000469e+00,8.245308209131544572e+03,1.315061528191031175e+04,1.250000000000000000e+04,-6.506152819103112961e+02,2.097152000000000000e+06
8.532000000000000028e+00,7.702356544767283594e+03,1.352002259624014550e+04,1.406250000000000000e+04,5.424774037598549512e+02,2.359296000000000000e+06
8.535999999999999588e+00,6.458924669042038659e+03,1.298322174783087758e+04,1.250000000000000000e+04,-4.832217478308760406e+02,2.097152000000000000e+06
8.539999999999999147e+00,4.579733123061061633e+03,1.141130858501068724e+04,1.093750000000000182e+04,-4.738085850106866133e+02,1.835008000000000000e+06
8.544000000000000483e+00,2.159195368820495787e+03,9.901375930626305490e+03,1.093750000000000182e+04,1.036124069373695420e+03,1.835008000000000000e+06
8.548000000000000043e+00,-6.835877040541422502e+02,7.644704035941348593e+03,7.812500000000000000e+03,1.677959640586515775e+02,1.310720000000000000e+06
8.551999999999999602e+00,-3.811008181858609987e+03,5.181559157239222259e+03,4.687500000000000909e+03,-4.940591572392214630e+02,7.864320000000000000e+05
8.555999999999999162e+00,-7.073970606016463535e+03,2.038641004610715754e+03,1.562500000000000000e+03,-4.761410046107156973e+02,2.621440000000000000e+05
8.560000000000000497e+00,-1.031937501652408901e+04,-7.885640620976731725e+02,0.000000000000000000e+00,7.885640620976731725e+02,0.000000000000000000e+00
8.564000000000000057e+00,-1.339766932526776145e+04,-3.877708408748825605e+03,-4.687500000000000909e+03,-8.097915912511749639e+02,-7.864320000000000000e+05
8.567999999999999616e+00,-1.617007977295615819e+04,-7.001953290040306456e+03,-6.250000000000000000e+03,7.519532900403065696e+02,-1.048576000000000000e+06
8.571999999999999176e+00,-1.851515243893384832e+04,-9.604504375957299999e+03,-9.375000000000001819e+03,2.295043759572984357e+02,-1.572864000000000000e+06
8.576000000000000512e+00,-2.033428253383500851e+04,-1.176700705528748767e+04,-1.250000000000000000e+04,-7.329929447125131219e+02,-2.097152000000000000e+06
8.580000000000000071e+00,-2.155596874224197745e+04,-1.342496127878542757e+04,-1.250000000000000000e+04,9.249612787854272256e+02,-2.097152000000000000e+06
8.583999999999999631e+00,-2.213860351593449377e+04,-1.477312222008691970e+04,-1.562500000000000000e+04,-8.518777799130793937e+02,-2.621440000000000000e+06
8.587999999999999190e+00,-2.207169258219209951e+04,-1.545478817286630874e+04,-1.562500000000000000e+04,-1.702118271336913722e+02,-2.621440000000000000e+06
8.592000000000000526e+00,-2.137548323865510247e+04,-1.558397657498497574e+04,-1.562500000000000000e+04,-4.102342501502431560e+01,-2.621440000000000000e+06
8.596000000000000085e+00,-2.009906633267722646e+04,-1.479485025921266788e+04,-1.406250000000000000e+04,7.323502592126666286e+02,-2.359296000000000000e+06
8.599999999999999645e+00,-1.831709639802627498e+04,-1.313732844980457594e+04,-1.406250000000000000e+04,-9.251715501954246292e+02,-2.359296000000000000e+06
8.603999999999999204e+00,-1.612534390311020434e+04,-1.158448081917828858e+04,-1.093750000000000182e+04,6.469808191782877884e+02,-1.835008000000000000e+06
8.608000000000000540e+00,-1.363534928568660871e+04,-9.480008496340155034e+03,-9.375000000000001819e+03,1.050084963401531866e+02,-1.572864000000000000e+06
8.612000000000000099e+00,-1.096848761970774831e+04,-7.393727663319200474e+03,-7.812500000000000000e+03,-4.187723366807999810e+02,-1.310720000000000000e+06
8.615999999999999659e+00,-8.249773615030115252e+03,-4.870117838198410936e+03,-4.687500000000000909e+03,1.826178381984103680e+02,-7.864320000000000000e+05
8.619999999999999218e+00,-5.601738531533549576e+03,-2.261002255281664929e+03,-1.562500000000000000e+03,6.985022552816649295e+02,-2.621440000000000000e+05
8.624000000000000554e+00,-3.138693959176209319e+03,6.375210891308931878e+02,0.000000000000000000e+00,-6.375210891308931878e+02,0.000000000000000000e+00
8.628000000000000114e+00,-9.616638075338804583e+02,3.215289525173774564e+03,3.125000000000000000e+03,-9.028952517377416598e+01,5.242880000000000000e+05
8.631999999999999673e+00,8.457822511607042770e+02,5.177691596077951544e+03,4.687500000000000909e+03,-4.901915960779509760e+02,7.864320000000000000e+05
8.635999999999999233e+00,2.220619963960583391e+03,6.880342039562761784e+03,7.812500000000000000e+03,9.321579604372378753e+02,1.310720000000000000e+06
8.640000000000000568e+00,3.122279092628325088e+03,8.547240499473218733e+03,7.812500000000000000e+03,-7.347404994732190744e+02,1.310720000000000000e+06
8.644000000000000128e+00,3.533332151562181480e+03,9.407642528008318550e+03,9.375000000000001819e+03,-3.264252800831701506e+01,1.572864000000000000e+06
8.647999999999999687e+00,3.458994969561300877e+03,1.010450346336183975e+04,1.093750000000000182e+04,8.329965366381617287e+02,1.835008000000000000e+06
8.651999999999999247e+00,2.925534698405919698e+03,9.792036511551305011e+03,9.375000000000001819e+03,-4.170365115513038745e+02,1.572864000000000000e+06
8.656000000000000583e+00,1.977736236239607251e+03,9.022416023636331374e+03,9.375000000000001819e+03,3.525839763636705584e+02,1.572864000000000000e+06
8.660000000000000142e+00,6.756218406264417808e+02,8.307059837751670784e+03,7.812500000000000000e+03,-4.945598377516704431e+02,1.310720000000000000e+06
8.663999999999999702e+00,-9.093511589393078793e+02,7.368608496243217814e+03,7.812500000000000000e+03,4.438915037567820150e+02,1.310720000000000000e+06
8.667999999999999261e+00,-2.698374393381177470e+03,5.710284660917680412e+03,4.687500000000000909e+03,-1.022784660917679616e+03,7.864320000000000000e+05
8.672000000000000597e+00,-4.609413969627494225e+03,3.844919012278744503e+03,4.687500000000000909e+03,8.425809877212562924e+02,7.864320000000000000e+05
8.676000000000000156e+00,-6.561151539549883637e+03,1.840850452138824494e+03,1.562500000000000000e+03,-2.783504521388243234e+02,2.621440000000000000e+05
8.679999999999999716e+00,-8.476542178787536614e+03,5.485016309381820321e+01,0.000000000000000000e+00,-5.485016309381820321e+01,0.000000000000000000e+00
8.683999999999999275e+00,-1.028582803649396010e+04,-1.651969761656041555e+03,-1.562500000000000000e+03,8.946976165604141329e+01,-2.621440000000000000e+05
8.688000000000000611e+00,-1.192889202146307798e+04,-3.577016403023022121e+03,-3.125000000000000000e+03,4.520164030230220646e+02,-5.242880000000000000e+05
8.692000000000000171e+00,-1.335688540023046698e+04,-5.056381018800073434e+03,-6.250000000000000000e+03,-1.193618981199927248e+03,-1.048576000000000000e+06
8.695999999999999730e+00,-1.453311365336634299e+04,-6.499397623224293056e+03,-6.250000000000000000e+03,2.493976232242926585e+02,-1.048576000000000000e+06
8.699999999999999289e+00,-1.543321290070763825e+04,-7.912020095294210478e+03,-7.812500000000000000e+03,9.952009529421053458e+01,-1.310720000000000000e+06
8.704000000000000625e+00,-1.604469159619960010e+04,-8.611465390032899450e+03,-7.812500000000000000e+03,7.989653900328987675e+02,-1.310720000000000000e+06
8.708000000000000185e+00,-1.636594643292326509e+04,-9.313326496169269376e+03,-9.375000000000001819e+03,-6.167350383073227960e+01,-1.572864000000000000e+06
8.711999999999999744e+00,-1.640488556465959118e+04,-9.613920155061274272e+03,-9.375000000000001819e+03,2.389201550612729648e+02,-1.572864000000000000e+06
8.715999999999999304e+00,-1.617730518102767564e+04,-9.642180721139069647e+03,-1.093750000000000182e+04,-1.295319278860932172e+03,-1.835008000000000000e+06
8.720000000000000639e+00,-1.570516682944784407e+04,-9.427129270074588931e+03,-9.375000000000001819e+03,5.212927007458741002e+01,-1.572864000000000000e+06
8.724000000000000199e+00,-1.501491314348424021e+04,-8.654098100431518105e+03,-7.812500000000000000e+03,8.415981004315179916e+02,-1.310720000000000000e+06
8.727999999999999758e+00,-1.413594006854189502e+04,-8.106553948535464770e+03,-7.812500000000000000e+03,2.940539485354644285e+02,-1.310720000000000000e+06
8.731999999999999318e+00,-1.309931619319324091e+04,-7.086577165360958134e+03,-7.812500000000000000e+03,-7.259228346390423212e+02,-1.310720000000000000e+06
8.736000000000000654e+00,-1.193680683551106267e+04,-5.989230206393168373e+03,-6.250000000000000000e+03,-2.607697936068322520e+02,-1.048576000000000000e+06
8.740000000000000213e+00,-1.068022487197508417e+04,-4.922668486047570696e+03,-4.687500000000000909e+03,2.351684860475702692e+02,-7.864320000000000000e+05
8.743999999999999773e+00,-9.361094837854363504e+03,-3.885815882080091342e+03,-3.125000000000000000e+03,7.608158820800910007e+02,-5.242880000000000000e+05
8.747999999999999332e+00,-8.010584401909915869e+03,-2.289987630365339101e+03,-3.125000000000000000e+03,-8.350123696346610132e+02,-5.242880000000000000e+05
8.752000000000000668e+00,-6.659630475635927723e+03,-8.016035593038386651e+02,0.000000000000000000e+00,8.016035593038386651e+02,0.000000000000000000e+00
8.756000000000000227e+00,-5.339168049285950474e+03,4.521732332194485480e+02,0.000000000000000000e+00,-4.521732332194485480e+02,0.000000000000000000e+00
8.759999999999999787e+00,-4.080359837574775611e+03,1.635875651269542914e+03,1.562500000000000000e+03,-7.337565126954272898e+01,2.621440000000000000e+05
8.763999999999999346e+00,-2.914724739318058710e+03,2.896383716090728285e+03,3.125000000000000000e+03,2.286162839092720276e+02,5.242880000000000000e+05
8.768000000000000682e+00,-1.874072973460757339e+03,3.992483272821996707e+03,3.125000000000000000e+03,-8.674832728219963656e+02,5.242880000000000000e+05
8.772000000000000242e+00,-9.901747884752526261e+02,5.057276310921356526e+03,6.250000000000000000e+03,1.192723689078643702e+03,1.048576000000000000e+06
8.775999999999999801e+00,-2.941163794924265176e+02,5.897379734722051580e+03,4.687500000000000909e+03,-1.209879734722051126e+03,7.864320000000000000e+05
8.779999999999999361e+00,1.846709950105564246e+02,6.494123518730638352e+03,7.812500000000000000e+03,1.318376481269361648e+03,1.310720000000000000e+06
8.784000000000000696e+00,4.196872725800231478e+02,6.833692361603727477e+03,6.250000000000000000e+03,-5.836923616037272495e+02,1.048576000000000000e+06
8.788000000000000256e+00,3.888881167659046696e+02,7.119214511934294023e+03,7.812500000000000000e+03,6.932854880657059766e+02,1.310720000000000000e+06
8.791999999999999815e+00,7.636758919649760458e+01,6.851035320420683092e+03,6.250000000000000000e+03,-6.010353204206827513e+02,1.048576000000000000e+06
8.795999999999999375e+00,-5.259187529080085142e+02,6.505399351329286219e+03,6.250000000000000000e+03,-2.553993513292858779e+02,1.048576000000000000e+06
8.800000000000000711e+00,-1.416527759002947278e+03,5.926609638533214820e+03,6.250000000000000000e+03,3.233903614667851230e+02,1.048576000000000000e+06
8.804000000000000270e+00,-2.583146911405425726e+03,5.268434285047735102e+03,4.687500000000000909e+03,-5.809342850477345337e+02,7.864320000000000000e+05
8.807999999999999829e+00,-4.001603022422744289e+03,4.334943963057504334e+03,4.687500000000000909e+03,3.525560369424963483e+02,7.864320000000000000e+05
8.811999999999999389e+00,-5.635394799187019089e+03,2.514274709396800063e+03,3.125000000000000000e+03,6.107252906032002784e+02,5.242880000000000000e+05
8.816000000000000725e+00,-7.435858675883003343e+03,1.169176949731519926e+03,0.000000000000000000e+00,-1.169176949731519926e+03,0.000000000000000000e+00
8.820000000000000284e+00,-9.343043217640579314e+03,-5.294729700329895650e+02,0.000000000000000000e+00,5.294729700329895650e+02,0.000000000000000000e+00
8.823999999999999844e+00,-1.128732511948944739e+04,-2.365415169080588839e+03,-1.562500000000000000e+03,8.029151690805889530e+02,-2.621440000000000000e+05
8.827999999999999403e+00,-1.319175192378933934e+04,-4.078892744577752637e+03,-4.687500000000000909e+03,-6.086072554222481585e+02,-7.864320000000000000e+05
8.832000000000000739e+00,-1.497504612271009864e+04,-5.581197588179607010e+03,-6.250000000000000000e+03,-6.688024118203933313e+02,-1.048576000000000000e+06
8.836000000000000298e+00,-1.655515566215096987e+04,-7.733855309006321477e+03,-7.812500000000000000e+03,-7.864469099367818217e+01,-1.310720000000000000e+06
8.839999999999999858e+00,-1.785319046578220150e+04,-9.247943869330107191e+03,-7.812500000000000000e+03,1.435443869330107646e+03,-1.310720000000000000e+06
8.843999999999999417e+00,-1.879754675092905381e+04,-1.040161482516810247e+04,-1.093750000000000182e+04,-5.358851748318987802e+02,-1.835008000000000000e+06
8.848000000000000753e+00,-1.932799353753180912e+04,-1.121905792016240412e+04,-1.093750000000000182e+04,2.815579201624028656e+02,-1.835008000000000000e+06
8.852000000000000313e+00,-1.939948120450046190e+04,-1.160296692824725687e+04,-1.250000000000000000e+04,-8.970330717527446041e+02,-2.097152000000000000e+06
8.855999999999999872e+00,-1.898543182030760363e+04,-1.182749645838782999e+04,-1.093750000000000182e+04,8.899964583878282838e+02,-1.835008000000000000e+06
8.859999999999999432e+00,-1.808028598340797180e+04,-1.121772921738626792e+04,-1.093750000000000182e+04,2.802292173862668960e+02,-1.835008000000000000e+06
8.864000000000000767e+00,-1.670111081722082599e+04,-1.019505443820149048e+04,-1.093750000000000182e+04,-7.424455617985100844e+02,-1.835008000000000000e+06
8.868000000000000327e+00,-1.488811737179776355e+04,-8.938872342448165000e+03,-9.375000000000001819e+03,-4.361276575518355685e+02,-1.572864000000000000e+06
8.871999999999999886e+00,-1.270399086973538215e+04,-7.301417398995077747e+03,-6.250000000000000000e+03,1.051417398995077292e+03,-1.048576000000000000e+06
8.875999999999999446e+00,-1.023200106735849840e+04,-5.201822429980238667e+03,-6.250000000000000000e+03,-1.048177570019761333e+03,-1.048576000000000000e+06
8.880000000000000782e+00,-7.572928906308811747e+03,-2.869303422817050432e+03,-3.125000000000000000e+03,-2.556965771829495679e+02,-5.242880000000000000e+05
8.884000000000000341e+00,-4.840915588031703010e+03,-2.172909317471614372e+02,0.000000000000000000e+00,2.172909317471614372e+02,0.000000000000000000e+00
8.887999999999999901e+00,-2.158406996598037495e+03,2.420781002830203761e+03,3.125000000000000000e+03,7.042189971697963529e+02,5.242880000000000000e+05
8.891999999999999460e+00,3.495741360952752075e+02,5.125910907079554818e+03,4.687500000000000909e+03,-4.384109070795540219e+02,7.864320000000000000e+05
8.896000000000000796e+00,2.561547626912654323e+03,7.459302644631568910e+03,7.812500000000000000e+03,3.531973553684312606e+02,1.310720000000000000e+06
8.900000000000000355e+00,4.365772248203182244e+03,9.426880030153053667e+03,9.375000000000001819e+03,-5.188003015305260845e+01,1.572864000000000000e+06
8.903999999999999915e+00,5.666187683254102012e+03,1.106912428425969119e+04,1.093750000000000182e+04,-1.316242842596907678e+02,1.835008000000000000e+06
8.907999999999999474e+00,6.387772154208601933e+03,1.240542548725032430e+04,1.250000000000000000e+04,9.457451274967610289e+01,2.097152000000000000e+06
8.912000000000000810e+00,6.481006406907529708e+03,1.309132274259084625e+04,1.250000000000000000e+04,-5.913227425908447685e+02,2.097152000000000000e+06
8.916000000000000369e+00,5.925173632398810696e+03,1.326556448540729434e+04,1.406250000000000000e+04,7.969355145927056583e+02,2.359296000000000000e+06
8.919999999999999929e+00,4.730280385988098715e+03,1.244244863328527390e+04,1.250000000000000000e+04,5.755136671472746457e+01,2.097152000000000000e+06
8.923999999999999488e+00,2.937452857167652837e+03,1.130591803785820593e+04,1.093750000000000182e+04,-3.684180378582049684e+02,1.835008000000000000e+06
8.928000000000000824e+00,6.177422929016001945e+02,9.741063657533164587e+03,9.375000000000001819e+03,-3.660636575331631661e+02,1.572864000000000000e+06
8.932000000000000384e+00,-2.130641350766531104e+03,7.307702678466138423e+03,7.812500000000000000e+03,5.047973215338615773e+02,1.310720000000000000e+06
8.935999999999999943e+00,-5.186562124271600624e+03,4.681424920532678698e+03,4.687500000000000909e+03,6.075079467321963023e+00,7.864320000000000000e+05
8.939999999999999503e+00,-8.411469299686874365e+03,1.905524024717848988e+03,1.562500000000000000e+03,-3.430240247178488175e+02,2.621440000000000000e+05
8.944000000000000838e+00,-1.165592541307388092e+04,-1.181049997152482092e+03,-1.562500000000000000e+03,-3.814500028475179647e+02,-2.621440000000000000e+05
8.948000000000000398e+00,-1.476682868936419254e+04,-3.884440626211650851e+03,-3.125000000000000000e+03,7.594406262116507378e+02,-5.242880000000000000e+05
8.951999999999999957e+00,-1.759496335836802609e+04,-6.711884725065464409e+03,-6.250000000000000000e+03,4.618847250654643517e+02,-1.048576000000000000e+06
8.955999999999999517e+00,-2.000248683365072429e+04,-9.703337533659163455e+03,-1.093750000000000182e+04,-1.234162466340837909e+03,-1.835008000000000000e+06
8.960000000000000853e+00,-2.186995939928480948e+04,-1.211605799283200395e+04,-1.093750000000000182e+04,1.178557992832002583e+03,-1.835008000000000000e+06
8.964000000000000412e+00,-2.310254043580740836e+04,-1.375001521076861900e+04,-1.406250000000000000e+04,-3.124847892313816828e+02,-2.359296000000000000e+06
8.967999999999999972e+00,-2.363501457815759568e+04,-1.490390978951514080e+04,-1.562500000000000000e+04,-7.210902104848593126e+02,-2.621440000000000000e+06
8.971999999999999531e+00,-2.343536958583853266e+04,-1.542467129354949975e+04,-1.562500000000000000e+04,-2.003287064505001354e+02,-2.621440000000000000e+06
8.976000000000000867e+00,-2.250672205998915160e+04,-1.547622533726321126e+04,-1.406250000000000000e+04,1.413725337263211486e+03,-2.359296000000000000e+06
8.980000000000000426e+00,-2.088747346221748376e+04,-1.447557546692103460e+04,-1.562500000000000000e+04,-1.149424533078966078e+03,-2.621440000000000000e+06
8.983999999999999986e+00,-1.864967245681336863e+04,-1.287771425870023995e+04,-1.250000000000000000e+04,3.777142587002395544e+02,-2.097152000000000000e+06
8.987999999999999545e+00,-1.589565524248993279e+04,-1.087752872277493771e+04,-1.093750000000000182e+04,-5.997127722506302661e+01,-1.835008000000000000e+06
8.992000000000000881e+00,-1.275312793970079656e+04,-8.252878887561719239e+03,-7.812500000000000000e+03,4.403788875617184999e+02,-1.310720000000000000e+06
8.996000000000000441e+00,-9.368939085602878549e+03,-5.149653788644876840e+03,-6.250000000000000000e+03,-1.100346211355123842e+03,-1.048576000000000000e+06
9.000000000000000000e+00,-5.901861143998160514e+03,-1.996785371494951505e+03,-1.562500000000000000e+03,4.342853714949515052e+02,-2.621440000000000000e+05
9.003999999999999559e+00,-2.514753671282203868e+03,1.187433108590628990e+03,1.562500000000000000e+03,3.750668914093710669e+02,2.621440000000000000e+05
9.007999999999999119e+00,6.334856408623094239e+02,4.409909766241745274e+03,4.687500000000000909e+03,2.775902337582552377e+02,7.864320000000000000e+05
9.012000000000000455e+00,3.395764297121312666e+03,7.683881382935061993e+03,7.812500000000000000e+03,1.286186170649378369e+02,1.310720000000000000e+06
9.016000000000000014e+00,5.644026130757113606e+03,1.018943549179725596e+04,9.375000000000001819e+03,-8.144354917972544854e+02,1.572864000000000000e+06
9.019999999999999574e+00,7.275496909183602838e+03,1.252711323968421857e+04,1.250000000000000000e+04,-2.711323968421740105e+01,2.097152000000000000e+06
9.023999999999999133e+00,8.217624525073009863e+03,1.431665376943541742e+04,1.406250000000000000e+04,-2.541537694354164501e+02,2.359296000000000000e+06
9.028000000000000469e+00,8.431464501368709534e+03,1.516229310994289881e+04,1.562500000000000000e+04,4.627068900571011909e+02,2.621440000000000000e+06
9.032000000000000028e+00,7.913345354153247172e+03,1.528402182658077436e+04,1.562500000000000000e+04,3.409781734192256408e+02,2.621440000000000000e+06
9.035999999999999588e+00,6.694740664705231211e+03,1.471040869897791163e+04,1.406250000000000000e+04,-6.479086989779111718e+02,2.359296000000000000e+06
9.039999999999999147e+00,4.840370346842967592e+03,1.370066636159007248e+04,1.406250000000000000e+04,3.618336384099279712e+02,2.359296000000000000e+06
9.044000000000000483e+00,2.444647235425984945e+03,1.207465398827737772e+04,1.250000000000000000e+04,4.253460117226229045e+02,2.097152000000000000e+06
9.048000000000000043e+00,-3.733284068900084662e+02,9.664150702204451591e+03,9.375000000000001819e+03,-2.891507022044510222e+02,1.572864000000000000e+06
9.051999999999999602e+00,-3.475949293189145465e+03,6.820478292434444484e+03,6.250000000000000000e+03,-5.704782924344440289e+02,1.048576000000000000e+06
9.055999999999999162e+00,-6.714120591484140277e+03,3.843079223532939523e+03,4.687500000000000909e+03,8.444207764670610459e+02,7.864320000000000000e+05
9.060000000000000497e+00,-9.934742968147818829e+03,6.391088630250264941e+02,0.000000000000000000e+00,-6.391088630250264941e+02,0.000000000000000000e+00
9.064000000000000057e+00,-1.298826496121247146e+04,-2.445462981062228664e+03,-1.562500000000000000e+03,8.829629810622285504e+02,-2.621440000000000000e+05
9.067999999999999616e+00,-1.573591343728720312e+04,-5.352443132109227918e+03,-6.250000000000000000e+03,-8.975568678907721960e+02,-1.048576000000000000e+06
9.071999999999999176e+00,-1.805623510135632387e+04,-8.138510484993463251e+03,-7.812500000000000000e+03,3.260104849934636491e+02,-1.310720000000000000e+06
9.076000000000000512e+00,-1.985062578941563334e+04,-1.048373859055847242e+04,-1.093750000000000182e+04,-4.537614094415279737e+02,-1.835008000000000000e+06
9.080000000000000071e+00,-2.104758481111712899e+04,-1.214431522176023827e+04,-1.093750000000000182e+04,1.206815221760236909e+03,-1.835008000000000000e+06
9.083999999999999631e+00,-2.160550524300060351e+04,-1.313498002436701972e+04,-1.406250000000000000e+04,-9.275199756329806178e+02,-2.359296000000000000e+06
9.087999999999999190e+00,-2.151389343678161458e+04,-1.356769882261258681e+04,-1.406250000000000000e+04,-4.948011773874133610e+02,-2.359296000000000000e+06
9.092000000000000526e+00,-2.079299731419606542e+04,-1.341942583936496885e+04,-1.250000000000000000e+04,9.194258393649679419e+02,-2.097152000000000000e+06
9.096000000000000085e+00,-1.949190834633705890e+04,-1.256182119750771744e+04,-1.250000000000000000e+04,6.182119750771687450e+01,-2.097152000000000000e+06
9.099999999999999645e+00,-1.768528169034002349e+04,-1.126533483055005672e+04,-1.093750000000000182e+04,3.278348305500549031e+02,-1.835008000000000000e+06
9.103999999999999204e+00,-1.546888843759312840e+04,-9.455190733042891225e+03,-9.375000000000001819e+03,8.019073304288936299e+01,-1.572864000000000000e+06
9.108000000000000540e+00,-1.295426964843030146e+04,-7.575645142311816016e+03,-7.812500000000000000e+03,-2.368548576881842394e+02,-1.310720000000000000e+06
9.112000000000000099e+00,-1.026280101896174347e+04,-5.202645596821310392e+03,-6.250000000000000000e+03,-1.047354403178689608e+03,-1.048576000000000000e+06
9.115999999999999659e+00,-7.519497880766768503e+03,-2.512829047067531519e+03,-1.562500000000000000e+03,9.503290470675315191e+02,-2.621440000000000000e+05
9.119999999999999218e+00,-4.846892114997227509e+03,1.848040452394842532e+02,0.000000000000000000e+00,-1.848040452394842532e+02,0.000000000000000000e+00
9.124000000000000554e+00,-2.359295932417974200e+03,2.430440285390728150e+03,1.562500000000000000e+03,-8.679402853907281497e+02,2.621440000000000000e+05
9.128000000000000114e+00,-1.577338629284663227e+02,4.649881538781922245e+03,4.687500000000000909e+03,3.761846121807816701e+01,7.864320000000000000e+05
9.131999999999999673e+00,1.674223801411252680e+03,6.900159790520655406e+03,7.812500000000000000e+03,9.123402094793447077e+02,1.310720000000000000e+06
9.135999999999999233e+00,3.073552188341185229e+03,8.533790557400338002e+03,7.812500000000000000e+03,-7.212905574003389120e+02,1.310720000000000000e+06
9.140000000000000568e+00,3.999680440839046241e+03,1.009974459956594001e+04,1.093750000000000182e+04,8.377554004340616984e+02,1.835008000000000000e+06
9.144000000000000128e+00,4.435180455062750298e+03,1.083108253789591799e+04,1.093750000000000182e+04,1.064174621040834410e+02,1.835008000000000000e+06
9.147999999999999687e+00,4.385267442131803364e+03,1.139950334160669627e+04,1.093750000000000182e+04,-4.620033416066950736e+02,1.835008000000000000e+06
9.151999999999999247e+00,3.876207936721713395e+03,1.155481743603060750e+04,1.093750000000000182e+04,-6.173174360306065864e+02,1.835008000000000000e+06
9.156000000000000583e+00,2.952786220463243353e+03,1.092441409368269342e+04,1.093750000000000182e+04,1.308590631730714726e+01,1.835008000000000000e+06
9.160000000000000142e+00,1.675023935014331983e+03,9.727075200376115390e+03,1.093750000000000182e+04,1.210424799623885974e+03,1.835008000000000000e+06
9.163999999999999702e+00,1.143777945855141240e+02,8.794564290627260561e+03,7.812500000000000000e+03,-9.820642906272613573e+02,1.310720000000000000e+06
9.167999999999999261e+00,-1.650344446392506143e+03,7.240423979529612552e+03,7.812500000000000000e+03,5.720760204703879026e+02,1.310720000000000000e+06
9.172000000000000597e+00,-3.537109508839921546e+03,5.561062686208558262e+03,4.687500000000000909e+03,-8.735626862085574658e+02,7.864320000000000000e+05
9.176000000000000156e+00,-5.464599657951932386e+03,3.661841117916912935e+03,4.687500000000000909e+03,1.025658882083087519e+03,7.864320000000000000e+05
9.179999999999999716e+00,-7.355770582005802680e+03,1.631574133990450264e+03,1.562500000000000000e+03,-6.907413399045016433e+01,2.621440000000000000e+05
9.183999999999999275e+00,-9.140865042094079399e+03,-2.208180204488591301e+02,0.000000000000000000e+00,2.208180204488591301e+02,0.000000000000000000e+00
9.188000000000000611e+00,-1.075976655823346300e+04,-1.862911004264812618e+03,-3.125000000000000000e+03,-1.262088995735187609e+03,-5.242880000000000000e+05
9.192000000000000171e+00,-1.216362700745174698e+04,-3.697800441490925550e+03,-3.125000000000000000e+03,5.728004414909254365e+02,-5.242880000000000000e+05
9.195999999999999730e+00,-1.331575248006531183e+04,-4.908811421416212397e+03,-4.687500000000000909e+03,2.213114214162118856e+02,-7.864320000000000000e+05
9.199999999999999289e+00,-1.419177970489457039e+04,-5.976336079532252370e+03,-6.250000000000000000e+03,-2.736639204677484258e+02,-1.048576000000000000e+06
9.204000000000000625e+00,-1.477921774409232967e+04,-6.865708598376610098e+03,-6.250000000000000000e+03,6.157085983766099844e+02,-1.048576000000000000e+06
9.208000000000000185e+00,-1.507646389815365364e+04,-7.324043895473329940e+03,-7.812500000000000000e+03,-4.884561045266702877e+02,-1.310720000000000000e+06
9.211999999999999744e+00,-1.509142692746629473e+04,-7.836134633163433136e+03,-7.812500000000000000e+03,2.363463316343295162e+01,-1.310720000000000000e+06
9.215999999999999304e+00,-1.483990362743268633e+04,-7.835329793495287049e+03,-7.812500000000000000e+03,2.282979349528709179e+01,-1.310720000000000000e+06
9.220000000000000639e+00,-1.434385615041815618e+04,-7.456486229876397374e+03,-7.812500000000000000e+03,-3.560137701236025691e+02,-1.310720000000000000e+06
9.224000000000000199e+00,-1.362972773407790555e+04,-7.105942257645496284e+03,-6.250000000000000000e+03,8.559422576454962837e+02,-1.048576000000000000e+06
9.227999999999999758e+00,-1.272691492703929907e+04,-6.253382533040226917e+03,-6.250000000000000000e+03,3.382533040226232135e+00,-1.048576000000000000e+06
9.231999999999999318e+00,-1.166648692021239003e+04,-5.121134227187624674e+03,-6.250000000000000000e+03,-1.128865772812375553e+03,-1.048576000000000000e+06
9.236000000000000654e+00,-1.048020963310854313e+04,-4.210274031663399910e+03,-3.125000000000000000e+03,1.085274031663399910e+03,-5.242880000000000000e+05
9.240000000000000213e+00,-9.199896542731092268e+03,-2.911948262977748982e+03,-3.125000000000000000e+03,-2.130517370222510749e+02,-5.242880000000000000e+05
9.243999999999999773e+00,-7.857072783942792739e+03,-1.189429716443477446e+03,-1.562500000000000000e+03,-3.730702835565227247e+02,-2.621440000000000000e+05
9.247999999999999332e+00,-6.482906624153927623e+03,6.105372707951151767e+01,0.000000000000000000e+00,-6.105372707951151767e+01,0.000000000000000000e+00
9.252000000000000668e+00,-5.108335572546689946e+03,1.569954767780060138e+03,1.562500000000000000e+03,-7.454767780060069349e+00,2.621440000000000000e+05
9.256000000000000227e+00,-3.764295216088762118e+03,2.779701310678723985e+03,3.125000000000000000e+03,3.452986893212762425e+02,5.242880000000000000e+05
9.259999999999999787e+00,-2.481948865217661933e+03,3.886404091089683789e+03,3.125000000000000000e+03,-7.614040910896837886e+02,5.242880000000000000e+05
9.263999999999999346e+00,-1.292816013466927188e+03,5.054487608879733671e+03,6.250000000000000000e+03,1.195512391120266557e+03,1.048576000000000000e+06
9.268000000000000682e+00,-2.287074734789960075e+02,5.806038724722808183e+03,4.687500000000000909e+03,-1.118538724722807501e+03,7.864320000000000000e+05
9.272000000000000242e+00,6.786059136119346249e+02,6.867763663534216903e+03,7.812500000000000000e+03,9.447363364657829834e+02,1.310720000000000000e+06
9.275999999999999801e+00,1.398037361063127264e+03,7.602650603641488487e+03,7.812500000000000000e+03,2.098493963585117967e+02,1.310720000000000000e+06
9.279999999999999361e+00,1.900155019851265934e+03,8.272561447896534446e+03,7.812500000000000000e+03,-4.600614478965352987e+02,1.310720000000000000e+06
9.284000000000000696e+00,2.158458238056507071e+03,8.499615867126358353e+03,7.812500000000000000e+03,-6.871158671263588076e+02,1.310720000000000000e+06
9.288000000000000256e+00,2.150902090857853182e+03,8.628273773476264978e+03,9.375000000000001819e+03,7.467262265237369547e+02,1.572864000000000000e+06
9.291999999999999815e+00,1.861580052622536869e+03,8.499414713834621580e+03,7.812500000000000000e+03,-6.869147138346219208e+02,1.310720000000000000e+06
9.295999999999999375e+00,1.282447094434844075e+03,8.109648340651099716e+03,9.375000000000001819e+03,1.265351659348901421e+03,1.572864000000000000e+06
9.300000000000000711e+00,4.149457818425125311e+02,7.892861671297003340e+03,7.812500000000000000e+03,-8.036167129700336886e+01,1.310720000000000000e+06
9.304000000000000270e+00,-7.286119513130627183e+02,6.993891033711504861e+03,6.250000000000000000e+03,-7.438910337115040647e+02,1.048576000000000000e+06
9.307999999999999829e+00,-2.124053500012660606e+03,6.116507202745779978e+03,6.250000000000000000e+03,1.334927972542199086e+02,1.048576000000000000e+06
9.311999999999999389e+00,-3.734878152877120101e+03,4.867979147831763839e+03,4.687500000000000909e+03,-1.804791478317632141e+02,7.864320000000000000e+05
9.316000000000000725e+00,-5.512422924381540724e+03,3.342183947756108410e+03,3.125000000000000000e+03,-2.171839477561080969e+02,5.242880000000000000e+05
9.320000000000000284e+00,-7.396736958733361462e+03,1.449777973532804481e+03,1.562500000000000000e+03,1.127220264671956187e+02,2.621440000000000000e+05
9.323999999999999844e+00,-9.318197528811078882e+03,-6.463844071599571635e+02,0.000000000000000000e+00,6.463844071599571635e+02,0.000000000000000000e+00
9.327999999999999403e+00,-1.119985275358178114e+04,-2.267236360833147046e+03,-3.125000000000000000e+03,-8.577636391668531815e+02,-5.242880000000000000e+05
9.332000000000000739e+00,-1.296042570056463956e+04,-4.171990598173923900e+03,-3.125000000000000000e+03,1.046990598173923900e+03,-5.242880000000000000e+05
9.336000000000000298e+00,-1.451786488973738233e+04,-5.784382412048182232e+03,-6.250000000000000000e+03,-4.656175879518180523e+02,-1.048576000000000000e+06
9.339999999999999858e+00,-1.579328081756228130e+04,-7.285044195253122780e+03,-7.812500000000000000e+03,-5.274558047468772202e+02,-1.310720000000000000e+06
9.343999999999999417e+00,-1.671507027285613367e+04,-8.458411121768058365e+03,-7.812500000000000000e+03,6.459111217680581376e+02,-1.310720000000000000e+06
9.348000000000000753e+00,-1.722300284573571844e+04,-9.289947830231116313e+03,-9.375000000000001819e+03,-8.505216976888510771e+01,-1.572864000000000000e+06
9.352000000000000313e+00,-1.727202948395837302e+04,-9.653824498276997474e+03,-9.375000000000001819e+03,2.788244982769965077e+02,-1.572864000000000000e+06
9.355999999999999872e+00,-1.683557282349972593e+04,-9.664302349551206134e+03,-9.375000000000001819e+03,2.893023495512056229e+02,-1.572864000000000000e+06
9.359999999999999432e+00,-1.590807402896010717e+04,-9.088897834903194962e+03,-9.375000000000001819e+03,-2.861021650968058907e+02,-1.572864000000000000e+06
9.364000000000000767e+00,-1.450660078853142477e+04,-8.424130809713193230e+03,-9.375000000000001819e+03,-9.508691902868089301e+02,-1.572864000000000000e+06
9.368000000000000327e+00,-1.267136471565123793e+04,-7.331331645095990098e+03,-6.250000000000000000e+03,1.081331645095990098e+03,-1.048576000000000000e+06
9.371999999999999886e+00,-1.046505159490183178e+04,-5.673909007951243439e+03,-6.250000000000000000e+03,-5.760909920487570162e+02,-1.048576000000000000e+06
9.375999999999999446e+00,-7.970931743177513454e+03,-3.306769531086996722e+03,-3.125000000000000000e+03,1.817695310869964658e+02,-5.242880000000000000e+05
9.380000000000000782e+00,-5.289786661261347035e+03,-8.513833999000797803e+02,-1.562500000000000000e+03,-7.111166000999203334e+02,-2.621440000000000000e+05
9.384000000000000341e+00,-2.535758108295613511e+03,1.633887798782918253e+03,1.562500000000000000e+03,-7.138779878291808245e+01,2.621440000000000000e+05
9.387999999999999901e+00,1.687074754086725648e+02,4.399556527195642047e+03,4.687500000000000909e+03,2.879434728043587484e+02,7.864320000000000000e+05
9.391999999999999460e+00,2.698586803186273755e+03,6.786880465896771057e+03,7.812500000000000000e+03,1.025619534103228943e+03,1.310720000000000000e+06
9.396000000000000796e+00,4.932399138619142832e+03,8.989227298538853574e+03,7.812500000000000000e+03,-1.176727298538854029e+03,1.310720000000000000e+06
9.400000000000000355e+00,6.758402702272864190e+03,1.105434372923048977e+04,1.093750000000000182e+04,-1.168437292304886483e+02,1.835008000000000000e+06
9.403999999999999915e+00,8.080536627165214668e+03,1.303129383949948169e+04,1.406250000000000000e+04,1.031206160500518990e+03,2.359296000000000000e+06
9.407999999999999474e+00,8.823778586697053470e+03,1.412085074187059217e+04,1.406250000000000000e+04,-5.835074187059141337e+01,2.359296000000000000e+06
9.412000000000000810e+00,8.938608779508145744e+03,1.477015350651206973e+04,1.406250000000000000e+04,-7.076535065120691570e+02,2.359296000000000000e+06
9.416000000000000369e+00,8.404309851000572962e+03,1.504035751270666515e+04,1.562500000000000000e+04,5.846424872933339429e+02,2.621440000000000000e+06
9.419999999999999929e+00,7.230887812403058888e+03,1.483417553617467820e+04,1.406250000000000000e+04,-7.716755361746770632e+02,2.359296000000000000e+06
9.423999999999999488e+00,5.459468310713064966e+03,1.383215808661398842e+04,1.406250000000000000e+04,2.303419133860111572e+02,2.359296000000000000e+06
9.428000000000000824e+00,3.161102051997177114e+03,1.168614530599910358e+04,1.250000000000000000e+04,8.138546940008976662e+02,2.097152000000000000e+06
9.432000000000000384e+00,4.339984530103228053e+02,9.364402840544786159e+03,9.375000000000001819e+03,1.059715945521573488e+01,1.572864000000000000e+06
9.435999999999999943e+00,-2.600707074346439640e+03,6.555030057763752666e+03,6.250000000000000000e+03,-3.050300577637524952e+02,1.048576000000000000e+06
9.439999999999999503e+00,-5.804464338173797842e+03,3.588817824821534941e+03,3.125000000000000000e+03,-4.638178248215348844e+02,5.242880000000000000e+05
9.444000000000000838e+00,-9.027836408909934107e+03,6.015018741272544958e+02,1.562500000000000000e+03,9.609981258727456179e+02,2.621440000000000000e+05
9.448000000000000398e+00,-1.211772204419818809e+04,-2.647097661678698842e+03,-3.125000000000000000e+03,-4.779023383213012153e+02,-5.242880000000000000e+05
9.451999999999999957e+00,-1.492490600488393829e+04,-5.453729528926608509e+03,-6.250000000000000000e+03,-7.962704710733920592e+02,-1.048576000000000000e+06
9.455999999999999517e+00,-1.731154623387541506e+04,-8.338034267208282472e+03,-7.812500000000000000e+03,5.255342672082826994e+02,-1.310720000000000000e+06
9.460000000000000853e+00,-1.915820354288433373e+04,-1.083976496477069850e+04,-1.093750000000000182e+04,-9.773503522930195686e+01,-1.835008000000000000e+06
9.464000000000000412e+00,-2.037003783836877119e+04,-1.221583769295645834e+04,-1.250000000000000000e+04,-2.841623070435426257e+02,-2.097152000000000000e+06
9.467999999999999972e+00,-2.088183427945775838e+04,-1.315817049094885624e+04,-1.250000000000000000e+04,6.581704909488557860e+02,-2.097152000000000000e+06
9.471999999999999531e+00,-2.066158114810000916e+04,-1.383055938935543600e+04,-1.406250000000000000e+04,-2.319406106445643445e+02,-2.359296000000000000e+06
9.476000000000000867e+00,-1.971239556612259912e+04,-1.382665195333152406e+04,-1.406250000000000000e+04,-2.358480466684766839e+02,-2.359296000000000000e+06
9.480000000000000426e+00,-1.807267951405058193e+04,-1.297803091023235356e+04,-1.250000000000000000e+04,4.780309102323520847e+02,-2.097152000000000000e+06
9.483999999999999986e+00,-1.581448217330749139e+04,-1.118267229074951865e+04,-1.093750000000000182e+04,2.451722907495183108e+02,-1.835008000000000000e+06
9.487999999999999545e+00,-1.304014025794284680e+04,-8.772194504735347437e+03,-9.375000000000001819e+03,-6.028054952646535867e+02,-1.572864000000000000e+06
9.492000000000000881e+00,-9.877360401936894050e+03,-6.162771723684954850e+03,-6.250000000000000000e+03,-8.722827631504544854e+01,-1.048576000000000000e+06
9.496000000000000441e+00,-6.472991654150516297e+03,-3.391256523938578539e+03,-3.125000000000000000e+03,2.662565239385781410e+02,-5.242880000000000000e+05
9.500000000000000000e+00,-2.985806988253048530e+03,-1.639373575532340510e+02,0.000000000000000000e+00,1.639373575532340510e+02,0.000000000000000000e+00
9.503999999999999559e+00,4.213335313400503992e+02,3.207213927728799263e+03,3.125000000000000000e+03,-8.221392772879897848e+01,5.242880000000000000e+05
9.507999999999999119e+00,3.589531706789040527e+03,6.327869818837572893e+03,6.250000000000000000e+03,-7.786981883757277956e+01,1.048576000000000000e+06
9.512000000000000455e+00,6.371694538496236419e+03,9.577805806898099036e+03,9.375000000000001819e+03,-2.028058068980973019e+02,1.572864000000000000e+06
9.516000000000000014e+00,8.639765357327736638e+03,1.217427261696446112e+04,1.250000000000000000e+04,3.257273830355404129e+02,2.097152000000000000e+06
9.519999999999999574e+00,1.029096943020108665e+04,1.437210223777788269e+04,1.406250000000000000e+04,-3.096022377778815553e+02,2.359296000000000000e+06
9.523999999999999133e+00,1.125275415120422622e+04,1.587627681974712686e+04,1.562500000000000000e+04,-2.512768197471260123e+02,2.621440000000000000e+06
9.528000000000000469e+00,1.148617454662172531e+04,1.684213577695093409e+04,1.718750000000000000e+04,3.453642230490660836e+02,2.883584000000000000e+06
9.532000000000000028e+00,1.098755863781446351e+04,1.710088012947309471e+04,1.718750000000000000e+04,8.661987052690709277e+01,2.883584000000000000e+06
9.535999999999999588e+00,9.788379513289693932e+03,1.679773036023934401e+04,1.718750000000000000e+04,3.897696397606557639e+02,2.883584000000000000e+06
9.539999999999999147e+00,7.953356596056733906e+03,1.542830575444054375e+04,1.562500000000000000e+04,1.966942455594554531e+02,2.621440000000000000e+06
9.544000000000000483e+00,5.576902232141188506e+03,1.342590465423641035e+04,1.250000000000000000e+04,-9.259046542364097832e+02,2.097152000000000000e+06
9.548000000000000043e+00,2.778116197351811479e+03,1.104342273078245853e+04,1.093750000000000182e+04,-1.059227307824567248e+02,1.835008000000000000e+06
9.551999999999999602e+00,-3.053947062423410443e+02,8.490021707686144509e+03,9.375000000000001819e+03,8.849782923138569686e+02,1.572864000000000000e+06
9.555999999999999162e+00,-3.524536129489905761e+03,5.735238431531213791e+03,4.687500000000000909e+03,-1.047738431531212882e+03,7.864320000000000000e+05
9.560000000000000497e+00,-6.726209219574617237e+03,2.575614245092946476e+03,3.125000000000000000e+03,5.493857549070538653e+02,5.242880000000000000e+05
9.564000000000000057e+00,-9.760862993304122938e+03,-7.463739930771039326e+02,-1.562500000000000000e+03,-8.161260069228961811e+02,-2.621440000000000000e+05
9.567999999999999616e+00,-1.248972479401471537e+04,-3.623787460785376879e+03,-3.125000000000000000e+03,4.987874607853765383e+02,-5.242880000000000000e+05
9.571999999999999176e+00,-1.479134180135692623e+04,-6.251205737369567032e+03,-6.250000000000000000e+03,1.205737369567097428e+00,-1.048576000000000000e+06
9.576000000000000512e+00,-1.656711032392142806e+04,-8.566261456012502094e+03,-7.812500000000000000e+03,7.537614560125024354e+02,-1.310720000000000000e+06
9.580000000000000071e+00,-1.774553014186983637e+04,-1.017671386355980576e+04,-1.093750000000000182e+04,-7.607861364401953779e+02,-1.835008000000000000e+06
9.583999999999999631e+00,-1.828499480015635345e+04,-1.144346622824472070e+04,-1.093750000000000182e+04,5.059662282447200710e+02,-1.835008000000000000e+06
9.587999999999999190e+00,-1.817501111680238682e+04,-1.211569110223213283e+04,-1.250000000000000000e+04,-3.843088977678685865e+02,-2.097152000000000000e+06
9.592000000000000526e+00,-1.743582747773018491e+04,-1.185734470018430693e+04,-1.093750000000000182e+04,9.198447001843059070e+02,-1.835008000000000000e+06
9.596000000000000085e+00,-1.611653581608769127e+04,-1.120919906939551038e+04,-1.250000000000000000e+04,-1.290800930604490986e+03,-2.097152000000000000e+06
9.599999999999999645e+00,-1.429179174892213086e+04,-1.012293608186309757e+04,-9.375000000000001819e+03,7.479360818630955237e+02,-1.572864000000000000e+06
9.603999999999999204e+00,-1.205736682537837987e+04,-8.488188067722956475e+03,-9.375000000000001819e+03,-8.868119322770450026e+02,-1.572864000000000000e+06
9.608000000000000540e+00,-9.524802561381295163e+03,-6.234598249394063714e+03,-6.250000000000000000e+03,-1.540175060593673706e+01,-1.048576000000000000e+06
9.612000000000000099e+00,-6.815475106453621265e+03,-3.954488467901979220e+03,-3.125000000000000000e+03,8.294884679019791065e+02,-5.242880000000000000e+05
9.615999999999999659e+00,-4.054400243398084513e+03,-1.335986211733182699e+03,-1.562500000000000000e+03,-2.265137882668173006e+02,-2.621440000000000000e+05
9.619999999999999218e+00,-1.364110302389718527e+03,1.510175454277315566e+03,1.562500000000000000e+03,5.232454572268456872e+01,2.621440000000000000e+05
9.624000000000000554e+00,1.141082058996467822e+03,4.064679033861369135e+03,4.687500000000000909e+03,6.228209661386314338e+02,7.864320000000000000e+05
9.628000000000000114e+00,3.360151866272988627e+03,6.546781914330746076e+03,6.250000000000000000e+03,-2.967819143307459626e+02,1.048576000000000000e+06
9.631999999999999673e+00,5.209528385027517288e+03,8.580248151407367914e+03,7.812500000000000000e+03,-7.677481514073679136e+02,1.310720000000000000e+06
9.635999999999999233e+00,6.626186302892501772e+03,1.053024318061705162e+04,1.093750000000000182e+04,4.072568193829486063e+02,1.835008000000000000e+06
9.640000000000000568e+00,7.569554324995564457e+03,1.194213827582986778e+04,1.250000000000000000e+04,5.578617241701333569e+02,2.097152000000000000e+06
9.644000000000000128e+00,8.022203911912476542e+03,1.263986715374536652e+04,1.250000000000000000e+04,-1.398671537453654992e+02,2.097152000000000000e+06
9.647999999999999687e+00,7.989349841458985793e+03,1.303781339047087204e+04,1.250000000000000000e+04,-5.378133904708707860e+02,2.097152000000000000e+06
9.651999999999999247e+00,7.497258217297350711e+03,1.275691255963216281e+04,1.250000000000000000e+04,-2.569125596321615603e+02,2.097152000000000000e+06
9.656000000000000583e+00,6.590712892345494765e+03,1.246593233759985014e+04,1.250000000000000000e+04,3.406766240015083014e+01,2.097152000000000000e+06
9.660000000000000142e+00,5.329735081860093487e+03,1.160344435198083011e+04,1.250000000000000000e+04,8.965556480191698938e+02,2.097152000000000000e+06
9.663999999999999702e+00,3.785781075973006409e+03,1.039611148482495264e+04,9.375000000000001819e+03,-1.021111484824950935e+03,1.572864000000000000e+06
9.667999999999999261e+00,2.037658207369275715e+03,8.905147066668927437e+03,9.375000000000001819e+03,4.698529333310736433e+02,1.572864000000000000e+06
9.672000000000000597e+00,1.673993357264555186e+02,7.514734062323079343e+03,7.812500000000000000e+03,2.977659376769206574e+02,1.310720000000000000e+06
9.676000000000000156e+00,-1.743678221197830680e+03,5.530001594498727172e+03,4.687500000000000909e+03,-8.425015944987261491e+02,7.864320000000000000e+05
9.679999999999999716e+00,-3.618530566364111110e+03,3.730113335042840390e+03,4.687500000000000909e+03,9.573866649571602920e+02,7.864320000000000000e+05
9.683999999999999275e+00,-5.387400873171889543e+03,1.734752223678097153e+03,1.562500000000000000e+03,-1.722522236780970104e+02,2.621440000000000000e+05
9.688000000000000611e+00,-6.990173071559749587e+03,-2.199249550001810576e+02,0.000000000000000000e+00,2.199249550001810576e+02,0.000000000000000000e+00
9.692000000000000171e+00,-8.377999446081053975e+03,-1.660328196476419180e+03,-1.562500000000000000e+03,9.782819647641900929e+01,-2.621440000000000000e+05
9.695999999999999730e+00,-9.514186492170818383e+03,-3.052908866867270262e+03,-3.125000000000000000e+03,-7.209113313272992229e+01,-5.242880000000000000e+05
9.699999999999999289e+00,-1.037437134135257838e+04,-4.312640360109014182e+03,-4.687500000000000909e+03,-3.748596398909865002e+02,-7.864320000000000000e+05
9.704000000000000625e+00,-1.094606345605406023e+04,-5.371873227662688805e+03,-4.687500000000000909e+03,6.843732276626884641e+02,-7.864320000000000000e+05
9.708000000000000185e+00,-1.122766053460939293e+04,-5.914844081811857905e+03,-6.250000000000000000e+03,-3.351559181881428913e+02,-1.048576000000000000e+06
9.711999999999999744e+00,-1.122707173279780000e+04,-6.126404132015728464e+03,-6.250000000000000000e+03,-1.235958679842719050e+02,-1.048576000000000000e+06
9.715999999999999304e+00,-1.096009423895638611e+04,-5.993616578060753454e+03,-6.250000000000000000e+03,-2.563834219392472278e+02,-1.048576000000000000e+06
9.720000000000000639e+00,-1.044869059591821679e+04,-5.850909904765384454e+03,-6.250000000000000000e+03,-3.990900952346157169e+02,-1.048576000000000000e+06
9.724000000000000199e+00,-9.719304429329496998e+03,-5.481158820664601990e+03,-4.687500000000000909e+03,7.936588206646014214e+02,-7.864320000000000000e+05
9.727999999999999758e+00,-8.801332673321787297e+03,-4.851225603984765257e+03,-4.687500000000000909e+03,1.637256039847649731e+02,-7.864320000000000000e+05
9.731999999999999318e+00,-7.725844901813422439e+03,-4.011203752378590707e+03,-4.687500000000000909e+03,-6.762962476214102026e+02,-7.864320000000000000e+05
9.736000000000000654e+00,-6.524607414817592144e+03,-2.871723588256480525e+03,-3.125000000000000000e+03,-2.532764117435196738e+02,-5.242880000000000000e+05
9.740000000000000213e+00,-5.229434067324135867e+03,-1.367172867692898762e+03,-1.562500000000000000e+03,-1.953271323071013796e+02,-2.621440000000000000e+05
9.743999999999999773e+00,-3.871850369657180636e+03,-3.646816997055078673e+02,0.000000000000000000e+00,3.646816997055078673e+02,0.000000000000000000e+00
9.747999999999999332e+00,-2.483024962153144770e+03,9.212956288690238580e+02,1.562500000000000000e+03,6.412043711309762557e+02,2.621440000000000000e+05
9.752000000000000668e+00,-1.093895724377494389e+03,2.205813122017661499e+03,1.562500000000000000e+03,-6.433131220176616125e+02,2.621440000000000000e+05
9.756000000000000227e+00,2.646013888737874140e+02,3.706590201186402282e+03,3.125000000000000000e+03,-5.815902011864020551e+02,5.242880000000000000e+05
9.759999999999999787e+00,1.561302701896302779e+03,5.326704595770724154e+03,6.250000000000000000e+03,9.232954042292760732e+02,1.048576000000000000e+06
9.763999999999999346e+00,2.764688358462305587e+03,6.521950357396971413e+03,6.250000000000000000e+03,-2.719503573969713557e+02,1.048576000000000000e+06
9.768000000000000682e+00,3.842947185816116871e+03,7.368960536202448566e+03,7.812500000000000000e+03,4.435394637975513206e+02,1.310720000000000000e+06
9.772000000000000242e+00,4.764307985300319160e+03,8.467787960784673487e+03,7.812500000000000000e+03,-6.552879607846732597e+02,1.310720000000000000e+06
9.775999999999999801e+00,5.497683615248585738e+03,9.289719139248931242e+03,9.375000000000001819e+03,8.528086075106945430e+01,1.572864000000000000e+06
9.779999999999999361e+00,6.013641874321847354e+03,1.024952245953517740e+04,1.093750000000000182e+04,6.879775404648232779e+02,1.835008000000000000e+06
9.784000000000000696e+00,6.285681760901865346e+03,1.058704482514711344e+04,9.375000000000001819e+03,-1.212044825147112761e+03,1.572864000000000000e+06
9.788000000000000256e+00,6.291758003095142158e+03,1.047106261656449897e+04,1.093750000000000182e+04,4.664373834355022268e+02,1.835008000000000000e+06
9.791999999999999815e+00,6.015963730831131215e+03,1.029745220613290257e+04,1.093750000000000182e+04,6.400477938670983349e+02,1.835008000000000000e+06
9.795999999999999375e+00,5.450253573399675588e+03,1.012748036843646332e+04,9.375000000000001819e+03,-7.524803684364617311e+02,1.572864000000000000e+06
9.800000000000000711e+00,4.596069757206494614e+03,9.437767224416313184e+03,9.375000000000001819e+03,-6.276722441631195437e+01,1.572864000000000000e+06
9.804000000000000270e+00,3.465723879610881795e+03,8.675332194381013323e+03,9.375000000000001819e+03,6.996678056189874724e+02,1.572864000000000000e+06
9.807999999999999829e+00,2.083388211820051310e+03,7.307733962554275422e+03,7.812500000000000000e+03,5.047660374457246917e+02,1.310720000000000000e+06
9.811999999999999389e+00,4.855631340779161178e+02,5.939116651088954313e+03,4.687500000000000909e+03,-1.251616651088953176e+03,7.864320000000000000e+05
9.816000000000000725e+00,-1.279088696539678267e+03,4.325609742044428458e+03,4.687500000000000909e+03,3.618902579555719399e+02,7.864320000000000000e+05
9.820000000000000284e+00,-3.150616749994606835e+03,2.647126125997850522e+03,3.125000000000000000e+03,4.778738740021494777e+02,5.242880000000000000e+05
9.823999999999999844e+00,-5.059398622218156561e+03,9.308259937704191316e+02,0.000000000000000000e+00,-9.308259937704191316e+02,0.000000000000000000e+00
9.827999999999999403e+00,-6.928482752518583766e+03,-6.509893491429667165e+02,0.000000000000000000e+00,6.509893491429667165e+02,0.000000000000000000e+00
9.832000000000000739e+00,-8.676592526038484721e+03,-2.635465999503209332e+03,-3.125000000000000000e+03,-4.895340004967907817e+02,-5.242880000000000000e+05
9.836000000000000298e+00,-1.022167677765146254e+04,-4.175212786909197348e+03,-3.125000000000000000e+03,1.050212786909197575e+03,-5.242880000000000000e+05
9.839999999999999858e+00,-1.148484631598145279e+04,-5.633896473455255546e+03,-6.250000000000000000e+03,-6.161035265447451366e+02,-1.048576000000000000e+06
9.843999999999999417e+00,-1.239449823926413046e+04,-6.911820760762447208e+03,-6.250000000000000000e+03,6.618207607624465254e+02,-1.048576000000000000e+06
9.848000000000000753e+00,-1.289040244428483675e+04,-7.802005785889937215e+03,-7.812500000000000000e+03,-1.049421411006279392e+01,-1.310720000000000000e+06
9.852000000000000313e+00,-1.292751018271111388e+04,-8.659660630627173305e+03,-9.375000000000001819e+03,-7.153393693728280596e+02,-1.572864000000000000e+06
9.855999999999999872e+00,-1.247924439166336742e+04,-8.602227740950038424e+03,-7.812500000000000000e+03,7.897277409500379690e+02,-1.310720000000000000e+06
9.859999999999999432e+00,-1.154004653411274012e+04,-7.932165438404093948e+03,-9.375000000000001819e+03,-1.442834561595907417e+03,-1.572864000000000000e+06
9.864000000000000767e+00,-1.012698459384131820e+04,-7.228543047928157648e+03,-6.250000000000000000e+03,9.785430479281571934e+02,-1.048576000000000000e+06
9.868000000000000327e+00,-8.280270477088559346e+03,-5.913074823972669037e+03,-6.250000000000000000e+03,-3.369251760273316449e+02,-1.048576000000000000e+06
9.871999999999999886e+00,-6.062590258442003687e+03,-3.971524172008876576e+03,-3.125000000000000000e+03,8.465241720088763486e+02,-5.242880000000000000e+05
9.875999999999999446e+00,-3.557214541999199355e+03,-1.750866118517750692e+03,-3.125000000000000000e+03,-1.374133881482249535e+03,-5.242880000000000000e+05
9.880000000000000782e+00,-8.649251129348183440e+02,2.510115116446446564e+02,1.562500000000000000e+03,1.311488488355355457e+03,2.621440000000000000e+05
9.884000000000000341e+00,1.900135988033799322e+03,2.659126698690972717e+03,1.562500000000000000e+03,-1.096626698690972489e+03,2.621440000000000000e+05
9.887999999999999901e+00,4.615522041846131287e+03,5.427507910860252196e+03,6.250000000000000000e+03,8.224920891397478044e+02,1.048576000000000000e+06
9.891999999999999460e+00,7.156209485918794599e+03,7.865457176824555972e+03,7.812500000000000000e+03,-5.295717682455604347e+01,1.310720000000000000e+06
9.896000000000000796e+00,9.400717310754282153e+03,1.055686316959262513e+04,1.093750000000000182e+04,3.806368304073766922e+02,1.835008000000000000e+06
9.900000000000000355e+00,1.123730346668472157e+04,1.300613215190526353e+04,1.250000000000000000e+04,-5.061321519052621056e+02,2.097152000000000000e+06
9.903999999999999915e+00,1.256990681934655731e+04,1.490644525162907303e+04,1.406250000000000000e+04,-8.439452516290722315e+02,2.359296000000000000e+06
9.907999999999999474e+00,1.332350477761870934e+04,1.602075772864412102e+04,1.718750000000000000e+04,1.166742271355880575e+03,2.883584000000000000e+06
9.912000000000000810e+00,1.344857727848495597e+04,1.649549367020164209e+04,1.562500000000000000e+04,-8.704936702016407253e+02,2.621440000000000000e+06
9.916000000000000369e+00,1.292440670856379074e+04,1.657129540677290424e+04,1.718750000000000000e+04,6.162045932270980302e+02,2.883584000000000000e+06
9.919999999999999929e+00,1.176099882317934316e+04,1.611757866028166609e+04,1.562500000000000000e+04,-4.925786602816666004e+02,2.621440000000000000e+06
9.923999999999999488e+00,9.999479016310537190e+03,1.463653473823790591e+04,1.406250000000000000e+04,-5.740347382379059127e+02,2.359296000000000000e+06
9.928000000000000824e+00,7.710897743896393877e+03,1.303058518171020842e+04,1.406250000000000000e+04,1.031914818289792038e+03,2.359296000000000000e+06
9.932000000000000384e+00,4.993464175463564061e+03,1.074534007556094730e+04,1.093750000000000182e+04,1.921599244390538672e+02,1.835008000000000000e+06
9.935999999999999943e+00,1.968313478588469479e+03,8.090278627133252485e+03,7.812500000000000000e+03,-2.777786271332526553e+02,1.310720000000000000e+06
9.939999999999999503e+00,-1.226004396243082510e+03,5.252707491378496343e+03,4.687500000000000909e+03,-5.652074913784958881e+02,7.864320000000000000e+05
9.944000000000000838e+00,-4.440052757965935598e+03,2.296294890150715673e+03,3.125000000000000000e+03,8.287051098492845540e+02,5.242880000000000000e+05
9.948000000000000398e+00,-7.520730599798030198e+03,-9.818050211928378985e+02,-1.562500000000000000e+03,-5.806949788071621015e+02,-2.621440000000000000e+05
9.951999999999999957e+00,-1.031882291522946434e+04,-4.294810874793161929e+03,-4.687500000000000909e+03,-3.926891252068386962e+02,-7.864320000000000000e+05
9.955999999999999517e+00,-1.269648787687966251e+04,-7.203605835039303201e+03,-6.250000000000000000e+03,9.536058350393030878e+02,-1.048576000000000000e+06
9.960000000000000853e+00,-1.453428652323045389e+04,-9.552465531267927872e+03,-9.375000000000001819e+03,1.774655312679271333e+02,-1.572864000000000000e+06
9.964000000000000412e+00,-1.573737898456407675e+04,-1.099001138546152470e+04,-1.093750000000000182e+04,5.251138546152368747e+01,-1.835008000000000000e+06
9.967999999999999972e+00,-1.624055064088197832e+04,-1.211030015423993791e+04,-1.250000000000000000e+04,-3.896998457600629990e+02,-2.097152000000000000e+06
9.971999999999999531e+00,-1.601178999204783213e+04,-1.242666026429091835e+04,-1.250000000000000000e+04,-7.333973570908258921e+01,-2.097152000000000000e+06
9.976000000000000867e+00,-1.505421437484064700e+04,-1.223232292417512144e+04,-1.250000000000000000e+04,-2.676770758248785000e+02,-2.097152000000000000e+06
9.980000000000000426e+00,-1.340622598176949941e+04,-1.147552334959425025e+04,-1.093750000000000182e+04,5.380233495942496802e+02,-1.835008000000000000e+06
9.983999999999999986e+00,-1.113987420326773281e+04,-9.851587519741064170e+03,-1.093750000000000182e+04,-1.085912480258936512e+03,-1.835008000000000000e+06
9.987999999999999545e+00,-8.357495959416142796e+03,-7.801485531492597147e+03,-7.812500000000000000e+03,-1.101446850740317451e+01,-1.310720000000000000e+06
9.992000000000000881e+00,-5.186798087241961184e+03,-5.319424810135628832e+03,-4.687500000000000909e+03,6.319248101356276948e+02,-7.864320000000000000e+05
9.996000000000000441e+00,-1.774629835663398580e+03,-2.576999574737040348e+03,-3.125000000000000000e+03,-5.480004252629596522e+02,-5.242880000000000000e+05
