 0.00000000e+00  9.00000000e-01  0.00000000e+00  8.99910009e-01  0.00000000e+00  0.00000000e+00 
 1.00000000e-07  9.00000063e-01  1.00000000e-07  8.99903789e-01  1.00000000e-07  0.00000000e+00 
 2.00000000e-07  9.00000126e-01  2.00000000e-07  8.99897569e-01  2.00000000e-07  0.00000000e+00 
 4.00000000e-07  9.00000251e-01  4.00000000e-07  8.99885130e-01  4.00000000e-07  0.00000000e+00 
 8.00000000e-07  9.00000503e-01  8.00000000e-07  8.99860251e-01  8.00000000e-07  0.00000000e+00 
 1.60000000e-06  9.00001005e-01  1.60000000e-06  8.99810493e-01  1.60000000e-06  0.00000000e+00 
 3.20000000e-06  9.00002011e-01  3.20000000e-06  8.99710978e-01  3.20000000e-06  0.00000000e+00 
 6.40000000e-06  9.00004021e-01  6.40000000e-06  8.99511947e-01  6.40000000e-06  0.00000000e+00 
 1.28000000e-05  9.00008042e-01  1.28000000e-05  8.99113892e-01  1.28000000e-05  0.00000000e+00 
 2.28000000e-05  9.00014325e-01  2.28000000e-05  8.98491959e-01  2.28000000e-05  0.00000000e+00 
 3.28000000e-05  9.00020607e-01  3.28000000e-05  8.97870081e-01  3.28000000e-05  0.00000000e+00 
 4.28000000e-05  9.00026889e-01  4.28000000e-05  8.97248285e-01  4.28000000e-05  0.00000000e+00 
 5.28000000e-05  9.00033169e-01  5.28000000e-05  8.96626593e-01  5.28000000e-05  0.00000000e+00 
 6.28000000e-05  9.00039448e-01  6.28000000e-05  8.96005031e-01  6.28000000e-05  0.00000000e+00 
 7.28000000e-05  9.00045726e-01  7.28000000e-05  8.95383623e-01  7.28000000e-05  0.00000000e+00 
 8.28000000e-05  9.00052001e-01  8.28000000e-05  8.94762394e-01  8.28000000e-05  0.00000000e+00 
 9.28000000e-05  9.00058275e-01  9.28000000e-05  8.94141368e-01  9.28000000e-05  0.00000000e+00 
 1.02800000e-04  9.00064546e-01  1.02800000e-04  8.93520570e-01  1.02800000e-04  0.00000000e+00 
 1.12800000e-04  9.00070815e-01  1.12800000e-04  8.92900024e-01  1.12800000e-04  0.00000000e+00 
 1.22800000e-04  9.00077081e-01  1.22800000e-04  8.92279755e-01  1.22800000e-04  0.00000000e+00 
 1.32800000e-04  9.00083344e-01  1.32800000e-04  8.91659787e-01  1.32800000e-04  0.00000000e+00 
 1.42800000e-04  9.00089604e-01  1.42800000e-04  8.91040145e-01  1.42800000e-04  0.00000000e+00 
 1.52800000e-04  9.00095860e-01  1.52800000e-04  8.90420852e-01  1.52800000e-04  0.00000000e+00 
 1.62800000e-04  9.00102112e-01  1.62800000e-04  8.89801935e-01  1.62800000e-04  0.00000000e+00 
 1.72800000e-04  9.00108360e-01  1.72800000e-04  8.89183417e-01  1.72800000e-04  0.00000000e+00 
 1.82800000e-04  9.00114604e-01  1.82800000e-04  8.88565322e-01  1.82800000e-04  0.00000000e+00 
 1.92800000e-04  9.00120844e-01  1.92800000e-04  8.87947674e-01  1.92800000e-04  0.00000000e+00 
 2.02800000e-04  9.00127078e-01  2.02800000e-04  8.87330500e-01  2.02800000e-04  0.00000000e+00 
 2.12800000e-04  9.00133308e-01  2.12800000e-04  8.86713821e-01  2.12800000e-04  0.00000000e+00 
 2.22800000e-04  9.00139533e-01  2.22800000e-04  8.86097664e-01  2.22800000e-04  0.00000000e+00 
 2.32800000e-04  9.00145752e-01  2.32800000e-04  8.85482052e-01  2.32800000e-04  0.00000000e+00 
 2.42800000e-04  9.00151965e-01  2.42800000e-04  8.84867010e-01  2.42800000e-04  0.00000000e+00 
 2.52800000e-04  9.00158172e-01  2.52800000e-04  8.84252561e-01  2.52800000e-04  0.00000000e+00 
 2.62800000e-04  9.00164373e-01  2.62800000e-04  8.83638731e-01  2.62800000e-04  0.00000000e+00 
 2.72800000e-04  9.00170567e-01  2.72800000e-04  8.83025543e-01  2.72800000e-04  0.00000000e+00 
 2.82800000e-04  9.00176755e-01  2.82800000e-04  8.82413021e-01  2.82800000e-04  0.00000000e+00 
 2.92800000e-04  9.00182936e-01  2.92800000e-04  8.81801190e-01  2.92800000e-04  0.00000000e+00 
 3.02800000e-04  9.00189109e-01  3.02800000e-04  8.81190075e-01  3.02800000e-04  0.00000000e+00 
 3.12800000e-04  9.00195275e-01  3.12800000e-04  8.80579698e-01  3.12800000e-04  0.00000000e+00 
 3.22800000e-04  9.00201434e-01  3.22800000e-04  8.79970084e-01  3.22800000e-04  0.00000000e+00 
 3.32800000e-04  9.00207584e-01  3.32800000e-04  8.79361258e-01  3.32800000e-04  0.00000000e+00 
 3.42800000e-04  9.00213726e-01  3.42800000e-04  8.78753242e-01  3.42800000e-04  0.00000000e+00 
 3.52800000e-04  9.00219860e-01  3.52800000e-04  8.78146063e-01  3.52800000e-04  0.00000000e+00 
 3.62800000e-04  9.00225985e-01  3.62800000e-04  8.77539742e-01  3.62800000e-04  0.00000000e+00 
 3.72800000e-04  9.00232101e-01  3.72800000e-04  8.76934304e-01  3.72800000e-04  0.00000000e+00 
 3.82800000e-04  9.00238208e-01  3.82800000e-04  8.76329774e-01  3.82800000e-04  0.00000000e+00 
 3.92800000e-04  9.00244306e-01  3.92800000e-04  8.75726174e-01  3.92800000e-04  0.00000000e+00 
 4.02800000e-04  9.00250394e-01  4.02800000e-04  8.75123529e-01  4.02800000e-04  0.00000000e+00 
 4.12800000e-04  9.00256472e-01  4.12800000e-04  8.74521862e-01  4.12800000e-04  0.00000000e+00 
 4.22800000e-04  9.00262539e-01  4.22800000e-04  8.73921198e-01  4.22800000e-04  0.00000000e+00 
 4.32800000e-04  9.00268597e-01  4.32800000e-04  8.73321560e-01  4.32800000e-04  0.00000000e+00 
 4.42800000e-04  9.00274644e-01  4.42800000e-04  8.72722972e-01  4.42800000e-04  0.00000000e+00 
 4.52800000e-04  9.00280680e-01  4.52800000e-04  8.72125456e-01  4.52800000e-04  0.00000000e+00 
 4.62800000e-04  9.00286705e-01  4.62800000e-04  8.71529038e-01  4.62800000e-04  0.00000000e+00 
 4.72800000e-04  9.00292719e-01  4.72800000e-04  8.70933740e-01  4.72800000e-04  0.00000000e+00 
 4.82800000e-04  9.00298721e-01  4.82800000e-04  8.70339586e-01  4.82800000e-04  0.00000000e+00 
 4.92800000e-04  9.00304711e-01  4.92800000e-04  8.69746600e-01  4.92800000e-04  0.00000000e+00 
 5.02800000e-04  9.00310690e-01  5.02800000e-04  8.69154804e-01  5.02800000e-04  0.00000000e+00 
 5.12800000e-04  9.00316656e-01  5.12800000e-04  8.68564222e-01  5.12800000e-04  0.00000000e+00 
 5.22800000e-04  9.00322609e-01  5.22800000e-04  8.67974878e-01  5.22800000e-04  0.00000000e+00 
 5.32800000e-04  9.00328550e-01  5.32800000e-04  8.67386795e-01  5.32800000e-04  0.00000000e+00 
 5.42800000e-04  9.00334478e-01  5.42800000e-04  8.66799995e-01  5.42800000e-04  0.00000000e+00 
 5.52800000e-04  9.00340393e-01  5.52800000e-04  8.66214503e-01  5.52800000e-04  0.00000000e+00 
 5.62800000e-04  9.00346294e-01  5.62800000e-04  8.65630341e-01  5.62800000e-04  0.00000000e+00 
 5.72800000e-04  9.00352181e-01  5.72800000e-04  8.65047533e-01  5.72800000e-04  0.00000000e+00 
 5.82800000e-04  9.00358055e-01  5.82800000e-04  8.64466100e-01  5.82800000e-04  0.00000000e+00 
 5.92800000e-04  9.00363915e-01  5.92800000e-04  8.63886067e-01  5.92800000e-04  0.00000000e+00 
 6.02800000e-04  9.00369760e-01  6.02800000e-04  8.63307456e-01  6.02800000e-04  0.00000000e+00 
 6.12800000e-04  9.00375590e-01  6.12800000e-04  8.62730290e-01  6.12800000e-04  0.00000000e+00 
 6.22800000e-04  9.00381406e-01  6.22800000e-04  8.62154592e-01  6.22800000e-04  0.00000000e+00 
 6.32800000e-04  9.00387207e-01  6.32800000e-04  8.61580384e-01  6.32800000e-04  0.00000000e+00 
 6.42800000e-04  9.00392992e-01  6.42800000e-04  8.61007689e-01  6.42800000e-04  0.00000000e+00 
 6.52800000e-04  9.00398762e-01  6.52800000e-04  8.60436531e-01  6.52800000e-04  0.00000000e+00 
 6.62800000e-04  9.00404516e-01  6.62800000e-04  8.59866930e-01  6.62800000e-04  0.00000000e+00 
 6.72800000e-04  9.00410254e-01  6.72800000e-04  8.59298911e-01  6.72800000e-04  0.00000000e+00 
 6.82800000e-04  9.00415976e-01  6.82800000e-04  8.58732495e-01  6.82800000e-04  0.00000000e+00 
 6.92800000e-04  9.00421682e-01  6.92800000e-04  8.58167704e-01  6.92800000e-04  0.00000000e+00 
 7.02800000e-04  9.00427370e-01  7.02800000e-04  8.57604561e-01  7.02800000e-04  0.00000000e+00 
 7.12800000e-04  9.00433042e-01  7.12800000e-04  8.57043089e-01  7.12800000e-04  0.00000000e+00 
 7.22800000e-04  9.00438697e-01  7.22800000e-04  8.56483308e-01  7.22800000e-04  0.00000000e+00 
 7.32800000e-04  9.00444335e-01  7.32800000e-04  8.55925243e-01  7.32800000e-04  0.00000000e+00 
 7.42800000e-04  9.00449955e-01  7.42800000e-04  8.55368913e-01  7.42800000e-04  0.00000000e+00 
 7.52800000e-04  9.00455557e-01  7.52800000e-04  8.54814342e-01  7.52800000e-04  0.00000000e+00 
 7.62800000e-04  9.00461142e-01  7.62800000e-04  8.54261551e-01  7.62800000e-04  0.00000000e+00 
 7.72800000e-04  9.00466708e-01  7.72800000e-04  8.53710563e-01  7.72800000e-04  0.00000000e+00 
 7.82800000e-04  9.00472255e-01  7.82800000e-04  8.53161398e-01  7.82800000e-04  0.00000000e+00 
 7.92800000e-04  9.00477784e-01  7.92800000e-04  8.52614079e-01  7.92800000e-04  0.00000000e+00 
 8.02800000e-04  9.00483295e-01  8.02800000e-04  8.52068627e-01  8.02800000e-04  0.00000000e+00 
 8.12800000e-04  9.00488786e-01  8.12800000e-04  8.51525064e-01  8.12800000e-04  0.00000000e+00 
 8.22800000e-04  9.00494257e-01  8.22800000e-04  8.50983410e-01  8.22800000e-04  0.00000000e+00 
 8.32800000e-04  9.00499710e-01  8.32800000e-04  8.50443689e-01  8.32800000e-04  0.00000000e+00 
 8.42800000e-04  9.00505142e-01  8.42800000e-04  8.49905920e-01  8.42800000e-04  0.00000000e+00 
 8.52800000e-04  9.00510555e-01  8.52800000e-04  8.49370125e-01  8.52800000e-04  0.00000000e+00 
 8.62800000e-04  9.00515947e-01  8.62800000e-04  8.48836326e-01  8.62800000e-04  0.00000000e+00 
 8.72800000e-04  9.00521319e-01  8.72800000e-04  8.48304543e-01  8.72800000e-04  0.00000000e+00 
 8.82800000e-04  9.00526671e-01  8.82800000e-04  8.47774797e-01  8.82800000e-04  0.00000000e+00 
 8.92800000e-04  9.00532002e-01  8.92800000e-04  8.47247109e-01  8.92800000e-04  0.00000000e+00 
 9.02800000e-04  9.00537311e-01  9.02800000e-04  8.46721501e-01  9.02800000e-04  0.00000000e+00 
 9.12800000e-04  9.00542600e-01  9.12800000e-04  8.46197992e-01  9.12800000e-04  0.00000000e+00 
 9.22800000e-04  9.00547867e-01  9.22800000e-04  8.45676604e-01  9.22800000e-04  0.00000000e+00 
 9.32800000e-04  9.00553112e-01  9.32800000e-04  8.45157356e-01  9.32800000e-04  0.00000000e+00 
 9.42800000e-04  9.00558336e-01  9.42800000e-04  8.44640270e-01  9.42800000e-04  0.00000000e+00 
 9.52800000e-04  9.00563538e-01  9.52800000e-04  8.44125367e-01  9.52800000e-04  0.00000000e+00 
 9.62800000e-04  9.00568717e-01  9.62800000e-04  8.43612665e-01  9.62800000e-04  0.00000000e+00 
 9.72800000e-04  9.00573874e-01  9.72800000e-04  8.43102186e-01  9.72800000e-04  0.00000000e+00 
 9.82800000e-04  9.00579008e-01  9.82800000e-04  8.42593950e-01  9.82800000e-04  0.00000000e+00 
 9.92800000e-04  9.00584119e-01  9.92800000e-04  8.42087976e-01  9.92800000e-04  0.00000000e+00 
 1.00280000e-03  9.00589208e-01  1.00280000e-03  8.41584285e-01  1.00280000e-03  0.00000000e+00 
 1.01280000e-03  9.00594273e-01  1.01280000e-03  8.41082897e-01  1.01280000e-03  0.00000000e+00 
 1.02280000e-03  9.00599314e-01  1.02280000e-03  8.40583831e-01  1.02280000e-03  0.00000000e+00 
 1.03280000e-03  9.00604332e-01  1.03280000e-03  8.40087107e-01  1.03280000e-03  0.00000000e+00 
 1.04280000e-03  9.00609326e-01  1.04280000e-03  8.39592745e-01  1.04280000e-03  0.00000000e+00 
 1.05280000e-03  9.00614296e-01  1.05280000e-03  8.39100764e-01  1.05280000e-03  0.00000000e+00 
 1.06280000e-03  9.00619242e-01  1.06280000e-03  8.38611184e-01  1.06280000e-03  0.00000000e+00 
 1.07280000e-03  9.00624163e-01  1.07280000e-03  8.38124024e-01  1.07280000e-03  0.00000000e+00 
 1.08280000e-03  9.00629060e-01  1.08280000e-03  8.37639303e-01  1.08280000e-03  0.00000000e+00 
 1.09280000e-03  9.00633932e-01  1.09280000e-03  8.37157040e-01  1.09280000e-03  0.00000000e+00 
 1.10280000e-03  9.00638779e-01  1.10280000e-03  8.36677255e-01  1.10280000e-03  0.00000000e+00 
 1.11280000e-03  9.00643600e-01  1.11280000e-03  8.36199966e-01  1.11280000e-03  0.00000000e+00 
 1.12280000e-03  9.00648396e-01  1.12280000e-03  8.35725192e-01  1.12280000e-03  0.00000000e+00 
 1.13280000e-03  9.00653167e-01  1.13280000e-03  8.35252952e-01  1.13280000e-03  0.00000000e+00 
 1.14280000e-03  9.00657912e-01  1.14280000e-03  8.34783265e-01  1.14280000e-03  0.00000000e+00 
 1.15280000e-03  9.00662631e-01  1.15280000e-03  8.34316148e-01  1.15280000e-03  0.00000000e+00 
 1.16280000e-03  9.00667323e-01  1.16280000e-03  8.33851621e-01  1.16280000e-03  0.00000000e+00 
 1.17280000e-03  9.00671989e-01  1.17280000e-03  8.33389703e-01  1.17280000e-03  0.00000000e+00 
 1.18280000e-03  9.00676629e-01  1.18280000e-03  8.32930410e-01  1.18280000e-03  0.00000000e+00 
 1.19280000e-03  9.00681242e-01  1.19280000e-03  8.32473761e-01  1.19280000e-03  0.00000000e+00 
 1.20280000e-03  9.00685829e-01  1.20280000e-03  8.32019775e-01  1.20280000e-03  0.00000000e+00 
 1.21280000e-03  9.00690388e-01  1.21280000e-03  8.31568469e-01  1.21280000e-03  0.00000000e+00 
 1.22280000e-03  9.00694919e-01  1.22280000e-03  8.31119861e-01  1.22280000e-03  0.00000000e+00 
 1.23280000e-03  9.00699424e-01  1.23280000e-03  8.30673968e-01  1.23280000e-03  0.00000000e+00 
 1.24280000e-03  9.00703901e-01  1.24280000e-03  8.30230809e-01  1.24280000e-03  0.00000000e+00 
 1.25280000e-03  9.00708350e-01  1.25280000e-03  8.29790401e-01  1.25280000e-03  0.00000000e+00 
 1.26280000e-03  9.00712771e-01  1.26280000e-03  8.29352761e-01  1.26280000e-03  0.00000000e+00 
 1.27280000e-03  9.00717164e-01  1.27280000e-03  8.28917907e-01  1.27280000e-03  0.00000000e+00 
 1.28280000e-03  9.00721528e-01  1.28280000e-03  8.28485855e-01  1.28280000e-03  0.00000000e+00 
 1.29280000e-03  9.00725864e-01  1.29280000e-03  8.28056623e-01  1.29280000e-03  0.00000000e+00 
 1.30280000e-03  9.00730172e-01  1.30280000e-03  8.27630227e-01  1.30280000e-03  0.00000000e+00 
 1.31280000e-03  9.00734450e-01  1.31280000e-03  8.27206685e-01  1.31280000e-03  0.00000000e+00 
 1.32280000e-03  9.00738700e-01  1.32280000e-03  8.26786013e-01  1.32280000e-03  0.00000000e+00 
 1.33280000e-03  9.00742921e-01  1.33280000e-03  8.26368228e-01  1.33280000e-03  0.00000000e+00 
 1.34280000e-03  9.00747112e-01  1.34280000e-03  8.25953346e-01  1.34280000e-03  0.00000000e+00 
 1.35280000e-03  9.00751273e-01  1.35280000e-03  8.25541384e-01  1.35280000e-03  0.00000000e+00 
 1.36280000e-03  9.00755405e-01  1.36280000e-03  8.25132358e-01  1.36280000e-03  0.00000000e+00 
 1.37280000e-03  9.00759508e-01  1.37280000e-03  8.24726284e-01  1.37280000e-03  0.00000000e+00 
 1.38280000e-03  9.00763580e-01  1.38280000e-03  8.24323178e-01  1.38280000e-03  0.00000000e+00 
 1.39280000e-03  9.00767622e-01  1.39280000e-03  8.23923056e-01  1.39280000e-03  0.00000000e+00 
 1.40280000e-03  9.00771633e-01  1.40280000e-03  8.23525934e-01  1.40280000e-03  0.00000000e+00 
 1.41280000e-03  9.00775615e-01  1.41280000e-03  8.23131828e-01  1.41280000e-03  0.00000000e+00 
 1.42280000e-03  9.00779565e-01  1.42280000e-03  8.22740752e-01  1.42280000e-03  0.00000000e+00 
 1.43280000e-03  9.00783485e-01  1.43280000e-03  8.22352723e-01  1.43280000e-03  0.00000000e+00 
 1.44280000e-03  9.00787374e-01  1.44280000e-03  8.21967756e-01  1.44280000e-03  0.00000000e+00 
 1.45280000e-03  9.00791232e-01  1.45280000e-03  8.21585866e-01  1.45280000e-03  0.00000000e+00 
 1.46280000e-03  9.00795059e-01  1.46280000e-03  8.21207068e-01  1.46280000e-03  0.00000000e+00 
 1.47280000e-03  9.00798854e-01  1.47280000e-03  8.20831377e-01  1.47280000e-03  0.00000000e+00 
 1.48280000e-03  9.00802618e-01  1.48280000e-03  8.20458808e-01  1.48280000e-03  0.00000000e+00 
 1.49280000e-03  9.00806350e-01  1.49280000e-03  8.20089376e-01  1.49280000e-03  0.00000000e+00 
 1.50280000e-03  9.00810050e-01  1.50280000e-03  8.19723095e-01  1.50280000e-03  0.00000000e+00 
 1.51280000e-03  9.00813718e-01  1.51280000e-03  8.19359979e-01  1.51280000e-03  0.00000000e+00 
 1.52280000e-03  9.00817354e-01  1.52280000e-03  8.19000043e-01  1.52280000e-03  0.00000000e+00 
 1.53280000e-03  9.00820958e-01  1.53280000e-03  8.18643302e-01  1.53280000e-03  0.00000000e+00 
 1.54280000e-03  9.00824529e-01  1.54280000e-03  8.18289769e-01  1.54280000e-03  0.00000000e+00 
 1.55280000e-03  9.00828068e-01  1.55280000e-03  8.17939458e-01  1.55280000e-03  0.00000000e+00 
 1.56280000e-03  9.00831574e-01  1.56280000e-03  8.17592383e-01  1.56280000e-03  0.00000000e+00 
 1.57280000e-03  9.00835048e-01  1.57280000e-03  8.17248558e-01  1.57280000e-03  0.00000000e+00 
 1.58280000e-03  9.00838488e-01  1.58280000e-03  8.16907996e-01  1.58280000e-03  0.00000000e+00 
 1.59280000e-03  9.00841895e-01  1.59280000e-03  8.16570711e-01  1.59280000e-03  0.00000000e+00 
 1.60280000e-03  9.00845269e-01  1.60280000e-03  8.16236716e-01  1.60280000e-03  0.00000000e+00 
 1.61280000e-03  9.00848610e-01  1.61280000e-03  8.15906024e-01  1.61280000e-03  0.00000000e+00 
 1.62280000e-03  9.00851917e-01  1.62280000e-03  8.15578649e-01  1.62280000e-03  0.00000000e+00 
 1.63280000e-03  9.00855191e-01  1.63280000e-03  8.15254603e-01  1.63280000e-03  0.00000000e+00 
 1.64280000e-03  9.00858430e-01  1.64280000e-03  8.14933899e-01  1.64280000e-03  0.00000000e+00 
 1.65280000e-03  9.00861636e-01  1.65280000e-03  8.14616550e-01  1.65280000e-03  0.00000000e+00 
 1.66280000e-03  9.00864808e-01  1.66280000e-03  8.14302568e-01  1.66280000e-03  0.00000000e+00 
 1.67280000e-03  9.00867946e-01  1.67280000e-03  8.13991965e-01  1.67280000e-03  0.00000000e+00 
 1.68280000e-03  9.00871049e-01  1.68280000e-03  8.13684755e-01  1.68280000e-03  0.00000000e+00 
 1.69280000e-03  9.00874118e-01  1.69280000e-03  8.13380948e-01  1.69280000e-03  0.00000000e+00 
 1.70280000e-03  9.00877153e-01  1.70280000e-03  8.13080558e-01  1.70280000e-03  0.00000000e+00 
 1.71280000e-03  9.00880153e-01  1.71280000e-03  8.12783595e-01  1.71280000e-03  0.00000000e+00 
 1.72280000e-03  9.00883118e-01  1.72280000e-03  8.12490072e-01  1.72280000e-03  0.00000000e+00 
 1.73280000e-03  9.00886048e-01  1.73280000e-03  8.12200000e-01  1.73280000e-03  0.00000000e+00 
 1.74280000e-03  9.00888944e-01  1.74280000e-03  8.11913391e-01  1.74280000e-03  0.00000000e+00 
 1.75280000e-03  9.00891804e-01  1.75280000e-03  8.11630256e-01  1.75280000e-03  0.00000000e+00 
 1.76280000e-03  9.00894629e-01  1.76280000e-03  8.11350606e-01  1.76280000e-03  0.00000000e+00 
 1.77280000e-03  9.00897419e-01  1.77280000e-03  8.11074452e-01  1.77280000e-03  0.00000000e+00 
 1.78280000e-03  9.00900173e-01  1.78280000e-03  8.10801805e-01  1.78280000e-03  0.00000000e+00 
 1.79280000e-03  9.00902892e-01  1.79280000e-03  8.10532676e-01  1.79280000e-03  0.00000000e+00 
 1.80280000e-03  9.00905575e-01  1.80280000e-03  8.10267076e-01  1.80280000e-03  0.00000000e+00 
 1.81280000e-03  9.00908222e-01  1.81280000e-03  8.10005014e-01  1.81280000e-03  0.00000000e+00 
 1.82280000e-03  9.00910834e-01  1.82280000e-03  8.09746502e-01  1.82280000e-03  0.00000000e+00 
 1.83280000e-03  9.00913409e-01  1.83280000e-03  8.09491549e-01  1.83280000e-03  0.00000000e+00 
 1.84280000e-03  9.00915949e-01  1.84280000e-03  8.09240166e-01  1.84280000e-03  0.00000000e+00 
 1.85280000e-03  9.00918452e-01  1.85280000e-03  8.08992362e-01  1.85280000e-03  0.00000000e+00 
 1.86280000e-03  9.00920919e-01  1.86280000e-03  8.08748148e-01  1.86280000e-03  0.00000000e+00 
 1.87280000e-03  9.00923350e-01  1.87280000e-03  8.08507532e-01  1.87280000e-03  0.00000000e+00 
 1.88280000e-03  9.00925744e-01  1.88280000e-03  8.08270525e-01  1.88280000e-03  0.00000000e+00 
 1.89280000e-03  9.00928102e-01  1.89280000e-03  8.08037136e-01  1.89280000e-03  0.00000000e+00 
 1.90280000e-03  9.00930423e-01  1.90280000e-03  8.07807373e-01  1.90280000e-03  0.00000000e+00 
 1.91280000e-03  9.00932707e-01  1.91280000e-03  8.07581247e-01  1.91280000e-03  0.00000000e+00 
 1.92280000e-03  9.00934955e-01  1.92280000e-03  8.07358766e-01  1.92280000e-03  0.00000000e+00 
 1.93280000e-03  9.00937165e-01  1.93280000e-03  8.07139938e-01  1.93280000e-03  0.00000000e+00 
 1.94280000e-03  9.00939339e-01  1.94280000e-03  8.06924773e-01  1.94280000e-03  0.00000000e+00 
 1.95280000e-03  9.00941475e-01  1.95280000e-03  8.06713279e-01  1.95280000e-03  0.00000000e+00 
 1.96280000e-03  9.00943575e-01  1.96280000e-03  8.06505464e-01  1.96280000e-03  0.00000000e+00 
 1.97280000e-03  9.00945637e-01  1.97280000e-03  8.06301336e-01  1.97280000e-03  0.00000000e+00 
 1.98280000e-03  9.00947661e-01  1.98280000e-03  8.06100904e-01  1.98280000e-03  0.00000000e+00 
 1.99280000e-03  9.00949649e-01  1.99280000e-03  8.05904175e-01  1.99280000e-03  0.00000000e+00 
 2.00280000e-03  9.00951599e-01  2.00280000e-03  8.05711158e-01  2.00280000e-03  0.00000000e+00 
 2.01280000e-03  9.00953511e-01  2.01280000e-03  8.05521859e-01  2.01280000e-03  0.00000000e+00 
 2.02280000e-03  9.00955386e-01  2.02280000e-03  8.05336287e-01  2.02280000e-03  0.00000000e+00 
 2.03280000e-03  9.00957223e-01  2.03280000e-03  8.05154448e-01  2.03280000e-03  0.00000000e+00 
 2.04280000e-03  9.00959022e-01  2.04280000e-03  8.04976350e-01  2.04280000e-03  0.00000000e+00 
 2.05280000e-03  9.00960783e-01  2.05280000e-03  8.04802000e-01  2.05280000e-03  0.00000000e+00 
 2.06280000e-03  9.00962506e-01  2.06280000e-03  8.04631405e-01  2.06280000e-03  0.00000000e+00 
 2.07280000e-03  9.00964192e-01  2.07280000e-03  8.04464571e-01  2.07280000e-03  0.00000000e+00 
 2.08280000e-03  9.00965839e-01  2.08280000e-03  8.04301505e-01  2.08280000e-03  0.00000000e+00 
 2.09280000e-03  9.00967448e-01  2.09280000e-03  8.04142213e-01  2.09280000e-03  0.00000000e+00 
 2.10280000e-03  9.00969019e-01  2.10280000e-03  8.03986702e-01  2.10280000e-03  0.00000000e+00 
 2.11280000e-03  9.00970552e-01  2.11280000e-03  8.03834979e-01  2.11280000e-03  0.00000000e+00 
 2.12280000e-03  9.00972046e-01  2.12280000e-03  8.03687047e-01  2.12280000e-03  0.00000000e+00 
 2.13280000e-03  9.00973502e-01  2.13280000e-03  8.03542915e-01  2.13280000e-03  0.00000000e+00 
 2.14280000e-03  9.00974920e-01  2.14280000e-03  8.03402587e-01  2.14280000e-03  0.00000000e+00 
 2.15280000e-03  9.00976299e-01  2.15280000e-03  8.03266070e-01  2.15280000e-03  0.00000000e+00 
 2.16280000e-03  9.00977640e-01  2.16280000e-03  8.03133367e-01  2.16280000e-03  0.00000000e+00 
 2.17280000e-03  9.00978942e-01  2.17280000e-03  8.03004485e-01  2.17280000e-03  0.00000000e+00 
 2.18280000e-03  9.00980205e-01  2.18280000e-03  8.02879428e-01  2.18280000e-03  0.00000000e+00 
 2.19280000e-03  9.00981430e-01  2.19280000e-03  8.02758203e-01  2.19280000e-03  0.00000000e+00 
 2.20280000e-03  9.00982615e-01  2.20280000e-03  8.02640812e-01  2.20280000e-03  0.00000000e+00 
 2.21280000e-03  9.00983762e-01  2.21280000e-03  8.02527262e-01  2.21280000e-03  0.00000000e+00 
 2.22280000e-03  9.00984871e-01  2.22280000e-03  8.02417556e-01  2.22280000e-03  0.00000000e+00 
 2.23280000e-03  9.00985940e-01  2.23280000e-03  8.02311699e-01  2.23280000e-03  0.00000000e+00 
 2.24280000e-03  9.00986971e-01  2.24280000e-03  8.02209695e-01  2.24280000e-03  0.00000000e+00 
 2.25280000e-03  9.00987962e-01  2.25280000e-03  8.02111548e-01  2.25280000e-03  0.00000000e+00 
 2.26280000e-03  9.00988915e-01  2.26280000e-03  8.02017262e-01  2.26280000e-03  0.00000000e+00 
 2.27280000e-03  9.00989828e-01  2.27280000e-03  8.01926841e-01  2.27280000e-03  0.00000000e+00 
 2.28280000e-03  9.00990702e-01  2.28280000e-03  8.01840288e-01  2.28280000e-03  0.00000000e+00 
 2.29280000e-03  9.00991538e-01  2.29280000e-03  8.01757606e-01  2.29280000e-03  0.00000000e+00 
 2.30280000e-03  9.00992334e-01  2.30280000e-03  8.01678799e-01  2.30280000e-03  0.00000000e+00 
 2.31280000e-03  9.00993091e-01  2.31280000e-03  8.01603871e-01  2.31280000e-03  0.00000000e+00 
 2.32280000e-03  9.00993808e-01  2.32280000e-03  8.01532823e-01  2.32280000e-03  0.00000000e+00 
 2.33280000e-03  9.00994487e-01  2.33280000e-03  8.01465659e-01  2.33280000e-03  0.00000000e+00 
 2.34280000e-03  9.00995126e-01  2.34280000e-03  8.01402381e-01  2.34280000e-03  0.00000000e+00 
 2.35280000e-03  9.00995726e-01  2.35280000e-03  8.01342993e-01  2.35280000e-03  0.00000000e+00 
 2.36280000e-03  9.00996287e-01  2.36280000e-03  8.01287495e-01  2.36280000e-03  0.00000000e+00 
 2.37280000e-03  9.00996808e-01  2.37280000e-03  8.01235892e-01  2.37280000e-03  0.00000000e+00 
 2.38280000e-03  9.00997290e-01  2.38280000e-03  8.01188183e-01  2.38280000e-03  0.00000000e+00 
 2.39280000e-03  9.00997732e-01  2.39280000e-03  8.01144372e-01  2.39280000e-03  0.00000000e+00 
 2.40280000e-03  9.00998136e-01  2.40280000e-03  8.01104460e-01  2.40280000e-03  0.00000000e+00 
 2.41280000e-03  9.00998499e-01  2.41280000e-03  8.01068449e-01  2.41280000e-03  0.00000000e+00 
 2.42280000e-03  9.00998824e-01  2.42280000e-03  8.01036340e-01  2.42280000e-03  0.00000000e+00 
 2.43280000e-03  9.00999109e-01  2.43280000e-03  8.01008134e-01  2.43280000e-03  0.00000000e+00 
 2.44280000e-03  9.00999354e-01  2.44280000e-03  8.00983832e-01  2.44280000e-03  0.00000000e+00 
 2.45280000e-03  9.00999560e-01  2.45280000e-03  8.00963436e-01  2.45280000e-03  0.00000000e+00 
 2.46280000e-03  9.00999727e-01  2.46280000e-03  8.00946947e-01  2.46280000e-03  0.00000000e+00 
 2.47280000e-03  9.00999854e-01  2.47280000e-03  8.00934364e-01  2.47280000e-03  0.00000000e+00 
 2.48280000e-03  9.00999942e-01  2.48280000e-03  8.00925689e-01  2.48280000e-03  0.00000000e+00 
 2.49280000e-03  9.00999990e-01  2.49280000e-03  8.00920921e-01  2.49280000e-03  0.00000000e+00 
 2.50280000e-03  9.00999998e-01  2.50280000e-03  8.00920061e-01  2.50280000e-03  0.00000000e+00 
 2.51280000e-03  9.00999968e-01  2.51280000e-03  8.00923109e-01  2.51280000e-03  0.00000000e+00 
 2.52280000e-03  9.00999897e-01  2.52280000e-03  8.00930065e-01  2.52280000e-03  0.00000000e+00 
 2.53280000e-03  9.00999788e-01  2.53280000e-03  8.00940929e-01  2.53280000e-03  0.00000000e+00 
 2.54280000e-03  9.00999638e-01  2.54280000e-03  8.00955700e-01  2.54280000e-03  0.00000000e+00 
 2.55280000e-03  9.00999450e-01  2.55280000e-03  8.00974377e-01  2.55280000e-03  0.00000000e+00 
 2.56280000e-03  9.00999222e-01  2.56280000e-03  8.00996960e-01  2.56280000e-03  0.00000000e+00 
 2.57280000e-03  9.00998954e-01  2.57280000e-03  8.01023448e-01  2.57280000e-03  0.00000000e+00 
 2.58280000e-03  9.00998647e-01  2.58280000e-03  8.01053840e-01  2.58280000e-03  0.00000000e+00 
 2.59280000e-03  9.00998301e-01  2.59280000e-03  8.01088134e-01  2.59280000e-03  0.00000000e+00 
 2.60280000e-03  9.00997915e-01  2.60280000e-03  8.01126330e-01  2.60280000e-03  0.00000000e+00 
 2.61280000e-03  9.00997489e-01  2.61280000e-03  8.01168426e-01  2.61280000e-03  0.00000000e+00 
 2.62280000e-03  9.00997025e-01  2.62280000e-03  8.01214420e-01  2.62280000e-03  0.00000000e+00 
 2.63280000e-03  9.00996521e-01  2.63280000e-03  8.01264310e-01  2.63280000e-03  0.00000000e+00 
 2.64280000e-03  9.00995978e-01  2.64280000e-03  8.01318095e-01  2.64280000e-03  0.00000000e+00 
 2.65280000e-03  9.00995395e-01  2.65280000e-03  8.01375771e-01  2.65280000e-03  0.00000000e+00 
 2.66280000e-03  9.00994773e-01  2.66280000e-03  8.01437338e-01  2.66280000e-03  0.00000000e+00 
 2.67280000e-03  9.00994112e-01  2.67280000e-03  8.01502792e-01  2.67280000e-03  0.00000000e+00 
 2.68280000e-03  9.00993411e-01  2.68280000e-03  8.01572131e-01  2.68280000e-03  0.00000000e+00 
 2.69280000e-03  9.00992672e-01  2.69280000e-03  8.01645353e-01  2.69280000e-03  0.00000000e+00 
 2.70280000e-03  9.00991893e-01  2.70280000e-03  8.01722454e-01  2.70280000e-03  0.00000000e+00 
 2.71280000e-03  9.00991075e-01  2.71280000e-03  8.01803431e-01  2.71280000e-03  0.00000000e+00 
 2.72280000e-03  9.00990217e-01  2.72280000e-03  8.01888281e-01  2.72280000e-03  0.00000000e+00 
 2.73280000e-03  9.00989321e-01  2.73280000e-03  8.01977000e-01  2.73280000e-03  0.00000000e+00 
 2.74280000e-03  9.00988386e-01  2.74280000e-03  8.02069587e-01  2.74280000e-03  0.00000000e+00 
 2.75280000e-03  9.00987412e-01  2.75280000e-03  8.02166035e-01  2.75280000e-03  0.00000000e+00 
 2.76280000e-03  9.00986398e-01  2.76280000e-03  8.02266343e-01  2.76280000e-03  0.00000000e+00 
 2.77280000e-03  9.00985346e-01  2.77280000e-03  8.02370505e-01  2.77280000e-03  0.00000000e+00 
 2.78280000e-03  9.00984255e-01  2.78280000e-03  8.02478518e-01  2.78280000e-03  0.00000000e+00 
 2.79280000e-03  9.00983125e-01  2.79280000e-03  8.02590377e-01  2.79280000e-03  0.00000000e+00 
 2.80280000e-03  9.00981956e-01  2.80280000e-03  8.02706078e-01  2.80280000e-03  0.00000000e+00 
 2.81280000e-03  9.00980748e-01  2.81280000e-03  8.02825617e-01  2.81280000e-03  0.00000000e+00 
 2.82280000e-03  9.00979502e-01  2.82280000e-03  8.02948988e-01  2.82280000e-03  0.00000000e+00 
 2.83280000e-03  9.00978217e-01  2.83280000e-03  8.03076188e-01  2.83280000e-03  0.00000000e+00 
 2.84280000e-03  9.00976894e-01  2.84280000e-03  8.03207210e-01  2.84280000e-03  0.00000000e+00 
 2.85280000e-03  9.00975531e-01  2.85280000e-03  8.03342050e-01  2.85280000e-03  0.00000000e+00 
 2.86280000e-03  9.00974131e-01  2.86280000e-03  8.03480702e-01  2.86280000e-03  0.00000000e+00 
 2.87280000e-03  9.00972692e-01  2.87280000e-03  8.03623161e-01  2.87280000e-03  0.00000000e+00 
 2.88280000e-03  9.00971214e-01  2.88280000e-03  8.03769421e-01  2.88280000e-03  0.00000000e+00 
 2.89280000e-03  9.00969698e-01  2.89280000e-03  8.03919477e-01  2.89280000e-03  0.00000000e+00 
 2.90280000e-03  9.00968144e-01  2.90280000e-03  8.04073322e-01  2.90280000e-03  0.00000000e+00 
 2.91280000e-03  9.00966552e-01  2.91280000e-03  8.04230951e-01  2.91280000e-03  0.00000000e+00 
 2.92280000e-03  9.00964921e-01  2.92280000e-03  8.04392357e-01  2.92280000e-03  0.00000000e+00 
 2.93280000e-03  9.00963253e-01  2.93280000e-03  8.04557534e-01  2.93280000e-03  0.00000000e+00 
 2.94280000e-03  9.00961546e-01  2.94280000e-03  8.04726475e-01  2.94280000e-03  0.00000000e+00 
 2.95280000e-03  9.00959801e-01  2.95280000e-03  8.04899174e-01  2.95280000e-03  0.00000000e+00 
 2.96280000e-03  9.00958019e-01  2.96280000e-03  8.05075624e-01  2.96280000e-03  0.00000000e+00 
 2.97280000e-03  9.00956199e-01  2.97280000e-03  8.05255817e-01  2.97280000e-03  0.00000000e+00 
 2.98280000e-03  9.00954340e-01  2.98280000e-03  8.05439748e-01  2.98280000e-03  0.00000000e+00 
 2.99280000e-03  9.00952445e-01  2.99280000e-03  8.05627408e-01  2.99280000e-03  0.00000000e+00 
 3.00280000e-03  9.00950511e-01  3.00280000e-03  8.05818790e-01  3.00280000e-03  0.00000000e+00 
 3.01280000e-03  9.00948541e-01  3.01280000e-03  8.06013887e-01  3.01280000e-03  0.00000000e+00 
 3.02280000e-03  9.00946532e-01  3.02280000e-03  8.06212690e-01  3.02280000e-03  0.00000000e+00 
 3.03280000e-03  9.00944487e-01  3.03280000e-03  8.06415193e-01  3.03280000e-03  0.00000000e+00 
 3.04280000e-03  9.00942404e-01  3.04280000e-03  8.06621386e-01  3.04280000e-03  0.00000000e+00 
 3.05280000e-03  9.00940283e-01  3.05280000e-03  8.06831263e-01  3.05280000e-03  0.00000000e+00 
 3.06280000e-03  9.00938126e-01  3.06280000e-03  8.07044814e-01  3.06280000e-03  0.00000000e+00 
 3.07280000e-03  9.00935932e-01  3.07280000e-03  8.07262031e-01  3.07280000e-03  0.00000000e+00 
 3.08280000e-03  9.00933700e-01  3.08280000e-03  8.07482906e-01  3.08280000e-03  0.00000000e+00 
 3.09280000e-03  9.00931432e-01  3.09280000e-03  8.07707429e-01  3.09280000e-03  0.00000000e+00 
 3.10280000e-03  9.00929127e-01  3.10280000e-03  8.07935593e-01  3.10280000e-03  0.00000000e+00 
 3.11280000e-03  9.00926786e-01  3.11280000e-03  8.08167387e-01  3.11280000e-03  0.00000000e+00 
 3.12280000e-03  9.00924408e-01  3.12280000e-03  8.08402804e-01  3.12280000e-03  0.00000000e+00 
 3.13280000e-03  9.00921993e-01  3.13280000e-03  8.08641833e-01  3.13280000e-03  0.00000000e+00 
 3.14280000e-03  9.00919542e-01  3.14280000e-03  8.08884465e-01  3.14280000e-03  0.00000000e+00 
 3.15280000e-03  9.00917055e-01  3.15280000e-03  8.09130691e-01  3.15280000e-03  0.00000000e+00 
 3.16280000e-03  9.00914531e-01  3.16280000e-03  8.09380500e-01  3.16280000e-03  0.00000000e+00 
 3.17280000e-03  9.00911971e-01  3.17280000e-03  8.09633883e-01  3.17280000e-03  0.00000000e+00 
 3.18280000e-03  9.00909376e-01  3.18280000e-03  8.09890831e-01  3.18280000e-03  0.00000000e+00 
 3.19280000e-03  9.00906744e-01  3.19280000e-03  8.10151332e-01  3.19280000e-03  0.00000000e+00 
 3.20280000e-03  9.00904077e-01  3.20280000e-03  8.10415377e-01  3.20280000e-03  0.00000000e+00 
 3.21280000e-03  9.00901374e-01  3.21280000e-03  8.10682954e-01  3.21280000e-03  0.00000000e+00 
 3.22280000e-03  9.00898635e-01  3.22280000e-03  8.10954055e-01  3.22280000e-03  0.00000000e+00 
 3.23280000e-03  9.00895861e-01  3.23280000e-03  8.11228667e-01  3.23280000e-03  0.00000000e+00 
 3.24280000e-03  9.00893051e-01  3.24280000e-03  8.11506780e-01  3.24280000e-03  0.00000000e+00 
 3.25280000e-03  9.00890206e-01  3.25280000e-03  8.11788383e-01  3.25280000e-03  0.00000000e+00 
 3.26280000e-03  9.00887327e-01  3.26280000e-03  8.12073465e-01  3.26280000e-03  0.00000000e+00 
 3.27280000e-03  9.00884412e-01  3.27280000e-03  8.12362015e-01  3.27280000e-03  0.00000000e+00 
 3.28280000e-03  9.00881462e-01  3.28280000e-03  8.12654021e-01  3.28280000e-03  0.00000000e+00 
 3.29280000e-03  9.00878477e-01  3.29280000e-03  8.12949471e-01  3.29280000e-03  0.00000000e+00 
 3.30280000e-03  9.00875458e-01  3.30280000e-03  8.13248355e-01  3.30280000e-03  0.00000000e+00 
 3.31280000e-03  9.00872404e-01  3.31280000e-03  8.13550660e-01  3.31280000e-03  0.00000000e+00 
 3.32280000e-03  9.00869316e-01  3.32280000e-03  8.13856374e-01  3.32280000e-03  0.00000000e+00 
 3.33280000e-03  9.00866193e-01  3.33280000e-03  8.14165486e-01  3.33280000e-03  0.00000000e+00 
 3.34280000e-03  9.00863036e-01  3.34280000e-03  8.14477982e-01  3.34280000e-03  0.00000000e+00 
 3.35280000e-03  9.00859845e-01  3.35280000e-03  8.14793851e-01  3.35280000e-03  0.00000000e+00 
 3.36280000e-03  9.00856620e-01  3.36280000e-03  8.15113081e-01  3.36280000e-03  0.00000000e+00 
 3.37280000e-03  9.00853362e-01  3.37280000e-03  8.15435658e-01  3.37280000e-03  0.00000000e+00 
 3.38280000e-03  9.00850069e-01  3.38280000e-03  8.15761570e-01  3.38280000e-03  0.00000000e+00 
 3.39280000e-03  9.00846743e-01  3.39280000e-03  8.16090804e-01  3.39280000e-03  0.00000000e+00 
 3.40280000e-03  9.00843384e-01  3.40280000e-03  8.16423347e-01  3.40280000e-03  0.00000000e+00 
 3.41280000e-03  9.00839991e-01  3.41280000e-03  8.16759186e-01  3.41280000e-03  0.00000000e+00 
 3.42280000e-03  9.00836565e-01  3.42280000e-03  8.17098308e-01  3.42280000e-03  0.00000000e+00 
 3.43280000e-03  9.00833107e-01  3.43280000e-03  8.17440699e-01  3.43280000e-03  0.00000000e+00 
 3.44280000e-03  9.00829615e-01  3.44280000e-03  8.17786345e-01  3.44280000e-03  0.00000000e+00 
 3.45280000e-03  9.00826090e-01  3.45280000e-03  8.18135234e-01  3.45280000e-03  0.00000000e+00 
 3.46280000e-03  9.00822533e-01  3.46280000e-03  8.18487351e-01  3.46280000e-03  0.00000000e+00 
 3.47280000e-03  9.00818944e-01  3.47280000e-03  8.18842683e-01  3.47280000e-03  0.00000000e+00 
 3.48280000e-03  9.00815322e-01  3.48280000e-03  8.19201215e-01  3.48280000e-03  0.00000000e+00 
 3.49280000e-03  9.00811668e-01  3.49280000e-03  8.19562933e-01  3.49280000e-03  0.00000000e+00 
 3.50280000e-03  9.00807982e-01  3.50280000e-03  8.19927823e-01  3.50280000e-03  0.00000000e+00 
 3.51280000e-03  9.00804264e-01  3.51280000e-03  8.20295871e-01  3.51280000e-03  0.00000000e+00 
 3.52280000e-03  9.00800514e-01  3.52280000e-03  8.20667062e-01  3.52280000e-03  0.00000000e+00 
 3.53280000e-03  9.00796732e-01  3.53280000e-03  8.21041381e-01  3.53280000e-03  0.00000000e+00 
 3.54280000e-03  9.00792920e-01  3.54280000e-03  8.21418813e-01  3.54280000e-03  0.00000000e+00 
 3.55280000e-03  9.00789076e-01  3.55280000e-03  8.21799345e-01  3.55280000e-03  0.00000000e+00 
 3.56280000e-03  9.00785200e-01  3.56280000e-03  8.22182960e-01  3.56280000e-03  0.00000000e+00 
 3.57280000e-03  9.00781294e-01  3.57280000e-03  8.22569643e-01  3.57280000e-03  0.00000000e+00 
 3.58280000e-03  9.00777357e-01  3.58280000e-03  8.22959380e-01  3.58280000e-03  0.00000000e+00 
 3.59280000e-03  9.00773389e-01  3.59280000e-03  8.23352155e-01  3.59280000e-03  0.00000000e+00 
 3.60280000e-03  9.00769391e-01  3.60280000e-03  8.23747952e-01  3.60280000e-03  0.00000000e+00 
 3.61280000e-03  9.00765362e-01  3.61280000e-03  8.24146756e-01  3.61280000e-03  0.00000000e+00 
 3.62280000e-03  9.00761303e-01  3.62280000e-03  8.24548551e-01  3.62280000e-03  0.00000000e+00 
 3.63280000e-03  9.00757214e-01  3.63280000e-03  8.24953321e-01  3.63280000e-03  0.00000000e+00 
 3.64280000e-03  9.00753095e-01  3.64280000e-03  8.25361050e-01  3.64280000e-03  0.00000000e+00 
 3.65280000e-03  9.00748946e-01  3.65280000e-03  8.25771722e-01  3.65280000e-03  0.00000000e+00 
 3.66280000e-03  9.00744768e-01  3.66280000e-03  8.26185321e-01  3.66280000e-03  0.00000000e+00 
 3.67280000e-03  9.00740561e-01  3.67280000e-03  8.26601831e-01  3.67280000e-03  0.00000000e+00 
 3.68280000e-03  9.00736324e-01  3.68280000e-03  8.27021235e-01  3.68280000e-03  0.00000000e+00 
 3.69280000e-03  9.00732058e-01  3.69280000e-03  8.27443516e-01  3.69280000e-03  0.00000000e+00 
 3.70280000e-03  9.00727763e-01  3.70280000e-03  8.27868658e-01  3.70280000e-03  0.00000000e+00 
 3.71280000e-03  9.00723440e-01  3.71280000e-03  8.28296644e-01  3.71280000e-03  0.00000000e+00 
 3.72280000e-03  9.00719088e-01  3.72280000e-03  8.28727457e-01  3.72280000e-03  0.00000000e+00 
 3.73280000e-03  9.00714707e-01  3.73280000e-03  8.29161081e-01  3.73280000e-03  0.00000000e+00 
 3.74280000e-03  9.00710298e-01  3.74280000e-03  8.29597498e-01  3.74280000e-03  0.00000000e+00 
 3.75280000e-03  9.00705862e-01  3.75280000e-03  8.30036690e-01  3.75280000e-03  0.00000000e+00 
 3.76280000e-03  9.00701397e-01  3.76280000e-03  8.30478641e-01  3.76280000e-03  0.00000000e+00 
 3.77280000e-03  9.00696905e-01  3.77280000e-03  8.30923333e-01  3.77280000e-03  0.00000000e+00 
 3.78280000e-03  9.00692385e-01  3.78280000e-03  8.31370748e-01  3.78280000e-03  0.00000000e+00 
 3.79280000e-03  9.00687838e-01  3.79280000e-03  8.31820869e-01  3.79280000e-03  0.00000000e+00 
 3.80280000e-03  9.00683264e-01  3.80280000e-03  8.32273678e-01  3.80280000e-03  0.00000000e+00 
 3.81280000e-03  9.00678662e-01  3.81280000e-03  8.32729158e-01  3.81280000e-03  0.00000000e+00 
 3.82280000e-03  9.00674034e-01  3.82280000e-03  8.33187289e-01  3.82280000e-03  0.00000000e+00 
 3.83280000e-03  9.00669380e-01  3.83280000e-03  8.33648055e-01  3.83280000e-03  0.00000000e+00 
 3.84280000e-03  9.00664699e-01  3.84280000e-03  8.34111436e-01  3.84280000e-03  0.00000000e+00 
 3.85280000e-03  9.00659991e-01  3.85280000e-03  8.34577416e-01  3.85280000e-03  0.00000000e+00 
 3.86280000e-03  9.00655258e-01  3.86280000e-03  8.35045974e-01  3.86280000e-03  0.00000000e+00 
 3.87280000e-03  9.00650499e-01  3.87280000e-03  8.35517093e-01  3.87280000e-03  0.00000000e+00 
 3.88280000e-03  9.00645714e-01  3.88280000e-03  8.35990754e-01  3.88280000e-03  0.00000000e+00 
 3.89280000e-03  9.00640903e-01  3.89280000e-03  8.36466939e-01  3.89280000e-03  0.00000000e+00 
 3.90280000e-03  9.00636067e-01  3.90280000e-03  8.36945628e-01  3.90280000e-03  0.00000000e+00 
 3.91280000e-03  9.00631207e-01  3.91280000e-03  8.37426803e-01  3.91280000e-03  0.00000000e+00 
 3.92280000e-03  9.00626321e-01  3.92280000e-03  8.37910445e-01  3.92280000e-03  0.00000000e+00 
 3.93280000e-03  9.00621410e-01  3.93280000e-03  8.38396534e-01  3.93280000e-03  0.00000000e+00 
 3.94280000e-03  9.00616475e-01  3.94280000e-03  8.38885052e-01  3.94280000e-03  0.00000000e+00 
 3.95280000e-03  9.00611516e-01  3.95280000e-03  8.39375979e-01  3.95280000e-03  0.00000000e+00 
 3.96280000e-03  9.00606532e-01  3.96280000e-03  8.39869296e-01  3.96280000e-03  0.00000000e+00 
 3.97280000e-03  9.00601525e-01  3.97280000e-03  8.40364983e-01  3.97280000e-03  0.00000000e+00 
 3.98280000e-03  9.00596494e-01  3.98280000e-03  8.40863021e-01  3.98280000e-03  0.00000000e+00 
 3.99280000e-03  9.00591439e-01  3.99280000e-03  8.41363390e-01  3.99280000e-03  0.00000000e+00 
 4.00280000e-03  9.00586361e-01  4.00280000e-03  8.41866070e-01  4.00280000e-03  0.00000000e+00 
 4.01280000e-03  9.00581260e-01  4.01280000e-03  8.42371041e-01  4.01280000e-03  0.00000000e+00 
 4.02280000e-03  9.00576136e-01  4.02280000e-03  8.42878285e-01  4.02280000e-03  0.00000000e+00 
 4.03280000e-03  9.00570989e-01  4.03280000e-03  8.43387779e-01  4.03280000e-03  0.00000000e+00 
 4.04280000e-03  9.00565819e-01  4.04280000e-03  8.43899505e-01  4.04280000e-03  0.00000000e+00 
 4.05280000e-03  9.00560627e-01  4.05280000e-03  8.44413443e-01  4.05280000e-03  0.00000000e+00 
 4.06280000e-03  9.00555413e-01  4.06280000e-03  8.44929571e-01  4.06280000e-03  0.00000000e+00 
 4.07280000e-03  9.00550178e-01  4.07280000e-03  8.45447870e-01  4.07280000e-03  0.00000000e+00 
 4.08280000e-03  9.00544920e-01  4.08280000e-03  8.45968318e-01  4.08280000e-03  0.00000000e+00 
 4.09280000e-03  9.00539641e-01  4.09280000e-03  8.46490897e-01  4.09280000e-03  0.00000000e+00 
 4.10280000e-03  9.00534341e-01  4.10280000e-03  8.47015584e-01  4.10280000e-03  0.00000000e+00 
 4.11280000e-03  9.00529019e-01  4.11280000e-03  8.47542359e-01  4.11280000e-03  0.00000000e+00 
 4.12280000e-03  9.00523677e-01  4.12280000e-03  8.48071202e-01  4.12280000e-03  0.00000000e+00 
 4.13280000e-03  9.00518314e-01  4.13280000e-03  8.48602092e-01  4.13280000e-03  0.00000000e+00 
 4.14280000e-03  9.00512930e-01  4.14280000e-03  8.49135007e-01  4.14280000e-03  0.00000000e+00 
 4.15280000e-03  9.00507526e-01  4.15280000e-03  8.49669926e-01  4.15280000e-03  0.00000000e+00 
 4.16280000e-03  9.00502103e-01  4.16280000e-03  8.50206829e-01  4.16280000e-03  0.00000000e+00 
 4.17280000e-03  9.00496659e-01  4.17280000e-03  8.50745694e-01  4.17280000e-03  0.00000000e+00 
 4.18280000e-03  9.00491196e-01  4.18280000e-03  8.51286500e-01  4.18280000e-03  0.00000000e+00 
 4.19280000e-03  9.00485713e-01  4.19280000e-03  8.51829225e-01  4.19280000e-03  0.00000000e+00 
 4.20280000e-03  9.00480211e-01  4.20280000e-03  8.52373849e-01  4.20280000e-03  0.00000000e+00 
 4.21280000e-03  9.00474690e-01  4.21280000e-03  8.52920349e-01  4.21280000e-03  0.00000000e+00 
 4.22280000e-03  9.00469151e-01  4.22280000e-03  8.53468704e-01  4.22280000e-03  0.00000000e+00 
 4.23280000e-03  9.00463593e-01  4.23280000e-03  8.54018893e-01  4.23280000e-03  0.00000000e+00 
 4.24280000e-03  9.00458017e-01  4.24280000e-03  8.54570894e-01  4.24280000e-03  0.00000000e+00 
 4.25280000e-03  9.00452422e-01  4.25280000e-03  8.55124684e-01  4.25280000e-03  0.00000000e+00 
 4.26280000e-03  9.00446810e-01  4.26280000e-03  8.55680242e-01  4.26280000e-03  0.00000000e+00 
 4.27280000e-03  9.00441180e-01  4.27280000e-03  8.56237547e-01  4.27280000e-03  0.00000000e+00 
 4.28280000e-03  9.00435533e-01  4.28280000e-03  8.56796576e-01  4.28280000e-03  0.00000000e+00 
 4.29280000e-03  9.00429868e-01  4.29280000e-03  8.57357306e-01  4.29280000e-03  0.00000000e+00 
 4.30280000e-03  9.00424187e-01  4.30280000e-03  8.57919717e-01  4.30280000e-03  0.00000000e+00 
 4.31280000e-03  9.00418489e-01  4.31280000e-03  8.58483785e-01  4.31280000e-03  0.00000000e+00 
 4.32280000e-03  9.00412774e-01  4.32280000e-03  8.59049489e-01  4.32280000e-03  0.00000000e+00 
 4.33280000e-03  9.00407043e-01  4.33280000e-03  8.59616806e-01  4.33280000e-03  0.00000000e+00 
 4.34280000e-03  9.00401296e-01  4.34280000e-03  8.60185713e-01  4.34280000e-03  0.00000000e+00 
 4.35280000e-03  9.00395533e-01  4.35280000e-03  8.60756189e-01  4.35280000e-03  0.00000000e+00 
 4.36280000e-03  9.00389754e-01  4.36280000e-03  8.61328211e-01  4.36280000e-03  0.00000000e+00 
 4.37280000e-03  9.00383960e-01  4.37280000e-03  8.61901755e-01  4.37280000e-03  0.00000000e+00 
 4.38280000e-03  9.00378151e-01  4.38280000e-03  8.62476801e-01  4.38280000e-03  0.00000000e+00 
 4.39280000e-03  9.00372327e-01  4.39280000e-03  8.63053323e-01  4.39280000e-03  0.00000000e+00 
 4.40280000e-03  9.00366488e-01  4.40280000e-03  8.63631301e-01  4.40280000e-03  0.00000000e+00 
 4.41280000e-03  9.00360635e-01  4.41280000e-03  8.64210712e-01  4.41280000e-03  0.00000000e+00 
 4.42280000e-03  9.00354768e-01  4.42280000e-03  8.64791531e-01  4.42280000e-03  0.00000000e+00 
 4.43280000e-03  9.00348886e-01  4.43280000e-03  8.65373737e-01  4.43280000e-03  0.00000000e+00 
 4.44280000e-03  9.00342991e-01  4.44280000e-03  8.65957307e-01  4.44280000e-03  0.00000000e+00 
 4.45280000e-03  9.00337082e-01  4.45280000e-03  8.66542217e-01  4.45280000e-03  0.00000000e+00 
 4.46280000e-03  9.00331160e-01  4.46280000e-03  8.67128444e-01  4.46280000e-03  0.00000000e+00 
 4.47280000e-03  9.00325225e-01  4.47280000e-03  8.67715965e-01  4.47280000e-03  0.00000000e+00 
 4.48280000e-03  9.00319277e-01  4.48280000e-03  8.68304757e-01  4.48280000e-03  0.00000000e+00 
 4.49280000e-03  9.00313316e-01  4.49280000e-03  8.68894797e-01  4.49280000e-03  0.00000000e+00 
 4.50280000e-03  9.00307343e-01  4.50280000e-03  8.69486062e-01  4.50280000e-03  0.00000000e+00 
 4.51280000e-03  9.00301358e-01  4.51280000e-03  8.70078527e-01  4.51280000e-03  0.00000000e+00 
 4.52280000e-03  9.00295361e-01  4.52280000e-03  8.70672170e-01  4.52280000e-03  0.00000000e+00 
 4.53280000e-03  9.00289353e-01  4.53280000e-03  8.71266968e-01  4.53280000e-03  0.00000000e+00 
 4.54280000e-03  9.00283333e-01  4.54280000e-03  8.71862896e-01  4.54280000e-03  0.00000000e+00 
 4.55280000e-03  9.00277301e-01  4.55280000e-03  8.72459931e-01  4.55280000e-03  0.00000000e+00 
 4.56280000e-03  9.00271259e-01  4.56280000e-03  8.73058050e-01  4.56280000e-03  0.00000000e+00 
 4.57280000e-03  9.00265206e-01  4.57280000e-03  8.73657230e-01  4.57280000e-03  0.00000000e+00 
 4.58280000e-03  9.00259143e-01  4.58280000e-03  8.74257445e-01  4.58280000e-03  0.00000000e+00 
 4.59280000e-03  9.00253069e-01  4.59280000e-03  8.74858674e-01  4.59280000e-03  0.00000000e+00 
 4.60280000e-03  9.00246985e-01  4.60280000e-03  8.75460891e-01  4.60280000e-03  0.00000000e+00 
 4.61280000e-03  9.00240892e-01  4.61280000e-03  8.76064074e-01  4.61280000e-03  0.00000000e+00 
 4.62280000e-03  9.00234789e-01  4.62280000e-03  8.76668197e-01  4.62280000e-03  0.00000000e+00 
 4.63280000e-03  9.00228677e-01  4.63280000e-03  8.77273239e-01  4.63280000e-03  0.00000000e+00 
 4.64280000e-03  9.00222556e-01  4.64280000e-03  8.77879174e-01  4.64280000e-03  0.00000000e+00 
 4.65280000e-03  9.00216426e-01  4.65280000e-03  8.78485979e-01  4.65280000e-03  0.00000000e+00 
 4.66280000e-03  9.00210287e-01  4.66280000e-03  8.79093630e-01  4.66280000e-03  0.00000000e+00 
 4.67280000e-03  9.00204141e-01  4.67280000e-03  8.79702102e-01  4.67280000e-03  0.00000000e+00 
 4.68280000e-03  9.00197986e-01  4.68280000e-03  8.80311373e-01  4.68280000e-03  0.00000000e+00 
 4.69280000e-03  9.00191823e-01  4.69280000e-03  8.80921416e-01  4.69280000e-03  0.00000000e+00 
 4.70280000e-03  9.00185653e-01  4.70280000e-03  8.81532210e-01  4.70280000e-03  0.00000000e+00 
 4.71280000e-03  9.00179475e-01  4.71280000e-03  8.82143729e-01  4.71280000e-03  0.00000000e+00 
 4.72280000e-03  9.00173291e-01  4.72280000e-03  8.82755950e-01  4.72280000e-03  0.00000000e+00 
 4.73280000e-03  9.00167099e-01  4.73280000e-03  8.83368847e-01  4.73280000e-03  0.00000000e+00 
 4.74280000e-03  9.00160901e-01  4.74280000e-03  8.83982398e-01  4.74280000e-03  0.00000000e+00 
 4.75280000e-03  9.00154697e-01  4.75280000e-03  8.84596578e-01  4.75280000e-03  0.00000000e+00 
 4.76280000e-03  9.00148486e-01  4.76280000e-03  8.85211362e-01  4.76280000e-03  0.00000000e+00 
 4.77280000e-03  9.00142270e-01  4.77280000e-03  8.85826726e-01  4.77280000e-03  0.00000000e+00 
 4.78280000e-03  9.00136048e-01  4.78280000e-03  8.86442646e-01  4.78280000e-03  0.00000000e+00 
 4.79280000e-03  9.00129820e-01  4.79280000e-03  8.87059098e-01  4.79280000e-03  0.00000000e+00 
 4.80280000e-03  9.00123588e-01  4.80280000e-03  8.87676058e-01  4.80280000e-03  0.00000000e+00 
 4.81280000e-03  9.00117350e-01  4.81280000e-03  8.88293500e-01  4.81280000e-03  0.00000000e+00 
 4.82280000e-03  9.00111108e-01  4.82280000e-03  8.88911401e-01  4.82280000e-03  0.00000000e+00 
 4.83280000e-03  9.00104862e-01  4.83280000e-03  8.89529736e-01  4.83280000e-03  0.00000000e+00 
 4.84280000e-03  9.00098611e-01  4.84280000e-03  8.90148481e-01  4.84280000e-03  0.00000000e+00 
 4.85280000e-03  9.00092357e-01  4.85280000e-03  8.90767611e-01  4.85280000e-03  0.00000000e+00 
 4.86280000e-03  9.00086099e-01  4.86280000e-03  8.91387103e-01  4.86280000e-03  0.00000000e+00 
 4.87280000e-03  9.00079837e-01  4.87280000e-03  8.92006930e-01  4.87280000e-03  0.00000000e+00 
 4.88280000e-03  9.00073572e-01  4.88280000e-03  8.92627070e-01  4.88280000e-03  0.00000000e+00 
 4.89280000e-03  9.00067305e-01  4.89280000e-03  8.93247497e-01  4.89280000e-03  0.00000000e+00 
 4.90280000e-03  9.00061035e-01  4.90280000e-03  8.93868187e-01  4.90280000e-03  0.00000000e+00 
 4.91280000e-03  9.00054762e-01  4.91280000e-03  8.94489116e-01  4.91280000e-03  0.00000000e+00 
 4.92280000e-03  9.00048487e-01  4.92280000e-03  8.95110259e-01  4.92280000e-03  0.00000000e+00 
 4.93280000e-03  9.00042210e-01  4.93280000e-03  8.95731591e-01  4.93280000e-03  0.00000000e+00 
 4.94280000e-03  9.00035932e-01  4.94280000e-03  8.96353088e-01  4.94280000e-03  0.00000000e+00 
 4.95280000e-03  9.00029652e-01  4.95280000e-03  8.96974726e-01  4.95280000e-03  0.00000000e+00 
 4.96280000e-03  9.00023371e-01  4.96280000e-03  8.97596479e-01  4.96280000e-03  0.00000000e+00 
 4.97280000e-03  9.00017089e-01  4.97280000e-03  8.98218324e-01  4.97280000e-03  0.00000000e+00 
 4.98280000e-03  9.00010807e-01  4.98280000e-03  8.98840236e-01  4.98280000e-03  0.00000000e+00 
 4.99280000e-03  9.00004524e-01  4.99280000e-03  8.99462190e-01  4.99280000e-03  0.00000000e+00 
 5.00280000e-03  8.99998241e-01  5.00280000e-03  9.00084161e-01  5.00280000e-03  1.80000000e+00 
 5.01280000e-03  8.99991958e-01  5.01280000e-03  9.00706126e-01  5.01280000e-03  1.80000000e+00 
 5.02280000e-03  8.99985675e-01  5.02280000e-03  9.01328059e-01  5.02280000e-03  1.80000000e+00 
 5.03280000e-03  8.99979393e-01  5.03280000e-03  9.01949936e-01  5.03280000e-03  1.80000000e+00 
 5.04280000e-03  8.99973111e-01  5.04280000e-03  9.02571733e-01  5.04280000e-03  1.80000000e+00 
 5.05280000e-03  8.99966831e-01  5.05280000e-03  9.03193425e-01  5.05280000e-03  1.80000000e+00 
 5.06280000e-03  8.99960552e-01  5.06280000e-03  9.03814987e-01  5.06280000e-03  1.80000000e+00 
 5.07280000e-03  8.99954274e-01  5.07280000e-03  9.04436395e-01  5.07280000e-03  1.80000000e+00 
 5.08280000e-03  8.99947999e-01  5.08280000e-03  9.05057624e-01  5.08280000e-03  1.80000000e+00 
 5.09280000e-03  8.99941725e-01  5.09280000e-03  9.05678650e-01  5.09280000e-03  1.80000000e+00 
 5.10280000e-03  8.99935454e-01  5.10280000e-03  9.06299448e-01  5.10280000e-03  1.80000000e+00 
 5.11280000e-03  8.99929185e-01  5.11280000e-03  9.06919994e-01  5.11280000e-03  1.80000000e+00 
 5.12280000e-03  8.99922919e-01  5.12280000e-03  9.07540263e-01  5.12280000e-03  1.80000000e+00 
 5.13280000e-03  8.99916656e-01  5.13280000e-03  9.08160231e-01  5.13280000e-03  1.80000000e+00 
 5.14280000e-03  8.99910396e-01  5.14280000e-03  9.08779873e-01  5.14280000e-03  1.80000000e+00 
 5.15280000e-03  8.99904140e-01  5.15280000e-03  9.09399166e-01  5.15280000e-03  1.80000000e+00 
 5.16280000e-03  8.99897888e-01  5.16280000e-03  9.10018083e-01  5.16280000e-03  1.80000000e+00 
 5.17280000e-03  8.99891640e-01  5.17280000e-03  9.10636601e-01  5.17280000e-03  1.80000000e+00 
 5.18280000e-03  8.99885396e-01  5.18280000e-03  9.11254696e-01  5.18280000e-03  1.80000000e+00 
 5.19280000e-03  8.99879156e-01  5.19280000e-03  9.11872343e-01  5.19280000e-03  1.80000000e+00 
 5.20280000e-03  8.99872922e-01  5.20280000e-03  9.12489518e-01  5.20280000e-03  1.80000000e+00 
 5.21280000e-03  8.99866692e-01  5.21280000e-03  9.13106197e-01  5.21280000e-03  1.80000000e+00 
 5.22280000e-03  8.99860467e-01  5.22280000e-03  9.13722354e-01  5.22280000e-03  1.80000000e+00 
 5.23280000e-03  8.99854248e-01  5.23280000e-03  9.14337966e-01  5.23280000e-03  1.80000000e+00 
 5.24280000e-03  8.99848035e-01  5.24280000e-03  9.14953008e-01  5.24280000e-03  1.80000000e+00 
 5.25280000e-03  8.99841828e-01  5.25280000e-03  9.15567457e-01  5.25280000e-03  1.80000000e+00 
 5.26280000e-03  8.99835627e-01  5.26280000e-03  9.16181287e-01  5.26280000e-03  1.80000000e+00 
 5.27280000e-03  8.99829433e-01  5.27280000e-03  9.16794475e-01  5.27280000e-03  1.80000000e+00 
 5.28280000e-03  8.99823245e-01  5.28280000e-03  9.17406997e-01  5.28280000e-03  1.80000000e+00 
 5.29280000e-03  8.99817064e-01  5.29280000e-03  9.18018827e-01  5.29280000e-03  1.80000000e+00 
 5.30280000e-03  8.99810891e-01  5.30280000e-03  9.18629943e-01  5.30280000e-03  1.80000000e+00 
 5.31280000e-03  8.99804725e-01  5.31280000e-03  9.19240320e-01  5.31280000e-03  1.80000000e+00 
 5.32280000e-03  8.99798566e-01  5.32280000e-03  9.19849934e-01  5.32280000e-03  1.80000000e+00 
 5.33280000e-03  8.99792416e-01  5.33280000e-03  9.20458760e-01  5.33280000e-03  1.80000000e+00 
 5.34280000e-03  8.99786274e-01  5.34280000e-03  9.21066775e-01  5.34280000e-03  1.80000000e+00 
 5.35280000e-03  8.99780140e-01  5.35280000e-03  9.21673955e-01  5.35280000e-03  1.80000000e+00 
 5.36280000e-03  8.99774015e-01  5.36280000e-03  9.22280276e-01  5.36280000e-03  1.80000000e+00 
 5.37280000e-03  8.99767899e-01  5.37280000e-03  9.22885714e-01  5.37280000e-03  1.80000000e+00 
 5.38280000e-03  8.99761792e-01  5.38280000e-03  9.23490244e-01  5.38280000e-03  1.80000000e+00 
 5.39280000e-03  8.99755694e-01  5.39280000e-03  9.24093844e-01  5.39280000e-03  1.80000000e+00 
 5.40280000e-03  8.99749606e-01  5.40280000e-03  9.24696489e-01  5.40280000e-03  1.80000000e+00 
 5.41280000e-03  8.99743528e-01  5.41280000e-03  9.25298155e-01  5.41280000e-03  1.80000000e+00 
 5.42280000e-03  8.99737461e-01  5.42280000e-03  9.25898819e-01  5.42280000e-03  1.80000000e+00 
 5.43280000e-03  8.99731403e-01  5.43280000e-03  9.26498458e-01  5.43280000e-03  1.80000000e+00 
 5.44280000e-03  8.99725356e-01  5.44280000e-03  9.27097046e-01  5.44280000e-03  1.80000000e+00 
 5.45280000e-03  8.99719320e-01  5.45280000e-03  9.27694561e-01  5.45280000e-03  1.80000000e+00 
 5.46280000e-03  8.99713295e-01  5.46280000e-03  9.28290980e-01  5.46280000e-03  1.80000000e+00 
 5.47280000e-03  8.99707281e-01  5.47280000e-03  9.28886278e-01  5.47280000e-03  1.80000000e+00 
 5.48280000e-03  8.99701279e-01  5.48280000e-03  9.29480431e-01  5.48280000e-03  1.80000000e+00 
 5.49280000e-03  8.99695289e-01  5.49280000e-03  9.30073418e-01  5.49280000e-03  1.80000000e+00 
 5.50280000e-03  8.99689310e-01  5.50280000e-03  9.30665214e-01  5.50280000e-03  1.80000000e+00 
 5.51280000e-03  8.99683344e-01  5.51280000e-03  9.31255795e-01  5.51280000e-03  1.80000000e+00 
 5.52280000e-03  8.99677391e-01  5.52280000e-03  9.31845139e-01  5.52280000e-03  1.80000000e+00 
 5.53280000e-03  8.99671450e-01  5.53280000e-03  9.32433223e-01  5.53280000e-03  1.80000000e+00 
 5.54280000e-03  8.99665522e-01  5.54280000e-03  9.33020022e-01  5.54280000e-03  1.80000000e+00 
 5.55280000e-03  8.99659607e-01  5.55280000e-03  9.33605515e-01  5.55280000e-03  1.80000000e+00 
 5.56280000e-03  8.99653706e-01  5.56280000e-03  9.34189677e-01  5.56280000e-03  1.80000000e+00 
 5.57280000e-03  8.99647819e-01  5.57280000e-03  9.34772485e-01  5.57280000e-03  1.80000000e+00 
 5.58280000e-03  8.99641945e-01  5.58280000e-03  9.35353918e-01  5.58280000e-03  1.80000000e+00 
 5.59280000e-03  8.99636085e-01  5.59280000e-03  9.35933951e-01  5.59280000e-03  1.80000000e+00 
 5.60280000e-03  8.99630240e-01  5.60280000e-03  9.36512562e-01  5.60280000e-03  1.80000000e+00 
 5.61280000e-03  8.99624410e-01  5.61280000e-03  9.37089728e-01  5.61280000e-03  1.80000000e+00 
 5.62280000e-03  8.99618594e-01  5.62280000e-03  9.37665426e-01  5.62280000e-03  1.80000000e+00 
 5.63280000e-03  8.99612793e-01  5.63280000e-03  9.38239634e-01  5.63280000e-03  1.80000000e+00 
 5.64280000e-03  8.99607008e-01  5.64280000e-03  9.38812328e-01  5.64280000e-03  1.80000000e+00 
 5.65280000e-03  8.99601238e-01  5.65280000e-03  9.39383487e-01  5.65280000e-03  1.80000000e+00 
 5.66280000e-03  8.99595484e-01  5.66280000e-03  9.39953087e-01  5.66280000e-03  1.80000000e+00 
 5.67280000e-03  8.99589746e-01  5.67280000e-03  9.40521107e-01  5.67280000e-03  1.80000000e+00 
 5.68280000e-03  8.99584024e-01  5.68280000e-03  9.41087523e-01  5.68280000e-03  1.80000000e+00 
 5.69280000e-03  8.99578318e-01  5.69280000e-03  9.41652314e-01  5.69280000e-03  1.80000000e+00 
 5.70280000e-03  8.99572630e-01  5.70280000e-03  9.42215457e-01  5.70280000e-03  1.80000000e+00 
 5.71280000e-03  8.99566958e-01  5.71280000e-03  9.42776929e-01  5.71280000e-03  1.80000000e+00 
 5.72280000e-03  8.99561303e-01  5.72280000e-03  9.43336710e-01  5.72280000e-03  1.80000000e+00 
 5.73280000e-03  8.99555665e-01  5.73280000e-03  9.43894775e-01  5.73280000e-03  1.80000000e+00 
 5.74280000e-03  8.99550045e-01  5.74280000e-03  9.44451105e-01  5.74280000e-03  1.80000000e+00 
 5.75280000e-03  8.99544443e-01  5.75280000e-03  9.45005676e-01  5.75280000e-03  1.80000000e+00 
 5.76280000e-03  8.99538858e-01  5.76280000e-03  9.45558466e-01  5.76280000e-03  1.80000000e+00 
 5.77280000e-03  8.99533292e-01  5.77280000e-03  9.46109455e-01  5.77280000e-03  1.80000000e+00 
 5.78280000e-03  8.99527745e-01  5.78280000e-03  9.46658620e-01  5.78280000e-03  1.80000000e+00 
 5.79280000e-03  8.99522216e-01  5.79280000e-03  9.47205939e-01  5.79280000e-03  1.80000000e+00 
 5.80280000e-03  8.99516705e-01  5.80280000e-03  9.47751391e-01  5.80280000e-03  1.80000000e+00 
 5.81280000e-03  8.99511214e-01  5.81280000e-03  9.48294954e-01  5.81280000e-03  1.80000000e+00 
 5.82280000e-03  8.99505743e-01  5.82280000e-03  9.48836607e-01  5.82280000e-03  1.80000000e+00 
 5.83280000e-03  8.99500290e-01  5.83280000e-03  9.49376329e-01  5.83280000e-03  1.80000000e+00 
 5.84280000e-03  8.99494858e-01  5.84280000e-03  9.49914098e-01  5.84280000e-03  1.80000000e+00 
 5.85280000e-03  8.99489445e-01  5.85280000e-03  9.50449892e-01  5.85280000e-03  1.80000000e+00 
 5.86280000e-03  8.99484053e-01  5.86280000e-03  9.50983692e-01  5.86280000e-03  1.80000000e+00 
 5.87280000e-03  8.99478681e-01  5.87280000e-03  9.51515475e-01  5.87280000e-03  1.80000000e+00 
 5.88280000e-03  8.99473329e-01  5.88280000e-03  9.52045221e-01  5.88280000e-03  1.80000000e+00 
 5.89280000e-03  8.99467998e-01  5.89280000e-03  9.52572909e-01  5.89280000e-03  1.80000000e+00 
 5.90280000e-03  8.99462689e-01  5.90280000e-03  9.53098517e-01  5.90280000e-03  1.80000000e+00 
 5.91280000e-03  8.99457400e-01  5.91280000e-03  9.53622026e-01  5.91280000e-03  1.80000000e+00 
 5.92280000e-03  8.99452133e-01  5.92280000e-03  9.54143414e-01  5.92280000e-03  1.80000000e+00 
 5.93280000e-03  8.99446888e-01  5.93280000e-03  9.54662662e-01  5.93280000e-03  1.80000000e+00 
 5.94280000e-03  8.99441664e-01  5.94280000e-03  9.55179747e-01  5.94280000e-03  1.80000000e+00 
 5.95280000e-03  8.99436462e-01  5.95280000e-03  9.55694651e-01  5.95280000e-03  1.80000000e+00 
 5.96280000e-03  8.99431283e-01  5.96280000e-03  9.56207353e-01  5.96280000e-03  1.80000000e+00 
 5.97280000e-03  8.99426126e-01  5.97280000e-03  9.56717832e-01  5.97280000e-03  1.80000000e+00 
 5.98280000e-03  8.99420992e-01  5.98280000e-03  9.57226068e-01  5.98280000e-03  1.80000000e+00 
 5.99280000e-03  8.99415881e-01  5.99280000e-03  9.57732042e-01  5.99280000e-03  1.80000000e+00 
 6.00280000e-03  8.99410792e-01  6.00280000e-03  9.58235733e-01  6.00280000e-03  1.80000000e+00 
 6.01280000e-03  8.99405727e-01  6.01280000e-03  9.58737121e-01  6.01280000e-03  1.80000000e+00 
 6.02280000e-03  8.99400686e-01  6.02280000e-03  9.59236187e-01  6.02280000e-03  1.80000000e+00 
 6.03280000e-03  8.99395668e-01  6.03280000e-03  9.59732911e-01  6.03280000e-03  1.80000000e+00 
 6.04280000e-03  8.99390674e-01  6.04280000e-03  9.60227273e-01  6.04280000e-03  1.80000000e+00 
 6.05280000e-03  8.99385704e-01  6.05280000e-03  9.60719254e-01  6.05280000e-03  1.80000000e+00 
 6.06280000e-03  8.99380758e-01  6.06280000e-03  9.61208834e-01  6.06280000e-03  1.80000000e+00 
 6.07280000e-03  8.99375837e-01  6.07280000e-03  9.61695994e-01  6.07280000e-03  1.80000000e+00 
 6.08280000e-03  8.99370940e-01  6.08280000e-03  9.62180715e-01  6.08280000e-03  1.80000000e+00 
 6.09280000e-03  8.99366068e-01  6.09280000e-03  9.62662978e-01  6.09280000e-03  1.80000000e+00 
 6.10280000e-03  8.99361221e-01  6.10280000e-03  9.63142763e-01  6.10280000e-03  1.80000000e+00 
 6.11280000e-03  8.99356400e-01  6.11280000e-03  9.63620052e-01  6.11280000e-03  1.80000000e+00 
 6.12280000e-03  8.99351604e-01  6.12280000e-03  9.64094826e-01  6.12280000e-03  1.80000000e+00 
 6.13280000e-03  8.99346833e-01  6.13280000e-03  9.64567066e-01  6.13280000e-03  1.80000000e+00 
 6.14280000e-03  8.99342088e-01  6.14280000e-03  9.65036753e-01  6.14280000e-03  1.80000000e+00 
 6.15280000e-03  8.99337369e-01  6.15280000e-03  9.65503870e-01  6.15280000e-03  1.80000000e+00 
 6.16280000e-03  8.99332677e-01  6.16280000e-03  9.65968396e-01  6.16280000e-03  1.80000000e+00 
 6.17280000e-03  8.99328011e-01  6.17280000e-03  9.66430315e-01  6.17280000e-03  1.80000000e+00 
 6.18280000e-03  8.99323371e-01  6.18280000e-03  9.66889608e-01  6.18280000e-03  1.80000000e+00 
 6.19280000e-03  8.99318758e-01  6.19280000e-03  9.67346257e-01  6.19280000e-03  1.80000000e+00 
 6.20280000e-03  8.99314171e-01  6.20280000e-03  9.67800243e-01  6.20280000e-03  1.80000000e+00 
 6.21280000e-03  8.99309612e-01  6.21280000e-03  9.68251549e-01  6.21280000e-03  1.80000000e+00 
 6.22280000e-03  8.99305081e-01  6.22280000e-03  9.68700157e-01  6.22280000e-03  1.80000000e+00 
 6.23280000e-03  8.99300576e-01  6.23280000e-03  9.69146049e-01  6.23280000e-03  1.80000000e+00 
 6.24280000e-03  8.99296099e-01  6.24280000e-03  9.69589208e-01  6.24280000e-03  1.80000000e+00 
 6.25280000e-03  8.99291650e-01  6.25280000e-03  9.70029617e-01  6.25280000e-03  1.80000000e+00 
 6.26280000e-03  8.99287229e-01  6.26280000e-03  9.70467257e-01  6.26280000e-03  1.80000000e+00 
 6.27280000e-03  8.99282836e-01  6.27280000e-03  9.70902111e-01  6.27280000e-03  1.80000000e+00 
 6.28280000e-03  8.99278472e-01  6.28280000e-03  9.71334163e-01  6.28280000e-03  1.80000000e+00 
 6.29280000e-03  8.99274136e-01  6.29280000e-03  9.71763395e-01  6.29280000e-03  1.80000000e+00 
 6.30280000e-03  8.99269828e-01  6.30280000e-03  9.72189791e-01  6.30280000e-03  1.80000000e+00 
 6.31280000e-03  8.99265550e-01  6.31280000e-03  9.72613333e-01  6.31280000e-03  1.80000000e+00 
 6.32280000e-03  8.99261300e-01  6.32280000e-03  9.73034005e-01  6.32280000e-03  1.80000000e+00 
 6.33280000e-03  8.99257079e-01  6.33280000e-03  9.73451790e-01  6.33280000e-03  1.80000000e+00 
 6.34280000e-03  8.99252888e-01  6.34280000e-03  9.73866672e-01  6.34280000e-03  1.80000000e+00 
 6.35280000e-03  8.99248727e-01  6.35280000e-03  9.74278634e-01  6.35280000e-03  1.80000000e+00 
 6.36280000e-03  8.99244595e-01  6.36280000e-03  9.74687660e-01  6.36280000e-03  1.80000000e+00 
 6.37280000e-03  8.99240492e-01  6.37280000e-03  9.75093734e-01  6.37280000e-03  1.80000000e+00 
 6.38280000e-03  8.99236420e-01  6.38280000e-03  9.75496840e-01  6.38280000e-03  1.80000000e+00 
 6.39280000e-03  8.99232378e-01  6.39280000e-03  9.75896962e-01  6.39280000e-03  1.80000000e+00 
 6.40280000e-03  8.99228367e-01  6.40280000e-03  9.76294084e-01  6.40280000e-03  1.80000000e+00 
 6.41280000e-03  8.99224385e-01  6.41280000e-03  9.76688190e-01  6.41280000e-03  1.80000000e+00 
 6.42280000e-03  8.99220435e-01  6.42280000e-03  9.77079265e-01  6.42280000e-03  1.80000000e+00 
 6.43280000e-03  8.99216515e-01  6.43280000e-03  9.77467294e-01  6.43280000e-03  1.80000000e+00 
 6.44280000e-03  8.99212626e-01  6.44280000e-03  9.77852262e-01  6.44280000e-03  1.80000000e+00 
 6.45280000e-03  8.99208768e-01  6.45280000e-03  9.78234152e-01  6.45280000e-03  1.80000000e+00 
 6.46280000e-03  8.99204941e-01  6.46280000e-03  9.78612950e-01  6.46280000e-03  1.80000000e+00 
 6.47280000e-03  8.99201146e-01  6.47280000e-03  9.78988640e-01  6.47280000e-03  1.80000000e+00 
 6.48280000e-03  8.99197382e-01  6.48280000e-03  9.79361210e-01  6.48280000e-03  1.80000000e+00 
 6.49280000e-03  8.99193650e-01  6.49280000e-03  9.79730642e-01  6.49280000e-03  1.80000000e+00 
 6.50280000e-03  8.99189950e-01  6.50280000e-03  9.80096923e-01  6.50280000e-03  1.80000000e+00 
 6.51280000e-03  8.99186282e-01  6.51280000e-03  9.80460039e-01  6.51280000e-03  1.80000000e+00 
 6.52280000e-03  8.99182646e-01  6.52280000e-03  9.80819974e-01  6.52280000e-03  1.80000000e+00 
 6.53280000e-03  8.99179042e-01  6.53280000e-03  9.81176716e-01  6.53280000e-03  1.80000000e+00 
 6.54280000e-03  8.99175471e-01  6.54280000e-03  9.81530249e-01  6.54280000e-03  1.80000000e+00 
 6.55280000e-03  8.99171932e-01  6.55280000e-03  9.81880560e-01  6.55280000e-03  1.80000000e+00 
 6.56280000e-03  8.99168426e-01  6.56280000e-03  9.82227635e-01  6.56280000e-03  1.80000000e+00 
 6.57280000e-03  8.99164952e-01  6.57280000e-03  9.82571460e-01  6.57280000e-03  1.80000000e+00 
 6.58280000e-03  8.99161512e-01  6.58280000e-03  9.82912022e-01  6.58280000e-03  1.80000000e+00 
 6.59280000e-03  8.99158105e-01  6.59280000e-03  9.83249307e-01  6.59280000e-03  1.80000000e+00 
 6.60280000e-03  8.99154731e-01  6.60280000e-03  9.83583302e-01  6.60280000e-03  1.80000000e+00 
 6.61280000e-03  8.99151390e-01  6.61280000e-03  9.83913993e-01  6.61280000e-03  1.80000000e+00 
 6.62280000e-03  8.99148083e-01  6.62280000e-03  9.84241369e-01  6.62280000e-03  1.80000000e+00 
 6.63280000e-03  8.99144809e-01  6.63280000e-03  9.84565415e-01  6.63280000e-03  1.80000000e+00 
 6.64280000e-03  8.99141570e-01  6.64280000e-03  9.84886119e-01  6.64280000e-03  1.80000000e+00 
 6.65280000e-03  8.99138364e-01  6.65280000e-03  9.85203468e-01  6.65280000e-03  1.80000000e+00 
 6.66280000e-03  8.99135192e-01  6.66280000e-03  9.85517450e-01  6.66280000e-03  1.80000000e+00 
 6.67280000e-03  8.99132054e-01  6.67280000e-03  9.85828053e-01  6.67280000e-03  1.80000000e+00 
 6.68280000e-03  8.99128951e-01  6.68280000e-03  9.86135263e-01  6.68280000e-03  1.80000000e+00 
 6.69280000e-03  8.99125882e-01  6.69280000e-03  9.86439070e-01  6.69280000e-03  1.80000000e+00 
 6.70280000e-03  8.99122847e-01  6.70280000e-03  9.86739460e-01  6.70280000e-03  1.80000000e+00 
 6.71280000e-03  8.99119847e-01  6.71280000e-03  9.87036423e-01  6.71280000e-03  1.80000000e+00 
 6.72280000e-03  8.99116882e-01  6.72280000e-03  9.87329946e-01  6.72280000e-03  1.80000000e+00 
 6.73280000e-03  8.99113952e-01  6.73280000e-03  9.87620017e-01  6.73280000e-03  1.80000000e+00 
 6.74280000e-03  8.99111056e-01  6.74280000e-03  9.87906627e-01  6.74280000e-03  1.80000000e+00 
 6.75280000e-03  8.99108196e-01  6.75280000e-03  9.88189762e-01  6.75280000e-03  1.80000000e+00 
 6.76280000e-03  8.99105371e-01  6.76280000e-03  9.88469412e-01  6.76280000e-03  1.80000000e+00 
 6.77280000e-03  8.99102581e-01  6.77280000e-03  9.88745566e-01  6.77280000e-03  1.80000000e+00 
 6.78280000e-03  8.99099827e-01  6.78280000e-03  9.89018213e-01  6.78280000e-03  1.80000000e+00 
 6.79280000e-03  8.99097108e-01  6.79280000e-03  9.89287342e-01  6.79280000e-03  1.80000000e+00 
 6.80280000e-03  8.99094425e-01  6.80280000e-03  9.89552942e-01  6.80280000e-03  1.80000000e+00 
 6.81280000e-03  8.99091778e-01  6.81280000e-03  9.89815004e-01  6.81280000e-03  1.80000000e+00 
 6.82280000e-03  8.99089166e-01  6.82280000e-03  9.90073516e-01  6.82280000e-03  1.80000000e+00 
 6.83280000e-03  8.99086591e-01  6.83280000e-03  9.90328469e-01  6.83280000e-03  1.80000000e+00 
 6.84280000e-03  8.99084051e-01  6.84280000e-03  9.90579852e-01  6.84280000e-03  1.80000000e+00 
 6.85280000e-03  8.99081548e-01  6.85280000e-03  9.90827656e-01  6.85280000e-03  1.80000000e+00 
 6.86280000e-03  8.99079081e-01  6.86280000e-03  9.91071870e-01  6.86280000e-03  1.80000000e+00 
 6.87280000e-03  8.99076650e-01  6.87280000e-03  9.91312486e-01  6.87280000e-03  1.80000000e+00 
 6.88280000e-03  8.99074256e-01  6.88280000e-03  9.91549493e-01  6.88280000e-03  1.80000000e+00 
 6.89280000e-03  8.99071898e-01  6.89280000e-03  9.91782882e-01  6.89280000e-03  1.80000000e+00 
 6.90280000e-03  8.99069577e-01  6.90280000e-03  9.92012644e-01  6.90280000e-03  1.80000000e+00 
 6.91280000e-03  8.99067293e-01  6.91280000e-03  9.92238771e-01  6.91280000e-03  1.80000000e+00 
 6.92280000e-03  8.99065045e-01  6.92280000e-03  9.92461252e-01  6.92280000e-03  1.80000000e+00 
 6.93280000e-03  8.99062835e-01  6.93280000e-03  9.92680080e-01  6.93280000e-03  1.80000000e+00 
 6.94280000e-03  8.99060661e-01  6.94280000e-03  9.92895245e-01  6.94280000e-03  1.80000000e+00 
 6.95280000e-03  8.99058525e-01  6.95280000e-03  9.93106739e-01  6.95280000e-03  1.80000000e+00 
 6.96280000e-03  8.99056425e-01  6.96280000e-03  9.93314554e-01  6.96280000e-03  1.80000000e+00 
 6.97280000e-03  8.99054363e-01  6.97280000e-03  9.93518682e-01  6.97280000e-03  1.80000000e+00 
 6.98280000e-03  8.99052339e-01  6.98280000e-03  9.93719114e-01  6.98280000e-03  1.80000000e+00 
 6.99280000e-03  8.99050351e-01  6.99280000e-03  9.93915842e-01  6.99280000e-03  1.80000000e+00 
 7.00280000e-03  8.99048401e-01  7.00280000e-03  9.94108860e-01  7.00280000e-03  1.80000000e+00 
 7.01280000e-03  8.99046489e-01  7.01280000e-03  9.94298158e-01  7.01280000e-03  1.80000000e+00 
 7.02280000e-03  8.99044614e-01  7.02280000e-03  9.94483731e-01  7.02280000e-03  1.80000000e+00 
 7.03280000e-03  8.99042777e-01  7.03280000e-03  9.94665570e-01  7.03280000e-03  1.80000000e+00 
 7.04280000e-03  8.99040978e-01  7.04280000e-03  9.94843668e-01  7.04280000e-03  1.80000000e+00 
 7.05280000e-03  8.99039217e-01  7.05280000e-03  9.95018018e-01  7.05280000e-03  1.80000000e+00 
 7.06280000e-03  8.99037494e-01  7.06280000e-03  9.95188613e-01  7.06280000e-03  1.80000000e+00 
 7.07280000e-03  8.99035808e-01  7.07280000e-03  9.95355447e-01  7.07280000e-03  1.80000000e+00 
 7.08280000e-03  8.99034161e-01  7.08280000e-03  9.95518513e-01  7.08280000e-03  1.80000000e+00 
 7.09280000e-03  8.99032552e-01  7.09280000e-03  9.95677805e-01  7.09280000e-03  1.80000000e+00 
 7.10280000e-03  8.99030981e-01  7.10280000e-03  9.95833315e-01  7.10280000e-03  1.80000000e+00 
 7.11280000e-03  8.99029448e-01  7.11280000e-03  9.95985039e-01  7.11280000e-03  1.80000000e+00 
 7.12280000e-03  8.99027954e-01  7.12280000e-03  9.96132970e-01  7.12280000e-03  1.80000000e+00 
 7.13280000e-03  8.99026498e-01  7.13280000e-03  9.96277103e-01  7.13280000e-03  1.80000000e+00 
 7.14280000e-03  8.99025080e-01  7.14280000e-03  9.96417430e-01  7.14280000e-03  1.80000000e+00 
 7.15280000e-03  8.99023701e-01  7.15280000e-03  9.96553948e-01  7.15280000e-03  1.80000000e+00 
 7.16280000e-03  8.99022360e-01  7.16280000e-03  9.96686651e-01  7.16280000e-03  1.80000000e+00 
 7.17280000e-03  8.99021058e-01  7.17280000e-03  9.96815533e-01  7.17280000e-03  1.80000000e+00 
 7.18280000e-03  8.99019795e-01  7.18280000e-03  9.96940589e-01  7.18280000e-03  1.80000000e+00 
 7.19280000e-03  8.99018570e-01  7.19280000e-03  9.97061815e-01  7.19280000e-03  1.80000000e+00 
 7.20280000e-03  8.99017385e-01  7.20280000e-03  9.97179206e-01  7.20280000e-03  1.80000000e+00 
 7.21280000e-03  8.99016238e-01  7.21280000e-03  9.97292756e-01  7.21280000e-03  1.80000000e+00 
 7.22280000e-03  8.99015129e-01  7.22280000e-03  9.97402462e-01  7.22280000e-03  1.80000000e+00 
 7.23280000e-03  8.99014060e-01  7.23280000e-03  9.97508319e-01  7.23280000e-03  1.80000000e+00 
 7.24280000e-03  8.99013029e-01  7.24280000e-03  9.97610323e-01  7.24280000e-03  1.80000000e+00 
 7.25280000e-03  8.99012038e-01  7.25280000e-03  9.97708470e-01  7.25280000e-03  1.80000000e+00 
 7.26280000e-03  8.99011085e-01  7.26280000e-03  9.97802756e-01  7.26280000e-03  1.80000000e+00 
 7.27280000e-03  8.99010172e-01  7.27280000e-03  9.97893177e-01  7.27280000e-03  1.80000000e+00 
 7.28280000e-03  8.99009298e-01  7.28280000e-03  9.97979730e-01  7.28280000e-03  1.80000000e+00 
 7.29280000e-03  8.99008462e-01  7.29280000e-03  9.98062412e-01  7.29280000e-03  1.80000000e+00 
 7.30280000e-03  8.99007666e-01  7.30280000e-03  9.98141218e-01  7.30280000e-03  1.80000000e+00 
 7.31280000e-03  8.99006909e-01  7.31280000e-03  9.98216147e-01  7.31280000e-03  1.80000000e+00 
 7.32280000e-03  8.99006192e-01  7.32280000e-03  9.98287195e-01  7.32280000e-03  1.80000000e+00 
 7.33280000e-03  8.99005513e-01  7.33280000e-03  9.98354359e-01  7.33280000e-03  1.80000000e+00 
 7.34280000e-03  8.99004874e-01  7.34280000e-03  9.98417636e-01  7.34280000e-03  1.80000000e+00 
 7.35280000e-03  8.99004274e-01  7.35280000e-03  9.98477025e-01  7.35280000e-03  1.80000000e+00 
 7.36280000e-03  8.99003713e-01  7.36280000e-03  9.98532522e-01  7.36280000e-03  1.80000000e+00 
 7.37280000e-03  8.99003192e-01  7.37280000e-03  9.98584126e-01  7.37280000e-03  1.80000000e+00 
 7.38280000e-03  8.99002710e-01  7.38280000e-03  9.98631835e-01  7.38280000e-03  1.80000000e+00 
 7.39280000e-03  8.99002268e-01  7.39280000e-03  9.98675646e-01  7.39280000e-03  1.80000000e+00 
 7.40280000e-03  8.99001864e-01  7.40280000e-03  9.98715558e-01  7.40280000e-03  1.80000000e+00 
 7.41280000e-03  8.99001501e-01  7.41280000e-03  9.98751569e-01  7.41280000e-03  1.80000000e+00 
 7.42280000e-03  8.99001176e-01  7.42280000e-03  9.98783678e-01  7.42280000e-03  1.80000000e+00 
 7.43280000e-03  8.99000891e-01  7.43280000e-03  9.98811884e-01  7.43280000e-03  1.80000000e+00 
 7.44280000e-03  8.99000646e-01  7.44280000e-03  9.98836185e-01  7.44280000e-03  1.80000000e+00 
 7.45280000e-03  8.99000440e-01  7.45280000e-03  9.98856581e-01  7.45280000e-03  1.80000000e+00 
 7.46280000e-03  8.99000273e-01  7.46280000e-03  9.98873071e-01  7.46280000e-03  1.80000000e+00 
 7.47280000e-03  8.99000146e-01  7.47280000e-03  9.98885654e-01  7.47280000e-03  1.80000000e+00 
 7.48280000e-03  8.99000058e-01  7.48280000e-03  9.98894329e-01  7.48280000e-03  1.80000000e+00 
 7.49280000e-03  8.99000010e-01  7.49280000e-03  9.98899097e-01  7.49280000e-03  1.80000000e+00 
 7.50280000e-03  8.99000002e-01  7.50280000e-03  9.98899957e-01  7.50280000e-03  1.80000000e+00 
 7.51280000e-03  8.99000032e-01  7.51280000e-03  9.98896908e-01  7.51280000e-03  1.80000000e+00 
 7.52280000e-03  8.99000103e-01  7.52280000e-03  9.98889952e-01  7.52280000e-03  1.80000000e+00 
 7.53280000e-03  8.99000212e-01  7.53280000e-03  9.98879089e-01  7.53280000e-03  1.80000000e+00 
 7.54280000e-03  8.99000362e-01  7.54280000e-03  9.98864318e-01  7.54280000e-03  1.80000000e+00 
 7.55280000e-03  8.99000550e-01  7.55280000e-03  9.98845641e-01  7.55280000e-03  1.80000000e+00 
 7.56280000e-03  8.99000778e-01  7.56280000e-03  9.98823058e-01  7.56280000e-03  1.80000000e+00 
 7.57280000e-03  8.99001046e-01  7.57280000e-03  9.98796570e-01  7.57280000e-03  1.80000000e+00 
 7.58280000e-03  8.99001353e-01  7.58280000e-03  9.98766178e-01  7.58280000e-03  1.80000000e+00 
 7.59280000e-03  8.99001699e-01  7.59280000e-03  9.98731883e-01  7.59280000e-03  1.80000000e+00 
 7.60280000e-03  8.99002085e-01  7.60280000e-03  9.98693688e-01  7.60280000e-03  1.80000000e+00 
 7.61280000e-03  8.99002511e-01  7.61280000e-03  9.98651592e-01  7.61280000e-03  1.80000000e+00 
 7.62280000e-03  8.99002975e-01  7.62280000e-03  9.98605598e-01  7.62280000e-03  1.80000000e+00 
 7.63280000e-03  8.99003479e-01  7.63280000e-03  9.98555708e-01  7.63280000e-03  1.80000000e+00 
 7.64280000e-03  8.99004022e-01  7.64280000e-03  9.98501923e-01  7.64280000e-03  1.80000000e+00 
 7.65280000e-03  8.99004605e-01  7.65280000e-03  9.98444247e-01  7.65280000e-03  1.80000000e+00 
 7.66280000e-03  8.99005227e-01  7.66280000e-03  9.98382680e-01  7.66280000e-03  1.80000000e+00 
 7.67280000e-03  8.99005888e-01  7.67280000e-03  9.98317226e-01  7.67280000e-03  1.80000000e+00 
 7.68280000e-03  8.99006589e-01  7.68280000e-03  9.98247887e-01  7.68280000e-03  1.80000000e+00 
 7.69280000e-03  8.99007328e-01  7.69280000e-03  9.98174665e-01  7.69280000e-03  1.80000000e+00 
 7.70280000e-03  8.99008107e-01  7.70280000e-03  9.98097564e-01  7.70280000e-03  1.80000000e+00 
 7.71280000e-03  8.99008925e-01  7.71280000e-03  9.98016587e-01  7.71280000e-03  1.80000000e+00 
 7.72280000e-03  8.99009783e-01  7.72280000e-03  9.97931737e-01  7.72280000e-03  1.80000000e+00 
 7.73280000e-03  8.99010679e-01  7.73280000e-03  9.97843017e-01  7.73280000e-03  1.80000000e+00 
 7.74280000e-03  8.99011614e-01  7.74280000e-03  9.97750431e-01  7.74280000e-03  1.80000000e+00 
 7.75280000e-03  8.99012588e-01  7.75280000e-03  9.97653983e-01  7.75280000e-03  1.80000000e+00 
 7.76280000e-03  8.99013602e-01  7.76280000e-03  9.97553675e-01  7.76280000e-03  1.80000000e+00 
 7.77280000e-03  8.99014654e-01  7.77280000e-03  9.97449513e-01  7.77280000e-03  1.80000000e+00 
 7.78280000e-03  8.99015745e-01  7.78280000e-03  9.97341500e-01  7.78280000e-03  1.80000000e+00 
 7.79280000e-03  8.99016875e-01  7.79280000e-03  9.97229641e-01  7.79280000e-03  1.80000000e+00 
 7.80280000e-03  8.99018044e-01  7.80280000e-03  9.97113940e-01  7.80280000e-03  1.80000000e+00 
 7.81280000e-03  8.99019252e-01  7.81280000e-03  9.96994401e-01  7.81280000e-03  1.80000000e+00 
 7.82280000e-03  8.99020498e-01  7.82280000e-03  9.96871029e-01  7.82280000e-03  1.80000000e+00 
 7.83280000e-03  8.99021783e-01  7.83280000e-03  9.96743830e-01  7.83280000e-03  1.80000000e+00 
 7.84280000e-03  8.99023106e-01  7.84280000e-03  9.96612808e-01  7.84280000e-03  1.80000000e+00 
 7.85280000e-03  8.99024469e-01  7.85280000e-03  9.96477968e-01  7.85280000e-03  1.80000000e+00 
 7.86280000e-03  8.99025869e-01  7.86280000e-03  9.96339316e-01  7.86280000e-03  1.80000000e+00 
 7.87280000e-03  8.99027308e-01  7.87280000e-03  9.96196857e-01  7.87280000e-03  1.80000000e+00 
 7.88280000e-03  8.99028786e-01  7.88280000e-03  9.96050597e-01  7.88280000e-03  1.80000000e+00 
 7.89280000e-03  8.99030302e-01  7.89280000e-03  9.95900541e-01  7.89280000e-03  1.80000000e+00 
 7.90280000e-03  8.99031856e-01  7.90280000e-03  9.95746696e-01  7.90280000e-03  1.80000000e+00 
 7.91280000e-03  8.99033448e-01  7.91280000e-03  9.95589067e-01  7.91280000e-03  1.80000000e+00 
 7.92280000e-03  8.99035079e-01  7.92280000e-03  9.95427661e-01  7.92280000e-03  1.80000000e+00 
 7.93280000e-03  8.99036747e-01  7.93280000e-03  9.95262484e-01  7.93280000e-03  1.80000000e+00 
 7.94280000e-03  8.99038454e-01  7.94280000e-03  9.95093543e-01  7.94280000e-03  1.80000000e+00 
 7.95280000e-03  8.99040199e-01  7.95280000e-03  9.94920844e-01  7.95280000e-03  1.80000000e+00 
 7.96280000e-03  8.99041981e-01  7.96280000e-03  9.94744394e-01  7.96280000e-03  1.80000000e+00 
 7.97280000e-03  8.99043801e-01  7.97280000e-03  9.94564200e-01  7.97280000e-03  1.80000000e+00 
 7.98280000e-03  8.99045660e-01  7.98280000e-03  9.94380270e-01  7.98280000e-03  1.80000000e+00 
 7.99280000e-03  8.99047555e-01  7.99280000e-03  9.94192610e-01  7.99280000e-03  1.80000000e+00 
 8.00280000e-03  8.99049489e-01  8.00280000e-03  9.94001228e-01  8.00280000e-03  1.80000000e+00 
 8.01280000e-03  8.99051459e-01  8.01280000e-03  9.93806131e-01  8.01280000e-03  1.80000000e+00 
 8.02280000e-03  8.99053468e-01  8.02280000e-03  9.93607328e-01  8.02280000e-03  1.80000000e+00 
 8.03280000e-03  8.99055513e-01  8.03280000e-03  9.93404825e-01  8.03280000e-03  1.80000000e+00 
 8.04280000e-03  8.99057596e-01  8.04280000e-03  9.93198631e-01  8.04280000e-03  1.80000000e+00 
 8.05280000e-03  8.99059717e-01  8.05280000e-03  9.92988755e-01  8.05280000e-03  1.80000000e+00 
 8.06280000e-03  8.99061874e-01  8.06280000e-03  9.92775204e-01  8.06280000e-03  1.80000000e+00 
 8.07280000e-03  8.99064068e-01  8.07280000e-03  9.92557987e-01  8.07280000e-03  1.80000000e+00 
 8.08280000e-03  8.99066300e-01  8.08280000e-03  9.92337112e-01  8.08280000e-03  1.80000000e+00 
 8.09280000e-03  8.99068568e-01  8.09280000e-03  9.92112589e-01  8.09280000e-03  1.80000000e+00 
 8.10280000e-03  8.99070873e-01  8.10280000e-03  9.91884425e-01  8.10280000e-03  1.80000000e+00 
 8.11280000e-03  8.99073214e-01  8.11280000e-03  9.91652630e-01  8.11280000e-03  1.80000000e+00 
 8.12280000e-03  8.99075592e-01  8.12280000e-03  9.91417214e-01  8.12280000e-03  1.80000000e+00 
 8.13280000e-03  8.99078007e-01  8.13280000e-03  9.91178185e-01  8.13280000e-03  1.80000000e+00 
 8.14280000e-03  8.99080458e-01  8.14280000e-03  9.90935553e-01  8.14280000e-03  1.80000000e+00 
 8.15280000e-03  8.99082945e-01  8.15280000e-03  9.90689327e-01  8.15280000e-03  1.80000000e+00 
 8.16280000e-03  8.99085469e-01  8.16280000e-03  9.90439518e-01  8.16280000e-03  1.80000000e+00 
 8.17280000e-03  8.99088029e-01  8.17280000e-03  9.90186134e-01  8.17280000e-03  1.80000000e+00 
 8.18280000e-03  8.99090624e-01  8.18280000e-03  9.89929187e-01  8.18280000e-03  1.80000000e+00 
 8.19280000e-03  8.99093256e-01  8.19280000e-03  9.89668686e-01  8.19280000e-03  1.80000000e+00 
 8.20280000e-03  8.99095923e-01  8.20280000e-03  9.89404641e-01  8.20280000e-03  1.80000000e+00 
 8.21280000e-03  8.99098626e-01  8.21280000e-03  9.89137063e-01  8.21280000e-03  1.80000000e+00 
 8.22280000e-03  8.99101365e-01  8.22280000e-03  9.88865963e-01  8.22280000e-03  1.80000000e+00 
 8.23280000e-03  8.99104139e-01  8.23280000e-03  9.88591351e-01  8.23280000e-03  1.80000000e+00 
 8.24280000e-03  8.99106949e-01  8.24280000e-03  9.88313238e-01  8.24280000e-03  1.80000000e+00 
 8.25280000e-03  8.99109794e-01  8.25280000e-03  9.88031635e-01  8.25280000e-03  1.80000000e+00 
 8.26280000e-03  8.99112673e-01  8.26280000e-03  9.87746553e-01  8.26280000e-03  1.80000000e+00 
 8.27280000e-03  8.99115588e-01  8.27280000e-03  9.87458003e-01  8.27280000e-03  1.80000000e+00 
 8.28280000e-03  8.99118538e-01  8.28280000e-03  9.87165997e-01  8.28280000e-03  1.80000000e+00 
 8.29280000e-03  8.99121523e-01  8.29280000e-03  9.86870547e-01  8.29280000e-03  1.80000000e+00 
 8.30280000e-03  8.99124542e-01  8.30280000e-03  9.86571663e-01  8.30280000e-03  1.80000000e+00 
 8.31280000e-03  8.99127596e-01  8.31280000e-03  9.86269358e-01  8.31280000e-03  1.80000000e+00 
 8.32280000e-03  8.99130684e-01  8.32280000e-03  9.85963644e-01  8.32280000e-03  1.80000000e+00 
 8.33280000e-03  8.99133807e-01  8.33280000e-03  9.85654532e-01  8.33280000e-03  1.80000000e+00 
 8.34280000e-03  8.99136964e-01  8.34280000e-03  9.85342036e-01  8.34280000e-03  1.80000000e+00 
 8.35280000e-03  8.99140155e-01  8.35280000e-03  9.85026167e-01  8.35280000e-03  1.80000000e+00 
 8.36280000e-03  8.99143380e-01  8.36280000e-03  9.84706937e-01  8.36280000e-03  1.80000000e+00 
 8.37280000e-03  8.99146638e-01  8.37280000e-03  9.84384360e-01  8.37280000e-03  1.80000000e+00 
 8.38280000e-03  8.99149931e-01  8.38280000e-03  9.84058448e-01  8.38280000e-03  1.80000000e+00 
 8.39280000e-03  8.99153257e-01  8.39280000e-03  9.83729214e-01  8.39280000e-03  1.80000000e+00 
 8.40280000e-03  8.99156616e-01  8.40280000e-03  9.83396671e-01  8.40280000e-03  1.80000000e+00 
 8.41280000e-03  8.99160009e-01  8.41280000e-03  9.83060832e-01  8.41280000e-03  1.80000000e+00 
 8.42280000e-03  8.99163435e-01  8.42280000e-03  9.82721710e-01  8.42280000e-03  1.80000000e+00 
 8.43280000e-03  8.99166893e-01  8.43280000e-03  9.82379319e-01  8.43280000e-03  1.80000000e+00 
 8.44280000e-03  8.99170385e-01  8.44280000e-03  9.82033672e-01  8.44280000e-03  1.80000000e+00 
 8.45280000e-03  8.99173910e-01  8.45280000e-03  9.81684784e-01  8.45280000e-03  1.80000000e+00 
 8.46280000e-03  8.99177467e-01  8.46280000e-03  9.81332667e-01  8.46280000e-03  1.80000000e+00 
 8.47280000e-03  8.99181056e-01  8.47280000e-03  9.80977335e-01  8.47280000e-03  1.80000000e+00 
 8.48280000e-03  8.99184678e-01  8.48280000e-03  9.80618803e-01  8.48280000e-03  1.80000000e+00 
 8.49280000e-03  8.99188332e-01  8.49280000e-03  9.80257085e-01  8.49280000e-03  1.80000000e+00 
 8.50280000e-03  8.99192018e-01  8.50280000e-03  9.79892195e-01  8.50280000e-03  1.80000000e+00 
 8.51280000e-03  8.99195736e-01  8.51280000e-03  9.79524147e-01  8.51280000e-03  1.80000000e+00 
 8.52280000e-03  8.99199486e-01  8.52280000e-03  9.79152956e-01  8.52280000e-03  1.80000000e+00 
 8.53280000e-03  8.99203268e-01  8.53280000e-03  9.78778637e-01  8.53280000e-03  1.80000000e+00 
 8.54280000e-03  8.99207080e-01  8.54280000e-03  9.78401204e-01  8.54280000e-03  1.80000000e+00 
 8.55280000e-03  8.99210924e-01  8.55280000e-03  9.78020673e-01  8.55280000e-03  1.80000000e+00 
 8.56280000e-03  8.99214800e-01  8.56280000e-03  9.77637058e-01  8.56280000e-03  1.80000000e+00 
 8.57280000e-03  8.99218706e-01  8.57280000e-03  9.77250374e-01  8.57280000e-03  1.80000000e+00 
 8.58280000e-03  8.99222643e-01  8.58280000e-03  9.76860638e-01  8.58280000e-03  1.80000000e+00 
 8.59280000e-03  8.99226611e-01  8.59280000e-03  9.76467863e-01  8.59280000e-03  1.80000000e+00 
 8.60280000e-03  8.99230609e-01  8.60280000e-03  9.76072066e-01  8.60280000e-03  1.80000000e+00 
 8.61280000e-03  8.99234638e-01  8.61280000e-03  9.75673262e-01  8.61280000e-03  1.80000000e+00 
 8.62280000e-03  8.99238697e-01  8.62280000e-03  9.75271467e-01  8.62280000e-03  1.80000000e+00 
 8.63280000e-03  8.99242786e-01  8.63280000e-03  9.74866697e-01  8.63280000e-03  1.80000000e+00 
 8.64280000e-03  8.99246905e-01  8.64280000e-03  9.74458968e-01  8.64280000e-03  1.80000000e+00 
 8.65280000e-03  8.99251054e-01  8.65280000e-03  9.74048295e-01  8.65280000e-03  1.80000000e+00 
 8.66280000e-03  8.99255232e-01  8.66280000e-03  9.73634696e-01  8.66280000e-03  1.80000000e+00 
 8.67280000e-03  8.99259439e-01  8.67280000e-03  9.73218187e-01  8.67280000e-03  1.80000000e+00 
 8.68280000e-03  8.99263676e-01  8.68280000e-03  9.72798783e-01  8.68280000e-03  1.80000000e+00 
 8.69280000e-03  8.99267942e-01  8.69280000e-03  9.72376502e-01  8.69280000e-03  1.80000000e+00 
 8.70280000e-03  8.99272237e-01  8.70280000e-03  9.71951360e-01  8.70280000e-03  1.80000000e+00 
 8.71280000e-03  8.99276560e-01  8.71280000e-03  9.71523374e-01  8.71280000e-03  1.80000000e+00 
 8.72280000e-03  8.99280912e-01  8.72280000e-03  9.71092560e-01  8.72280000e-03  1.80000000e+00 
 8.73280000e-03  8.99285293e-01  8.73280000e-03  9.70658937e-01  8.73280000e-03  1.80000000e+00 
 8.74280000e-03  8.99289702e-01  8.74280000e-03  9.70222520e-01  8.74280000e-03  1.80000000e+00 
 8.75280000e-03  8.99294138e-01  8.75280000e-03  9.69783328e-01  8.75280000e-03  1.80000000e+00 
 8.76280000e-03  8.99298603e-01  8.76280000e-03  9.69341377e-01  8.76280000e-03  1.80000000e+00 
 8.77280000e-03  8.99303095e-01  8.77280000e-03  9.68896685e-01  8.77280000e-03  1.80000000e+00 
 8.78280000e-03  8.99307615e-01  8.78280000e-03  9.68449270e-01  8.78280000e-03  1.80000000e+00 
 8.79280000e-03  8.99312162e-01  8.79280000e-03  9.67999149e-01  8.79280000e-03  1.80000000e+00 
 8.80280000e-03  8.99316736e-01  8.80280000e-03  9.67546339e-01  8.80280000e-03  1.80000000e+00 
 8.81280000e-03  8.99321338e-01  8.81280000e-03  9.67090860e-01  8.81280000e-03  1.80000000e+00 
 8.82280000e-03  8.99325966e-01  8.82280000e-03  9.66632729e-01  8.82280000e-03  1.80000000e+00 
 8.83280000e-03  8.99330620e-01  8.83280000e-03  9.66171963e-01  8.83280000e-03  1.80000000e+00 
 8.84280000e-03  8.99335301e-01  8.84280000e-03  9.65708581e-01  8.84280000e-03  1.80000000e+00 
 8.85280000e-03  8.99340009e-01  8.85280000e-03  9.65242602e-01  8.85280000e-03  1.80000000e+00 
 8.86280000e-03  8.99344742e-01  8.86280000e-03  9.64774044e-01  8.86280000e-03  1.80000000e+00 
 8.87280000e-03  8.99349501e-01  8.87280000e-03  9.64302925e-01  8.87280000e-03  1.80000000e+00 
 8.88280000e-03  8.99354286e-01  8.88280000e-03  9.63829264e-01  8.88280000e-03  1.80000000e+00 
 8.89280000e-03  8.99359097e-01  8.89280000e-03  9.63353079e-01  8.89280000e-03  1.80000000e+00 
 8.90280000e-03  8.99363933e-01  8.90280000e-03  9.62874390e-01  8.90280000e-03  1.80000000e+00 
 8.91280000e-03  8.99368793e-01  8.91280000e-03  9.62393215e-01  8.91280000e-03  1.80000000e+00 
 8.92280000e-03  8.99373679e-01  8.92280000e-03  9.61909573e-01  8.92280000e-03  1.80000000e+00 
 8.93280000e-03  8.99378590e-01  8.93280000e-03  9.61423484e-01  8.93280000e-03  1.80000000e+00 
 8.94280000e-03  8.99383525e-01  8.94280000e-03  9.60934966e-01  8.94280000e-03  1.80000000e+00 
 8.95280000e-03  8.99388484e-01  8.95280000e-03  9.60444039e-01  8.95280000e-03  1.80000000e+00 
 8.96280000e-03  8.99393468e-01  8.96280000e-03  9.59950722e-01  8.96280000e-03  1.80000000e+00 
 8.97280000e-03  8.99398475e-01  8.97280000e-03  9.59455035e-01  8.97280000e-03  1.80000000e+00 
 8.98280000e-03  8.99403506e-01  8.98280000e-03  9.58956997e-01  8.98280000e-03  1.80000000e+00 
 8.99280000e-03  8.99408561e-01  8.99280000e-03  9.58456628e-01  8.99280000e-03  1.80000000e+00 
 9.00280000e-03  8.99413639e-01  9.00280000e-03  9.57953948e-01  9.00280000e-03  1.80000000e+00 
 9.01280000e-03  8.99418740e-01  9.01280000e-03  9.57448976e-01  9.01280000e-03  1.80000000e+00 
 9.02280000e-03  8.99423864e-01  9.02280000e-03  9.56941733e-01  9.02280000e-03  1.80000000e+00 
 9.03280000e-03  8.99429011e-01  9.03280000e-03  9.56432239e-01  9.03280000e-03  1.80000000e+00 
 9.04280000e-03  8.99434181e-01  9.04280000e-03  9.55920512e-01  9.04280000e-03  1.80000000e+00 
 9.05280000e-03  8.99439373e-01  9.05280000e-03  9.55406575e-01  9.05280000e-03  1.80000000e+00 
 9.06280000e-03  8.99444587e-01  9.06280000e-03  9.54890447e-01  9.06280000e-03  1.80000000e+00 
 9.07280000e-03  8.99449822e-01  9.07280000e-03  9.54372148e-01  9.07280000e-03  1.80000000e+00 
 9.08280000e-03  8.99455080e-01  9.08280000e-03  9.53851699e-01  9.08280000e-03  1.80000000e+00 
 9.09280000e-03  8.99460359e-01  9.09280000e-03  9.53329121e-01  9.09280000e-03  1.80000000e+00 
 9.10280000e-03  8.99465659e-01  9.10280000e-03  9.52804434e-01  9.10280000e-03  1.80000000e+00 
 9.11280000e-03  8.99470981e-01  9.11280000e-03  9.52277658e-01  9.11280000e-03  1.80000000e+00 
 9.12280000e-03  8.99476323e-01  9.12280000e-03  9.51748815e-01  9.12280000e-03  1.80000000e+00 
 9.13280000e-03  8.99481686e-01  9.13280000e-03  9.51217926e-01  9.13280000e-03  1.80000000e+00 
 9.14280000e-03  8.99487070e-01  9.14280000e-03  9.50685011e-01  9.14280000e-03  1.80000000e+00 
 9.15280000e-03  8.99492474e-01  9.15280000e-03  9.50150092e-01  9.15280000e-03  1.80000000e+00 
 9.16280000e-03  8.99497897e-01  9.16280000e-03  9.49613189e-01  9.16280000e-03  1.80000000e+00 
 9.17280000e-03  8.99503341e-01  9.17280000e-03  9.49074324e-01  9.17280000e-03  1.80000000e+00 
 9.18280000e-03  8.99508804e-01  9.18280000e-03  9.48533518e-01  9.18280000e-03  1.80000000e+00 
 9.19280000e-03  8.99514287e-01  9.19280000e-03  9.47990793e-01  9.19280000e-03  1.80000000e+00 
 9.20280000e-03  8.99519789e-01  9.20280000e-03  9.47446169e-01  9.20280000e-03  1.80000000e+00 
 9.21280000e-03  8.99525310e-01  9.21280000e-03  9.46899669e-01  9.21280000e-03  1.80000000e+00 
 9.22280000e-03  8.99530849e-01  9.22280000e-03  9.46351313e-01  9.22280000e-03  1.80000000e+00 
 9.23280000e-03  8.99536407e-01  9.23280000e-03  9.45801125e-01  9.23280000e-03  1.80000000e+00 
 9.24280000e-03  8.99541983e-01  9.24280000e-03  9.45249124e-01  9.24280000e-03  1.80000000e+00 
 9.25280000e-03  8.99547578e-01  9.25280000e-03  9.44695334e-01  9.25280000e-03  1.80000000e+00 
 9.26280000e-03  8.99553190e-01  9.26280000e-03  9.44139775e-01  9.26280000e-03  1.80000000e+00 
 9.27280000e-03  8.99558820e-01  9.27280000e-03  9.43582471e-01  9.27280000e-03  1.80000000e+00 
 9.28280000e-03  8.99564467e-01  9.28280000e-03  9.43023442e-01  9.28280000e-03  1.80000000e+00 
 9.29280000e-03  8.99570132e-01  9.29280000e-03  9.42462712e-01  9.29280000e-03  1.80000000e+00 
 9.30280000e-03  8.99575813e-01  9.30280000e-03  9.41900301e-01  9.30280000e-03  1.80000000e+00 
 9.31280000e-03  8.99581511e-01  9.31280000e-03  9.41336233e-01  9.31280000e-03  1.80000000e+00 
 9.32280000e-03  8.99587226e-01  9.32280000e-03  9.40770529e-01  9.32280000e-03  1.80000000e+00 
 9.33280000e-03  8.99592957e-01  9.33280000e-03  9.40203212e-01  9.33280000e-03  1.80000000e+00 
 9.34280000e-03  8.99598704e-01  9.34280000e-03  9.39634305e-01  9.34280000e-03  1.80000000e+00 
 9.35280000e-03  8.99604467e-01  9.35280000e-03  9.39063829e-01  9.35280000e-03  1.80000000e+00 
 9.36280000e-03  8.99610246e-01  9.36280000e-03  9.38491807e-01  9.36280000e-03  1.80000000e+00 
 9.37280000e-03  8.99616040e-01  9.37280000e-03  9.37918263e-01  9.37280000e-03  1.80000000e+00 
 9.38280000e-03  8.99621849e-01  9.38280000e-03  9.37343217e-01  9.38280000e-03  1.80000000e+00 
 9.39280000e-03  8.99627673e-01  9.39280000e-03  9.36766694e-01  9.39280000e-03  1.80000000e+00 
 9.40280000e-03  8.99633512e-01  9.40280000e-03  9.36188716e-01  9.40280000e-03  1.80000000e+00 
 9.41280000e-03  8.99639365e-01  9.41280000e-03  9.35609306e-01  9.41280000e-03  1.80000000e+00 
 9.42280000e-03  8.99645232e-01  9.42280000e-03  9.35028487e-01  9.42280000e-03  1.80000000e+00 
 9.43280000e-03  8.99651114e-01  9.43280000e-03  9.34446281e-01  9.43280000e-03  1.80000000e+00 
 9.44280000e-03  8.99657009e-01  9.44280000e-03  9.33862711e-01  9.44280000e-03  1.80000000e+00 
 9.45280000e-03  8.99662918e-01  9.45280000e-03  9.33277801e-01  9.45280000e-03  1.80000000e+00 
 9.46280000e-03  8.99668840e-01  9.46280000e-03  9.32691574e-01  9.46280000e-03  1.80000000e+00 
 9.47280000e-03  8.99674775e-01  9.47280000e-03  9.32104053e-01  9.47280000e-03  1.80000000e+00 
 9.48280000e-03  8.99680723e-01  9.48280000e-03  9.31515261e-01  9.48280000e-03  1.80000000e+00 
 9.49280000e-03  8.99686684e-01  9.49280000e-03  9.30925221e-01  9.49280000e-03  1.80000000e+00 
 9.50280000e-03  8.99692657e-01  9.50280000e-03  9.30333956e-01  9.50280000e-03  1.80000000e+00 
 9.51280000e-03  8.99698642e-01  9.51280000e-03  9.29741491e-01  9.51280000e-03  1.80000000e+00 
 9.52280000e-03  8.99704639e-01  9.52280000e-03  9.29147848e-01  9.52280000e-03  1.80000000e+00 
 9.53280000e-03  8.99710647e-01  9.53280000e-03  9.28553050e-01  9.53280000e-03  1.80000000e+00 
 9.54280000e-03  8.99716667e-01  9.54280000e-03  9.27957122e-01  9.54280000e-03  1.80000000e+00 
 9.55280000e-03  8.99722699e-01  9.55280000e-03  9.27360087e-01  9.55280000e-03  1.80000000e+00 
 9.56280000e-03  8.99728741e-01  9.56280000e-03  9.26761967e-01  9.56280000e-03  1.80000000e+00 
 9.57280000e-03  8.99734794e-01  9.57280000e-03  9.26162788e-01  9.57280000e-03  1.80000000e+00 
 9.58280000e-03  8.99740857e-01  9.58280000e-03  9.25562572e-01  9.58280000e-03  1.80000000e+00 
 9.59280000e-03  8.99746931e-01  9.59280000e-03  9.24961344e-01  9.59280000e-03  1.80000000e+00 
 9.60280000e-03  8.99753015e-01  9.60280000e-03  9.24359127e-01  9.60280000e-03  1.80000000e+00 
 9.61280000e-03  8.99759108e-01  9.61280000e-03  9.23755944e-01  9.61280000e-03  1.80000000e+00 
 9.62280000e-03  8.99765211e-01  9.62280000e-03  9.23151820e-01  9.62280000e-03  1.80000000e+00 
 9.63280000e-03  8.99771323e-01  9.63280000e-03  9.22546779e-01  9.63280000e-03  1.80000000e+00 
 9.64280000e-03  8.99777444e-01  9.64280000e-03  9.21940844e-01  9.64280000e-03  1.80000000e+00 
 9.65280000e-03  8.99783574e-01  9.65280000e-03  9.21334039e-01  9.65280000e-03  1.80000000e+00 
 9.66280000e-03  8.99789713e-01  9.66280000e-03  9.20726388e-01  9.66280000e-03  1.80000000e+00 
 9.67280000e-03  8.99795859e-01  9.67280000e-03  9.20117916e-01  9.67280000e-03  1.80000000e+00 
 9.68280000e-03  8.99802014e-01  9.68280000e-03  9.19508645e-01  9.68280000e-03  1.80000000e+00 
 9.69280000e-03  8.99808177e-01  9.69280000e-03  9.18898601e-01  9.69280000e-03  1.80000000e+00 
 9.70280000e-03  8.99814347e-01  9.70280000e-03  9.18287808e-01  9.70280000e-03  1.80000000e+00 
 9.71280000e-03  8.99820525e-01  9.71280000e-03  9.17676289e-01  9.71280000e-03  1.80000000e+00 
 9.72280000e-03  8.99826709e-01  9.72280000e-03  9.17064068e-01  9.72280000e-03  1.80000000e+00 
 9.73280000e-03  8.99832901e-01  9.73280000e-03  9.16451170e-01  9.73280000e-03  1.80000000e+00 
 9.74280000e-03  8.99839099e-01  9.74280000e-03  9.15837620e-01  9.74280000e-03  1.80000000e+00 
 9.75280000e-03  8.99845303e-01  9.75280000e-03  9.15223440e-01  9.75280000e-03  1.80000000e+00 
 9.76280000e-03  8.99851514e-01  9.76280000e-03  9.14608656e-01  9.76280000e-03  1.80000000e+00 
 9.77280000e-03  8.99857730e-01  9.77280000e-03  9.13993292e-01  9.77280000e-03  1.80000000e+00 
 9.78280000e-03  8.99863952e-01  9.78280000e-03  9.13377371e-01  9.78280000e-03  1.80000000e+00 
 9.79280000e-03  8.99870180e-01  9.79280000e-03  9.12760919e-01  9.79280000e-03  1.80000000e+00 
 9.80280000e-03  8.99876412e-01  9.80280000e-03  9.12143960e-01  9.80280000e-03  1.80000000e+00 
 9.81280000e-03  8.99882650e-01  9.81280000e-03  9.11526518e-01  9.81280000e-03  1.80000000e+00 
 9.82280000e-03  8.99888892e-01  9.82280000e-03  9.10908617e-01  9.82280000e-03  1.80000000e+00 
 9.83280000e-03  8.99895138e-01  9.83280000e-03  9.10290282e-01  9.83280000e-03  1.80000000e+00 
 9.84280000e-03  8.99901389e-01  9.84280000e-03  9.09671537e-01  9.84280000e-03  1.80000000e+00 
 9.85280000e-03  8.99907643e-01  9.85280000e-03  9.09052406e-01  9.85280000e-03  1.80000000e+00 
 9.86280000e-03  8.99913901e-01  9.86280000e-03  9.08432915e-01  9.86280000e-03  1.80000000e+00 
 9.87280000e-03  8.99920163e-01  9.87280000e-03  9.07813088e-01  9.87280000e-03  1.80000000e+00 
 9.88280000e-03  8.99926428e-01  9.88280000e-03  9.07192948e-01  9.88280000e-03  1.80000000e+00 
 9.89280000e-03  8.99932695e-01  9.89280000e-03  9.06572521e-01  9.89280000e-03  1.80000000e+00 
 9.90280000e-03  8.99938965e-01  9.90280000e-03  9.05951830e-01  9.90280000e-03  1.80000000e+00 
 9.91280000e-03  8.99945238e-01  9.91280000e-03  9.05330902e-01  9.91280000e-03  1.80000000e+00 
 9.92280000e-03  8.99951513e-01  9.92280000e-03  9.04709759e-01  9.92280000e-03  1.80000000e+00 
 9.93280000e-03  8.99957790e-01  9.93280000e-03  9.04088427e-01  9.93280000e-03  1.80000000e+00 
 9.94280000e-03  8.99964068e-01  9.94280000e-03  9.03466929e-01  9.94280000e-03  1.80000000e+00 
 9.95280000e-03  8.99970348e-01  9.95280000e-03  9.02845292e-01  9.95280000e-03  1.80000000e+00 
 9.96280000e-03  8.99976629e-01  9.96280000e-03  9.02223538e-01  9.96280000e-03  1.80000000e+00 
 9.97280000e-03  8.99982911e-01  9.97280000e-03  9.01601694e-01  9.97280000e-03  1.80000000e+00 
 9.98280000e-03  8.99989193e-01  9.98280000e-03  9.00979782e-01  9.98280000e-03  1.80000000e+00 
 9.99280000e-03  8.99995476e-01  9.99280000e-03  9.00357828e-01  9.99280000e-03  1.80000000e+00 
 1.00028000e-02  9.00001759e-01  1.00028000e-02  8.99735857e-01  1.00028000e-02  0.00000000e+00 
 1.00128000e-02  9.00008042e-01  1.00128000e-02  8.99113892e-01  1.00128000e-02  0.00000000e+00 
 1.00228000e-02  9.00014325e-01  1.00228000e-02  8.98491959e-01  1.00228000e-02  0.00000000e+00 
 1.00328000e-02  9.00020607e-01  1.00328000e-02  8.97870081e-01  1.00328000e-02  0.00000000e+00 
 1.00428000e-02  9.00026889e-01  1.00428000e-02  8.97248285e-01  1.00428000e-02  0.00000000e+00 
 1.00528000e-02  9.00033169e-01  1.00528000e-02  8.96626593e-01  1.00528000e-02  0.00000000e+00 
 1.00628000e-02  9.00039448e-01  1.00628000e-02  8.96005031e-01  1.00628000e-02  0.00000000e+00 
 1.00728000e-02  9.00045726e-01  1.00728000e-02  8.95383623e-01  1.00728000e-02  0.00000000e+00 
 1.00828000e-02  9.00052001e-01  1.00828000e-02  8.94762394e-01  1.00828000e-02  0.00000000e+00 
 1.00928000e-02  9.00058275e-01  1.00928000e-02  8.94141368e-01  1.00928000e-02  0.00000000e+00 
 1.01028000e-02  9.00064546e-01  1.01028000e-02  8.93520570e-01  1.01028000e-02  0.00000000e+00 
 1.01128000e-02  9.00070815e-01  1.01128000e-02  8.92900024e-01  1.01128000e-02  0.00000000e+00 
 1.01228000e-02  9.00077081e-01  1.01228000e-02  8.92279755e-01  1.01228000e-02  0.00000000e+00 
 1.01328000e-02  9.00083344e-01  1.01328000e-02  8.91659787e-01  1.01328000e-02  0.00000000e+00 
 1.01428000e-02  9.00089604e-01  1.01428000e-02  8.91040145e-01  1.01428000e-02  0.00000000e+00 
 1.01528000e-02  9.00095860e-01  1.01528000e-02  8.90420852e-01  1.01528000e-02  0.00000000e+00 
 1.01628000e-02  9.00102112e-01  1.01628000e-02  8.89801935e-01  1.01628000e-02  0.00000000e+00 
 1.01728000e-02  9.00108360e-01  1.01728000e-02  8.89183417e-01  1.01728000e-02  0.00000000e+00 
 1.01828000e-02  9.00114604e-01  1.01828000e-02  8.88565322e-01  1.01828000e-02  0.00000000e+00 
 1.01928000e-02  9.00120844e-01  1.01928000e-02  8.87947674e-01  1.01928000e-02  0.00000000e+00 
 1.02028000e-02  9.00127078e-01  1.02028000e-02  8.87330500e-01  1.02028000e-02  0.00000000e+00 
 1.02128000e-02  9.00133308e-01  1.02128000e-02  8.86713821e-01  1.02128000e-02  0.00000000e+00 
 1.02228000e-02  9.00139533e-01  1.02228000e-02  8.86097664e-01  1.02228000e-02  0.00000000e+00 
 1.02328000e-02  9.00145752e-01  1.02328000e-02  8.85482052e-01  1.02328000e-02  0.00000000e+00 
 1.02428000e-02  9.00151965e-01  1.02428000e-02  8.84867010e-01  1.02428000e-02  0.00000000e+00 
 1.02528000e-02  9.00158172e-01  1.02528000e-02  8.84252561e-01  1.02528000e-02  0.00000000e+00 
 1.02628000e-02  9.00164373e-01  1.02628000e-02  8.83638731e-01  1.02628000e-02  0.00000000e+00 
 1.02728000e-02  9.00170567e-01  1.02728000e-02  8.83025543e-01  1.02728000e-02  0.00000000e+00 
 1.02828000e-02  9.00176755e-01  1.02828000e-02  8.82413021e-01  1.02828000e-02  0.00000000e+00 
 1.02928000e-02  9.00182936e-01  1.02928000e-02  8.81801190e-01  1.02928000e-02  0.00000000e+00 
 1.03028000e-02  9.00189109e-01  1.03028000e-02  8.81190075e-01  1.03028000e-02  0.00000000e+00 
 1.03128000e-02  9.00195275e-01  1.03128000e-02  8.80579698e-01  1.03128000e-02  0.00000000e+00 
 1.03228000e-02  9.00201434e-01  1.03228000e-02  8.79970084e-01  1.03228000e-02  0.00000000e+00 
 1.03328000e-02  9.00207584e-01  1.03328000e-02  8.79361258e-01  1.03328000e-02  0.00000000e+00 
 1.03428000e-02  9.00213726e-01  1.03428000e-02  8.78753242e-01  1.03428000e-02  0.00000000e+00 
 1.03528000e-02  9.00219860e-01  1.03528000e-02  8.78146063e-01  1.03528000e-02  0.00000000e+00 
 1.03628000e-02  9.00225985e-01  1.03628000e-02  8.77539742e-01  1.03628000e-02  0.00000000e+00 
 1.03728000e-02  9.00232101e-01  1.03728000e-02  8.76934304e-01  1.03728000e-02  0.00000000e+00 
 1.03828000e-02  9.00238208e-01  1.03828000e-02  8.76329774e-01  1.03828000e-02  0.00000000e+00 
 1.03928000e-02  9.00244306e-01  1.03928000e-02  8.75726174e-01  1.03928000e-02  0.00000000e+00 
 1.04028000e-02  9.00250394e-01  1.04028000e-02  8.75123529e-01  1.04028000e-02  0.00000000e+00 
 1.04128000e-02  9.00256472e-01  1.04128000e-02  8.74521862e-01  1.04128000e-02  0.00000000e+00 
 1.04228000e-02  9.00262539e-01  1.04228000e-02  8.73921198e-01  1.04228000e-02  0.00000000e+00 
 1.04328000e-02  9.00268597e-01  1.04328000e-02  8.73321560e-01  1.04328000e-02  0.00000000e+00 
 1.04428000e-02  9.00274644e-01  1.04428000e-02  8.72722972e-01  1.04428000e-02  0.00000000e+00 
 1.04528000e-02  9.00280680e-01  1.04528000e-02  8.72125456e-01  1.04528000e-02  0.00000000e+00 
 1.04628000e-02  9.00286705e-01  1.04628000e-02  8.71529038e-01  1.04628000e-02  0.00000000e+00 
 1.04728000e-02  9.00292719e-01  1.04728000e-02  8.70933740e-01  1.04728000e-02  0.00000000e+00 
 1.04828000e-02  9.00298721e-01  1.04828000e-02  8.70339586e-01  1.04828000e-02  0.00000000e+00 
 1.04928000e-02  9.00304711e-01  1.04928000e-02  8.69746600e-01  1.04928000e-02  0.00000000e+00 
 1.05028000e-02  9.00310690e-01  1.05028000e-02  8.69154804e-01  1.05028000e-02  0.00000000e+00 
 1.05128000e-02  9.00316656e-01  1.05128000e-02  8.68564222e-01  1.05128000e-02  0.00000000e+00 
 1.05228000e-02  9.00322609e-01  1.05228000e-02  8.67974878e-01  1.05228000e-02  0.00000000e+00 
 1.05328000e-02  9.00328550e-01  1.05328000e-02  8.67386795e-01  1.05328000e-02  0.00000000e+00 
 1.05428000e-02  9.00334478e-01  1.05428000e-02  8.66799995e-01  1.05428000e-02  0.00000000e+00 
 1.05528000e-02  9.00340393e-01  1.05528000e-02  8.66214503e-01  1.05528000e-02  0.00000000e+00 
 1.05628000e-02  9.00346294e-01  1.05628000e-02  8.65630341e-01  1.05628000e-02  0.00000000e+00 
 1.05728000e-02  9.00352181e-01  1.05728000e-02  8.65047533e-01  1.05728000e-02  0.00000000e+00 
 1.05828000e-02  9.00358055e-01  1.05828000e-02  8.64466100e-01  1.05828000e-02  0.00000000e+00 
 1.05928000e-02  9.00363915e-01  1.05928000e-02  8.63886067e-01  1.05928000e-02  0.00000000e+00 
 1.06028000e-02  9.00369760e-01  1.06028000e-02  8.63307456e-01  1.06028000e-02  0.00000000e+00 
 1.06128000e-02  9.00375590e-01  1.06128000e-02  8.62730290e-01  1.06128000e-02  0.00000000e+00 
 1.06228000e-02  9.00381406e-01  1.06228000e-02  8.62154592e-01  1.06228000e-02  0.00000000e+00 
 1.06328000e-02  9.00387207e-01  1.06328000e-02  8.61580384e-01  1.06328000e-02  0.00000000e+00 
 1.06428000e-02  9.00392992e-01  1.06428000e-02  8.61007689e-01  1.06428000e-02  0.00000000e+00 
 1.06528000e-02  9.00398762e-01  1.06528000e-02  8.60436531e-01  1.06528000e-02  0.00000000e+00 
 1.06628000e-02  9.00404516e-01  1.06628000e-02  8.59866930e-01  1.06628000e-02  0.00000000e+00 
 1.06728000e-02  9.00410254e-01  1.06728000e-02  8.59298911e-01  1.06728000e-02  0.00000000e+00 
 1.06828000e-02  9.00415976e-01  1.06828000e-02  8.58732495e-01  1.06828000e-02  0.00000000e+00 
 1.06928000e-02  9.00421682e-01  1.06928000e-02  8.58167704e-01  1.06928000e-02  0.00000000e+00 
 1.07028000e-02  9.00427370e-01  1.07028000e-02  8.57604561e-01  1.07028000e-02  0.00000000e+00 
 1.07128000e-02  9.00433042e-01  1.07128000e-02  8.57043089e-01  1.07128000e-02  0.00000000e+00 
 1.07228000e-02  9.00438697e-01  1.07228000e-02  8.56483308e-01  1.07228000e-02  0.00000000e+00 
 1.07328000e-02  9.00444335e-01  1.07328000e-02  8.55925243e-01  1.07328000e-02  0.00000000e+00 
 1.07428000e-02  9.00449955e-01  1.07428000e-02  8.55368913e-01  1.07428000e-02  0.00000000e+00 
 1.07528000e-02  9.00455557e-01  1.07528000e-02  8.54814342e-01  1.07528000e-02  0.00000000e+00 
 1.07628000e-02  9.00461142e-01  1.07628000e-02  8.54261551e-01  1.07628000e-02  0.00000000e+00 
 1.07728000e-02  9.00466708e-01  1.07728000e-02  8.53710563e-01  1.07728000e-02  0.00000000e+00 
 1.07828000e-02  9.00472255e-01  1.07828000e-02  8.53161398e-01  1.07828000e-02  0.00000000e+00 
 1.07928000e-02  9.00477784e-01  1.07928000e-02  8.52614079e-01  1.07928000e-02  0.00000000e+00 
 1.08028000e-02  9.00483295e-01  1.08028000e-02  8.52068627e-01  1.08028000e-02  0.00000000e+00 
 1.08128000e-02  9.00488786e-01  1.08128000e-02  8.51525064e-01  1.08128000e-02  0.00000000e+00 
 1.08228000e-02  9.00494257e-01  1.08228000e-02  8.50983410e-01  1.08228000e-02  0.00000000e+00 
 1.08328000e-02  9.00499710e-01  1.08328000e-02  8.50443689e-01  1.08328000e-02  0.00000000e+00 
 1.08428000e-02  9.00505142e-01  1.08428000e-02  8.49905920e-01  1.08428000e-02  0.00000000e+00 
 1.08528000e-02  9.00510555e-01  1.08528000e-02  8.49370125e-01  1.08528000e-02  0.00000000e+00 
 1.08628000e-02  9.00515947e-01  1.08628000e-02  8.48836326e-01  1.08628000e-02  0.00000000e+00 
 1.08728000e-02  9.00521319e-01  1.08728000e-02  8.48304543e-01  1.08728000e-02  0.00000000e+00 
 1.08828000e-02  9.00526671e-01  1.08828000e-02  8.47774797e-01  1.08828000e-02  0.00000000e+00 
 1.08928000e-02  9.00532002e-01  1.08928000e-02  8.47247109e-01  1.08928000e-02  0.00000000e+00 
 1.09028000e-02  9.00537311e-01  1.09028000e-02  8.46721501e-01  1.09028000e-02  0.00000000e+00 
 1.09128000e-02  9.00542600e-01  1.09128000e-02  8.46197992e-01  1.09128000e-02  0.00000000e+00 
 1.09228000e-02  9.00547867e-01  1.09228000e-02  8.45676604e-01  1.09228000e-02  0.00000000e+00 
 1.09328000e-02  9.00553112e-01  1.09328000e-02  8.45157356e-01  1.09328000e-02  0.00000000e+00 
 1.09428000e-02  9.00558336e-01  1.09428000e-02  8.44640270e-01  1.09428000e-02  0.00000000e+00 
 1.09528000e-02  9.00563538e-01  1.09528000e-02  8.44125367e-01  1.09528000e-02  0.00000000e+00 
 1.09628000e-02  9.00568717e-01  1.09628000e-02  8.43612665e-01  1.09628000e-02  0.00000000e+00 
 1.09728000e-02  9.00573874e-01  1.09728000e-02  8.43102186e-01  1.09728000e-02  0.00000000e+00 
 1.09828000e-02  9.00579008e-01  1.09828000e-02  8.42593950e-01  1.09828000e-02  0.00000000e+00 
 1.09928000e-02  9.00584119e-01  1.09928000e-02  8.42087976e-01  1.09928000e-02  0.00000000e+00 
 1.10028000e-02  9.00589208e-01  1.10028000e-02  8.41584285e-01  1.10028000e-02  0.00000000e+00 
 1.10128000e-02  9.00594273e-01  1.10128000e-02  8.41082897e-01  1.10128000e-02  0.00000000e+00 
 1.10228000e-02  9.00599314e-01  1.10228000e-02  8.40583831e-01  1.10228000e-02  0.00000000e+00 
 1.10328000e-02  9.00604332e-01  1.10328000e-02  8.40087107e-01  1.10328000e-02  0.00000000e+00 
 1.10428000e-02  9.00609326e-01  1.10428000e-02  8.39592745e-01  1.10428000e-02  0.00000000e+00 
 1.10528000e-02  9.00614296e-01  1.10528000e-02  8.39100764e-01  1.10528000e-02  0.00000000e+00 
 1.10628000e-02  9.00619242e-01  1.10628000e-02  8.38611184e-01  1.10628000e-02  0.00000000e+00 
 1.10728000e-02  9.00624163e-01  1.10728000e-02  8.38124024e-01  1.10728000e-02  0.00000000e+00 
 1.10828000e-02  9.00629060e-01  1.10828000e-02  8.37639303e-01  1.10828000e-02  0.00000000e+00 
 1.10928000e-02  9.00633932e-01  1.10928000e-02  8.37157040e-01  1.10928000e-02  0.00000000e+00 
 1.11028000e-02  9.00638779e-01  1.11028000e-02  8.36677255e-01  1.11028000e-02  0.00000000e+00 
 1.11128000e-02  9.00643600e-01  1.11128000e-02  8.36199966e-01  1.11128000e-02  0.00000000e+00 
 1.11228000e-02  9.00648396e-01  1.11228000e-02  8.35725192e-01  1.11228000e-02  0.00000000e+00 
 1.11328000e-02  9.00653167e-01  1.11328000e-02  8.35252952e-01  1.11328000e-02  0.00000000e+00 
 1.11428000e-02  9.00657912e-01  1.11428000e-02  8.34783265e-01  1.11428000e-02  0.00000000e+00 
 1.11528000e-02  9.00662631e-01  1.11528000e-02  8.34316148e-01  1.11528000e-02  0.00000000e+00 
 1.11628000e-02  9.00667323e-01  1.11628000e-02  8.33851621e-01  1.11628000e-02  0.00000000e+00 
 1.11728000e-02  9.00671989e-01  1.11728000e-02  8.33389703e-01  1.11728000e-02  0.00000000e+00 
 1.11828000e-02  9.00676629e-01  1.11828000e-02  8.32930410e-01  1.11828000e-02  0.00000000e+00 
 1.11928000e-02  9.00681242e-01  1.11928000e-02  8.32473761e-01  1.11928000e-02  0.00000000e+00 
 1.12028000e-02  9.00685829e-01  1.12028000e-02  8.32019775e-01  1.12028000e-02  0.00000000e+00 
 1.12128000e-02  9.00690388e-01  1.12128000e-02  8.31568469e-01  1.12128000e-02  0.00000000e+00 
 1.12228000e-02  9.00694919e-01  1.12228000e-02  8.31119861e-01  1.12228000e-02  0.00000000e+00 
 1.12328000e-02  9.00699424e-01  1.12328000e-02  8.30673968e-01  1.12328000e-02  0.00000000e+00 
 1.12428000e-02  9.00703901e-01  1.12428000e-02  8.30230809e-01  1.12428000e-02  0.00000000e+00 
 1.12528000e-02  9.00708350e-01  1.12528000e-02  8.29790401e-01  1.12528000e-02  0.00000000e+00 
 1.12628000e-02  9.00712771e-01  1.12628000e-02  8.29352761e-01  1.12628000e-02  0.00000000e+00 
 1.12728000e-02  9.00717164e-01  1.12728000e-02  8.28917907e-01  1.12728000e-02  0.00000000e+00 
 1.12828000e-02  9.00721528e-01  1.12828000e-02  8.28485855e-01  1.12828000e-02  0.00000000e+00 
 1.12928000e-02  9.00725864e-01  1.12928000e-02  8.28056623e-01  1.12928000e-02  0.00000000e+00 
 1.13028000e-02  9.00730172e-01  1.13028000e-02  8.27630227e-01  1.13028000e-02  0.00000000e+00 
 1.13128000e-02  9.00734450e-01  1.13128000e-02  8.27206685e-01  1.13128000e-02  0.00000000e+00 
 1.13228000e-02  9.00738700e-01  1.13228000e-02  8.26786013e-01  1.13228000e-02  0.00000000e+00 
 1.13328000e-02  9.00742921e-01  1.13328000e-02  8.26368228e-01  1.13328000e-02  0.00000000e+00 
 1.13428000e-02  9.00747112e-01  1.13428000e-02  8.25953346e-01  1.13428000e-02  0.00000000e+00 
 1.13528000e-02  9.00751273e-01  1.13528000e-02  8.25541384e-01  1.13528000e-02  0.00000000e+00 
 1.13628000e-02  9.00755405e-01  1.13628000e-02  8.25132358e-01  1.13628000e-02  0.00000000e+00 
 1.13728000e-02  9.00759508e-01  1.13728000e-02  8.24726284e-01  1.13728000e-02  0.00000000e+00 
 1.13828000e-02  9.00763580e-01  1.13828000e-02  8.24323178e-01  1.13828000e-02  0.00000000e+00 
 1.13928000e-02  9.00767622e-01  1.13928000e-02  8.23923056e-01  1.13928000e-02  0.00000000e+00 
 1.14028000e-02  9.00771633e-01  1.14028000e-02  8.23525934e-01  1.14028000e-02  0.00000000e+00 
 1.14128000e-02  9.00775615e-01  1.14128000e-02  8.23131828e-01  1.14128000e-02  0.00000000e+00 
 1.14228000e-02  9.00779565e-01  1.14228000e-02  8.22740752e-01  1.14228000e-02  0.00000000e+00 
 1.14328000e-02  9.00783485e-01  1.14328000e-02  8.22352723e-01  1.14328000e-02  0.00000000e+00 
 1.14428000e-02  9.00787374e-01  1.14428000e-02  8.21967756e-01  1.14428000e-02  0.00000000e+00 
 1.14528000e-02  9.00791232e-01  1.14528000e-02  8.21585866e-01  1.14528000e-02  0.00000000e+00 
 1.14628000e-02  9.00795059e-01  1.14628000e-02  8.21207068e-01  1.14628000e-02  0.00000000e+00 
 1.14728000e-02  9.00798854e-01  1.14728000e-02  8.20831377e-01  1.14728000e-02  0.00000000e+00 
 1.14828000e-02  9.00802618e-01  1.14828000e-02  8.20458808e-01  1.14828000e-02  0.00000000e+00 
 1.14928000e-02  9.00806350e-01  1.14928000e-02  8.20089376e-01  1.14928000e-02  0.00000000e+00 
 1.15028000e-02  9.00810050e-01  1.15028000e-02  8.19723095e-01  1.15028000e-02  0.00000000e+00 
 1.15128000e-02  9.00813718e-01  1.15128000e-02  8.19359979e-01  1.15128000e-02  0.00000000e+00 
 1.15228000e-02  9.00817354e-01  1.15228000e-02  8.19000043e-01  1.15228000e-02  0.00000000e+00 
 1.15328000e-02  9.00820958e-01  1.15328000e-02  8.18643302e-01  1.15328000e-02  0.00000000e+00 
 1.15428000e-02  9.00824529e-01  1.15428000e-02  8.18289769e-01  1.15428000e-02  0.00000000e+00 
 1.15528000e-02  9.00828068e-01  1.15528000e-02  8.17939458e-01  1.15528000e-02  0.00000000e+00 
 1.15628000e-02  9.00831574e-01  1.15628000e-02  8.17592383e-01  1.15628000e-02  0.00000000e+00 
 1.15728000e-02  9.00835048e-01  1.15728000e-02  8.17248558e-01  1.15728000e-02  0.00000000e+00 
 1.15828000e-02  9.00838488e-01  1.15828000e-02  8.16907996e-01  1.15828000e-02  0.00000000e+00 
 1.15928000e-02  9.00841895e-01  1.15928000e-02  8.16570711e-01  1.15928000e-02  0.00000000e+00 
 1.16028000e-02  9.00845269e-01  1.16028000e-02  8.16236716e-01  1.16028000e-02  0.00000000e+00 
 1.16128000e-02  9.00848610e-01  1.16128000e-02  8.15906024e-01  1.16128000e-02  0.00000000e+00 
 1.16228000e-02  9.00851917e-01  1.16228000e-02  8.15578649e-01  1.16228000e-02  0.00000000e+00 
 1.16328000e-02  9.00855191e-01  1.16328000e-02  8.15254603e-01  1.16328000e-02  0.00000000e+00 
 1.16428000e-02  9.00858430e-01  1.16428000e-02  8.14933899e-01  1.16428000e-02  0.00000000e+00 
 1.16528000e-02  9.00861636e-01  1.16528000e-02  8.14616550e-01  1.16528000e-02  0.00000000e+00 
 1.16628000e-02  9.00864808e-01  1.16628000e-02  8.14302568e-01  1.16628000e-02  0.00000000e+00 
 1.16728000e-02  9.00867946e-01  1.16728000e-02  8.13991965e-01  1.16728000e-02  0.00000000e+00 
 1.16828000e-02  9.00871049e-01  1.16828000e-02  8.13684755e-01  1.16828000e-02  0.00000000e+00 
 1.16928000e-02  9.00874118e-01  1.16928000e-02  8.13380948e-01  1.16928000e-02  0.00000000e+00 
 1.17028000e-02  9.00877153e-01  1.17028000e-02  8.13080558e-01  1.17028000e-02  0.00000000e+00 
 1.17128000e-02  9.00880153e-01  1.17128000e-02  8.12783595e-01  1.17128000e-02  0.00000000e+00 
 1.17228000e-02  9.00883118e-01  1.17228000e-02  8.12490072e-01  1.17228000e-02  0.00000000e+00 
 1.17328000e-02  9.00886048e-01  1.17328000e-02  8.12200000e-01  1.17328000e-02  0.00000000e+00 
 1.17428000e-02  9.00888944e-01  1.17428000e-02  8.11913391e-01  1.17428000e-02  0.00000000e+00 
 1.17528000e-02  9.00891804e-01  1.17528000e-02  8.11630256e-01  1.17528000e-02  0.00000000e+00 
 1.17628000e-02  9.00894629e-01  1.17628000e-02  8.11350606e-01  1.17628000e-02  0.00000000e+00 
 1.17728000e-02  9.00897419e-01  1.17728000e-02  8.11074452e-01  1.17728000e-02  0.00000000e+00 
 1.17828000e-02  9.00900173e-01  1.17828000e-02  8.10801805e-01  1.17828000e-02  0.00000000e+00 
 1.17928000e-02  9.00902892e-01  1.17928000e-02  8.10532676e-01  1.17928000e-02  0.00000000e+00 
 1.18028000e-02  9.00905575e-01  1.18028000e-02  8.10267076e-01  1.18028000e-02  0.00000000e+00 
 1.18128000e-02  9.00908222e-01  1.18128000e-02  8.10005014e-01  1.18128000e-02  0.00000000e+00 
 1.18228000e-02  9.00910834e-01  1.18228000e-02  8.09746502e-01  1.18228000e-02  0.00000000e+00 
 1.18328000e-02  9.00913409e-01  1.18328000e-02  8.09491549e-01  1.18328000e-02  0.00000000e+00 
 1.18428000e-02  9.00915949e-01  1.18428000e-02  8.09240166e-01  1.18428000e-02  0.00000000e+00 
 1.18528000e-02  9.00918452e-01  1.18528000e-02  8.08992362e-01  1.18528000e-02  0.00000000e+00 
 1.18628000e-02  9.00920919e-01  1.18628000e-02  8.08748148e-01  1.18628000e-02  0.00000000e+00 
 1.18728000e-02  9.00923350e-01  1.18728000e-02  8.08507532e-01  1.18728000e-02  0.00000000e+00 
 1.18828000e-02  9.00925744e-01  1.18828000e-02  8.08270525e-01  1.18828000e-02  0.00000000e+00 
 1.18928000e-02  9.00928102e-01  1.18928000e-02  8.08037136e-01  1.18928000e-02  0.00000000e+00 
 1.19028000e-02  9.00930423e-01  1.19028000e-02  8.07807373e-01  1.19028000e-02  0.00000000e+00 
 1.19128000e-02  9.00932707e-01  1.19128000e-02  8.07581247e-01  1.19128000e-02  0.00000000e+00 
 1.19228000e-02  9.00934955e-01  1.19228000e-02  8.07358766e-01  1.19228000e-02  0.00000000e+00 
 1.19328000e-02  9.00937165e-01  1.19328000e-02  8.07139938e-01  1.19328000e-02  0.00000000e+00 
 1.19428000e-02  9.00939339e-01  1.19428000e-02  8.06924773e-01  1.19428000e-02  0.00000000e+00 
 1.19528000e-02  9.00941475e-01  1.19528000e-02  8.06713279e-01  1.19528000e-02  0.00000000e+00 
 1.19628000e-02  9.00943575e-01  1.19628000e-02  8.06505464e-01  1.19628000e-02  0.00000000e+00 
 1.19728000e-02  9.00945637e-01  1.19728000e-02  8.06301336e-01  1.19728000e-02  0.00000000e+00 
 1.19828000e-02  9.00947661e-01  1.19828000e-02  8.06100904e-01  1.19828000e-02  0.00000000e+00 
 1.19928000e-02  9.00949649e-01  1.19928000e-02  8.05904175e-01  1.19928000e-02  0.00000000e+00 
 1.20028000e-02  9.00951599e-01  1.20028000e-02  8.05711158e-01  1.20028000e-02  0.00000000e+00 
 1.20128000e-02  9.00953511e-01  1.20128000e-02  8.05521859e-01  1.20128000e-02  0.00000000e+00 
 1.20228000e-02  9.00955386e-01  1.20228000e-02  8.05336287e-01  1.20228000e-02  0.00000000e+00 
 1.20328000e-02  9.00957223e-01  1.20328000e-02  8.05154448e-01  1.20328000e-02  0.00000000e+00 
 1.20428000e-02  9.00959022e-01  1.20428000e-02  8.04976350e-01  1.20428000e-02  0.00000000e+00 
 1.20528000e-02  9.00960783e-01  1.20528000e-02  8.04802000e-01  1.20528000e-02  0.00000000e+00 
 1.20628000e-02  9.00962506e-01  1.20628000e-02  8.04631405e-01  1.20628000e-02  0.00000000e+00 
 1.20728000e-02  9.00964192e-01  1.20728000e-02  8.04464571e-01  1.20728000e-02  0.00000000e+00 
 1.20828000e-02  9.00965839e-01  1.20828000e-02  8.04301505e-01  1.20828000e-02  0.00000000e+00 
 1.20928000e-02  9.00967448e-01  1.20928000e-02  8.04142213e-01  1.20928000e-02  0.00000000e+00 
 1.21028000e-02  9.00969019e-01  1.21028000e-02  8.03986702e-01  1.21028000e-02  0.00000000e+00 
 1.21128000e-02  9.00970552e-01  1.21128000e-02  8.03834979e-01  1.21128000e-02  0.00000000e+00 
 1.21228000e-02  9.00972046e-01  1.21228000e-02  8.03687047e-01  1.21228000e-02  0.00000000e+00 
 1.21328000e-02  9.00973502e-01  1.21328000e-02  8.03542915e-01  1.21328000e-02  0.00000000e+00 
 1.21428000e-02  9.00974920e-01  1.21428000e-02  8.03402587e-01  1.21428000e-02  0.00000000e+00 
 1.21528000e-02  9.00976299e-01  1.21528000e-02  8.03266070e-01  1.21528000e-02  0.00000000e+00 
 1.21628000e-02  9.00977640e-01  1.21628000e-02  8.03133367e-01  1.21628000e-02  0.00000000e+00 
 1.21728000e-02  9.00978942e-01  1.21728000e-02  8.03004485e-01  1.21728000e-02  0.00000000e+00 
 1.21828000e-02  9.00980205e-01  1.21828000e-02  8.02879428e-01  1.21828000e-02  0.00000000e+00 
 1.21928000e-02  9.00981430e-01  1.21928000e-02  8.02758203e-01  1.21928000e-02  0.00000000e+00 
 1.22028000e-02  9.00982615e-01  1.22028000e-02  8.02640812e-01  1.22028000e-02  0.00000000e+00 
 1.22128000e-02  9.00983762e-01  1.22128000e-02  8.02527262e-01  1.22128000e-02  0.00000000e+00 
 1.22228000e-02  9.00984871e-01  1.22228000e-02  8.02417556e-01  1.22228000e-02  0.00000000e+00 
 1.22328000e-02  9.00985940e-01  1.22328000e-02  8.02311699e-01  1.22328000e-02  0.00000000e+00 
 1.22428000e-02  9.00986971e-01  1.22428000e-02  8.02209695e-01  1.22428000e-02  0.00000000e+00 
 1.22528000e-02  9.00987962e-01  1.22528000e-02  8.02111548e-01  1.22528000e-02  0.00000000e+00 
 1.22628000e-02  9.00988915e-01  1.22628000e-02  8.02017262e-01  1.22628000e-02  0.00000000e+00 
 1.22728000e-02  9.00989828e-01  1.22728000e-02  8.01926841e-01  1.22728000e-02  0.00000000e+00 
 1.22828000e-02  9.00990702e-01  1.22828000e-02  8.01840288e-01  1.22828000e-02  0.00000000e+00 
 1.22928000e-02  9.00991538e-01  1.22928000e-02  8.01757606e-01  1.22928000e-02  0.00000000e+00 
 1.23028000e-02  9.00992334e-01  1.23028000e-02  8.01678799e-01  1.23028000e-02  0.00000000e+00 
 1.23128000e-02  9.00993091e-01  1.23128000e-02  8.01603871e-01  1.23128000e-02  0.00000000e+00 
 1.23228000e-02  9.00993808e-01  1.23228000e-02  8.01532823e-01  1.23228000e-02  0.00000000e+00 
 1.23328000e-02  9.00994487e-01  1.23328000e-02  8.01465659e-01  1.23328000e-02  0.00000000e+00 
 1.23428000e-02  9.00995126e-01  1.23428000e-02  8.01402381e-01  1.23428000e-02  0.00000000e+00 
 1.23528000e-02  9.00995726e-01  1.23528000e-02  8.01342993e-01  1.23528000e-02  0.00000000e+00 
 1.23628000e-02  9.00996287e-01  1.23628000e-02  8.01287495e-01  1.23628000e-02  0.00000000e+00 
 1.23728000e-02  9.00996808e-01  1.23728000e-02  8.01235892e-01  1.23728000e-02  0.00000000e+00 
 1.23828000e-02  9.00997290e-01  1.23828000e-02  8.01188183e-01  1.23828000e-02  0.00000000e+00 
 1.23928000e-02  9.00997732e-01  1.23928000e-02  8.01144372e-01  1.23928000e-02  0.00000000e+00 
 1.24028000e-02  9.00998136e-01  1.24028000e-02  8.01104460e-01  1.24028000e-02  0.00000000e+00 
 1.24128000e-02  9.00998499e-01  1.24128000e-02  8.01068449e-01  1.24128000e-02  0.00000000e+00 
 1.24228000e-02  9.00998824e-01  1.24228000e-02  8.01036340e-01  1.24228000e-02  0.00000000e+00 
 1.24328000e-02  9.00999109e-01  1.24328000e-02  8.01008134e-01  1.24328000e-02  0.00000000e+00 
 1.24428000e-02  9.00999354e-01  1.24428000e-02  8.00983832e-01  1.24428000e-02  0.00000000e+00 
 1.24528000e-02  9.00999560e-01  1.24528000e-02  8.00963436e-01  1.24528000e-02  0.00000000e+00 
 1.24628000e-02  9.00999727e-01  1.24628000e-02  8.00946947e-01  1.24628000e-02  0.00000000e+00 
 1.24728000e-02  9.00999854e-01  1.24728000e-02  8.00934364e-01  1.24728000e-02  0.00000000e+00 
 1.24828000e-02  9.00999942e-01  1.24828000e-02  8.00925689e-01  1.24828000e-02  0.00000000e+00 
 1.24928000e-02  9.00999990e-01  1.24928000e-02  8.00920921e-01  1.24928000e-02  0.00000000e+00 
 1.25028000e-02  9.00999998e-01  1.25028000e-02  8.00920061e-01  1.25028000e-02  0.00000000e+00 
 1.25128000e-02  9.00999968e-01  1.25128000e-02  8.00923109e-01  1.25128000e-02  0.00000000e+00 
 1.25228000e-02  9.00999897e-01  1.25228000e-02  8.00930065e-01  1.25228000e-02  0.00000000e+00 
 1.25328000e-02  9.00999788e-01  1.25328000e-02  8.00940929e-01  1.25328000e-02  0.00000000e+00 
 1.25428000e-02  9.00999638e-01  1.25428000e-02  8.00955700e-01  1.25428000e-02  0.00000000e+00 
 1.25528000e-02  9.00999450e-01  1.25528000e-02  8.00974377e-01  1.25528000e-02  0.00000000e+00 
 1.25628000e-02  9.00999222e-01  1.25628000e-02  8.00996960e-01  1.25628000e-02  0.00000000e+00 
 1.25728000e-02  9.00998954e-01  1.25728000e-02  8.01023448e-01  1.25728000e-02  0.00000000e+00 
 1.25828000e-02  9.00998647e-01  1.25828000e-02  8.01053840e-01  1.25828000e-02  0.00000000e+00 
 1.25928000e-02  9.00998301e-01  1.25928000e-02  8.01088134e-01  1.25928000e-02  0.00000000e+00 
 1.26028000e-02  9.00997915e-01  1.26028000e-02  8.01126330e-01  1.26028000e-02  0.00000000e+00 
 1.26128000e-02  9.00997489e-01  1.26128000e-02  8.01168426e-01  1.26128000e-02  0.00000000e+00 
 1.26228000e-02  9.00997025e-01  1.26228000e-02  8.01214420e-01  1.26228000e-02  0.00000000e+00 
 1.26328000e-02  9.00996521e-01  1.26328000e-02  8.01264310e-01  1.26328000e-02  0.00000000e+00 
 1.26428000e-02  9.00995978e-01  1.26428000e-02  8.01318095e-01  1.26428000e-02  0.00000000e+00 
 1.26528000e-02  9.00995395e-01  1.26528000e-02  8.01375771e-01  1.26528000e-02  0.00000000e+00 
 1.26628000e-02  9.00994773e-01  1.26628000e-02  8.01437338e-01  1.26628000e-02  0.00000000e+00 
 1.26728000e-02  9.00994112e-01  1.26728000e-02  8.01502792e-01  1.26728000e-02  0.00000000e+00 
 1.26828000e-02  9.00993411e-01  1.26828000e-02  8.01572131e-01  1.26828000e-02  0.00000000e+00 
 1.26928000e-02  9.00992672e-01  1.26928000e-02  8.01645353e-01  1.26928000e-02  0.00000000e+00 
 1.27028000e-02  9.00991893e-01  1.27028000e-02  8.01722454e-01  1.27028000e-02  0.00000000e+00 
 1.27128000e-02  9.00991075e-01  1.27128000e-02  8.01803431e-01  1.27128000e-02  0.00000000e+00 
 1.27228000e-02  9.00990217e-01  1.27228000e-02  8.01888281e-01  1.27228000e-02  0.00000000e+00 
 1.27328000e-02  9.00989321e-01  1.27328000e-02  8.01977000e-01  1.27328000e-02  0.00000000e+00 
 1.27428000e-02  9.00988386e-01  1.27428000e-02  8.02069587e-01  1.27428000e-02  0.00000000e+00 
 1.27528000e-02  9.00987412e-01  1.27528000e-02  8.02166035e-01  1.27528000e-02  0.00000000e+00 
 1.27628000e-02  9.00986398e-01  1.27628000e-02  8.02266343e-01  1.27628000e-02  0.00000000e+00 
 1.27728000e-02  9.00985346e-01  1.27728000e-02  8.02370505e-01  1.27728000e-02  0.00000000e+00 
 1.27828000e-02  9.00984255e-01  1.27828000e-02  8.02478518e-01  1.27828000e-02  0.00000000e+00 
 1.27928000e-02  9.00983125e-01  1.27928000e-02  8.02590377e-01  1.27928000e-02  0.00000000e+00 
 1.28028000e-02  9.00981956e-01  1.28028000e-02  8.02706078e-01  1.28028000e-02  0.00000000e+00 
 1.28128000e-02  9.00980748e-01  1.28128000e-02  8.02825617e-01  1.28128000e-02  0.00000000e+00 
 1.28228000e-02  9.00979502e-01  1.28228000e-02  8.02948988e-01  1.28228000e-02  0.00000000e+00 
 1.28328000e-02  9.00978217e-01  1.28328000e-02  8.03076188e-01  1.28328000e-02  0.00000000e+00 
 1.28428000e-02  9.00976894e-01  1.28428000e-02  8.03207210e-01  1.28428000e-02  0.00000000e+00 
 1.28528000e-02  9.00975531e-01  1.28528000e-02  8.03342050e-01  1.28528000e-02  0.00000000e+00 
 1.28628000e-02  9.00974131e-01  1.28628000e-02  8.03480702e-01  1.28628000e-02  0.00000000e+00 
 1.28728000e-02  9.00972692e-01  1.28728000e-02  8.03623161e-01  1.28728000e-02  0.00000000e+00 
 1.28828000e-02  9.00971214e-01  1.28828000e-02  8.03769421e-01  1.28828000e-02  0.00000000e+00 
 1.28928000e-02  9.00969698e-01  1.28928000e-02  8.03919477e-01  1.28928000e-02  0.00000000e+00 
 1.29028000e-02  9.00968144e-01  1.29028000e-02  8.04073322e-01  1.29028000e-02  0.00000000e+00 
 1.29128000e-02  9.00966552e-01  1.29128000e-02  8.04230951e-01  1.29128000e-02  0.00000000e+00 
 1.29228000e-02  9.00964921e-01  1.29228000e-02  8.04392357e-01  1.29228000e-02  0.00000000e+00 
 1.29328000e-02  9.00963253e-01  1.29328000e-02  8.04557534e-01  1.29328000e-02  0.00000000e+00 
 1.29428000e-02  9.00961546e-01  1.29428000e-02  8.04726475e-01  1.29428000e-02  0.00000000e+00 
 1.29528000e-02  9.00959801e-01  1.29528000e-02  8.04899174e-01  1.29528000e-02  0.00000000e+00 
 1.29628000e-02  9.00958019e-01  1.29628000e-02  8.05075624e-01  1.29628000e-02  0.00000000e+00 
 1.29728000e-02  9.00956199e-01  1.29728000e-02  8.05255817e-01  1.29728000e-02  0.00000000e+00 
 1.29828000e-02  9.00954340e-01  1.29828000e-02  8.05439748e-01  1.29828000e-02  0.00000000e+00 
 1.29928000e-02  9.00952445e-01  1.29928000e-02  8.05627408e-01  1.29928000e-02  0.00000000e+00 
 1.30028000e-02  9.00950511e-01  1.30028000e-02  8.05818790e-01  1.30028000e-02  0.00000000e+00 
 1.30128000e-02  9.00948541e-01  1.30128000e-02  8.06013887e-01  1.30128000e-02  0.00000000e+00 
 1.30228000e-02  9.00946532e-01  1.30228000e-02  8.06212690e-01  1.30228000e-02  0.00000000e+00 
 1.30328000e-02  9.00944487e-01  1.30328000e-02  8.06415193e-01  1.30328000e-02  0.00000000e+00 
 1.30428000e-02  9.00942404e-01  1.30428000e-02  8.06621386e-01  1.30428000e-02  0.00000000e+00 
 1.30528000e-02  9.00940283e-01  1.30528000e-02  8.06831263e-01  1.30528000e-02  0.00000000e+00 
 1.30628000e-02  9.00938126e-01  1.30628000e-02  8.07044814e-01  1.30628000e-02  0.00000000e+00 
 1.30728000e-02  9.00935932e-01  1.30728000e-02  8.07262031e-01  1.30728000e-02  0.00000000e+00 
 1.30828000e-02  9.00933700e-01  1.30828000e-02  8.07482906e-01  1.30828000e-02  0.00000000e+00 
 1.30928000e-02  9.00931432e-01  1.30928000e-02  8.07707429e-01  1.30928000e-02  0.00000000e+00 
 1.31028000e-02  9.00929127e-01  1.31028000e-02  8.07935593e-01  1.31028000e-02  0.00000000e+00 
 1.31128000e-02  9.00926786e-01  1.31128000e-02  8.08167387e-01  1.31128000e-02  0.00000000e+00 
 1.31228000e-02  9.00924408e-01  1.31228000e-02  8.08402804e-01  1.31228000e-02  0.00000000e+00 
 1.31328000e-02  9.00921993e-01  1.31328000e-02  8.08641833e-01  1.31328000e-02  0.00000000e+00 
 1.31428000e-02  9.00919542e-01  1.31428000e-02  8.08884465e-01  1.31428000e-02  0.00000000e+00 
 1.31528000e-02  9.00917055e-01  1.31528000e-02  8.09130691e-01  1.31528000e-02  0.00000000e+00 
 1.31628000e-02  9.00914531e-01  1.31628000e-02  8.09380500e-01  1.31628000e-02  0.00000000e+00 
 1.31728000e-02  9.00911971e-01  1.31728000e-02  8.09633883e-01  1.31728000e-02  0.00000000e+00 
 1.31828000e-02  9.00909376e-01  1.31828000e-02  8.09890831e-01  1.31828000e-02  0.00000000e+00 
 1.31928000e-02  9.00906744e-01  1.31928000e-02  8.10151332e-01  1.31928000e-02  0.00000000e+00 
 1.32028000e-02  9.00904077e-01  1.32028000e-02  8.10415377e-01  1.32028000e-02  0.00000000e+00 
 1.32128000e-02  9.00901374e-01  1.32128000e-02  8.10682954e-01  1.32128000e-02  0.00000000e+00 
 1.32228000e-02  9.00898635e-01  1.32228000e-02  8.10954055e-01  1.32228000e-02  0.00000000e+00 
 1.32328000e-02  9.00895861e-01  1.32328000e-02  8.11228667e-01  1.32328000e-02  0.00000000e+00 
 1.32428000e-02  9.00893051e-01  1.32428000e-02  8.11506780e-01  1.32428000e-02  0.00000000e+00 
 1.32528000e-02  9.00890206e-01  1.32528000e-02  8.11788383e-01  1.32528000e-02  0.00000000e+00 
 1.32628000e-02  9.00887327e-01  1.32628000e-02  8.12073465e-01  1.32628000e-02  0.00000000e+00 
 1.32728000e-02  9.00884412e-01  1.32728000e-02  8.12362015e-01  1.32728000e-02  0.00000000e+00 
 1.32828000e-02  9.00881462e-01  1.32828000e-02  8.12654021e-01  1.32828000e-02  0.00000000e+00 
 1.32928000e-02  9.00878477e-01  1.32928000e-02  8.12949471e-01  1.32928000e-02  0.00000000e+00 
 1.33028000e-02  9.00875458e-01  1.33028000e-02  8.13248355e-01  1.33028000e-02  0.00000000e+00 
 1.33128000e-02  9.00872404e-01  1.33128000e-02  8.13550660e-01  1.33128000e-02  0.00000000e+00 
 1.33228000e-02  9.00869316e-01  1.33228000e-02  8.13856374e-01  1.33228000e-02  0.00000000e+00 
 1.33328000e-02  9.00866193e-01  1.33328000e-02  8.14165486e-01  1.33328000e-02  0.00000000e+00 
 1.33428000e-02  9.00863036e-01  1.33428000e-02  8.14477982e-01  1.33428000e-02  0.00000000e+00 
 1.33528000e-02  9.00859845e-01  1.33528000e-02  8.14793851e-01  1.33528000e-02  0.00000000e+00 
 1.33628000e-02  9.00856620e-01  1.33628000e-02  8.15113081e-01  1.33628000e-02  0.00000000e+00 
 1.33728000e-02  9.00853362e-01  1.33728000e-02  8.15435658e-01  1.33728000e-02  0.00000000e+00 
 1.33828000e-02  9.00850069e-01  1.33828000e-02  8.15761570e-01  1.33828000e-02  0.00000000e+00 
 1.33928000e-02  9.00846743e-01  1.33928000e-02  8.16090804e-01  1.33928000e-02  0.00000000e+00 
 1.34028000e-02  9.00843384e-01  1.34028000e-02  8.16423347e-01  1.34028000e-02  0.00000000e+00 
 1.34128000e-02  9.00839991e-01  1.34128000e-02  8.16759186e-01  1.34128000e-02  0.00000000e+00 
 1.34228000e-02  9.00836565e-01  1.34228000e-02  8.17098308e-01  1.34228000e-02  0.00000000e+00 
 1.34328000e-02  9.00833107e-01  1.34328000e-02  8.17440699e-01  1.34328000e-02  0.00000000e+00 
 1.34428000e-02  9.00829615e-01  1.34428000e-02  8.17786345e-01  1.34428000e-02  0.00000000e+00 
 1.34528000e-02  9.00826090e-01  1.34528000e-02  8.18135234e-01  1.34528000e-02  0.00000000e+00 
 1.34628000e-02  9.00822533e-01  1.34628000e-02  8.18487351e-01  1.34628000e-02  0.00000000e+00 
 1.34728000e-02  9.00818944e-01  1.34728000e-02  8.18842683e-01  1.34728000e-02  0.00000000e+00 
 1.34828000e-02  9.00815322e-01  1.34828000e-02  8.19201215e-01  1.34828000e-02  0.00000000e+00 
 1.34928000e-02  9.00811668e-01  1.34928000e-02  8.19562933e-01  1.34928000e-02  0.00000000e+00 
 1.35028000e-02  9.00807982e-01  1.35028000e-02  8.19927823e-01  1.35028000e-02  0.00000000e+00 
 1.35128000e-02  9.00804264e-01  1.35128000e-02  8.20295871e-01  1.35128000e-02  0.00000000e+00 
 1.35228000e-02  9.00800514e-01  1.35228000e-02  8.20667062e-01  1.35228000e-02  0.00000000e+00 
 1.35328000e-02  9.00796732e-01  1.35328000e-02  8.21041381e-01  1.35328000e-02  0.00000000e+00 
 1.35428000e-02  9.00792920e-01  1.35428000e-02  8.21418813e-01  1.35428000e-02  0.00000000e+00 
 1.35528000e-02  9.00789076e-01  1.35528000e-02  8.21799345e-01  1.35528000e-02  0.00000000e+00 
 1.35628000e-02  9.00785200e-01  1.35628000e-02  8.22182960e-01  1.35628000e-02  0.00000000e+00 
 1.35728000e-02  9.00781294e-01  1.35728000e-02  8.22569643e-01  1.35728000e-02  0.00000000e+00 
 1.35828000e-02  9.00777357e-01  1.35828000e-02  8.22959380e-01  1.35828000e-02  0.00000000e+00 
 1.35928000e-02  9.00773389e-01  1.35928000e-02  8.23352155e-01  1.35928000e-02  0.00000000e+00 
 1.36028000e-02  9.00769391e-01  1.36028000e-02  8.23747952e-01  1.36028000e-02  0.00000000e+00 
 1.36128000e-02  9.00765362e-01  1.36128000e-02  8.24146756e-01  1.36128000e-02  0.00000000e+00 
 1.36228000e-02  9.00761303e-01  1.36228000e-02  8.24548551e-01  1.36228000e-02  0.00000000e+00 
 1.36328000e-02  9.00757214e-01  1.36328000e-02  8.24953321e-01  1.36328000e-02  0.00000000e+00 
 1.36428000e-02  9.00753095e-01  1.36428000e-02  8.25361050e-01  1.36428000e-02  0.00000000e+00 
 1.36528000e-02  9.00748946e-01  1.36528000e-02  8.25771722e-01  1.36528000e-02  0.00000000e+00 
 1.36628000e-02  9.00744768e-01  1.36628000e-02  8.26185321e-01  1.36628000e-02  0.00000000e+00 
 1.36728000e-02  9.00740561e-01  1.36728000e-02  8.26601831e-01  1.36728000e-02  0.00000000e+00 
 1.36828000e-02  9.00736324e-01  1.36828000e-02  8.27021235e-01  1.36828000e-02  0.00000000e+00 
 1.36928000e-02  9.00732058e-01  1.36928000e-02  8.27443516e-01  1.36928000e-02  0.00000000e+00 
 1.37028000e-02  9.00727763e-01  1.37028000e-02  8.27868658e-01  1.37028000e-02  0.00000000e+00 
 1.37128000e-02  9.00723440e-01  1.37128000e-02  8.28296644e-01  1.37128000e-02  0.00000000e+00 
 1.37228000e-02  9.00719088e-01  1.37228000e-02  8.28727457e-01  1.37228000e-02  0.00000000e+00 
 1.37328000e-02  9.00714707e-01  1.37328000e-02  8.29161081e-01  1.37328000e-02  0.00000000e+00 
 1.37428000e-02  9.00710298e-01  1.37428000e-02  8.29597498e-01  1.37428000e-02  0.00000000e+00 
 1.37528000e-02  9.00705862e-01  1.37528000e-02  8.30036690e-01  1.37528000e-02  0.00000000e+00 
 1.37628000e-02  9.00701397e-01  1.37628000e-02  8.30478641e-01  1.37628000e-02  0.00000000e+00 
 1.37728000e-02  9.00696905e-01  1.37728000e-02  8.30923333e-01  1.37728000e-02  0.00000000e+00 
 1.37828000e-02  9.00692385e-01  1.37828000e-02  8.31370748e-01  1.37828000e-02  0.00000000e+00 
 1.37928000e-02  9.00687838e-01  1.37928000e-02  8.31820869e-01  1.37928000e-02  0.00000000e+00 
 1.38028000e-02  9.00683264e-01  1.38028000e-02  8.32273678e-01  1.38028000e-02  0.00000000e+00 
 1.38128000e-02  9.00678662e-01  1.38128000e-02  8.32729158e-01  1.38128000e-02  0.00000000e+00 
 1.38228000e-02  9.00674034e-01  1.38228000e-02  8.33187289e-01  1.38228000e-02  0.00000000e+00 
 1.38328000e-02  9.00669380e-01  1.38328000e-02  8.33648055e-01  1.38328000e-02  0.00000000e+00 
 1.38428000e-02  9.00664699e-01  1.38428000e-02  8.34111436e-01  1.38428000e-02  0.00000000e+00 
 1.38528000e-02  9.00659991e-01  1.38528000e-02  8.34577416e-01  1.38528000e-02  0.00000000e+00 
 1.38628000e-02  9.00655258e-01  1.38628000e-02  8.35045974e-01  1.38628000e-02  0.00000000e+00 
 1.38728000e-02  9.00650499e-01  1.38728000e-02  8.35517093e-01  1.38728000e-02  0.00000000e+00 
 1.38828000e-02  9.00645714e-01  1.38828000e-02  8.35990754e-01  1.38828000e-02  0.00000000e+00 
 1.38928000e-02  9.00640903e-01  1.38928000e-02  8.36466939e-01  1.38928000e-02  0.00000000e+00 
 1.39028000e-02  9.00636067e-01  1.39028000e-02  8.36945628e-01  1.39028000e-02  0.00000000e+00 
 1.39128000e-02  9.00631207e-01  1.39128000e-02  8.37426803e-01  1.39128000e-02  0.00000000e+00 
 1.39228000e-02  9.00626321e-01  1.39228000e-02  8.37910445e-01  1.39228000e-02  0.00000000e+00 
 1.39328000e-02  9.00621410e-01  1.39328000e-02  8.38396534e-01  1.39328000e-02  0.00000000e+00 
 1.39428000e-02  9.00616475e-01  1.39428000e-02  8.38885052e-01  1.39428000e-02  0.00000000e+00 
 1.39528000e-02  9.00611516e-01  1.39528000e-02  8.39375979e-01  1.39528000e-02  0.00000000e+00 
 1.39628000e-02  9.00606532e-01  1.39628000e-02  8.39869296e-01  1.39628000e-02  0.00000000e+00 
 1.39728000e-02  9.00601525e-01  1.39728000e-02  8.40364983e-01  1.39728000e-02  0.00000000e+00 
 1.39828000e-02  9.00596494e-01  1.39828000e-02  8.40863021e-01  1.39828000e-02  0.00000000e+00 
 1.39928000e-02  9.00591439e-01  1.39928000e-02  8.41363390e-01  1.39928000e-02  0.00000000e+00 
 1.40028000e-02  9.00586361e-01  1.40028000e-02  8.41866070e-01  1.40028000e-02  0.00000000e+00 
 1.40128000e-02  9.00581260e-01  1.40128000e-02  8.42371041e-01  1.40128000e-02  0.00000000e+00 
 1.40228000e-02  9.00576136e-01  1.40228000e-02  8.42878285e-01  1.40228000e-02  0.00000000e+00 
 1.40328000e-02  9.00570989e-01  1.40328000e-02  8.43387779e-01  1.40328000e-02  0.00000000e+00 
 1.40428000e-02  9.00565819e-01  1.40428000e-02  8.43899505e-01  1.40428000e-02  0.00000000e+00 
 1.40528000e-02  9.00560627e-01  1.40528000e-02  8.44413443e-01  1.40528000e-02  0.00000000e+00 
 1.40628000e-02  9.00555413e-01  1.40628000e-02  8.44929571e-01  1.40628000e-02  0.00000000e+00 
 1.40728000e-02  9.00550178e-01  1.40728000e-02  8.45447870e-01  1.40728000e-02  0.00000000e+00 
 1.40828000e-02  9.00544920e-01  1.40828000e-02  8.45968318e-01  1.40828000e-02  0.00000000e+00 
 1.40928000e-02  9.00539641e-01  1.40928000e-02  8.46490897e-01  1.40928000e-02  0.00000000e+00 
 1.41028000e-02  9.00534341e-01  1.41028000e-02  8.47015584e-01  1.41028000e-02  0.00000000e+00 
 1.41128000e-02  9.00529019e-01  1.41128000e-02  8.47542359e-01  1.41128000e-02  0.00000000e+00 
 1.41228000e-02  9.00523677e-01  1.41228000e-02  8.48071202e-01  1.41228000e-02  0.00000000e+00 
 1.41328000e-02  9.00518314e-01  1.41328000e-02  8.48602092e-01  1.41328000e-02  0.00000000e+00 
 1.41428000e-02  9.00512930e-01  1.41428000e-02  8.49135007e-01  1.41428000e-02  0.00000000e+00 
 1.41528000e-02  9.00507526e-01  1.41528000e-02  8.49669926e-01  1.41528000e-02  0.00000000e+00 
 1.41628000e-02  9.00502103e-01  1.41628000e-02  8.50206829e-01  1.41628000e-02  0.00000000e+00 
 1.41728000e-02  9.00496659e-01  1.41728000e-02  8.50745694e-01  1.41728000e-02  0.00000000e+00 
 1.41828000e-02  9.00491196e-01  1.41828000e-02  8.51286500e-01  1.41828000e-02  0.00000000e+00 
 1.41928000e-02  9.00485713e-01  1.41928000e-02  8.51829225e-01  1.41928000e-02  0.00000000e+00 
 1.42028000e-02  9.00480211e-01  1.42028000e-02  8.52373849e-01  1.42028000e-02  0.00000000e+00 
 1.42128000e-02  9.00474690e-01  1.42128000e-02  8.52920349e-01  1.42128000e-02  0.00000000e+00 
 1.42228000e-02  9.00469151e-01  1.42228000e-02  8.53468704e-01  1.42228000e-02  0.00000000e+00 
 1.42328000e-02  9.00463593e-01  1.42328000e-02  8.54018893e-01  1.42328000e-02  0.00000000e+00 
 1.42428000e-02  9.00458017e-01  1.42428000e-02  8.54570894e-01  1.42428000e-02  0.00000000e+00 
 1.42528000e-02  9.00452422e-01  1.42528000e-02  8.55124684e-01  1.42528000e-02  0.00000000e+00 
 1.42628000e-02  9.00446810e-01  1.42628000e-02  8.55680242e-01  1.42628000e-02  0.00000000e+00 
 1.42728000e-02  9.00441180e-01  1.42728000e-02  8.56237547e-01  1.42728000e-02  0.00000000e+00 
 1.42828000e-02  9.00435533e-01  1.42828000e-02  8.56796576e-01  1.42828000e-02  0.00000000e+00 
 1.42928000e-02  9.00429868e-01  1.42928000e-02  8.57357306e-01  1.42928000e-02  0.00000000e+00 
 1.43028000e-02  9.00424187e-01  1.43028000e-02  8.57919717e-01  1.43028000e-02  0.00000000e+00 
 1.43128000e-02  9.00418489e-01  1.43128000e-02  8.58483785e-01  1.43128000e-02  0.00000000e+00 
 1.43228000e-02  9.00412774e-01  1.43228000e-02  8.59049489e-01  1.43228000e-02  0.00000000e+00 
 1.43328000e-02  9.00407043e-01  1.43328000e-02  8.59616806e-01  1.43328000e-02  0.00000000e+00 
 1.43428000e-02  9.00401296e-01  1.43428000e-02  8.60185713e-01  1.43428000e-02  0.00000000e+00 
 1.43528000e-02  9.00395533e-01  1.43528000e-02  8.60756189e-01  1.43528000e-02  0.00000000e+00 
 1.43628000e-02  9.00389754e-01  1.43628000e-02  8.61328211e-01  1.43628000e-02  0.00000000e+00 
 1.43728000e-02  9.00383960e-01  1.43728000e-02  8.61901755e-01  1.43728000e-02  0.00000000e+00 
 1.43828000e-02  9.00378151e-01  1.43828000e-02  8.62476801e-01  1.43828000e-02  0.00000000e+00 
 1.43928000e-02  9.00372327e-01  1.43928000e-02  8.63053323e-01  1.43928000e-02  0.00000000e+00 
 1.44028000e-02  9.00366488e-01  1.44028000e-02  8.63631301e-01  1.44028000e-02  0.00000000e+00 
 1.44128000e-02  9.00360635e-01  1.44128000e-02  8.64210712e-01  1.44128000e-02  0.00000000e+00 
 1.44228000e-02  9.00354768e-01  1.44228000e-02  8.64791531e-01  1.44228000e-02  0.00000000e+00 
 1.44328000e-02  9.00348886e-01  1.44328000e-02  8.65373737e-01  1.44328000e-02  0.00000000e+00 
 1.44428000e-02  9.00342991e-01  1.44428000e-02  8.65957307e-01  1.44428000e-02  0.00000000e+00 
 1.44528000e-02  9.00337082e-01  1.44528000e-02  8.66542217e-01  1.44528000e-02  0.00000000e+00 
 1.44628000e-02  9.00331160e-01  1.44628000e-02  8.67128444e-01  1.44628000e-02  0.00000000e+00 
 1.44728000e-02  9.00325225e-01  1.44728000e-02  8.67715965e-01  1.44728000e-02  0.00000000e+00 
 1.44828000e-02  9.00319277e-01  1.44828000e-02  8.68304757e-01  1.44828000e-02  0.00000000e+00 
 1.44928000e-02  9.00313316e-01  1.44928000e-02  8.68894797e-01  1.44928000e-02  0.00000000e+00 
 1.45028000e-02  9.00307343e-01  1.45028000e-02  8.69486062e-01  1.45028000e-02  0.00000000e+00 
 1.45128000e-02  9.00301358e-01  1.45128000e-02  8.70078527e-01  1.45128000e-02  0.00000000e+00 
 1.45228000e-02  9.00295361e-01  1.45228000e-02  8.70672170e-01  1.45228000e-02  0.00000000e+00 
 1.45328000e-02  9.00289353e-01  1.45328000e-02  8.71266968e-01  1.45328000e-02  0.00000000e+00 
 1.45428000e-02  9.00283333e-01  1.45428000e-02  8.71862896e-01  1.45428000e-02  0.00000000e+00 
 1.45528000e-02  9.00277301e-01  1.45528000e-02  8.72459931e-01  1.45528000e-02  0.00000000e+00 
 1.45628000e-02  9.00271259e-01  1.45628000e-02  8.73058050e-01  1.45628000e-02  0.00000000e+00 
 1.45728000e-02  9.00265206e-01  1.45728000e-02  8.73657230e-01  1.45728000e-02  0.00000000e+00 
 1.45828000e-02  9.00259143e-01  1.45828000e-02  8.74257445e-01  1.45828000e-02  0.00000000e+00 
 1.45928000e-02  9.00253069e-01  1.45928000e-02  8.74858674e-01  1.45928000e-02  0.00000000e+00 
 1.46028000e-02  9.00246985e-01  1.46028000e-02  8.75460891e-01  1.46028000e-02  0.00000000e+00 
 1.46128000e-02  9.00240892e-01  1.46128000e-02  8.76064074e-01  1.46128000e-02  0.00000000e+00 
 1.46228000e-02  9.00234789e-01  1.46228000e-02  8.76668197e-01  1.46228000e-02  0.00000000e+00 
 1.46328000e-02  9.00228677e-01  1.46328000e-02  8.77273239e-01  1.46328000e-02  0.00000000e+00 
 1.46428000e-02  9.00222556e-01  1.46428000e-02  8.77879174e-01  1.46428000e-02  0.00000000e+00 
 1.46528000e-02  9.00216426e-01  1.46528000e-02  8.78485979e-01  1.46528000e-02  0.00000000e+00 
 1.46628000e-02  9.00210287e-01  1.46628000e-02  8.79093630e-01  1.46628000e-02  0.00000000e+00 
 1.46728000e-02  9.00204141e-01  1.46728000e-02  8.79702102e-01  1.46728000e-02  0.00000000e+00 
 1.46828000e-02  9.00197986e-01  1.46828000e-02  8.80311373e-01  1.46828000e-02  0.00000000e+00 
 1.46928000e-02  9.00191823e-01  1.46928000e-02  8.80921416e-01  1.46928000e-02  0.00000000e+00 
 1.47028000e-02  9.00185653e-01  1.47028000e-02  8.81532210e-01  1.47028000e-02  0.00000000e+00 
 1.47128000e-02  9.00179475e-01  1.47128000e-02  8.82143729e-01  1.47128000e-02  0.00000000e+00 
 1.47228000e-02  9.00173291e-01  1.47228000e-02  8.82755950e-01  1.47228000e-02  0.00000000e+00 
 1.47328000e-02  9.00167099e-01  1.47328000e-02  8.83368847e-01  1.47328000e-02  0.00000000e+00 
 1.47428000e-02  9.00160901e-01  1.47428000e-02  8.83982398e-01  1.47428000e-02  0.00000000e+00 
 1.47528000e-02  9.00154697e-01  1.47528000e-02  8.84596578e-01  1.47528000e-02  0.00000000e+00 
 1.47628000e-02  9.00148486e-01  1.47628000e-02  8.85211362e-01  1.47628000e-02  0.00000000e+00 
 1.47728000e-02  9.00142270e-01  1.47728000e-02  8.85826726e-01  1.47728000e-02  0.00000000e+00 
 1.47828000e-02  9.00136048e-01  1.47828000e-02  8.86442646e-01  1.47828000e-02  0.00000000e+00 
 1.47928000e-02  9.00129820e-01  1.47928000e-02  8.87059098e-01  1.47928000e-02  0.00000000e+00 
 1.48028000e-02  9.00123588e-01  1.48028000e-02  8.87676058e-01  1.48028000e-02  0.00000000e+00 
 1.48128000e-02  9.00117350e-01  1.48128000e-02  8.88293500e-01  1.48128000e-02  0.00000000e+00 
 1.48228000e-02  9.00111108e-01  1.48228000e-02  8.88911401e-01  1.48228000e-02  0.00000000e+00 
 1.48328000e-02  9.00104862e-01  1.48328000e-02  8.89529736e-01  1.48328000e-02  0.00000000e+00 
 1.48428000e-02  9.00098611e-01  1.48428000e-02  8.90148481e-01  1.48428000e-02  0.00000000e+00 
 1.48528000e-02  9.00092357e-01  1.48528000e-02  8.90767611e-01  1.48528000e-02  0.00000000e+00 
 1.48628000e-02  9.00086099e-01  1.48628000e-02  8.91387103e-01  1.48628000e-02  0.00000000e+00 
 1.48728000e-02  9.00079837e-01  1.48728000e-02  8.92006930e-01  1.48728000e-02  0.00000000e+00 
 1.48828000e-02  9.00073572e-01  1.48828000e-02  8.92627070e-01  1.48828000e-02  0.00000000e+00 
 1.48928000e-02  9.00067305e-01  1.48928000e-02  8.93247497e-01  1.48928000e-02  0.00000000e+00 
 1.49028000e-02  9.00061035e-01  1.49028000e-02  8.93868187e-01  1.49028000e-02  0.00000000e+00 
 1.49128000e-02  9.00054762e-01  1.49128000e-02  8.94489116e-01  1.49128000e-02  0.00000000e+00 
 1.49228000e-02  9.00048487e-01  1.49228000e-02  8.95110259e-01  1.49228000e-02  0.00000000e+00 
 1.49328000e-02  9.00042210e-01  1.49328000e-02  8.95731591e-01  1.49328000e-02  0.00000000e+00 
 1.49428000e-02  9.00035932e-01  1.49428000e-02  8.96353088e-01  1.49428000e-02  0.00000000e+00 
 1.49528000e-02  9.00029652e-01  1.49528000e-02  8.96974726e-01  1.49528000e-02  0.00000000e+00 
 1.49628000e-02  9.00023371e-01  1.49628000e-02  8.97596479e-01  1.49628000e-02  0.00000000e+00 
 1.49728000e-02  9.00017089e-01  1.49728000e-02  8.98218324e-01  1.49728000e-02  0.00000000e+00 
 1.49828000e-02  9.00010807e-01  1.49828000e-02  8.98840236e-01  1.49828000e-02  0.00000000e+00 
 1.49928000e-02  9.00004524e-01  1.49928000e-02  8.99462190e-01  1.49928000e-02  0.00000000e+00 
 1.50028000e-02  8.99998241e-01  1.50028000e-02  9.00084161e-01  1.50028000e-02  1.80000000e+00 
 1.50128000e-02  8.99991958e-01  1.50128000e-02  9.00706126e-01  1.50128000e-02  1.80000000e+00 
 1.50228000e-02  8.99985675e-01  1.50228000e-02  9.01328059e-01  1.50228000e-02  1.80000000e+00 
 1.50328000e-02  8.99979393e-01  1.50328000e-02  9.01949936e-01  1.50328000e-02  1.80000000e+00 
 1.50428000e-02  8.99973111e-01  1.50428000e-02  9.02571733e-01  1.50428000e-02  1.80000000e+00 
 1.50528000e-02  8.99966831e-01  1.50528000e-02  9.03193425e-01  1.50528000e-02  1.80000000e+00 
 1.50628000e-02  8.99960552e-01  1.50628000e-02  9.03814987e-01  1.50628000e-02  1.80000000e+00 
 1.50728000e-02  8.99954274e-01  1.50728000e-02  9.04436395e-01  1.50728000e-02  1.80000000e+00 
 1.50828000e-02  8.99947999e-01  1.50828000e-02  9.05057624e-01  1.50828000e-02  1.80000000e+00 
 1.50928000e-02  8.99941725e-01  1.50928000e-02  9.05678650e-01  1.50928000e-02  1.80000000e+00 
 1.51028000e-02  8.99935454e-01  1.51028000e-02  9.06299448e-01  1.51028000e-02  1.80000000e+00 
 1.51128000e-02  8.99929185e-01  1.51128000e-02  9.06919994e-01  1.51128000e-02  1.80000000e+00 
 1.51228000e-02  8.99922919e-01  1.51228000e-02  9.07540263e-01  1.51228000e-02  1.80000000e+00 
 1.51328000e-02  8.99916656e-01  1.51328000e-02  9.08160231e-01  1.51328000e-02  1.80000000e+00 
 1.51428000e-02  8.99910396e-01  1.51428000e-02  9.08779873e-01  1.51428000e-02  1.80000000e+00 
 1.51528000e-02  8.99904140e-01  1.51528000e-02  9.09399166e-01  1.51528000e-02  1.80000000e+00 
 1.51628000e-02  8.99897888e-01  1.51628000e-02  9.10018083e-01  1.51628000e-02  1.80000000e+00 
 1.51728000e-02  8.99891640e-01  1.51728000e-02  9.10636601e-01  1.51728000e-02  1.80000000e+00 
 1.51828000e-02  8.99885396e-01  1.51828000e-02  9.11254696e-01  1.51828000e-02  1.80000000e+00 
 1.51928000e-02  8.99879156e-01  1.51928000e-02  9.11872343e-01  1.51928000e-02  1.80000000e+00 
 1.52028000e-02  8.99872922e-01  1.52028000e-02  9.12489518e-01  1.52028000e-02  1.80000000e+00 
 1.52128000e-02  8.99866692e-01  1.52128000e-02  9.13106197e-01  1.52128000e-02  1.80000000e+00 
 1.52228000e-02  8.99860467e-01  1.52228000e-02  9.13722354e-01  1.52228000e-02  1.80000000e+00 
 1.52328000e-02  8.99854248e-01  1.52328000e-02  9.14337966e-01  1.52328000e-02  1.80000000e+00 
 1.52428000e-02  8.99848035e-01  1.52428000e-02  9.14953008e-01  1.52428000e-02  1.80000000e+00 
 1.52528000e-02  8.99841828e-01  1.52528000e-02  9.15567457e-01  1.52528000e-02  1.80000000e+00 
 1.52628000e-02  8.99835627e-01  1.52628000e-02  9.16181287e-01  1.52628000e-02  1.80000000e+00 
 1.52728000e-02  8.99829433e-01  1.52728000e-02  9.16794475e-01  1.52728000e-02  1.80000000e+00 
 1.52828000e-02  8.99823245e-01  1.52828000e-02  9.17406997e-01  1.52828000e-02  1.80000000e+00 
 1.52928000e-02  8.99817064e-01  1.52928000e-02  9.18018827e-01  1.52928000e-02  1.80000000e+00 
 1.53028000e-02  8.99810891e-01  1.53028000e-02  9.18629943e-01  1.53028000e-02  1.80000000e+00 
 1.53128000e-02  8.99804725e-01  1.53128000e-02  9.19240320e-01  1.53128000e-02  1.80000000e+00 
 1.53228000e-02  8.99798566e-01  1.53228000e-02  9.19849934e-01  1.53228000e-02  1.80000000e+00 
 1.53328000e-02  8.99792416e-01  1.53328000e-02  9.20458760e-01  1.53328000e-02  1.80000000e+00 
 1.53428000e-02  8.99786274e-01  1.53428000e-02  9.21066775e-01  1.53428000e-02  1.80000000e+00 
 1.53528000e-02  8.99780140e-01  1.53528000e-02  9.21673955e-01  1.53528000e-02  1.80000000e+00 
 1.53628000e-02  8.99774015e-01  1.53628000e-02  9.22280276e-01  1.53628000e-02  1.80000000e+00 
 1.53728000e-02  8.99767899e-01  1.53728000e-02  9.22885714e-01  1.53728000e-02  1.80000000e+00 
 1.53828000e-02  8.99761792e-01  1.53828000e-02  9.23490244e-01  1.53828000e-02  1.80000000e+00 
 1.53928000e-02  8.99755694e-01  1.53928000e-02  9.24093844e-01  1.53928000e-02  1.80000000e+00 
 1.54028000e-02  8.99749606e-01  1.54028000e-02  9.24696489e-01  1.54028000e-02  1.80000000e+00 
 1.54128000e-02  8.99743528e-01  1.54128000e-02  9.25298155e-01  1.54128000e-02  1.80000000e+00 
 1.54228000e-02  8.99737461e-01  1.54228000e-02  9.25898819e-01  1.54228000e-02  1.80000000e+00 
 1.54328000e-02  8.99731403e-01  1.54328000e-02  9.26498458e-01  1.54328000e-02  1.80000000e+00 
 1.54428000e-02  8.99725356e-01  1.54428000e-02  9.27097046e-01  1.54428000e-02  1.80000000e+00 
 1.54528000e-02  8.99719320e-01  1.54528000e-02  9.27694561e-01  1.54528000e-02  1.80000000e+00 
 1.54628000e-02  8.99713295e-01  1.54628000e-02  9.28290980e-01  1.54628000e-02  1.80000000e+00 
 1.54728000e-02  8.99707281e-01  1.54728000e-02  9.28886278e-01  1.54728000e-02  1.80000000e+00 
 1.54828000e-02  8.99701279e-01  1.54828000e-02  9.29480431e-01  1.54828000e-02  1.80000000e+00 
 1.54928000e-02  8.99695289e-01  1.54928000e-02  9.30073418e-01  1.54928000e-02  1.80000000e+00 
 1.55028000e-02  8.99689310e-01  1.55028000e-02  9.30665214e-01  1.55028000e-02  1.80000000e+00 
 1.55128000e-02  8.99683344e-01  1.55128000e-02  9.31255795e-01  1.55128000e-02  1.80000000e+00 
 1.55228000e-02  8.99677391e-01  1.55228000e-02  9.31845139e-01  1.55228000e-02  1.80000000e+00 
 1.55328000e-02  8.99671450e-01  1.55328000e-02  9.32433223e-01  1.55328000e-02  1.80000000e+00 
 1.55428000e-02  8.99665522e-01  1.55428000e-02  9.33020022e-01  1.55428000e-02  1.80000000e+00 
 1.55528000e-02  8.99659607e-01  1.55528000e-02  9.33605515e-01  1.55528000e-02  1.80000000e+00 
 1.55628000e-02  8.99653706e-01  1.55628000e-02  9.34189677e-01  1.55628000e-02  1.80000000e+00 
 1.55728000e-02  8.99647819e-01  1.55728000e-02  9.34772485e-01  1.55728000e-02  1.80000000e+00 
 1.55828000e-02  8.99641945e-01  1.55828000e-02  9.35353918e-01  1.55828000e-02  1.80000000e+00 
 1.55928000e-02  8.99636085e-01  1.55928000e-02  9.35933951e-01  1.55928000e-02  1.80000000e+00 
 1.56028000e-02  8.99630240e-01  1.56028000e-02  9.36512562e-01  1.56028000e-02  1.80000000e+00 
 1.56128000e-02  8.99624410e-01  1.56128000e-02  9.37089728e-01  1.56128000e-02  1.80000000e+00 
 1.56228000e-02  8.99618594e-01  1.56228000e-02  9.37665426e-01  1.56228000e-02  1.80000000e+00 
 1.56328000e-02  8.99612793e-01  1.56328000e-02  9.38239634e-01  1.56328000e-02  1.80000000e+00 
 1.56428000e-02  8.99607008e-01  1.56428000e-02  9.38812328e-01  1.56428000e-02  1.80000000e+00 
 1.56528000e-02  8.99601238e-01  1.56528000e-02  9.39383487e-01  1.56528000e-02  1.80000000e+00 
 1.56628000e-02  8.99595484e-01  1.56628000e-02  9.39953087e-01  1.56628000e-02  1.80000000e+00 
 1.56728000e-02  8.99589746e-01  1.56728000e-02  9.40521107e-01  1.56728000e-02  1.80000000e+00 
 1.56828000e-02  8.99584024e-01  1.56828000e-02  9.41087523e-01  1.56828000e-02  1.80000000e+00 
 1.56928000e-02  8.99578318e-01  1.56928000e-02  9.41652314e-01  1.56928000e-02  1.80000000e+00 
 1.57028000e-02  8.99572630e-01  1.57028000e-02  9.42215457e-01  1.57028000e-02  1.80000000e+00 
 1.57128000e-02  8.99566958e-01  1.57128000e-02  9.42776929e-01  1.57128000e-02  1.80000000e+00 
 1.57228000e-02  8.99561303e-01  1.57228000e-02  9.43336710e-01  1.57228000e-02  1.80000000e+00 
 1.57328000e-02  8.99555665e-01  1.57328000e-02  9.43894775e-01  1.57328000e-02  1.80000000e+00 
 1.57428000e-02  8.99550045e-01  1.57428000e-02  9.44451105e-01  1.57428000e-02  1.80000000e+00 
 1.57528000e-02  8.99544443e-01  1.57528000e-02  9.45005676e-01  1.57528000e-02  1.80000000e+00 
 1.57628000e-02  8.99538858e-01  1.57628000e-02  9.45558466e-01  1.57628000e-02  1.80000000e+00 
 1.57728000e-02  8.99533292e-01  1.57728000e-02  9.46109455e-01  1.57728000e-02  1.80000000e+00 
 1.57828000e-02  8.99527745e-01  1.57828000e-02  9.46658620e-01  1.57828000e-02  1.80000000e+00 
 1.57928000e-02  8.99522216e-01  1.57928000e-02  9.47205939e-01  1.57928000e-02  1.80000000e+00 
 1.58028000e-02  8.99516705e-01  1.58028000e-02  9.47751391e-01  1.58028000e-02  1.80000000e+00 
 1.58128000e-02  8.99511214e-01  1.58128000e-02  9.48294954e-01  1.58128000e-02  1.80000000e+00 
 1.58228000e-02  8.99505743e-01  1.58228000e-02  9.48836607e-01  1.58228000e-02  1.80000000e+00 
 1.58328000e-02  8.99500290e-01  1.58328000e-02  9.49376329e-01  1.58328000e-02  1.80000000e+00 
 1.58428000e-02  8.99494858e-01  1.58428000e-02  9.49914098e-01  1.58428000e-02  1.80000000e+00 
 1.58528000e-02  8.99489445e-01  1.58528000e-02  9.50449892e-01  1.58528000e-02  1.80000000e+00 
 1.58628000e-02  8.99484053e-01  1.58628000e-02  9.50983692e-01  1.58628000e-02  1.80000000e+00 
 1.58728000e-02  8.99478681e-01  1.58728000e-02  9.51515475e-01  1.58728000e-02  1.80000000e+00 
 1.58828000e-02  8.99473329e-01  1.58828000e-02  9.52045221e-01  1.58828000e-02  1.80000000e+00 
 1.58928000e-02  8.99467998e-01  1.58928000e-02  9.52572909e-01  1.58928000e-02  1.80000000e+00 
 1.59028000e-02  8.99462689e-01  1.59028000e-02  9.53098517e-01  1.59028000e-02  1.80000000e+00 
 1.59128000e-02  8.99457400e-01  1.59128000e-02  9.53622026e-01  1.59128000e-02  1.80000000e+00 
 1.59228000e-02  8.99452133e-01  1.59228000e-02  9.54143414e-01  1.59228000e-02  1.80000000e+00 
 1.59328000e-02  8.99446888e-01  1.59328000e-02  9.54662662e-01  1.59328000e-02  1.80000000e+00 
 1.59428000e-02  8.99441664e-01  1.59428000e-02  9.55179747e-01  1.59428000e-02  1.80000000e+00 
 1.59528000e-02  8.99436462e-01  1.59528000e-02  9.55694651e-01  1.59528000e-02  1.80000000e+00 
 1.59628000e-02  8.99431283e-01  1.59628000e-02  9.56207353e-01  1.59628000e-02  1.80000000e+00 
 1.59728000e-02  8.99426126e-01  1.59728000e-02  9.56717832e-01  1.59728000e-02  1.80000000e+00 
 1.59828000e-02  8.99420992e-01  1.59828000e-02  9.57226068e-01  1.59828000e-02  1.80000000e+00 
 1.59928000e-02  8.99415881e-01  1.59928000e-02  9.57732042e-01  1.59928000e-02  1.80000000e+00 
 1.60028000e-02  8.99410792e-01  1.60028000e-02  9.58235733e-01  1.60028000e-02  1.80000000e+00 
 1.60128000e-02  8.99405727e-01  1.60128000e-02  9.58737121e-01  1.60128000e-02  1.80000000e+00 
 1.60228000e-02  8.99400686e-01  1.60228000e-02  9.59236187e-01  1.60228000e-02  1.80000000e+00 
 1.60328000e-02  8.99395668e-01  1.60328000e-02  9.59732911e-01  1.60328000e-02  1.80000000e+00 
 1.60428000e-02  8.99390674e-01  1.60428000e-02  9.60227273e-01  1.60428000e-02  1.80000000e+00 
 1.60528000e-02  8.99385704e-01  1.60528000e-02  9.60719254e-01  1.60528000e-02  1.80000000e+00 
 1.60628000e-02  8.99380758e-01  1.60628000e-02  9.61208834e-01  1.60628000e-02  1.80000000e+00 
 1.60728000e-02  8.99375837e-01  1.60728000e-02  9.61695994e-01  1.60728000e-02  1.80000000e+00 
 1.60828000e-02  8.99370940e-01  1.60828000e-02  9.62180715e-01  1.60828000e-02  1.80000000e+00 
 1.60928000e-02  8.99366068e-01  1.60928000e-02  9.62662978e-01  1.60928000e-02  1.80000000e+00 
 1.61028000e-02  8.99361221e-01  1.61028000e-02  9.63142763e-01  1.61028000e-02  1.80000000e+00 
 1.61128000e-02  8.99356400e-01  1.61128000e-02  9.63620052e-01  1.61128000e-02  1.80000000e+00 
 1.61228000e-02  8.99351604e-01  1.61228000e-02  9.64094826e-01  1.61228000e-02  1.80000000e+00 
 1.61328000e-02  8.99346833e-01  1.61328000e-02  9.64567066e-01  1.61328000e-02  1.80000000e+00 
 1.61428000e-02  8.99342088e-01  1.61428000e-02  9.65036753e-01  1.61428000e-02  1.80000000e+00 
 1.61528000e-02  8.99337369e-01  1.61528000e-02  9.65503870e-01  1.61528000e-02  1.80000000e+00 
 1.61628000e-02  8.99332677e-01  1.61628000e-02  9.65968396e-01  1.61628000e-02  1.80000000e+00 
 1.61728000e-02  8.99328011e-01  1.61728000e-02  9.66430315e-01  1.61728000e-02  1.80000000e+00 
 1.61828000e-02  8.99323371e-01  1.61828000e-02  9.66889608e-01  1.61828000e-02  1.80000000e+00 
 1.61928000e-02  8.99318758e-01  1.61928000e-02  9.67346257e-01  1.61928000e-02  1.80000000e+00 
 1.62028000e-02  8.99314171e-01  1.62028000e-02  9.67800243e-01  1.62028000e-02  1.80000000e+00 
 1.62128000e-02  8.99309612e-01  1.62128000e-02  9.68251549e-01  1.62128000e-02  1.80000000e+00 
 1.62228000e-02  8.99305081e-01  1.62228000e-02  9.68700157e-01  1.62228000e-02  1.80000000e+00 
 1.62328000e-02  8.99300576e-01  1.62328000e-02  9.69146049e-01  1.62328000e-02  1.80000000e+00 
 1.62428000e-02  8.99296099e-01  1.62428000e-02  9.69589208e-01  1.62428000e-02  1.80000000e+00 
 1.62528000e-02  8.99291650e-01  1.62528000e-02  9.70029617e-01  1.62528000e-02  1.80000000e+00 
 1.62628000e-02  8.99287229e-01  1.62628000e-02  9.70467257e-01  1.62628000e-02  1.80000000e+00 
 1.62728000e-02  8.99282836e-01  1.62728000e-02  9.70902111e-01  1.62728000e-02  1.80000000e+00 
 1.62828000e-02  8.99278472e-01  1.62828000e-02  9.71334163e-01  1.62828000e-02  1.80000000e+00 
 1.62928000e-02  8.99274136e-01  1.62928000e-02  9.71763395e-01  1.62928000e-02  1.80000000e+00 
 1.63028000e-02  8.99269828e-01  1.63028000e-02  9.72189791e-01  1.63028000e-02  1.80000000e+00 
 1.63128000e-02  8.99265550e-01  1.63128000e-02  9.72613333e-01  1.63128000e-02  1.80000000e+00 
 1.63228000e-02  8.99261300e-01  1.63228000e-02  9.73034005e-01  1.63228000e-02  1.80000000e+00 
 1.63328000e-02  8.99257079e-01  1.63328000e-02  9.73451790e-01  1.63328000e-02  1.80000000e+00 
 1.63428000e-02  8.99252888e-01  1.63428000e-02  9.73866672e-01  1.63428000e-02  1.80000000e+00 
 1.63528000e-02  8.99248727e-01  1.63528000e-02  9.74278634e-01  1.63528000e-02  1.80000000e+00 
 1.63628000e-02  8.99244595e-01  1.63628000e-02  9.74687660e-01  1.63628000e-02  1.80000000e+00 
 1.63728000e-02  8.99240492e-01  1.63728000e-02  9.75093734e-01  1.63728000e-02  1.80000000e+00 
 1.63828000e-02  8.99236420e-01  1.63828000e-02  9.75496840e-01  1.63828000e-02  1.80000000e+00 
 1.63928000e-02  8.99232378e-01  1.63928000e-02  9.75896962e-01  1.63928000e-02  1.80000000e+00 
 1.64028000e-02  8.99228367e-01  1.64028000e-02  9.76294084e-01  1.64028000e-02  1.80000000e+00 
 1.64128000e-02  8.99224385e-01  1.64128000e-02  9.76688190e-01  1.64128000e-02  1.80000000e+00 
 1.64228000e-02  8.99220435e-01  1.64228000e-02  9.77079265e-01  1.64228000e-02  1.80000000e+00 
 1.64328000e-02  8.99216515e-01  1.64328000e-02  9.77467294e-01  1.64328000e-02  1.80000000e+00 
 1.64428000e-02  8.99212626e-01  1.64428000e-02  9.77852262e-01  1.64428000e-02  1.80000000e+00 
 1.64528000e-02  8.99208768e-01  1.64528000e-02  9.78234152e-01  1.64528000e-02  1.80000000e+00 
 1.64628000e-02  8.99204941e-01  1.64628000e-02  9.78612950e-01  1.64628000e-02  1.80000000e+00 
 1.64728000e-02  8.99201146e-01  1.64728000e-02  9.78988640e-01  1.64728000e-02  1.80000000e+00 
 1.64828000e-02  8.99197382e-01  1.64828000e-02  9.79361210e-01  1.64828000e-02  1.80000000e+00 
 1.64928000e-02  8.99193650e-01  1.64928000e-02  9.79730642e-01  1.64928000e-02  1.80000000e+00 
 1.65028000e-02  8.99189950e-01  1.65028000e-02  9.80096923e-01  1.65028000e-02  1.80000000e+00 
 1.65128000e-02  8.99186282e-01  1.65128000e-02  9.80460039e-01  1.65128000e-02  1.80000000e+00 
 1.65228000e-02  8.99182646e-01  1.65228000e-02  9.80819974e-01  1.65228000e-02  1.80000000e+00 
 1.65328000e-02  8.99179042e-01  1.65328000e-02  9.81176716e-01  1.65328000e-02  1.80000000e+00 
 1.65428000e-02  8.99175471e-01  1.65428000e-02  9.81530249e-01  1.65428000e-02  1.80000000e+00 
 1.65528000e-02  8.99171932e-01  1.65528000e-02  9.81880560e-01  1.65528000e-02  1.80000000e+00 
 1.65628000e-02  8.99168426e-01  1.65628000e-02  9.82227635e-01  1.65628000e-02  1.80000000e+00 
 1.65728000e-02  8.99164952e-01  1.65728000e-02  9.82571460e-01  1.65728000e-02  1.80000000e+00 
 1.65828000e-02  8.99161512e-01  1.65828000e-02  9.82912022e-01  1.65828000e-02  1.80000000e+00 
 1.65928000e-02  8.99158105e-01  1.65928000e-02  9.83249307e-01  1.65928000e-02  1.80000000e+00 
 1.66028000e-02  8.99154731e-01  1.66028000e-02  9.83583302e-01  1.66028000e-02  1.80000000e+00 
 1.66128000e-02  8.99151390e-01  1.66128000e-02  9.83913993e-01  1.66128000e-02  1.80000000e+00 
 1.66228000e-02  8.99148083e-01  1.66228000e-02  9.84241369e-01  1.66228000e-02  1.80000000e+00 
 1.66328000e-02  8.99144809e-01  1.66328000e-02  9.84565415e-01  1.66328000e-02  1.80000000e+00 
 1.66428000e-02  8.99141570e-01  1.66428000e-02  9.84886119e-01  1.66428000e-02  1.80000000e+00 
 1.66528000e-02  8.99138364e-01  1.66528000e-02  9.85203468e-01  1.66528000e-02  1.80000000e+00 
 1.66628000e-02  8.99135192e-01  1.66628000e-02  9.85517450e-01  1.66628000e-02  1.80000000e+00 
 1.66728000e-02  8.99132054e-01  1.66728000e-02  9.85828053e-01  1.66728000e-02  1.80000000e+00 
 1.66828000e-02  8.99128951e-01  1.66828000e-02  9.86135263e-01  1.66828000e-02  1.80000000e+00 
 1.66928000e-02  8.99125882e-01  1.66928000e-02  9.86439070e-01  1.66928000e-02  1.80000000e+00 
 1.67028000e-02  8.99122847e-01  1.67028000e-02  9.86739460e-01  1.67028000e-02  1.80000000e+00 
 1.67128000e-02  8.99119847e-01  1.67128000e-02  9.87036423e-01  1.67128000e-02  1.80000000e+00 
 1.67228000e-02  8.99116882e-01  1.67228000e-02  9.87329946e-01  1.67228000e-02  1.80000000e+00 
 1.67328000e-02  8.99113952e-01  1.67328000e-02  9.87620017e-01  1.67328000e-02  1.80000000e+00 
 1.67428000e-02  8.99111056e-01  1.67428000e-02  9.87906627e-01  1.67428000e-02  1.80000000e+00 
 1.67528000e-02  8.99108196e-01  1.67528000e-02  9.88189762e-01  1.67528000e-02  1.80000000e+00 
 1.67628000e-02  8.99105371e-01  1.67628000e-02  9.88469412e-01  1.67628000e-02  1.80000000e+00 
 1.67728000e-02  8.99102581e-01  1.67728000e-02  9.88745566e-01  1.67728000e-02  1.80000000e+00 
 1.67828000e-02  8.99099827e-01  1.67828000e-02  9.89018213e-01  1.67828000e-02  1.80000000e+00 
 1.67928000e-02  8.99097108e-01  1.67928000e-02  9.89287342e-01  1.67928000e-02  1.80000000e+00 
 1.68028000e-02  8.99094425e-01  1.68028000e-02  9.89552942e-01  1.68028000e-02  1.80000000e+00 
 1.68128000e-02  8.99091778e-01  1.68128000e-02  9.89815004e-01  1.68128000e-02  1.80000000e+00 
 1.68228000e-02  8.99089166e-01  1.68228000e-02  9.90073516e-01  1.68228000e-02  1.80000000e+00 
 1.68328000e-02  8.99086591e-01  1.68328000e-02  9.90328469e-01  1.68328000e-02  1.80000000e+00 
 1.68428000e-02  8.99084051e-01  1.68428000e-02  9.90579852e-01  1.68428000e-02  1.80000000e+00 
 1.68528000e-02  8.99081548e-01  1.68528000e-02  9.90827656e-01  1.68528000e-02  1.80000000e+00 
 1.68628000e-02  8.99079081e-01  1.68628000e-02  9.91071870e-01  1.68628000e-02  1.80000000e+00 
 1.68728000e-02  8.99076650e-01  1.68728000e-02  9.91312486e-01  1.68728000e-02  1.80000000e+00 
 1.68828000e-02  8.99074256e-01  1.68828000e-02  9.91549493e-01  1.68828000e-02  1.80000000e+00 
 1.68928000e-02  8.99071898e-01  1.68928000e-02  9.91782882e-01  1.68928000e-02  1.80000000e+00 
 1.69028000e-02  8.99069577e-01  1.69028000e-02  9.92012644e-01  1.69028000e-02  1.80000000e+00 
 1.69128000e-02  8.99067293e-01  1.69128000e-02  9.92238771e-01  1.69128000e-02  1.80000000e+00 
 1.69228000e-02  8.99065045e-01  1.69228000e-02  9.92461252e-01  1.69228000e-02  1.80000000e+00 
 1.69328000e-02  8.99062835e-01  1.69328000e-02  9.92680080e-01  1.69328000e-02  1.80000000e+00 
 1.69428000e-02  8.99060661e-01  1.69428000e-02  9.92895245e-01  1.69428000e-02  1.80000000e+00 
 1.69528000e-02  8.99058525e-01  1.69528000e-02  9.93106739e-01  1.69528000e-02  1.80000000e+00 
 1.69628000e-02  8.99056425e-01  1.69628000e-02  9.93314554e-01  1.69628000e-02  1.80000000e+00 
 1.69728000e-02  8.99054363e-01  1.69728000e-02  9.93518682e-01  1.69728000e-02  1.80000000e+00 
 1.69828000e-02  8.99052339e-01  1.69828000e-02  9.93719114e-01  1.69828000e-02  1.80000000e+00 
 1.69928000e-02  8.99050351e-01  1.69928000e-02  9.93915842e-01  1.69928000e-02  1.80000000e+00 
 1.70028000e-02  8.99048401e-01  1.70028000e-02  9.94108860e-01  1.70028000e-02  1.80000000e+00 
 1.70128000e-02  8.99046489e-01  1.70128000e-02  9.94298158e-01  1.70128000e-02  1.80000000e+00 
 1.70228000e-02  8.99044614e-01  1.70228000e-02  9.94483731e-01  1.70228000e-02  1.80000000e+00 
 1.70328000e-02  8.99042777e-01  1.70328000e-02  9.94665570e-01  1.70328000e-02  1.80000000e+00 
 1.70428000e-02  8.99040978e-01  1.70428000e-02  9.94843668e-01  1.70428000e-02  1.80000000e+00 
 1.70528000e-02  8.99039217e-01  1.70528000e-02  9.95018018e-01  1.70528000e-02  1.80000000e+00 
 1.70628000e-02  8.99037494e-01  1.70628000e-02  9.95188613e-01  1.70628000e-02  1.80000000e+00 
 1.70728000e-02  8.99035808e-01  1.70728000e-02  9.95355447e-01  1.70728000e-02  1.80000000e+00 
 1.70828000e-02  8.99034161e-01  1.70828000e-02  9.95518513e-01  1.70828000e-02  1.80000000e+00 
 1.70928000e-02  8.99032552e-01  1.70928000e-02  9.95677805e-01  1.70928000e-02  1.80000000e+00 
 1.71028000e-02  8.99030981e-01  1.71028000e-02  9.95833315e-01  1.71028000e-02  1.80000000e+00 
 1.71128000e-02  8.99029448e-01  1.71128000e-02  9.95985039e-01  1.71128000e-02  1.80000000e+00 
 1.71228000e-02  8.99027954e-01  1.71228000e-02  9.96132970e-01  1.71228000e-02  1.80000000e+00 
 1.71328000e-02  8.99026498e-01  1.71328000e-02  9.96277103e-01  1.71328000e-02  1.80000000e+00 
 1.71428000e-02  8.99025080e-01  1.71428000e-02  9.96417430e-01  1.71428000e-02  1.80000000e+00 
 1.71528000e-02  8.99023701e-01  1.71528000e-02  9.96553948e-01  1.71528000e-02  1.80000000e+00 
 1.71628000e-02  8.99022360e-01  1.71628000e-02  9.96686651e-01  1.71628000e-02  1.80000000e+00 
 1.71728000e-02  8.99021058e-01  1.71728000e-02  9.96815533e-01  1.71728000e-02  1.80000000e+00 
 1.71828000e-02  8.99019795e-01  1.71828000e-02  9.96940589e-01  1.71828000e-02  1.80000000e+00 
 1.71928000e-02  8.99018570e-01  1.71928000e-02  9.97061815e-01  1.71928000e-02  1.80000000e+00 
 1.72028000e-02  8.99017385e-01  1.72028000e-02  9.97179206e-01  1.72028000e-02  1.80000000e+00 
 1.72128000e-02  8.99016238e-01  1.72128000e-02  9.97292756e-01  1.72128000e-02  1.80000000e+00 
 1.72228000e-02  8.99015129e-01  1.72228000e-02  9.97402462e-01  1.72228000e-02  1.80000000e+00 
 1.72328000e-02  8.99014060e-01  1.72328000e-02  9.97508319e-01  1.72328000e-02  1.80000000e+00 
 1.72428000e-02  8.99013029e-01  1.72428000e-02  9.97610323e-01  1.72428000e-02  1.80000000e+00 
 1.72528000e-02  8.99012038e-01  1.72528000e-02  9.97708470e-01  1.72528000e-02  1.80000000e+00 
 1.72628000e-02  8.99011085e-01  1.72628000e-02  9.97802756e-01  1.72628000e-02  1.80000000e+00 
 1.72728000e-02  8.99010172e-01  1.72728000e-02  9.97893177e-01  1.72728000e-02  1.80000000e+00 
 1.72828000e-02  8.99009298e-01  1.72828000e-02  9.97979730e-01  1.72828000e-02  1.80000000e+00 
 1.72928000e-02  8.99008462e-01  1.72928000e-02  9.98062412e-01  1.72928000e-02  1.80000000e+00 
 1.73028000e-02  8.99007666e-01  1.73028000e-02  9.98141218e-01  1.73028000e-02  1.80000000e+00 
 1.73128000e-02  8.99006909e-01  1.73128000e-02  9.98216147e-01  1.73128000e-02  1.80000000e+00 
 1.73228000e-02  8.99006192e-01  1.73228000e-02  9.98287195e-01  1.73228000e-02  1.80000000e+00 
 1.73328000e-02  8.99005513e-01  1.73328000e-02  9.98354359e-01  1.73328000e-02  1.80000000e+00 
 1.73428000e-02  8.99004874e-01  1.73428000e-02  9.98417636e-01  1.73428000e-02  1.80000000e+00 
 1.73528000e-02  8.99004274e-01  1.73528000e-02  9.98477025e-01  1.73528000e-02  1.80000000e+00 
 1.73628000e-02  8.99003713e-01  1.73628000e-02  9.98532522e-01  1.73628000e-02  1.80000000e+00 
 1.73728000e-02  8.99003192e-01  1.73728000e-02  9.98584126e-01  1.73728000e-02  1.80000000e+00 
 1.73828000e-02  8.99002710e-01  1.73828000e-02  9.98631835e-01  1.73828000e-02  1.80000000e+00 
 1.73928000e-02  8.99002268e-01  1.73928000e-02  9.98675646e-01  1.73928000e-02  1.80000000e+00 
 1.74028000e-02  8.99001864e-01  1.74028000e-02  9.98715558e-01  1.74028000e-02  1.80000000e+00 
 1.74128000e-02  8.99001501e-01  1.74128000e-02  9.98751569e-01  1.74128000e-02  1.80000000e+00 
 1.74228000e-02  8.99001176e-01  1.74228000e-02  9.98783678e-01  1.74228000e-02  1.80000000e+00 
 1.74328000e-02  8.99000891e-01  1.74328000e-02  9.98811884e-01  1.74328000e-02  1.80000000e+00 
 1.74428000e-02  8.99000646e-01  1.74428000e-02  9.98836185e-01  1.74428000e-02  1.80000000e+00 
 1.74528000e-02  8.99000440e-01  1.74528000e-02  9.98856581e-01  1.74528000e-02  1.80000000e+00 
 1.74628000e-02  8.99000273e-01  1.74628000e-02  9.98873071e-01  1.74628000e-02  1.80000000e+00 
 1.74728000e-02  8.99000146e-01  1.74728000e-02  9.98885654e-01  1.74728000e-02  1.80000000e+00 
 1.74828000e-02  8.99000058e-01  1.74828000e-02  9.98894329e-01  1.74828000e-02  1.80000000e+00 
 1.74928000e-02  8.99000010e-01  1.74928000e-02  9.98899097e-01  1.74928000e-02  1.80000000e+00 
 1.75028000e-02  8.99000002e-01  1.75028000e-02  9.98899957e-01  1.75028000e-02  1.80000000e+00 
 1.75128000e-02  8.99000032e-01  1.75128000e-02  9.98896908e-01  1.75128000e-02  1.80000000e+00 
 1.75228000e-02  8.99000103e-01  1.75228000e-02  9.98889952e-01  1.75228000e-02  1.80000000e+00 
 1.75328000e-02  8.99000212e-01  1.75328000e-02  9.98879089e-01  1.75328000e-02  1.80000000e+00 
 1.75428000e-02  8.99000362e-01  1.75428000e-02  9.98864318e-01  1.75428000e-02  1.80000000e+00 
 1.75528000e-02  8.99000550e-01  1.75528000e-02  9.98845641e-01  1.75528000e-02  1.80000000e+00 
 1.75628000e-02  8.99000778e-01  1.75628000e-02  9.98823058e-01  1.75628000e-02  1.80000000e+00 
 1.75728000e-02  8.99001046e-01  1.75728000e-02  9.98796570e-01  1.75728000e-02  1.80000000e+00 
 1.75828000e-02  8.99001353e-01  1.75828000e-02  9.98766178e-01  1.75828000e-02  1.80000000e+00 
 1.75928000e-02  8.99001699e-01  1.75928000e-02  9.98731883e-01  1.75928000e-02  1.80000000e+00 
 1.76028000e-02  8.99002085e-01  1.76028000e-02  9.98693688e-01  1.76028000e-02  1.80000000e+00 
 1.76128000e-02  8.99002511e-01  1.76128000e-02  9.98651592e-01  1.76128000e-02  1.80000000e+00 
 1.76228000e-02  8.99002975e-01  1.76228000e-02  9.98605598e-01  1.76228000e-02  1.80000000e+00 
 1.76328000e-02  8.99003479e-01  1.76328000e-02  9.98555708e-01  1.76328000e-02  1.80000000e+00 
 1.76428000e-02  8.99004022e-01  1.76428000e-02  9.98501923e-01  1.76428000e-02  1.80000000e+00 
 1.76528000e-02  8.99004605e-01  1.76528000e-02  9.98444247e-01  1.76528000e-02  1.80000000e+00 
 1.76628000e-02  8.99005227e-01  1.76628000e-02  9.98382680e-01  1.76628000e-02  1.80000000e+00 
 1.76728000e-02  8.99005888e-01  1.76728000e-02  9.98317226e-01  1.76728000e-02  1.80000000e+00 
 1.76828000e-02  8.99006589e-01  1.76828000e-02  9.98247887e-01  1.76828000e-02  1.80000000e+00 
 1.76928000e-02  8.99007328e-01  1.76928000e-02  9.98174665e-01  1.76928000e-02  1.80000000e+00 
 1.77028000e-02  8.99008107e-01  1.77028000e-02  9.98097564e-01  1.77028000e-02  1.80000000e+00 
 1.77128000e-02  8.99008925e-01  1.77128000e-02  9.98016587e-01  1.77128000e-02  1.80000000e+00 
 1.77228000e-02  8.99009783e-01  1.77228000e-02  9.97931737e-01  1.77228000e-02  1.80000000e+00 
 1.77328000e-02  8.99010679e-01  1.77328000e-02  9.97843017e-01  1.77328000e-02  1.80000000e+00 
 1.77428000e-02  8.99011614e-01  1.77428000e-02  9.97750431e-01  1.77428000e-02  1.80000000e+00 
 1.77528000e-02  8.99012588e-01  1.77528000e-02  9.97653983e-01  1.77528000e-02  1.80000000e+00 
 1.77628000e-02  8.99013602e-01  1.77628000e-02  9.97553675e-01  1.77628000e-02  1.80000000e+00 
 1.77728000e-02  8.99014654e-01  1.77728000e-02  9.97449513e-01  1.77728000e-02  1.80000000e+00 
 1.77828000e-02  8.99015745e-01  1.77828000e-02  9.97341500e-01  1.77828000e-02  1.80000000e+00 
 1.77928000e-02  8.99016875e-01  1.77928000e-02  9.97229641e-01  1.77928000e-02  1.80000000e+00 
 1.78028000e-02  8.99018044e-01  1.78028000e-02  9.97113940e-01  1.78028000e-02  1.80000000e+00 
 1.78128000e-02  8.99019252e-01  1.78128000e-02  9.96994401e-01  1.78128000e-02  1.80000000e+00 
 1.78228000e-02  8.99020498e-01  1.78228000e-02  9.96871029e-01  1.78228000e-02  1.80000000e+00 
 1.78328000e-02  8.99021783e-01  1.78328000e-02  9.96743830e-01  1.78328000e-02  1.80000000e+00 
 1.78428000e-02  8.99023106e-01  1.78428000e-02  9.96612808e-01  1.78428000e-02  1.80000000e+00 
 1.78528000e-02  8.99024469e-01  1.78528000e-02  9.96477968e-01  1.78528000e-02  1.80000000e+00 
 1.78628000e-02  8.99025869e-01  1.78628000e-02  9.96339316e-01  1.78628000e-02  1.80000000e+00 
 1.78728000e-02  8.99027308e-01  1.78728000e-02  9.96196857e-01  1.78728000e-02  1.80000000e+00 
 1.78828000e-02  8.99028786e-01  1.78828000e-02  9.96050597e-01  1.78828000e-02  1.80000000e+00 
 1.78928000e-02  8.99030302e-01  1.78928000e-02  9.95900541e-01  1.78928000e-02  1.80000000e+00 
 1.79028000e-02  8.99031856e-01  1.79028000e-02  9.95746696e-01  1.79028000e-02  1.80000000e+00 
 1.79128000e-02  8.99033448e-01  1.79128000e-02  9.95589067e-01  1.79128000e-02  1.80000000e+00 
 1.79228000e-02  8.99035079e-01  1.79228000e-02  9.95427661e-01  1.79228000e-02  1.80000000e+00 
 1.79328000e-02  8.99036747e-01  1.79328000e-02  9.95262484e-01  1.79328000e-02  1.80000000e+00 
 1.79428000e-02  8.99038454e-01  1.79428000e-02  9.95093543e-01  1.79428000e-02  1.80000000e+00 
 1.79528000e-02  8.99040199e-01  1.79528000e-02  9.94920844e-01  1.79528000e-02  1.80000000e+00 
 1.79628000e-02  8.99041981e-01  1.79628000e-02  9.94744394e-01  1.79628000e-02  1.80000000e+00 
 1.79728000e-02  8.99043801e-01  1.79728000e-02  9.94564200e-01  1.79728000e-02  1.80000000e+00 
 1.79828000e-02  8.99045660e-01  1.79828000e-02  9.94380270e-01  1.79828000e-02  1.80000000e+00 
 1.79928000e-02  8.99047555e-01  1.79928000e-02  9.94192610e-01  1.79928000e-02  1.80000000e+00 
 1.80028000e-02  8.99049489e-01  1.80028000e-02  9.94001228e-01  1.80028000e-02  1.80000000e+00 
 1.80128000e-02  8.99051459e-01  1.80128000e-02  9.93806131e-01  1.80128000e-02  1.80000000e+00 
 1.80228000e-02  8.99053468e-01  1.80228000e-02  9.93607328e-01  1.80228000e-02  1.80000000e+00 
 1.80328000e-02  8.99055513e-01  1.80328000e-02  9.93404825e-01  1.80328000e-02  1.80000000e+00 
 1.80428000e-02  8.99057596e-01  1.80428000e-02  9.93198631e-01  1.80428000e-02  1.80000000e+00 
 1.80528000e-02  8.99059717e-01  1.80528000e-02  9.92988755e-01  1.80528000e-02  1.80000000e+00 
 1.80628000e-02  8.99061874e-01  1.80628000e-02  9.92775204e-01  1.80628000e-02  1.80000000e+00 
 1.80728000e-02  8.99064068e-01  1.80728000e-02  9.92557987e-01  1.80728000e-02  1.80000000e+00 
 1.80828000e-02  8.99066300e-01  1.80828000e-02  9.92337112e-01  1.80828000e-02  1.80000000e+00 
 1.80928000e-02  8.99068568e-01  1.80928000e-02  9.92112589e-01  1.80928000e-02  1.80000000e+00 
 1.81028000e-02  8.99070873e-01  1.81028000e-02  9.91884425e-01  1.81028000e-02  1.80000000e+00 
 1.81128000e-02  8.99073214e-01  1.81128000e-02  9.91652630e-01  1.81128000e-02  1.80000000e+00 
 1.81228000e-02  8.99075592e-01  1.81228000e-02  9.91417214e-01  1.81228000e-02  1.80000000e+00 
 1.81328000e-02  8.99078007e-01  1.81328000e-02  9.91178185e-01  1.81328000e-02  1.80000000e+00 
 1.81428000e-02  8.99080458e-01  1.81428000e-02  9.90935553e-01  1.81428000e-02  1.80000000e+00 
 1.81528000e-02  8.99082945e-01  1.81528000e-02  9.90689327e-01  1.81528000e-02  1.80000000e+00 
 1.81628000e-02  8.99085469e-01  1.81628000e-02  9.90439518e-01  1.81628000e-02  1.80000000e+00 
 1.81728000e-02  8.99088029e-01  1.81728000e-02  9.90186134e-01  1.81728000e-02  1.80000000e+00 
 1.81828000e-02  8.99090624e-01  1.81828000e-02  9.89929187e-01  1.81828000e-02  1.80000000e+00 
 1.81928000e-02  8.99093256e-01  1.81928000e-02  9.89668686e-01  1.81928000e-02  1.80000000e+00 
 1.82028000e-02  8.99095923e-01  1.82028000e-02  9.89404641e-01  1.82028000e-02  1.80000000e+00 
 1.82128000e-02  8.99098626e-01  1.82128000e-02  9.89137063e-01  1.82128000e-02  1.80000000e+00 
 1.82228000e-02  8.99101365e-01  1.82228000e-02  9.88865963e-01  1.82228000e-02  1.80000000e+00 
 1.82328000e-02  8.99104139e-01  1.82328000e-02  9.88591351e-01  1.82328000e-02  1.80000000e+00 
 1.82428000e-02  8.99106949e-01  1.82428000e-02  9.88313238e-01  1.82428000e-02  1.80000000e+00 
 1.82528000e-02  8.99109794e-01  1.82528000e-02  9.88031635e-01  1.82528000e-02  1.80000000e+00 
 1.82628000e-02  8.99112673e-01  1.82628000e-02  9.87746553e-01  1.82628000e-02  1.80000000e+00 
 1.82728000e-02  8.99115588e-01  1.82728000e-02  9.87458003e-01  1.82728000e-02  1.80000000e+00 
 1.82828000e-02  8.99118538e-01  1.82828000e-02  9.87165997e-01  1.82828000e-02  1.80000000e+00 
 1.82928000e-02  8.99121523e-01  1.82928000e-02  9.86870547e-01  1.82928000e-02  1.80000000e+00 
 1.83028000e-02  8.99124542e-01  1.83028000e-02  9.86571663e-01  1.83028000e-02  1.80000000e+00 
 1.83128000e-02  8.99127596e-01  1.83128000e-02  9.86269358e-01  1.83128000e-02  1.80000000e+00 
 1.83228000e-02  8.99130684e-01  1.83228000e-02  9.85963644e-01  1.83228000e-02  1.80000000e+00 
 1.83328000e-02  8.99133807e-01  1.83328000e-02  9.85654532e-01  1.83328000e-02  1.80000000e+00 
 1.83428000e-02  8.99136964e-01  1.83428000e-02  9.85342036e-01  1.83428000e-02  1.80000000e+00 
 1.83528000e-02  8.99140155e-01  1.83528000e-02  9.85026167e-01  1.83528000e-02  1.80000000e+00 
 1.83628000e-02  8.99143380e-01  1.83628000e-02  9.84706937e-01  1.83628000e-02  1.80000000e+00 
 1.83728000e-02  8.99146638e-01  1.83728000e-02  9.84384360e-01  1.83728000e-02  1.80000000e+00 
 1.83828000e-02  8.99149931e-01  1.83828000e-02  9.84058448e-01  1.83828000e-02  1.80000000e+00 
 1.83928000e-02  8.99153257e-01  1.83928000e-02  9.83729214e-01  1.83928000e-02  1.80000000e+00 
 1.84028000e-02  8.99156616e-01  1.84028000e-02  9.83396671e-01  1.84028000e-02  1.80000000e+00 
 1.84128000e-02  8.99160009e-01  1.84128000e-02  9.83060832e-01  1.84128000e-02  1.80000000e+00 
 1.84228000e-02  8.99163435e-01  1.84228000e-02  9.82721710e-01  1.84228000e-02  1.80000000e+00 
 1.84328000e-02  8.99166893e-01  1.84328000e-02  9.82379319e-01  1.84328000e-02  1.80000000e+00 
 1.84428000e-02  8.99170385e-01  1.84428000e-02  9.82033672e-01  1.84428000e-02  1.80000000e+00 
 1.84528000e-02  8.99173910e-01  1.84528000e-02  9.81684784e-01  1.84528000e-02  1.80000000e+00 
 1.84628000e-02  8.99177467e-01  1.84628000e-02  9.81332667e-01  1.84628000e-02  1.80000000e+00 
 1.84728000e-02  8.99181056e-01  1.84728000e-02  9.80977335e-01  1.84728000e-02  1.80000000e+00 
 1.84828000e-02  8.99184678e-01  1.84828000e-02  9.80618803e-01  1.84828000e-02  1.80000000e+00 
 1.84928000e-02  8.99188332e-01  1.84928000e-02  9.80257085e-01  1.84928000e-02  1.80000000e+00 
 1.85028000e-02  8.99192018e-01  1.85028000e-02  9.79892195e-01  1.85028000e-02  1.80000000e+00 
 1.85128000e-02  8.99195736e-01  1.85128000e-02  9.79524147e-01  1.85128000e-02  1.80000000e+00 
 1.85228000e-02  8.99199486e-01  1.85228000e-02  9.79152956e-01  1.85228000e-02  1.80000000e+00 
 1.85328000e-02  8.99203268e-01  1.85328000e-02  9.78778637e-01  1.85328000e-02  1.80000000e+00 
 1.85428000e-02  8.99207080e-01  1.85428000e-02  9.78401204e-01  1.85428000e-02  1.80000000e+00 
 1.85528000e-02  8.99210924e-01  1.85528000e-02  9.78020673e-01  1.85528000e-02  1.80000000e+00 
 1.85628000e-02  8.99214800e-01  1.85628000e-02  9.77637058e-01  1.85628000e-02  1.80000000e+00 
 1.85728000e-02  8.99218706e-01  1.85728000e-02  9.77250374e-01  1.85728000e-02  1.80000000e+00 
 1.85828000e-02  8.99222643e-01  1.85828000e-02  9.76860638e-01  1.85828000e-02  1.80000000e+00 
 1.85928000e-02  8.99226611e-01  1.85928000e-02  9.76467863e-01  1.85928000e-02  1.80000000e+00 
 1.86028000e-02  8.99230609e-01  1.86028000e-02  9.76072066e-01  1.86028000e-02  1.80000000e+00 
 1.86128000e-02  8.99234638e-01  1.86128000e-02  9.75673262e-01  1.86128000e-02  1.80000000e+00 
 1.86228000e-02  8.99238697e-01  1.86228000e-02  9.75271467e-01  1.86228000e-02  1.80000000e+00 
 1.86328000e-02  8.99242786e-01  1.86328000e-02  9.74866697e-01  1.86328000e-02  1.80000000e+00 
 1.86428000e-02  8.99246905e-01  1.86428000e-02  9.74458968e-01  1.86428000e-02  1.80000000e+00 
 1.86528000e-02  8.99251054e-01  1.86528000e-02  9.74048295e-01  1.86528000e-02  1.80000000e+00 
 1.86628000e-02  8.99255232e-01  1.86628000e-02  9.73634696e-01  1.86628000e-02  1.80000000e+00 
 1.86728000e-02  8.99259439e-01  1.86728000e-02  9.73218187e-01  1.86728000e-02  1.80000000e+00 
 1.86828000e-02  8.99263676e-01  1.86828000e-02  9.72798783e-01  1.86828000e-02  1.80000000e+00 
 1.86928000e-02  8.99267942e-01  1.86928000e-02  9.72376502e-01  1.86928000e-02  1.80000000e+00 
 1.87028000e-02  8.99272237e-01  1.87028000e-02  9.71951360e-01  1.87028000e-02  1.80000000e+00 
 1.87128000e-02  8.99276560e-01  1.87128000e-02  9.71523374e-01  1.87128000e-02  1.80000000e+00 
 1.87228000e-02  8.99280912e-01  1.87228000e-02  9.71092560e-01  1.87228000e-02  1.80000000e+00 
 1.87328000e-02  8.99285293e-01  1.87328000e-02  9.70658937e-01  1.87328000e-02  1.80000000e+00 
 1.87428000e-02  8.99289702e-01  1.87428000e-02  9.70222520e-01  1.87428000e-02  1.80000000e+00 
 1.87528000e-02  8.99294138e-01  1.87528000e-02  9.69783328e-01  1.87528000e-02  1.80000000e+00 
 1.87628000e-02  8.99298603e-01  1.87628000e-02  9.69341377e-01  1.87628000e-02  1.80000000e+00 
 1.87728000e-02  8.99303095e-01  1.87728000e-02  9.68896685e-01  1.87728000e-02  1.80000000e+00 
 1.87828000e-02  8.99307615e-01  1.87828000e-02  9.68449270e-01  1.87828000e-02  1.80000000e+00 
 1.87928000e-02  8.99312162e-01  1.87928000e-02  9.67999149e-01  1.87928000e-02  1.80000000e+00 
 1.88028000e-02  8.99316736e-01  1.88028000e-02  9.67546339e-01  1.88028000e-02  1.80000000e+00 
 1.88128000e-02  8.99321338e-01  1.88128000e-02  9.67090860e-01  1.88128000e-02  1.80000000e+00 
 1.88228000e-02  8.99325966e-01  1.88228000e-02  9.66632729e-01  1.88228000e-02  1.80000000e+00 
 1.88328000e-02  8.99330620e-01  1.88328000e-02  9.66171963e-01  1.88328000e-02  1.80000000e+00 
 1.88428000e-02  8.99335301e-01  1.88428000e-02  9.65708581e-01  1.88428000e-02  1.80000000e+00 
 1.88528000e-02  8.99340009e-01  1.88528000e-02  9.65242602e-01  1.88528000e-02  1.80000000e+00 
 1.88628000e-02  8.99344742e-01  1.88628000e-02  9.64774044e-01  1.88628000e-02  1.80000000e+00 
 1.88728000e-02  8.99349501e-01  1.88728000e-02  9.64302925e-01  1.88728000e-02  1.80000000e+00 
 1.88828000e-02  8.99354286e-01  1.88828000e-02  9.63829264e-01  1.88828000e-02  1.80000000e+00 
 1.88928000e-02  8.99359097e-01  1.88928000e-02  9.63353079e-01  1.88928000e-02  1.80000000e+00 
 1.89028000e-02  8.99363933e-01  1.89028000e-02  9.62874390e-01  1.89028000e-02  1.80000000e+00 
 1.89128000e-02  8.99368793e-01  1.89128000e-02  9.62393215e-01  1.89128000e-02  1.80000000e+00 
 1.89228000e-02  8.99373679e-01  1.89228000e-02  9.61909573e-01  1.89228000e-02  1.80000000e+00 
 1.89328000e-02  8.99378590e-01  1.89328000e-02  9.61423484e-01  1.89328000e-02  1.80000000e+00 
 1.89428000e-02  8.99383525e-01  1.89428000e-02  9.60934966e-01  1.89428000e-02  1.80000000e+00 
 1.89528000e-02  8.99388484e-01  1.89528000e-02  9.60444039e-01  1.89528000e-02  1.80000000e+00 
 1.89628000e-02  8.99393468e-01  1.89628000e-02  9.59950722e-01  1.89628000e-02  1.80000000e+00 
 1.89728000e-02  8.99398475e-01  1.89728000e-02  9.59455035e-01  1.89728000e-02  1.80000000e+00 
 1.89828000e-02  8.99403506e-01  1.89828000e-02  9.58956997e-01  1.89828000e-02  1.80000000e+00 
 1.89928000e-02  8.99408561e-01  1.89928000e-02  9.58456628e-01  1.89928000e-02  1.80000000e+00 
 1.90028000e-02  8.99413639e-01  1.90028000e-02  9.57953948e-01  1.90028000e-02  1.80000000e+00 
 1.90128000e-02  8.99418740e-01  1.90128000e-02  9.57448976e-01  1.90128000e-02  1.80000000e+00 
 1.90228000e-02  8.99423864e-01  1.90228000e-02  9.56941733e-01  1.90228000e-02  1.80000000e+00 
 1.90328000e-02  8.99429011e-01  1.90328000e-02  9.56432239e-01  1.90328000e-02  1.80000000e+00 
 1.90428000e-02  8.99434181e-01  1.90428000e-02  9.55920512e-01  1.90428000e-02  1.80000000e+00 
 1.90528000e-02  8.99439373e-01  1.90528000e-02  9.55406575e-01  1.90528000e-02  1.80000000e+00 
 1.90628000e-02  8.99444587e-01  1.90628000e-02  9.54890447e-01  1.90628000e-02  1.80000000e+00 
 1.90728000e-02  8.99449822e-01  1.90728000e-02  9.54372148e-01  1.90728000e-02  1.80000000e+00 
 1.90828000e-02  8.99455080e-01  1.90828000e-02  9.53851699e-01  1.90828000e-02  1.80000000e+00 
 1.90928000e-02  8.99460359e-01  1.90928000e-02  9.53329121e-01  1.90928000e-02  1.80000000e+00 
 1.91028000e-02  8.99465659e-01  1.91028000e-02  9.52804434e-01  1.91028000e-02  1.80000000e+00 
 1.91128000e-02  8.99470981e-01  1.91128000e-02  9.52277658e-01  1.91128000e-02  1.80000000e+00 
 1.91228000e-02  8.99476323e-01  1.91228000e-02  9.51748815e-01  1.91228000e-02  1.80000000e+00 
 1.91328000e-02  8.99481686e-01  1.91328000e-02  9.51217926e-01  1.91328000e-02  1.80000000e+00 
 1.91428000e-02  8.99487070e-01  1.91428000e-02  9.50685011e-01  1.91428000e-02  1.80000000e+00 
 1.91528000e-02  8.99492474e-01  1.91528000e-02  9.50150092e-01  1.91528000e-02  1.80000000e+00 
 1.91628000e-02  8.99497897e-01  1.91628000e-02  9.49613189e-01  1.91628000e-02  1.80000000e+00 
 1.91728000e-02  8.99503341e-01  1.91728000e-02  9.49074324e-01  1.91728000e-02  1.80000000e+00 
 1.91828000e-02  8.99508804e-01  1.91828000e-02  9.48533518e-01  1.91828000e-02  1.80000000e+00 
 1.91928000e-02  8.99514287e-01  1.91928000e-02  9.47990793e-01  1.91928000e-02  1.80000000e+00 
 1.92028000e-02  8.99519789e-01  1.92028000e-02  9.47446169e-01  1.92028000e-02  1.80000000e+00 
 1.92128000e-02  8.99525310e-01  1.92128000e-02  9.46899669e-01  1.92128000e-02  1.80000000e+00 
 1.92228000e-02  8.99530849e-01  1.92228000e-02  9.46351313e-01  1.92228000e-02  1.80000000e+00 
 1.92328000e-02  8.99536407e-01  1.92328000e-02  9.45801125e-01  1.92328000e-02  1.80000000e+00 
 1.92428000e-02  8.99541983e-01  1.92428000e-02  9.45249124e-01  1.92428000e-02  1.80000000e+00 
 1.92528000e-02  8.99547578e-01  1.92528000e-02  9.44695334e-01  1.92528000e-02  1.80000000e+00 
 1.92628000e-02  8.99553190e-01  1.92628000e-02  9.44139775e-01  1.92628000e-02  1.80000000e+00 
 1.92728000e-02  8.99558820e-01  1.92728000e-02  9.43582471e-01  1.92728000e-02  1.80000000e+00 
 1.92828000e-02  8.99564467e-01  1.92828000e-02  9.43023442e-01  1.92828000e-02  1.80000000e+00 
 1.92928000e-02  8.99570132e-01  1.92928000e-02  9.42462712e-01  1.92928000e-02  1.80000000e+00 
 1.93028000e-02  8.99575813e-01  1.93028000e-02  9.41900301e-01  1.93028000e-02  1.80000000e+00 
 1.93128000e-02  8.99581511e-01  1.93128000e-02  9.41336233e-01  1.93128000e-02  1.80000000e+00 
 1.93228000e-02  8.99587226e-01  1.93228000e-02  9.40770529e-01  1.93228000e-02  1.80000000e+00 
 1.93328000e-02  8.99592957e-01  1.93328000e-02  9.40203212e-01  1.93328000e-02  1.80000000e+00 
 1.93428000e-02  8.99598704e-01  1.93428000e-02  9.39634305e-01  1.93428000e-02  1.80000000e+00 
 1.93528000e-02  8.99604467e-01  1.93528000e-02  9.39063829e-01  1.93528000e-02  1.80000000e+00 
 1.93628000e-02  8.99610246e-01  1.93628000e-02  9.38491807e-01  1.93628000e-02  1.80000000e+00 
 1.93728000e-02  8.99616040e-01  1.93728000e-02  9.37918263e-01  1.93728000e-02  1.80000000e+00 
 1.93828000e-02  8.99621849e-01  1.93828000e-02  9.37343217e-01  1.93828000e-02  1.80000000e+00 
 1.93928000e-02  8.99627673e-01  1.93928000e-02  9.36766694e-01  1.93928000e-02  1.80000000e+00 
 1.94028000e-02  8.99633512e-01  1.94028000e-02  9.36188716e-01  1.94028000e-02  1.80000000e+00 
 1.94128000e-02  8.99639365e-01  1.94128000e-02  9.35609306e-01  1.94128000e-02  1.80000000e+00 
 1.94228000e-02  8.99645232e-01  1.94228000e-02  9.35028487e-01  1.94228000e-02  1.80000000e+00 
 1.94328000e-02  8.99651114e-01  1.94328000e-02  9.34446281e-01  1.94328000e-02  1.80000000e+00 
 1.94428000e-02  8.99657009e-01  1.94428000e-02  9.33862711e-01  1.94428000e-02  1.80000000e+00 
 1.94528000e-02  8.99662918e-01  1.94528000e-02  9.33277801e-01  1.94528000e-02  1.80000000e+00 
 1.94628000e-02  8.99668840e-01  1.94628000e-02  9.32691574e-01  1.94628000e-02  1.80000000e+00 
 1.94728000e-02  8.99674775e-01  1.94728000e-02  9.32104053e-01  1.94728000e-02  1.80000000e+00 
 1.94828000e-02  8.99680723e-01  1.94828000e-02  9.31515261e-01  1.94828000e-02  1.80000000e+00 
 1.94928000e-02  8.99686684e-01  1.94928000e-02  9.30925221e-01  1.94928000e-02  1.80000000e+00 
 1.95028000e-02  8.99692657e-01  1.95028000e-02  9.30333956e-01  1.95028000e-02  1.80000000e+00 
 1.95128000e-02  8.99698642e-01  1.95128000e-02  9.29741491e-01  1.95128000e-02  1.80000000e+00 
 1.95228000e-02  8.99704639e-01  1.95228000e-02  9.29147848e-01  1.95228000e-02  1.80000000e+00 
 1.95328000e-02  8.99710647e-01  1.95328000e-02  9.28553050e-01  1.95328000e-02  1.80000000e+00 
 1.95428000e-02  8.99716667e-01  1.95428000e-02  9.27957122e-01  1.95428000e-02  1.80000000e+00 
 1.95528000e-02  8.99722699e-01  1.95528000e-02  9.27360087e-01  1.95528000e-02  1.80000000e+00 
 1.95628000e-02  8.99728741e-01  1.95628000e-02  9.26761967e-01  1.95628000e-02  1.80000000e+00 
 1.95728000e-02  8.99734794e-01  1.95728000e-02  9.26162788e-01  1.95728000e-02  1.80000000e+00 
 1.95828000e-02  8.99740857e-01  1.95828000e-02  9.25562572e-01  1.95828000e-02  1.80000000e+00 
 1.95928000e-02  8.99746931e-01  1.95928000e-02  9.24961344e-01  1.95928000e-02  1.80000000e+00 
 1.96028000e-02  8.99753015e-01  1.96028000e-02  9.24359127e-01  1.96028000e-02  1.80000000e+00 
 1.96128000e-02  8.99759108e-01  1.96128000e-02  9.23755944e-01  1.96128000e-02  1.80000000e+00 
 1.96228000e-02  8.99765211e-01  1.96228000e-02  9.23151820e-01  1.96228000e-02  1.80000000e+00 
 1.96328000e-02  8.99771323e-01  1.96328000e-02  9.22546779e-01  1.96328000e-02  1.80000000e+00 
 1.96428000e-02  8.99777444e-01  1.96428000e-02  9.21940844e-01  1.96428000e-02  1.80000000e+00 
 1.96528000e-02  8.99783574e-01  1.96528000e-02  9.21334039e-01  1.96528000e-02  1.80000000e+00 
 1.96628000e-02  8.99789713e-01  1.96628000e-02  9.20726388e-01  1.96628000e-02  1.80000000e+00 
 1.96728000e-02  8.99795859e-01  1.96728000e-02  9.20117916e-01  1.96728000e-02  1.80000000e+00 
 1.96828000e-02  8.99802014e-01  1.96828000e-02  9.19508645e-01  1.96828000e-02  1.80000000e+00 
 1.96928000e-02  8.99808177e-01  1.96928000e-02  9.18898601e-01  1.96928000e-02  1.80000000e+00 
 1.97028000e-02  8.99814347e-01  1.97028000e-02  9.18287808e-01  1.97028000e-02  1.80000000e+00 
 1.97128000e-02  8.99820525e-01  1.97128000e-02  9.17676289e-01  1.97128000e-02  1.80000000e+00 
 1.97228000e-02  8.99826709e-01  1.97228000e-02  9.17064068e-01  1.97228000e-02  1.80000000e+00 
 1.97328000e-02  8.99832901e-01  1.97328000e-02  9.16451170e-01  1.97328000e-02  1.80000000e+00 
 1.97428000e-02  8.99839099e-01  1.97428000e-02  9.15837620e-01  1.97428000e-02  1.80000000e+00 
 1.97528000e-02  8.99845303e-01  1.97528000e-02  9.15223440e-01  1.97528000e-02  1.80000000e+00 
 1.97628000e-02  8.99851514e-01  1.97628000e-02  9.14608656e-01  1.97628000e-02  1.80000000e+00 
 1.97728000e-02  8.99857730e-01  1.97728000e-02  9.13993292e-01  1.97728000e-02  1.80000000e+00 
 1.97828000e-02  8.99863952e-01  1.97828000e-02  9.13377371e-01  1.97828000e-02  1.80000000e+00 
 1.97928000e-02  8.99870180e-01  1.97928000e-02  9.12760919e-01  1.97928000e-02  1.80000000e+00 
 1.98028000e-02  8.99876412e-01  1.98028000e-02  9.12143960e-01  1.98028000e-02  1.80000000e+00 
 1.98128000e-02  8.99882650e-01  1.98128000e-02  9.11526518e-01  1.98128000e-02  1.80000000e+00 
 1.98228000e-02  8.99888892e-01  1.98228000e-02  9.10908617e-01  1.98228000e-02  1.80000000e+00 
 1.98328000e-02  8.99895138e-01  1.98328000e-02  9.10290282e-01  1.98328000e-02  1.80000000e+00 
 1.98428000e-02  8.99901389e-01  1.98428000e-02  9.09671537e-01  1.98428000e-02  1.80000000e+00 
 1.98528000e-02  8.99907643e-01  1.98528000e-02  9.09052406e-01  1.98528000e-02  1.80000000e+00 
 1.98628000e-02  8.99913901e-01  1.98628000e-02  9.08432915e-01  1.98628000e-02  1.80000000e+00 
 1.98728000e-02  8.99920163e-01  1.98728000e-02  9.07813088e-01  1.98728000e-02  1.80000000e+00 
 1.98828000e-02  8.99926428e-01  1.98828000e-02  9.07192948e-01  1.98828000e-02  1.80000000e+00 
 1.98928000e-02  8.99932695e-01  1.98928000e-02  9.06572521e-01  1.98928000e-02  1.80000000e+00 
 1.99028000e-02  8.99938965e-01  1.99028000e-02  9.05951830e-01  1.99028000e-02  1.80000000e+00 
 1.99128000e-02  8.99945238e-01  1.99128000e-02  9.05330902e-01  1.99128000e-02  1.80000000e+00 
 1.99228000e-02  8.99951513e-01  1.99228000e-02  9.04709759e-01  1.99228000e-02  1.80000000e+00 
 1.99328000e-02  8.99957790e-01  1.99328000e-02  9.04088427e-01  1.99328000e-02  1.80000000e+00 
 1.99428000e-02  8.99964068e-01  1.99428000e-02  9.03466929e-01  1.99428000e-02  1.80000000e+00 
 1.99528000e-02  8.99970348e-01  1.99528000e-02  9.02845292e-01  1.99528000e-02  1.80000000e+00 
 1.99628000e-02  8.99976629e-01  1.99628000e-02  9.02223538e-01  1.99628000e-02  1.80000000e+00 
 1.99728000e-02  8.99982911e-01  1.99728000e-02  9.01601694e-01  1.99728000e-02  1.80000000e+00 
 1.99828000e-02  8.99989193e-01  1.99828000e-02  9.00979782e-01  1.99828000e-02  1.80000000e+00 
 1.99928000e-02  8.99995476e-01  1.99928000e-02  9.00357828e-01  1.99928000e-02  1.80000000e+00 
 2.00028000e-02  9.00001759e-01  2.00028000e-02  8.99735857e-01  2.00028000e-02  0.00000000e+00 
 2.00128000e-02  9.00008042e-01  2.00128000e-02  8.99113892e-01  2.00128000e-02  0.00000000e+00 
 2.00228000e-02  9.00014325e-01  2.00228000e-02  8.98491959e-01  2.00228000e-02  0.00000000e+00 
 2.00328000e-02  9.00020607e-01  2.00328000e-02  8.97870081e-01  2.00328000e-02  0.00000000e+00 
 2.00428000e-02  9.00026889e-01  2.00428000e-02  8.97248285e-01  2.00428000e-02  0.00000000e+00 
 2.00528000e-02  9.00033169e-01  2.00528000e-02  8.96626593e-01  2.00528000e-02  0.00000000e+00 
 2.00628000e-02  9.00039448e-01  2.00628000e-02  8.96005031e-01  2.00628000e-02  0.00000000e+00 
 2.00728000e-02  9.00045726e-01  2.00728000e-02  8.95383623e-01  2.00728000e-02  0.00000000e+00 
 2.00828000e-02  9.00052001e-01  2.00828000e-02  8.94762394e-01  2.00828000e-02  0.00000000e+00 
 2.00928000e-02  9.00058275e-01  2.00928000e-02  8.94141368e-01  2.00928000e-02  0.00000000e+00 
 2.01028000e-02  9.00064546e-01  2.01028000e-02  8.93520570e-01  2.01028000e-02  0.00000000e+00 
 2.01128000e-02  9.00070815e-01  2.01128000e-02  8.92900024e-01  2.01128000e-02  0.00000000e+00 
 2.01228000e-02  9.00077081e-01  2.01228000e-02  8.92279755e-01  2.01228000e-02  0.00000000e+00 
 2.01328000e-02  9.00083344e-01  2.01328000e-02  8.91659787e-01  2.01328000e-02  0.00000000e+00 
 2.01428000e-02  9.00089604e-01  2.01428000e-02  8.91040145e-01  2.01428000e-02  0.00000000e+00 
 2.01528000e-02  9.00095860e-01  2.01528000e-02  8.90420852e-01  2.01528000e-02  0.00000000e+00 
 2.01628000e-02  9.00102112e-01  2.01628000e-02  8.89801935e-01  2.01628000e-02  0.00000000e+00 
 2.01728000e-02  9.00108360e-01  2.01728000e-02  8.89183417e-01  2.01728000e-02  0.00000000e+00 
 2.01828000e-02  9.00114604e-01  2.01828000e-02  8.88565322e-01  2.01828000e-02  0.00000000e+00 
 2.01928000e-02  9.00120844e-01  2.01928000e-02  8.87947674e-01  2.01928000e-02  0.00000000e+00 
 2.02028000e-02  9.00127078e-01  2.02028000e-02  8.87330500e-01  2.02028000e-02  0.00000000e+00 
 2.02128000e-02  9.00133308e-01  2.02128000e-02  8.86713821e-01  2.02128000e-02  0.00000000e+00 
 2.02228000e-02  9.00139533e-01  2.02228000e-02  8.86097664e-01  2.02228000e-02  0.00000000e+00 
 2.02328000e-02  9.00145752e-01  2.02328000e-02  8.85482052e-01  2.02328000e-02  0.00000000e+00 
 2.02428000e-02  9.00151965e-01  2.02428000e-02  8.84867010e-01  2.02428000e-02  0.00000000e+00 
 2.02528000e-02  9.00158172e-01  2.02528000e-02  8.84252561e-01  2.02528000e-02  0.00000000e+00 
 2.02628000e-02  9.00164373e-01  2.02628000e-02  8.83638731e-01  2.02628000e-02  0.00000000e+00 
 2.02728000e-02  9.00170567e-01  2.02728000e-02  8.83025543e-01  2.02728000e-02  0.00000000e+00 
 2.02828000e-02  9.00176755e-01  2.02828000e-02  8.82413021e-01  2.02828000e-02  0.00000000e+00 
 2.02928000e-02  9.00182936e-01  2.02928000e-02  8.81801190e-01  2.02928000e-02  0.00000000e+00 
 2.03028000e-02  9.00189109e-01  2.03028000e-02  8.81190075e-01  2.03028000e-02  0.00000000e+00 
 2.03128000e-02  9.00195275e-01  2.03128000e-02  8.80579698e-01  2.03128000e-02  0.00000000e+00 
 2.03228000e-02  9.00201434e-01  2.03228000e-02  8.79970084e-01  2.03228000e-02  0.00000000e+00 
 2.03328000e-02  9.00207584e-01  2.03328000e-02  8.79361258e-01  2.03328000e-02  0.00000000e+00 
 2.03428000e-02  9.00213726e-01  2.03428000e-02  8.78753242e-01  2.03428000e-02  0.00000000e+00 
 2.03528000e-02  9.00219860e-01  2.03528000e-02  8.78146063e-01  2.03528000e-02  0.00000000e+00 
 2.03628000e-02  9.00225985e-01  2.03628000e-02  8.77539742e-01  2.03628000e-02  0.00000000e+00 
 2.03728000e-02  9.00232101e-01  2.03728000e-02  8.76934304e-01  2.03728000e-02  0.00000000e+00 
 2.03828000e-02  9.00238208e-01  2.03828000e-02  8.76329774e-01  2.03828000e-02  0.00000000e+00 
 2.03928000e-02  9.00244306e-01  2.03928000e-02  8.75726174e-01  2.03928000e-02  0.00000000e+00 
 2.04028000e-02  9.00250394e-01  2.04028000e-02  8.75123529e-01  2.04028000e-02  0.00000000e+00 
 2.04128000e-02  9.00256472e-01  2.04128000e-02  8.74521862e-01  2.04128000e-02  0.00000000e+00 
 2.04228000e-02  9.00262539e-01  2.04228000e-02  8.73921198e-01  2.04228000e-02  0.00000000e+00 
 2.04328000e-02  9.00268597e-01  2.04328000e-02  8.73321560e-01  2.04328000e-02  0.00000000e+00 
 2.04428000e-02  9.00274644e-01  2.04428000e-02  8.72722972e-01  2.04428000e-02  0.00000000e+00 
 2.04528000e-02  9.00280680e-01  2.04528000e-02  8.72125456e-01  2.04528000e-02  0.00000000e+00 
 2.04628000e-02  9.00286705e-01  2.04628000e-02  8.71529038e-01  2.04628000e-02  0.00000000e+00 
 2.04728000e-02  9.00292719e-01  2.04728000e-02  8.70933740e-01  2.04728000e-02  0.00000000e+00 
 2.04828000e-02  9.00298721e-01  2.04828000e-02  8.70339586e-01  2.04828000e-02  0.00000000e+00 
 2.04928000e-02  9.00304711e-01  2.04928000e-02  8.69746600e-01  2.04928000e-02  0.00000000e+00 
 2.05028000e-02  9.00310690e-01  2.05028000e-02  8.69154804e-01  2.05028000e-02  0.00000000e+00 
 2.05128000e-02  9.00316656e-01  2.05128000e-02  8.68564222e-01  2.05128000e-02  0.00000000e+00 
 2.05228000e-02  9.00322609e-01  2.05228000e-02  8.67974878e-01  2.05228000e-02  0.00000000e+00 
 2.05328000e-02  9.00328550e-01  2.05328000e-02  8.67386795e-01  2.05328000e-02  0.00000000e+00 
 2.05428000e-02  9.00334478e-01  2.05428000e-02  8.66799995e-01  2.05428000e-02  0.00000000e+00 
 2.05528000e-02  9.00340393e-01  2.05528000e-02  8.66214503e-01  2.05528000e-02  0.00000000e+00 
 2.05628000e-02  9.00346294e-01  2.05628000e-02  8.65630341e-01  2.05628000e-02  0.00000000e+00 
 2.05728000e-02  9.00352181e-01  2.05728000e-02  8.65047533e-01  2.05728000e-02  0.00000000e+00 
 2.05828000e-02  9.00358055e-01  2.05828000e-02  8.64466100e-01  2.05828000e-02  0.00000000e+00 
 2.05928000e-02  9.00363915e-01  2.05928000e-02  8.63886067e-01  2.05928000e-02  0.00000000e+00 
 2.06028000e-02  9.00369760e-01  2.06028000e-02  8.63307456e-01  2.06028000e-02  0.00000000e+00 
 2.06128000e-02  9.00375590e-01  2.06128000e-02  8.62730290e-01  2.06128000e-02  0.00000000e+00 
 2.06228000e-02  9.00381406e-01  2.06228000e-02  8.62154592e-01  2.06228000e-02  0.00000000e+00 
 2.06328000e-02  9.00387207e-01  2.06328000e-02  8.61580384e-01  2.06328000e-02  0.00000000e+00 
 2.06428000e-02  9.00392992e-01  2.06428000e-02  8.61007689e-01  2.06428000e-02  0.00000000e+00 
 2.06528000e-02  9.00398762e-01  2.06528000e-02  8.60436531e-01  2.06528000e-02  0.00000000e+00 
 2.06628000e-02  9.00404516e-01  2.06628000e-02  8.59866930e-01  2.06628000e-02  0.00000000e+00 
 2.06728000e-02  9.00410254e-01  2.06728000e-02  8.59298911e-01  2.06728000e-02  0.00000000e+00 
 2.06828000e-02  9.00415976e-01  2.06828000e-02  8.58732495e-01  2.06828000e-02  0.00000000e+00 
 2.06928000e-02  9.00421682e-01  2.06928000e-02  8.58167704e-01  2.06928000e-02  0.00000000e+00 
 2.07028000e-02  9.00427370e-01  2.07028000e-02  8.57604561e-01  2.07028000e-02  0.00000000e+00 
 2.07128000e-02  9.00433042e-01  2.07128000e-02  8.57043089e-01  2.07128000e-02  0.00000000e+00 
 2.07228000e-02  9.00438697e-01  2.07228000e-02  8.56483308e-01  2.07228000e-02  0.00000000e+00 
 2.07328000e-02  9.00444335e-01  2.07328000e-02  8.55925243e-01  2.07328000e-02  0.00000000e+00 
 2.07428000e-02  9.00449955e-01  2.07428000e-02  8.55368913e-01  2.07428000e-02  0.00000000e+00 
 2.07528000e-02  9.00455557e-01  2.07528000e-02  8.54814342e-01  2.07528000e-02  0.00000000e+00 
 2.07628000e-02  9.00461142e-01  2.07628000e-02  8.54261551e-01  2.07628000e-02  0.00000000e+00 
 2.07728000e-02  9.00466708e-01  2.07728000e-02  8.53710563e-01  2.07728000e-02  0.00000000e+00 
 2.07828000e-02  9.00472255e-01  2.07828000e-02  8.53161398e-01  2.07828000e-02  0.00000000e+00 
 2.07928000e-02  9.00477784e-01  2.07928000e-02  8.52614079e-01  2.07928000e-02  0.00000000e+00 
 2.08028000e-02  9.00483295e-01  2.08028000e-02  8.52068627e-01  2.08028000e-02  0.00000000e+00 
 2.08128000e-02  9.00488786e-01  2.08128000e-02  8.51525064e-01  2.08128000e-02  0.00000000e+00 
 2.08228000e-02  9.00494257e-01  2.08228000e-02  8.50983410e-01  2.08228000e-02  0.00000000e+00 
 2.08328000e-02  9.00499710e-01  2.08328000e-02  8.50443689e-01  2.08328000e-02  0.00000000e+00 
 2.08428000e-02  9.00505142e-01  2.08428000e-02  8.49905920e-01  2.08428000e-02  0.00000000e+00 
 2.08528000e-02  9.00510555e-01  2.08528000e-02  8.49370125e-01  2.08528000e-02  0.00000000e+00 
 2.08628000e-02  9.00515947e-01  2.08628000e-02  8.48836326e-01  2.08628000e-02  0.00000000e+00 
 2.08728000e-02  9.00521319e-01  2.08728000e-02  8.48304543e-01  2.08728000e-02  0.00000000e+00 
 2.08828000e-02  9.00526671e-01  2.08828000e-02  8.47774797e-01  2.08828000e-02  0.00000000e+00 
 2.08928000e-02  9.00532002e-01  2.08928000e-02  8.47247109e-01  2.08928000e-02  0.00000000e+00 
 2.09028000e-02  9.00537311e-01  2.09028000e-02  8.46721501e-01  2.09028000e-02  0.00000000e+00 
 2.09128000e-02  9.00542600e-01  2.09128000e-02  8.46197992e-01  2.09128000e-02  0.00000000e+00 
 2.09228000e-02  9.00547867e-01  2.09228000e-02  8.45676604e-01  2.09228000e-02  0.00000000e+00 
 2.09328000e-02  9.00553112e-01  2.09328000e-02  8.45157356e-01  2.09328000e-02  0.00000000e+00 
 2.09428000e-02  9.00558336e-01  2.09428000e-02  8.44640270e-01  2.09428000e-02  0.00000000e+00 
 2.09528000e-02  9.00563538e-01  2.09528000e-02  8.44125367e-01  2.09528000e-02  0.00000000e+00 
 2.09628000e-02  9.00568717e-01  2.09628000e-02  8.43612665e-01  2.09628000e-02  0.00000000e+00 
 2.09728000e-02  9.00573874e-01  2.09728000e-02  8.43102186e-01  2.09728000e-02  0.00000000e+00 
 2.09828000e-02  9.00579008e-01  2.09828000e-02  8.42593950e-01  2.09828000e-02  0.00000000e+00 
 2.09928000e-02  9.00584119e-01  2.09928000e-02  8.42087976e-01  2.09928000e-02  0.00000000e+00 
 2.10028000e-02  9.00589208e-01  2.10028000e-02  8.41584285e-01  2.10028000e-02  0.00000000e+00 
 2.10128000e-02  9.00594273e-01  2.10128000e-02  8.41082897e-01  2.10128000e-02  0.00000000e+00 
 2.10228000e-02  9.00599314e-01  2.10228000e-02  8.40583831e-01  2.10228000e-02  0.00000000e+00 
 2.10328000e-02  9.00604332e-01  2.10328000e-02  8.40087107e-01  2.10328000e-02  0.00000000e+00 
 2.10428000e-02  9.00609326e-01  2.10428000e-02  8.39592745e-01  2.10428000e-02  0.00000000e+00 
 2.10528000e-02  9.00614296e-01  2.10528000e-02  8.39100764e-01  2.10528000e-02  0.00000000e+00 
 2.10628000e-02  9.00619242e-01  2.10628000e-02  8.38611184e-01  2.10628000e-02  0.00000000e+00 
 2.10728000e-02  9.00624163e-01  2.10728000e-02  8.38124024e-01  2.10728000e-02  0.00000000e+00 
 2.10828000e-02  9.00629060e-01  2.10828000e-02  8.37639303e-01  2.10828000e-02  0.00000000e+00 
 2.10928000e-02  9.00633932e-01  2.10928000e-02  8.37157040e-01  2.10928000e-02  0.00000000e+00 
 2.11028000e-02  9.00638779e-01  2.11028000e-02  8.36677255e-01  2.11028000e-02  0.00000000e+00 
 2.11128000e-02  9.00643600e-01  2.11128000e-02  8.36199966e-01  2.11128000e-02  0.00000000e+00 
 2.11228000e-02  9.00648396e-01  2.11228000e-02  8.35725192e-01  2.11228000e-02  0.00000000e+00 
 2.11328000e-02  9.00653167e-01  2.11328000e-02  8.35252952e-01  2.11328000e-02  0.00000000e+00 
 2.11428000e-02  9.00657912e-01  2.11428000e-02  8.34783265e-01  2.11428000e-02  0.00000000e+00 
 2.11528000e-02  9.00662631e-01  2.11528000e-02  8.34316148e-01  2.11528000e-02  0.00000000e+00 
 2.11628000e-02  9.00667323e-01  2.11628000e-02  8.33851621e-01  2.11628000e-02  0.00000000e+00 
 2.11728000e-02  9.00671989e-01  2.11728000e-02  8.33389703e-01  2.11728000e-02  0.00000000e+00 
 2.11828000e-02  9.00676629e-01  2.11828000e-02  8.32930410e-01  2.11828000e-02  0.00000000e+00 
 2.11928000e-02  9.00681242e-01  2.11928000e-02  8.32473761e-01  2.11928000e-02  0.00000000e+00 
 2.12028000e-02  9.00685829e-01  2.12028000e-02  8.32019775e-01  2.12028000e-02  0.00000000e+00 
 2.12128000e-02  9.00690388e-01  2.12128000e-02  8.31568469e-01  2.12128000e-02  0.00000000e+00 
 2.12228000e-02  9.00694919e-01  2.12228000e-02  8.31119861e-01  2.12228000e-02  0.00000000e+00 
 2.12328000e-02  9.00699424e-01  2.12328000e-02  8.30673968e-01  2.12328000e-02  0.00000000e+00 
 2.12428000e-02  9.00703901e-01  2.12428000e-02  8.30230809e-01  2.12428000e-02  0.00000000e+00 
 2.12528000e-02  9.00708350e-01  2.12528000e-02  8.29790401e-01  2.12528000e-02  0.00000000e+00 
 2.12628000e-02  9.00712771e-01  2.12628000e-02  8.29352761e-01  2.12628000e-02  0.00000000e+00 
 2.12728000e-02  9.00717164e-01  2.12728000e-02  8.28917907e-01  2.12728000e-02  0.00000000e+00 
 2.12828000e-02  9.00721528e-01  2.12828000e-02  8.28485855e-01  2.12828000e-02  0.00000000e+00 
 2.12928000e-02  9.00725864e-01  2.12928000e-02  8.28056623e-01  2.12928000e-02  0.00000000e+00 
 2.13028000e-02  9.00730172e-01  2.13028000e-02  8.27630227e-01  2.13028000e-02  0.00000000e+00 
 2.13128000e-02  9.00734450e-01  2.13128000e-02  8.27206685e-01  2.13128000e-02  0.00000000e+00 
 2.13228000e-02  9.00738700e-01  2.13228000e-02  8.26786013e-01  2.13228000e-02  0.00000000e+00 
 2.13328000e-02  9.00742921e-01  2.13328000e-02  8.26368228e-01  2.13328000e-02  0.00000000e+00 
 2.13428000e-02  9.00747112e-01  2.13428000e-02  8.25953346e-01  2.13428000e-02  0.00000000e+00 
 2.13528000e-02  9.00751273e-01  2.13528000e-02  8.25541384e-01  2.13528000e-02  0.00000000e+00 
 2.13628000e-02  9.00755405e-01  2.13628000e-02  8.25132358e-01  2.13628000e-02  0.00000000e+00 
 2.13728000e-02  9.00759508e-01  2.13728000e-02  8.24726284e-01  2.13728000e-02  0.00000000e+00 
 2.13828000e-02  9.00763580e-01  2.13828000e-02  8.24323178e-01  2.13828000e-02  0.00000000e+00 
 2.13928000e-02  9.00767622e-01  2.13928000e-02  8.23923056e-01  2.13928000e-02  0.00000000e+00 
 2.14028000e-02  9.00771633e-01  2.14028000e-02  8.23525934e-01  2.14028000e-02  0.00000000e+00 
 2.14128000e-02  9.00775615e-01  2.14128000e-02  8.23131828e-01  2.14128000e-02  0.00000000e+00 
 2.14228000e-02  9.00779565e-01  2.14228000e-02  8.22740752e-01  2.14228000e-02  0.00000000e+00 
 2.14328000e-02  9.00783485e-01  2.14328000e-02  8.22352723e-01  2.14328000e-02  0.00000000e+00 
 2.14428000e-02  9.00787374e-01  2.14428000e-02  8.21967756e-01  2.14428000e-02  0.00000000e+00 
 2.14528000e-02  9.00791232e-01  2.14528000e-02  8.21585866e-01  2.14528000e-02  0.00000000e+00 
 2.14628000e-02  9.00795059e-01  2.14628000e-02  8.21207068e-01  2.14628000e-02  0.00000000e+00 
 2.14728000e-02  9.00798854e-01  2.14728000e-02  8.20831377e-01  2.14728000e-02  0.00000000e+00 
 2.14828000e-02  9.00802618e-01  2.14828000e-02  8.20458808e-01  2.14828000e-02  0.00000000e+00 
 2.14928000e-02  9.00806350e-01  2.14928000e-02  8.20089376e-01  2.14928000e-02  0.00000000e+00 
 2.15028000e-02  9.00810050e-01  2.15028000e-02  8.19723095e-01  2.15028000e-02  0.00000000e+00 
 2.15128000e-02  9.00813718e-01  2.15128000e-02  8.19359979e-01  2.15128000e-02  0.00000000e+00 
 2.15228000e-02  9.00817354e-01  2.15228000e-02  8.19000043e-01  2.15228000e-02  0.00000000e+00 
 2.15328000e-02  9.00820958e-01  2.15328000e-02  8.18643302e-01  2.15328000e-02  0.00000000e+00 
 2.15428000e-02  9.00824529e-01  2.15428000e-02  8.18289769e-01  2.15428000e-02  0.00000000e+00 
 2.15528000e-02  9.00828068e-01  2.15528000e-02  8.17939458e-01  2.15528000e-02  0.00000000e+00 
 2.15628000e-02  9.00831574e-01  2.15628000e-02  8.17592383e-01  2.15628000e-02  0.00000000e+00 
 2.15728000e-02  9.00835048e-01  2.15728000e-02  8.17248558e-01  2.15728000e-02  0.00000000e+00 
 2.15828000e-02  9.00838488e-01  2.15828000e-02  8.16907996e-01  2.15828000e-02  0.00000000e+00 
 2.15928000e-02  9.00841895e-01  2.15928000e-02  8.16570711e-01  2.15928000e-02  0.00000000e+00 
 2.16028000e-02  9.00845269e-01  2.16028000e-02  8.16236716e-01  2.16028000e-02  0.00000000e+00 
 2.16128000e-02  9.00848610e-01  2.16128000e-02  8.15906024e-01  2.16128000e-02  0.00000000e+00 
 2.16228000e-02  9.00851917e-01  2.16228000e-02  8.15578649e-01  2.16228000e-02  0.00000000e+00 
 2.16328000e-02  9.00855191e-01  2.16328000e-02  8.15254603e-01  2.16328000e-02  0.00000000e+00 
 2.16428000e-02  9.00858430e-01  2.16428000e-02  8.14933899e-01  2.16428000e-02  0.00000000e+00 
 2.16528000e-02  9.00861636e-01  2.16528000e-02  8.14616550e-01  2.16528000e-02  0.00000000e+00 
 2.16628000e-02  9.00864808e-01  2.16628000e-02  8.14302568e-01  2.16628000e-02  0.00000000e+00 
 2.16728000e-02  9.00867946e-01  2.16728000e-02  8.13991965e-01  2.16728000e-02  0.00000000e+00 
 2.16828000e-02  9.00871049e-01  2.16828000e-02  8.13684755e-01  2.16828000e-02  0.00000000e+00 
 2.16928000e-02  9.00874118e-01  2.16928000e-02  8.13380948e-01  2.16928000e-02  0.00000000e+00 
 2.17028000e-02  9.00877153e-01  2.17028000e-02  8.13080558e-01  2.17028000e-02  0.00000000e+00 
 2.17128000e-02  9.00880153e-01  2.17128000e-02  8.12783595e-01  2.17128000e-02  0.00000000e+00 
 2.17228000e-02  9.00883118e-01  2.17228000e-02  8.12490072e-01  2.17228000e-02  0.00000000e+00 
 2.17328000e-02  9.00886048e-01  2.17328000e-02  8.12200000e-01  2.17328000e-02  0.00000000e+00 
 2.17428000e-02  9.00888944e-01  2.17428000e-02  8.11913391e-01  2.17428000e-02  0.00000000e+00 
 2.17528000e-02  9.00891804e-01  2.17528000e-02  8.11630256e-01  2.17528000e-02  0.00000000e+00 
 2.17628000e-02  9.00894629e-01  2.17628000e-02  8.11350606e-01  2.17628000e-02  0.00000000e+00 
 2.17728000e-02  9.00897419e-01  2.17728000e-02  8.11074452e-01  2.17728000e-02  0.00000000e+00 
 2.17828000e-02  9.00900173e-01  2.17828000e-02  8.10801805e-01  2.17828000e-02  0.00000000e+00 
 2.17928000e-02  9.00902892e-01  2.17928000e-02  8.10532676e-01  2.17928000e-02  0.00000000e+00 
 2.18028000e-02  9.00905575e-01  2.18028000e-02  8.10267076e-01  2.18028000e-02  0.00000000e+00 
 2.18128000e-02  9.00908222e-01  2.18128000e-02  8.10005014e-01  2.18128000e-02  0.00000000e+00 
 2.18228000e-02  9.00910834e-01  2.18228000e-02  8.09746502e-01  2.18228000e-02  0.00000000e+00 
 2.18328000e-02  9.00913409e-01  2.18328000e-02  8.09491549e-01  2.18328000e-02  0.00000000e+00 
 2.18428000e-02  9.00915949e-01  2.18428000e-02  8.09240166e-01  2.18428000e-02  0.00000000e+00 
 2.18528000e-02  9.00918452e-01  2.18528000e-02  8.08992362e-01  2.18528000e-02  0.00000000e+00 
 2.18628000e-02  9.00920919e-01  2.18628000e-02  8.08748148e-01  2.18628000e-02  0.00000000e+00 
 2.18728000e-02  9.00923350e-01  2.18728000e-02  8.08507532e-01  2.18728000e-02  0.00000000e+00 
 2.18828000e-02  9.00925744e-01  2.18828000e-02  8.08270525e-01  2.18828000e-02  0.00000000e+00 
 2.18928000e-02  9.00928102e-01  2.18928000e-02  8.08037136e-01  2.18928000e-02  0.00000000e+00 
 2.19028000e-02  9.00930423e-01  2.19028000e-02  8.07807373e-01  2.19028000e-02  0.00000000e+00 
 2.19128000e-02  9.00932707e-01  2.19128000e-02  8.07581247e-01  2.19128000e-02  0.00000000e+00 
 2.19228000e-02  9.00934955e-01  2.19228000e-02  8.07358766e-01  2.19228000e-02  0.00000000e+00 
 2.19328000e-02  9.00937165e-01  2.19328000e-02  8.07139938e-01  2.19328000e-02  0.00000000e+00 
 2.19428000e-02  9.00939339e-01  2.19428000e-02  8.06924773e-01  2.19428000e-02  0.00000000e+00 
 2.19528000e-02  9.00941475e-01  2.19528000e-02  8.06713279e-01  2.19528000e-02  0.00000000e+00 
 2.19628000e-02  9.00943575e-01  2.19628000e-02  8.06505464e-01  2.19628000e-02  0.00000000e+00 
 2.19728000e-02  9.00945637e-01  2.19728000e-02  8.06301336e-01  2.19728000e-02  0.00000000e+00 
 2.19828000e-02  9.00947661e-01  2.19828000e-02  8.06100904e-01  2.19828000e-02  0.00000000e+00 
 2.19928000e-02  9.00949649e-01  2.19928000e-02  8.05904175e-01  2.19928000e-02  0.00000000e+00 
 2.20028000e-02  9.00951599e-01  2.20028000e-02  8.05711158e-01  2.20028000e-02  0.00000000e+00 
 2.20128000e-02  9.00953511e-01  2.20128000e-02  8.05521859e-01  2.20128000e-02  0.00000000e+00 
 2.20228000e-02  9.00955386e-01  2.20228000e-02  8.05336287e-01  2.20228000e-02  0.00000000e+00 
 2.20328000e-02  9.00957223e-01  2.20328000e-02  8.05154448e-01  2.20328000e-02  0.00000000e+00 
 2.20428000e-02  9.00959022e-01  2.20428000e-02  8.04976350e-01  2.20428000e-02  0.00000000e+00 
 2.20528000e-02  9.00960783e-01  2.20528000e-02  8.04802000e-01  2.20528000e-02  0.00000000e+00 
 2.20628000e-02  9.00962506e-01  2.20628000e-02  8.04631405e-01  2.20628000e-02  0.00000000e+00 
 2.20728000e-02  9.00964192e-01  2.20728000e-02  8.04464571e-01  2.20728000e-02  0.00000000e+00 
 2.20828000e-02  9.00965839e-01  2.20828000e-02  8.04301505e-01  2.20828000e-02  0.00000000e+00 
 2.20928000e-02  9.00967448e-01  2.20928000e-02  8.04142213e-01  2.20928000e-02  0.00000000e+00 
 2.21028000e-02  9.00969019e-01  2.21028000e-02  8.03986702e-01  2.21028000e-02  0.00000000e+00 
 2.21128000e-02  9.00970552e-01  2.21128000e-02  8.03834979e-01  2.21128000e-02  0.00000000e+00 
 2.21228000e-02  9.00972046e-01  2.21228000e-02  8.03687047e-01  2.21228000e-02  0.00000000e+00 
 2.21328000e-02  9.00973502e-01  2.21328000e-02  8.03542915e-01  2.21328000e-02  0.00000000e+00 
 2.21428000e-02  9.00974920e-01  2.21428000e-02  8.03402587e-01  2.21428000e-02  0.00000000e+00 
 2.21528000e-02  9.00976299e-01  2.21528000e-02  8.03266070e-01  2.21528000e-02  0.00000000e+00 
 2.21628000e-02  9.00977640e-01  2.21628000e-02  8.03133367e-01  2.21628000e-02  0.00000000e+00 
 2.21728000e-02  9.00978942e-01  2.21728000e-02  8.03004485e-01  2.21728000e-02  0.00000000e+00 
 2.21828000e-02  9.00980205e-01  2.21828000e-02  8.02879428e-01  2.21828000e-02  0.00000000e+00 
 2.21928000e-02  9.00981430e-01  2.21928000e-02  8.02758203e-01  2.21928000e-02  0.00000000e+00 
 2.22028000e-02  9.00982615e-01  2.22028000e-02  8.02640812e-01  2.22028000e-02  0.00000000e+00 
 2.22128000e-02  9.00983762e-01  2.22128000e-02  8.02527262e-01  2.22128000e-02  0.00000000e+00 
 2.22228000e-02  9.00984871e-01  2.22228000e-02  8.02417556e-01  2.22228000e-02  0.00000000e+00 
 2.22328000e-02  9.00985940e-01  2.22328000e-02  8.02311699e-01  2.22328000e-02  0.00000000e+00 
 2.22428000e-02  9.00986971e-01  2.22428000e-02  8.02209695e-01  2.22428000e-02  0.00000000e+00 
 2.22528000e-02  9.00987962e-01  2.22528000e-02  8.02111548e-01  2.22528000e-02  0.00000000e+00 
 2.22628000e-02  9.00988915e-01  2.22628000e-02  8.02017262e-01  2.22628000e-02  0.00000000e+00 
 2.22728000e-02  9.00989828e-01  2.22728000e-02  8.01926841e-01  2.22728000e-02  0.00000000e+00 
 2.22828000e-02  9.00990702e-01  2.22828000e-02  8.01840288e-01  2.22828000e-02  0.00000000e+00 
 2.22928000e-02  9.00991538e-01  2.22928000e-02  8.01757606e-01  2.22928000e-02  0.00000000e+00 
 2.23028000e-02  9.00992334e-01  2.23028000e-02  8.01678799e-01  2.23028000e-02  0.00000000e+00 
 2.23128000e-02  9.00993091e-01  2.23128000e-02  8.01603871e-01  2.23128000e-02  0.00000000e+00 
 2.23228000e-02  9.00993808e-01  2.23228000e-02  8.01532823e-01  2.23228000e-02  0.00000000e+00 
 2.23328000e-02  9.00994487e-01  2.23328000e-02  8.01465659e-01  2.23328000e-02  0.00000000e+00 
 2.23428000e-02  9.00995126e-01  2.23428000e-02  8.01402381e-01  2.23428000e-02  0.00000000e+00 
 2.23528000e-02  9.00995726e-01  2.23528000e-02  8.01342993e-01  2.23528000e-02  0.00000000e+00 
 2.23628000e-02  9.00996287e-01  2.23628000e-02  8.01287495e-01  2.23628000e-02  0.00000000e+00 
 2.23728000e-02  9.00996808e-01  2.23728000e-02  8.01235892e-01  2.23728000e-02  0.00000000e+00 
 2.23828000e-02  9.00997290e-01  2.23828000e-02  8.01188183e-01  2.23828000e-02  0.00000000e+00 
 2.23928000e-02  9.00997732e-01  2.23928000e-02  8.01144372e-01  2.23928000e-02  0.00000000e+00 
 2.24028000e-02  9.00998136e-01  2.24028000e-02  8.01104460e-01  2.24028000e-02  0.00000000e+00 
 2.24128000e-02  9.00998499e-01  2.24128000e-02  8.01068449e-01  2.24128000e-02  0.00000000e+00 
 2.24228000e-02  9.00998824e-01  2.24228000e-02  8.01036340e-01  2.24228000e-02  0.00000000e+00 
 2.24328000e-02  9.00999109e-01  2.24328000e-02  8.01008134e-01  2.24328000e-02  0.00000000e+00 
 2.24428000e-02  9.00999354e-01  2.24428000e-02  8.00983832e-01  2.24428000e-02  0.00000000e+00 
 2.24528000e-02  9.00999560e-01  2.24528000e-02  8.00963436e-01  2.24528000e-02  0.00000000e+00 
 2.24628000e-02  9.00999727e-01  2.24628000e-02  8.00946947e-01  2.24628000e-02  0.00000000e+00 
 2.24728000e-02  9.00999854e-01  2.24728000e-02  8.00934364e-01  2.24728000e-02  0.00000000e+00 
 2.24828000e-02  9.00999942e-01  2.24828000e-02  8.00925689e-01  2.24828000e-02  0.00000000e+00 
 2.24928000e-02  9.00999990e-01  2.24928000e-02  8.00920921e-01  2.24928000e-02  0.00000000e+00 
 2.25028000e-02  9.00999998e-01  2.25028000e-02  8.00920061e-01  2.25028000e-02  0.00000000e+00 
 2.25128000e-02  9.00999968e-01  2.25128000e-02  8.00923109e-01  2.25128000e-02  0.00000000e+00 
 2.25228000e-02  9.00999897e-01  2.25228000e-02  8.00930065e-01  2.25228000e-02  0.00000000e+00 
 2.25328000e-02  9.00999788e-01  2.25328000e-02  8.00940929e-01  2.25328000e-02  0.00000000e+00 
 2.25428000e-02  9.00999638e-01  2.25428000e-02  8.00955700e-01  2.25428000e-02  0.00000000e+00 
 2.25528000e-02  9.00999450e-01  2.25528000e-02  8.00974377e-01  2.25528000e-02  0.00000000e+00 
 2.25628000e-02  9.00999222e-01  2.25628000e-02  8.00996960e-01  2.25628000e-02  0.00000000e+00 
 2.25728000e-02  9.00998954e-01  2.25728000e-02  8.01023448e-01  2.25728000e-02  0.00000000e+00 
 2.25828000e-02  9.00998647e-01  2.25828000e-02  8.01053840e-01  2.25828000e-02  0.00000000e+00 
 2.25928000e-02  9.00998301e-01  2.25928000e-02  8.01088134e-01  2.25928000e-02  0.00000000e+00 
 2.26028000e-02  9.00997915e-01  2.26028000e-02  8.01126330e-01  2.26028000e-02  0.00000000e+00 
 2.26128000e-02  9.00997489e-01  2.26128000e-02  8.01168426e-01  2.26128000e-02  0.00000000e+00 
 2.26228000e-02  9.00997025e-01  2.26228000e-02  8.01214420e-01  2.26228000e-02  0.00000000e+00 
 2.26328000e-02  9.00996521e-01  2.26328000e-02  8.01264310e-01  2.26328000e-02  0.00000000e+00 
 2.26428000e-02  9.00995978e-01  2.26428000e-02  8.01318095e-01  2.26428000e-02  0.00000000e+00 
 2.26528000e-02  9.00995395e-01  2.26528000e-02  8.01375771e-01  2.26528000e-02  0.00000000e+00 
 2.26628000e-02  9.00994773e-01  2.26628000e-02  8.01437338e-01  2.26628000e-02  0.00000000e+00 
 2.26728000e-02  9.00994112e-01  2.26728000e-02  8.01502792e-01  2.26728000e-02  0.00000000e+00 
 2.26828000e-02  9.00993411e-01  2.26828000e-02  8.01572131e-01  2.26828000e-02  0.00000000e+00 
 2.26928000e-02  9.00992672e-01  2.26928000e-02  8.01645353e-01  2.26928000e-02  0.00000000e+00 
 2.27028000e-02  9.00991893e-01  2.27028000e-02  8.01722454e-01  2.27028000e-02  0.00000000e+00 
 2.27128000e-02  9.00991075e-01  2.27128000e-02  8.01803431e-01  2.27128000e-02  0.00000000e+00 
 2.27228000e-02  9.00990217e-01  2.27228000e-02  8.01888281e-01  2.27228000e-02  0.00000000e+00 
 2.27328000e-02  9.00989321e-01  2.27328000e-02  8.01977000e-01  2.27328000e-02  0.00000000e+00 
 2.27428000e-02  9.00988386e-01  2.27428000e-02  8.02069587e-01  2.27428000e-02  0.00000000e+00 
 2.27528000e-02  9.00987412e-01  2.27528000e-02  8.02166035e-01  2.27528000e-02  0.00000000e+00 
 2.27628000e-02  9.00986398e-01  2.27628000e-02  8.02266343e-01  2.27628000e-02  0.00000000e+00 
 2.27728000e-02  9.00985346e-01  2.27728000e-02  8.02370505e-01  2.27728000e-02  0.00000000e+00 
 2.27828000e-02  9.00984255e-01  2.27828000e-02  8.02478518e-01  2.27828000e-02  0.00000000e+00 
 2.27928000e-02  9.00983125e-01  2.27928000e-02  8.02590377e-01  2.27928000e-02  0.00000000e+00 
 2.28028000e-02  9.00981956e-01  2.28028000e-02  8.02706078e-01  2.28028000e-02  0.00000000e+00 
 2.28128000e-02  9.00980748e-01  2.28128000e-02  8.02825617e-01  2.28128000e-02  0.00000000e+00 
 2.28228000e-02  9.00979502e-01  2.28228000e-02  8.02948988e-01  2.28228000e-02  0.00000000e+00 
 2.28328000e-02  9.00978217e-01  2.28328000e-02  8.03076188e-01  2.28328000e-02  0.00000000e+00 
 2.28428000e-02  9.00976894e-01  2.28428000e-02  8.03207210e-01  2.28428000e-02  0.00000000e+00 
 2.28528000e-02  9.00975531e-01  2.28528000e-02  8.03342050e-01  2.28528000e-02  0.00000000e+00 
 2.28628000e-02  9.00974131e-01  2.28628000e-02  8.03480702e-01  2.28628000e-02  0.00000000e+00 
 2.28728000e-02  9.00972692e-01  2.28728000e-02  8.03623161e-01  2.28728000e-02  0.00000000e+00 
 2.28828000e-02  9.00971214e-01  2.28828000e-02  8.03769421e-01  2.28828000e-02  0.00000000e+00 
 2.28928000e-02  9.00969698e-01  2.28928000e-02  8.03919477e-01  2.28928000e-02  0.00000000e+00 
 2.29028000e-02  9.00968144e-01  2.29028000e-02  8.04073322e-01  2.29028000e-02  0.00000000e+00 
 2.29128000e-02  9.00966552e-01  2.29128000e-02  8.04230951e-01  2.29128000e-02  0.00000000e+00 
 2.29228000e-02  9.00964921e-01  2.29228000e-02  8.04392357e-01  2.29228000e-02  0.00000000e+00 
 2.29328000e-02  9.00963253e-01  2.29328000e-02  8.04557534e-01  2.29328000e-02  0.00000000e+00 
 2.29428000e-02  9.00961546e-01  2.29428000e-02  8.04726475e-01  2.29428000e-02  0.00000000e+00 
 2.29528000e-02  9.00959801e-01  2.29528000e-02  8.04899174e-01  2.29528000e-02  0.00000000e+00 
 2.29628000e-02  9.00958019e-01  2.29628000e-02  8.05075624e-01  2.29628000e-02  0.00000000e+00 
 2.29728000e-02  9.00956199e-01  2.29728000e-02  8.05255817e-01  2.29728000e-02  0.00000000e+00 
 2.29828000e-02  9.00954340e-01  2.29828000e-02  8.05439748e-01  2.29828000e-02  0.00000000e+00 
 2.29928000e-02  9.00952445e-01  2.29928000e-02  8.05627408e-01  2.29928000e-02  0.00000000e+00 
 2.30028000e-02  9.00950511e-01  2.30028000e-02  8.05818790e-01  2.30028000e-02  0.00000000e+00 
 2.30128000e-02  9.00948541e-01  2.30128000e-02  8.06013887e-01  2.30128000e-02  0.00000000e+00 
 2.30228000e-02  9.00946532e-01  2.30228000e-02  8.06212690e-01  2.30228000e-02  0.00000000e+00 
 2.30328000e-02  9.00944487e-01  2.30328000e-02  8.06415193e-01  2.30328000e-02  0.00000000e+00 
 2.30428000e-02  9.00942404e-01  2.30428000e-02  8.06621386e-01  2.30428000e-02  0.00000000e+00 
 2.30528000e-02  9.00940283e-01  2.30528000e-02  8.06831263e-01  2.30528000e-02  0.00000000e+00 
 2.30628000e-02  9.00938126e-01  2.30628000e-02  8.07044814e-01  2.30628000e-02  0.00000000e+00 
 2.30728000e-02  9.00935932e-01  2.30728000e-02  8.07262031e-01  2.30728000e-02  0.00000000e+00 
 2.30828000e-02  9.00933700e-01  2.30828000e-02  8.07482906e-01  2.30828000e-02  0.00000000e+00 
 2.30928000e-02  9.00931432e-01  2.30928000e-02  8.07707429e-01  2.30928000e-02  0.00000000e+00 
 2.31028000e-02  9.00929127e-01  2.31028000e-02  8.07935593e-01  2.31028000e-02  0.00000000e+00 
 2.31128000e-02  9.00926786e-01  2.31128000e-02  8.08167387e-01  2.31128000e-02  0.00000000e+00 
 2.31228000e-02  9.00924408e-01  2.31228000e-02  8.08402804e-01  2.31228000e-02  0.00000000e+00 
 2.31328000e-02  9.00921993e-01  2.31328000e-02  8.08641833e-01  2.31328000e-02  0.00000000e+00 
 2.31428000e-02  9.00919542e-01  2.31428000e-02  8.08884465e-01  2.31428000e-02  0.00000000e+00 
 2.31528000e-02  9.00917055e-01  2.31528000e-02  8.09130691e-01  2.31528000e-02  0.00000000e+00 
 2.31628000e-02  9.00914531e-01  2.31628000e-02  8.09380500e-01  2.31628000e-02  0.00000000e+00 
 2.31728000e-02  9.00911971e-01  2.31728000e-02  8.09633883e-01  2.31728000e-02  0.00000000e+00 
 2.31828000e-02  9.00909376e-01  2.31828000e-02  8.09890831e-01  2.31828000e-02  0.00000000e+00 
 2.31928000e-02  9.00906744e-01  2.31928000e-02  8.10151332e-01  2.31928000e-02  0.00000000e+00 
 2.32028000e-02  9.00904077e-01  2.32028000e-02  8.10415377e-01  2.32028000e-02  0.00000000e+00 
 2.32128000e-02  9.00901374e-01  2.32128000e-02  8.10682954e-01  2.32128000e-02  0.00000000e+00 
 2.32228000e-02  9.00898635e-01  2.32228000e-02  8.10954055e-01  2.32228000e-02  0.00000000e+00 
 2.32328000e-02  9.00895861e-01  2.32328000e-02  8.11228667e-01  2.32328000e-02  0.00000000e+00 
 2.32428000e-02  9.00893051e-01  2.32428000e-02  8.11506780e-01  2.32428000e-02  0.00000000e+00 
 2.32528000e-02  9.00890206e-01  2.32528000e-02  8.11788383e-01  2.32528000e-02  0.00000000e+00 
 2.32628000e-02  9.00887327e-01  2.32628000e-02  8.12073465e-01  2.32628000e-02  0.00000000e+00 
 2.32728000e-02  9.00884412e-01  2.32728000e-02  8.12362015e-01  2.32728000e-02  0.00000000e+00 
 2.32828000e-02  9.00881462e-01  2.32828000e-02  8.12654021e-01  2.32828000e-02  0.00000000e+00 
 2.32928000e-02  9.00878477e-01  2.32928000e-02  8.12949471e-01  2.32928000e-02  0.00000000e+00 
 2.33028000e-02  9.00875458e-01  2.33028000e-02  8.13248355e-01  2.33028000e-02  0.00000000e+00 
 2.33128000e-02  9.00872404e-01  2.33128000e-02  8.13550660e-01  2.33128000e-02  0.00000000e+00 
 2.33228000e-02  9.00869316e-01  2.33228000e-02  8.13856374e-01  2.33228000e-02  0.00000000e+00 
 2.33328000e-02  9.00866193e-01  2.33328000e-02  8.14165486e-01  2.33328000e-02  0.00000000e+00 
 2.33428000e-02  9.00863036e-01  2.33428000e-02  8.14477982e-01  2.33428000e-02  0.00000000e+00 
 2.33528000e-02  9.00859845e-01  2.33528000e-02  8.14793851e-01  2.33528000e-02  0.00000000e+00 
 2.33628000e-02  9.00856620e-01  2.33628000e-02  8.15113081e-01  2.33628000e-02  0.00000000e+00 
 2.33728000e-02  9.00853362e-01  2.33728000e-02  8.15435658e-01  2.33728000e-02  0.00000000e+00 
 2.33828000e-02  9.00850069e-01  2.33828000e-02  8.15761570e-01  2.33828000e-02  0.00000000e+00 
 2.33928000e-02  9.00846743e-01  2.33928000e-02  8.16090804e-01  2.33928000e-02  0.00000000e+00 
 2.34028000e-02  9.00843384e-01  2.34028000e-02  8.16423347e-01  2.34028000e-02  0.00000000e+00 
 2.34128000e-02  9.00839991e-01  2.34128000e-02  8.16759186e-01  2.34128000e-02  0.00000000e+00 
 2.34228000e-02  9.00836565e-01  2.34228000e-02  8.17098308e-01  2.34228000e-02  0.00000000e+00 
 2.34328000e-02  9.00833107e-01  2.34328000e-02  8.17440699e-01  2.34328000e-02  0.00000000e+00 
 2.34428000e-02  9.00829615e-01  2.34428000e-02  8.17786345e-01  2.34428000e-02  0.00000000e+00 
 2.34528000e-02  9.00826090e-01  2.34528000e-02  8.18135234e-01  2.34528000e-02  0.00000000e+00 
 2.34628000e-02  9.00822533e-01  2.34628000e-02  8.18487351e-01  2.34628000e-02  0.00000000e+00 
 2.34728000e-02  9.00818944e-01  2.34728000e-02  8.18842683e-01  2.34728000e-02  0.00000000e+00 
 2.34828000e-02  9.00815322e-01  2.34828000e-02  8.19201215e-01  2.34828000e-02  0.00000000e+00 
 2.34928000e-02  9.00811668e-01  2.34928000e-02  8.19562933e-01  2.34928000e-02  0.00000000e+00 
 2.35028000e-02  9.00807982e-01  2.35028000e-02  8.19927823e-01  2.35028000e-02  0.00000000e+00 
 2.35128000e-02  9.00804264e-01  2.35128000e-02  8.20295871e-01  2.35128000e-02  0.00000000e+00 
 2.35228000e-02  9.00800514e-01  2.35228000e-02  8.20667062e-01  2.35228000e-02  0.00000000e+00 
 2.35328000e-02  9.00796732e-01  2.35328000e-02  8.21041381e-01  2.35328000e-02  0.00000000e+00 
 2.35428000e-02  9.00792920e-01  2.35428000e-02  8.21418813e-01  2.35428000e-02  0.00000000e+00 
 2.35528000e-02  9.00789076e-01  2.35528000e-02  8.21799345e-01  2.35528000e-02  0.00000000e+00 
 2.35628000e-02  9.00785200e-01  2.35628000e-02  8.22182960e-01  2.35628000e-02  0.00000000e+00 
 2.35728000e-02  9.00781294e-01  2.35728000e-02  8.22569643e-01  2.35728000e-02  0.00000000e+00 
 2.35828000e-02  9.00777357e-01  2.35828000e-02  8.22959380e-01  2.35828000e-02  0.00000000e+00 
 2.35928000e-02  9.00773389e-01  2.35928000e-02  8.23352155e-01  2.35928000e-02  0.00000000e+00 
 2.36028000e-02  9.00769391e-01  2.36028000e-02  8.23747952e-01  2.36028000e-02  0.00000000e+00 
 2.36128000e-02  9.00765362e-01  2.36128000e-02  8.24146756e-01  2.36128000e-02  0.00000000e+00 
 2.36228000e-02  9.00761303e-01  2.36228000e-02  8.24548551e-01  2.36228000e-02  0.00000000e+00 
 2.36328000e-02  9.00757214e-01  2.36328000e-02  8.24953321e-01  2.36328000e-02  0.00000000e+00 
 2.36428000e-02  9.00753095e-01  2.36428000e-02  8.25361050e-01  2.36428000e-02  0.00000000e+00 
 2.36528000e-02  9.00748946e-01  2.36528000e-02  8.25771722e-01  2.36528000e-02  0.00000000e+00 
 2.36628000e-02  9.00744768e-01  2.36628000e-02  8.26185321e-01  2.36628000e-02  0.00000000e+00 
 2.36728000e-02  9.00740561e-01  2.36728000e-02  8.26601831e-01  2.36728000e-02  0.00000000e+00 
 2.36828000e-02  9.00736324e-01  2.36828000e-02  8.27021235e-01  2.36828000e-02  0.00000000e+00 
 2.36928000e-02  9.00732058e-01  2.36928000e-02  8.27443516e-01  2.36928000e-02  0.00000000e+00 
 2.37028000e-02  9.00727763e-01  2.37028000e-02  8.27868658e-01  2.37028000e-02  0.00000000e+00 
 2.37128000e-02  9.00723440e-01  2.37128000e-02  8.28296644e-01  2.37128000e-02  0.00000000e+00 
 2.37228000e-02  9.00719088e-01  2.37228000e-02  8.28727457e-01  2.37228000e-02  0.00000000e+00 
 2.37328000e-02  9.00714707e-01  2.37328000e-02  8.29161081e-01  2.37328000e-02  0.00000000e+00 
 2.37428000e-02  9.00710298e-01  2.37428000e-02  8.29597498e-01  2.37428000e-02  0.00000000e+00 
 2.37528000e-02  9.00705862e-01  2.37528000e-02  8.30036690e-01  2.37528000e-02  0.00000000e+00 
 2.37628000e-02  9.00701397e-01  2.37628000e-02  8.30478641e-01  2.37628000e-02  0.00000000e+00 
 2.37728000e-02  9.00696905e-01  2.37728000e-02  8.30923333e-01  2.37728000e-02  0.00000000e+00 
 2.37828000e-02  9.00692385e-01  2.37828000e-02  8.31370748e-01  2.37828000e-02  0.00000000e+00 
 2.37928000e-02  9.00687838e-01  2.37928000e-02  8.31820869e-01  2.37928000e-02  0.00000000e+00 
 2.38028000e-02  9.00683264e-01  2.38028000e-02  8.32273678e-01  2.38028000e-02  0.00000000e+00 
 2.38128000e-02  9.00678662e-01  2.38128000e-02  8.32729158e-01  2.38128000e-02  0.00000000e+00 
 2.38228000e-02  9.00674034e-01  2.38228000e-02  8.33187289e-01  2.38228000e-02  0.00000000e+00 
 2.38328000e-02  9.00669380e-01  2.38328000e-02  8.33648055e-01  2.38328000e-02  0.00000000e+00 
 2.38428000e-02  9.00664699e-01  2.38428000e-02  8.34111436e-01  2.38428000e-02  0.00000000e+00 
 2.38528000e-02  9.00659991e-01  2.38528000e-02  8.34577416e-01  2.38528000e-02  0.00000000e+00 
 2.38628000e-02  9.00655258e-01  2.38628000e-02  8.35045974e-01  2.38628000e-02  0.00000000e+00 
 2.38728000e-02  9.00650499e-01  2.38728000e-02  8.35517093e-01  2.38728000e-02  0.00000000e+00 
 2.38828000e-02  9.00645714e-01  2.38828000e-02  8.35990754e-01  2.38828000e-02  0.00000000e+00 
 2.38928000e-02  9.00640903e-01  2.38928000e-02  8.36466939e-01  2.38928000e-02  0.00000000e+00 
 2.39028000e-02  9.00636067e-01  2.39028000e-02  8.36945628e-01  2.39028000e-02  0.00000000e+00 
 2.39128000e-02  9.00631207e-01  2.39128000e-02  8.37426803e-01  2.39128000e-02  0.00000000e+00 
 2.39228000e-02  9.00626321e-01  2.39228000e-02  8.37910445e-01  2.39228000e-02  0.00000000e+00 
 2.39328000e-02  9.00621410e-01  2.39328000e-02  8.38396534e-01  2.39328000e-02  0.00000000e+00 
 2.39428000e-02  9.00616475e-01  2.39428000e-02  8.38885052e-01  2.39428000e-02  0.00000000e+00 
 2.39528000e-02  9.00611516e-01  2.39528000e-02  8.39375979e-01  2.39528000e-02  0.00000000e+00 
 2.39628000e-02  9.00606532e-01  2.39628000e-02  8.39869296e-01  2.39628000e-02  0.00000000e+00 
 2.39728000e-02  9.00601525e-01  2.39728000e-02  8.40364983e-01  2.39728000e-02  0.00000000e+00 
 2.39828000e-02  9.00596494e-01  2.39828000e-02  8.40863021e-01  2.39828000e-02  0.00000000e+00 
 2.39928000e-02  9.00591439e-01  2.39928000e-02  8.41363390e-01  2.39928000e-02  0.00000000e+00 
 2.40028000e-02  9.00586361e-01  2.40028000e-02  8.41866070e-01  2.40028000e-02  0.00000000e+00 
 2.40128000e-02  9.00581260e-01  2.40128000e-02  8.42371041e-01  2.40128000e-02  0.00000000e+00 
 2.40228000e-02  9.00576136e-01  2.40228000e-02  8.42878285e-01  2.40228000e-02  0.00000000e+00 
 2.40328000e-02  9.00570989e-01  2.40328000e-02  8.43387779e-01  2.40328000e-02  0.00000000e+00 
 2.40428000e-02  9.00565819e-01  2.40428000e-02  8.43899505e-01  2.40428000e-02  0.00000000e+00 
 2.40528000e-02  9.00560627e-01  2.40528000e-02  8.44413443e-01  2.40528000e-02  0.00000000e+00 
 2.40628000e-02  9.00555413e-01  2.40628000e-02  8.44929571e-01  2.40628000e-02  0.00000000e+00 
 2.40728000e-02  9.00550178e-01  2.40728000e-02  8.45447870e-01  2.40728000e-02  0.00000000e+00 
 2.40828000e-02  9.00544920e-01  2.40828000e-02  8.45968318e-01  2.40828000e-02  0.00000000e+00 
 2.40928000e-02  9.00539641e-01  2.40928000e-02  8.46490897e-01  2.40928000e-02  0.00000000e+00 
 2.41028000e-02  9.00534341e-01  2.41028000e-02  8.47015584e-01  2.41028000e-02  0.00000000e+00 
 2.41128000e-02  9.00529019e-01  2.41128000e-02  8.47542359e-01  2.41128000e-02  0.00000000e+00 
 2.41228000e-02  9.00523677e-01  2.41228000e-02  8.48071202e-01  2.41228000e-02  0.00000000e+00 
 2.41328000e-02  9.00518314e-01  2.41328000e-02  8.48602092e-01  2.41328000e-02  0.00000000e+00 
 2.41428000e-02  9.00512930e-01  2.41428000e-02  8.49135007e-01  2.41428000e-02  0.00000000e+00 
 2.41528000e-02  9.00507526e-01  2.41528000e-02  8.49669926e-01  2.41528000e-02  0.00000000e+00 
 2.41628000e-02  9.00502103e-01  2.41628000e-02  8.50206829e-01  2.41628000e-02  0.00000000e+00 
 2.41728000e-02  9.00496659e-01  2.41728000e-02  8.50745694e-01  2.41728000e-02  0.00000000e+00 
 2.41828000e-02  9.00491196e-01  2.41828000e-02  8.51286500e-01  2.41828000e-02  0.00000000e+00 
 2.41928000e-02  9.00485713e-01  2.41928000e-02  8.51829225e-01  2.41928000e-02  0.00000000e+00 
 2.42028000e-02  9.00480211e-01  2.42028000e-02  8.52373849e-01  2.42028000e-02  0.00000000e+00 
 2.42128000e-02  9.00474690e-01  2.42128000e-02  8.52920349e-01  2.42128000e-02  0.00000000e+00 
 2.42228000e-02  9.00469151e-01  2.42228000e-02  8.53468704e-01  2.42228000e-02  0.00000000e+00 
 2.42328000e-02  9.00463593e-01  2.42328000e-02  8.54018893e-01  2.42328000e-02  0.00000000e+00 
 2.42428000e-02  9.00458017e-01  2.42428000e-02  8.54570894e-01  2.42428000e-02  0.00000000e+00 
 2.42528000e-02  9.00452422e-01  2.42528000e-02  8.55124684e-01  2.42528000e-02  0.00000000e+00 
 2.42628000e-02  9.00446810e-01  2.42628000e-02  8.55680242e-01  2.42628000e-02  0.00000000e+00 
 2.42728000e-02  9.00441180e-01  2.42728000e-02  8.56237547e-01  2.42728000e-02  0.00000000e+00 
 2.42828000e-02  9.00435533e-01  2.42828000e-02  8.56796576e-01  2.42828000e-02  0.00000000e+00 
 2.42928000e-02  9.00429868e-01  2.42928000e-02  8.57357306e-01  2.42928000e-02  0.00000000e+00 
 2.43028000e-02  9.00424187e-01  2.43028000e-02  8.57919717e-01  2.43028000e-02  0.00000000e+00 
 2.43128000e-02  9.00418489e-01  2.43128000e-02  8.58483785e-01  2.43128000e-02  0.00000000e+00 
 2.43228000e-02  9.00412774e-01  2.43228000e-02  8.59049489e-01  2.43228000e-02  0.00000000e+00 
 2.43328000e-02  9.00407043e-01  2.43328000e-02  8.59616806e-01  2.43328000e-02  0.00000000e+00 
 2.43428000e-02  9.00401296e-01  2.43428000e-02  8.60185713e-01  2.43428000e-02  0.00000000e+00 
 2.43528000e-02  9.00395533e-01  2.43528000e-02  8.60756189e-01  2.43528000e-02  0.00000000e+00 
 2.43628000e-02  9.00389754e-01  2.43628000e-02  8.61328211e-01  2.43628000e-02  0.00000000e+00 
 2.43728000e-02  9.00383960e-01  2.43728000e-02  8.61901755e-01  2.43728000e-02  0.00000000e+00 
 2.43828000e-02  9.00378151e-01  2.43828000e-02  8.62476801e-01  2.43828000e-02  0.00000000e+00 
 2.43928000e-02  9.00372327e-01  2.43928000e-02  8.63053323e-01  2.43928000e-02  0.00000000e+00 
 2.44028000e-02  9.00366488e-01  2.44028000e-02  8.63631301e-01  2.44028000e-02  0.00000000e+00 
 2.44128000e-02  9.00360635e-01  2.44128000e-02  8.64210712e-01  2.44128000e-02  0.00000000e+00 
 2.44228000e-02  9.00354768e-01  2.44228000e-02  8.64791531e-01  2.44228000e-02  0.00000000e+00 
 2.44328000e-02  9.00348886e-01  2.44328000e-02  8.65373737e-01  2.44328000e-02  0.00000000e+00 
 2.44428000e-02  9.00342991e-01  2.44428000e-02  8.65957307e-01  2.44428000e-02  0.00000000e+00 
 2.44528000e-02  9.00337082e-01  2.44528000e-02  8.66542217e-01  2.44528000e-02  0.00000000e+00 
 2.44628000e-02  9.00331160e-01  2.44628000e-02  8.67128444e-01  2.44628000e-02  0.00000000e+00 
 2.44728000e-02  9.00325225e-01  2.44728000e-02  8.67715965e-01  2.44728000e-02  0.00000000e+00 
 2.44828000e-02  9.00319277e-01  2.44828000e-02  8.68304757e-01  2.44828000e-02  0.00000000e+00 
 2.44928000e-02  9.00313316e-01  2.44928000e-02  8.68894797e-01  2.44928000e-02  0.00000000e+00 
 2.45028000e-02  9.00307343e-01  2.45028000e-02  8.69486062e-01  2.45028000e-02  0.00000000e+00 
 2.45128000e-02  9.00301358e-01  2.45128000e-02  8.70078527e-01  2.45128000e-02  0.00000000e+00 
 2.45228000e-02  9.00295361e-01  2.45228000e-02  8.70672170e-01  2.45228000e-02  0.00000000e+00 
 2.45328000e-02  9.00289353e-01  2.45328000e-02  8.71266968e-01  2.45328000e-02  0.00000000e+00 
 2.45428000e-02  9.00283333e-01  2.45428000e-02  8.71862896e-01  2.45428000e-02  0.00000000e+00 
 2.45528000e-02  9.00277301e-01  2.45528000e-02  8.72459931e-01  2.45528000e-02  0.00000000e+00 
 2.45628000e-02  9.00271259e-01  2.45628000e-02  8.73058050e-01  2.45628000e-02  0.00000000e+00 
 2.45728000e-02  9.00265206e-01  2.45728000e-02  8.73657230e-01  2.45728000e-02  0.00000000e+00 
 2.45828000e-02  9.00259143e-01  2.45828000e-02  8.74257445e-01  2.45828000e-02  0.00000000e+00 
 2.45928000e-02  9.00253069e-01  2.45928000e-02  8.74858674e-01  2.45928000e-02  0.00000000e+00 
 2.46028000e-02  9.00246985e-01  2.46028000e-02  8.75460891e-01  2.46028000e-02  0.00000000e+00 
 2.46128000e-02  9.00240892e-01  2.46128000e-02  8.76064074e-01  2.46128000e-02  0.00000000e+00 
 2.46228000e-02  9.00234789e-01  2.46228000e-02  8.76668197e-01  2.46228000e-02  0.00000000e+00 
 2.46328000e-02  9.00228677e-01  2.46328000e-02  8.77273239e-01  2.46328000e-02  0.00000000e+00 
 2.46428000e-02  9.00222556e-01  2.46428000e-02  8.77879174e-01  2.46428000e-02  0.00000000e+00 
 2.46528000e-02  9.00216426e-01  2.46528000e-02  8.78485979e-01  2.46528000e-02  0.00000000e+00 
 2.46628000e-02  9.00210287e-01  2.46628000e-02  8.79093630e-01  2.46628000e-02  0.00000000e+00 
 2.46728000e-02  9.00204141e-01  2.46728000e-02  8.79702102e-01  2.46728000e-02  0.00000000e+00 
 2.46828000e-02  9.00197986e-01  2.46828000e-02  8.80311373e-01  2.46828000e-02  0.00000000e+00 
 2.46928000e-02  9.00191823e-01  2.46928000e-02  8.80921416e-01  2.46928000e-02  0.00000000e+00 
 2.47028000e-02  9.00185653e-01  2.47028000e-02  8.81532210e-01  2.47028000e-02  0.00000000e+00 
 2.47128000e-02  9.00179475e-01  2.47128000e-02  8.82143729e-01  2.47128000e-02  0.00000000e+00 
 2.47228000e-02  9.00173291e-01  2.47228000e-02  8.82755950e-01  2.47228000e-02  0.00000000e+00 
 2.47328000e-02  9.00167099e-01  2.47328000e-02  8.83368847e-01  2.47328000e-02  0.00000000e+00 
 2.47428000e-02  9.00160901e-01  2.47428000e-02  8.83982398e-01  2.47428000e-02  0.00000000e+00 
 2.47528000e-02  9.00154697e-01  2.47528000e-02  8.84596578e-01  2.47528000e-02  0.00000000e+00 
 2.47628000e-02  9.00148486e-01  2.47628000e-02  8.85211362e-01  2.47628000e-02  0.00000000e+00 
 2.47728000e-02  9.00142270e-01  2.47728000e-02  8.85826726e-01  2.47728000e-02  0.00000000e+00 
 2.47828000e-02  9.00136048e-01  2.47828000e-02  8.86442646e-01  2.47828000e-02  0.00000000e+00 
 2.47928000e-02  9.00129820e-01  2.47928000e-02  8.87059098e-01  2.47928000e-02  0.00000000e+00 
 2.48028000e-02  9.00123588e-01  2.48028000e-02  8.87676058e-01  2.48028000e-02  0.00000000e+00 
 2.48128000e-02  9.00117350e-01  2.48128000e-02  8.88293500e-01  2.48128000e-02  0.00000000e+00 
 2.48228000e-02  9.00111108e-01  2.48228000e-02  8.88911401e-01  2.48228000e-02  0.00000000e+00 
 2.48328000e-02  9.00104862e-01  2.48328000e-02  8.89529736e-01  2.48328000e-02  0.00000000e+00 
 2.48428000e-02  9.00098611e-01  2.48428000e-02  8.90148481e-01  2.48428000e-02  0.00000000e+00 
 2.48528000e-02  9.00092357e-01  2.48528000e-02  8.90767611e-01  2.48528000e-02  0.00000000e+00 
 2.48628000e-02  9.00086099e-01  2.48628000e-02  8.91387103e-01  2.48628000e-02  0.00000000e+00 
 2.48728000e-02  9.00079837e-01  2.48728000e-02  8.92006930e-01  2.48728000e-02  0.00000000e+00 
 2.48828000e-02  9.00073572e-01  2.48828000e-02  8.92627070e-01  2.48828000e-02  0.00000000e+00 
 2.48928000e-02  9.00067305e-01  2.48928000e-02  8.93247497e-01  2.48928000e-02  0.00000000e+00 
 2.49028000e-02  9.00061035e-01  2.49028000e-02  8.93868187e-01  2.49028000e-02  0.00000000e+00 
 2.49128000e-02  9.00054762e-01  2.49128000e-02  8.94489116e-01  2.49128000e-02  0.00000000e+00 
 2.49228000e-02  9.00048487e-01  2.49228000e-02  8.95110259e-01  2.49228000e-02  0.00000000e+00 
 2.49328000e-02  9.00042210e-01  2.49328000e-02  8.95731591e-01  2.49328000e-02  0.00000000e+00 
 2.49428000e-02  9.00035932e-01  2.49428000e-02  8.96353088e-01  2.49428000e-02  0.00000000e+00 
 2.49528000e-02  9.00029652e-01  2.49528000e-02  8.96974726e-01  2.49528000e-02  0.00000000e+00 
 2.49628000e-02  9.00023371e-01  2.49628000e-02  8.97596479e-01  2.49628000e-02  0.00000000e+00 
 2.49728000e-02  9.00017089e-01  2.49728000e-02  8.98218324e-01  2.49728000e-02  0.00000000e+00 
 2.49828000e-02  9.00010807e-01  2.49828000e-02  8.98840236e-01  2.49828000e-02  0.00000000e+00 
 2.49928000e-02  9.00004524e-01  2.49928000e-02  8.99462190e-01  2.49928000e-02  0.00000000e+00 
 2.50028000e-02  8.99998241e-01  2.50028000e-02  9.00084161e-01  2.50028000e-02  1.80000000e+00 
 2.50128000e-02  8.99991958e-01  2.50128000e-02  9.00706126e-01  2.50128000e-02  1.80000000e+00 
 2.50228000e-02  8.99985675e-01  2.50228000e-02  9.01328059e-01  2.50228000e-02  1.80000000e+00 
 2.50328000e-02  8.99979393e-01  2.50328000e-02  9.01949936e-01  2.50328000e-02  1.80000000e+00 
 2.50428000e-02  8.99973111e-01  2.50428000e-02  9.02571733e-01  2.50428000e-02  1.80000000e+00 
 2.50528000e-02  8.99966831e-01  2.50528000e-02  9.03193425e-01  2.50528000e-02  1.80000000e+00 
 2.50628000e-02  8.99960552e-01  2.50628000e-02  9.03814987e-01  2.50628000e-02  1.80000000e+00 
 2.50728000e-02  8.99954274e-01  2.50728000e-02  9.04436395e-01  2.50728000e-02  1.80000000e+00 
 2.50828000e-02  8.99947999e-01  2.50828000e-02  9.05057624e-01  2.50828000e-02  1.80000000e+00 
 2.50928000e-02  8.99941725e-01  2.50928000e-02  9.05678650e-01  2.50928000e-02  1.80000000e+00 
 2.51028000e-02  8.99935454e-01  2.51028000e-02  9.06299448e-01  2.51028000e-02  1.80000000e+00 
 2.51128000e-02  8.99929185e-01  2.51128000e-02  9.06919994e-01  2.51128000e-02  1.80000000e+00 
 2.51228000e-02  8.99922919e-01  2.51228000e-02  9.07540263e-01  2.51228000e-02  1.80000000e+00 
 2.51328000e-02  8.99916656e-01  2.51328000e-02  9.08160231e-01  2.51328000e-02  1.80000000e+00 
 2.51428000e-02  8.99910396e-01  2.51428000e-02  9.08779873e-01  2.51428000e-02  1.80000000e+00 
 2.51528000e-02  8.99904140e-01  2.51528000e-02  9.09399166e-01  2.51528000e-02  1.80000000e+00 
 2.51628000e-02  8.99897888e-01  2.51628000e-02  9.10018083e-01  2.51628000e-02  1.80000000e+00 
 2.51728000e-02  8.99891640e-01  2.51728000e-02  9.10636601e-01  2.51728000e-02  1.80000000e+00 
 2.51828000e-02  8.99885396e-01  2.51828000e-02  9.11254696e-01  2.51828000e-02  1.80000000e+00 
 2.51928000e-02  8.99879156e-01  2.51928000e-02  9.11872343e-01  2.51928000e-02  1.80000000e+00 
 2.52028000e-02  8.99872922e-01  2.52028000e-02  9.12489518e-01  2.52028000e-02  1.80000000e+00 
 2.52128000e-02  8.99866692e-01  2.52128000e-02  9.13106197e-01  2.52128000e-02  1.80000000e+00 
 2.52228000e-02  8.99860467e-01  2.52228000e-02  9.13722354e-01  2.52228000e-02  1.80000000e+00 
 2.52328000e-02  8.99854248e-01  2.52328000e-02  9.14337966e-01  2.52328000e-02  1.80000000e+00 
 2.52428000e-02  8.99848035e-01  2.52428000e-02  9.14953008e-01  2.52428000e-02  1.80000000e+00 
 2.52528000e-02  8.99841828e-01  2.52528000e-02  9.15567457e-01  2.52528000e-02  1.80000000e+00 
 2.52628000e-02  8.99835627e-01  2.52628000e-02  9.16181287e-01  2.52628000e-02  1.80000000e+00 
 2.52728000e-02  8.99829433e-01  2.52728000e-02  9.16794475e-01  2.52728000e-02  1.80000000e+00 
 2.52828000e-02  8.99823245e-01  2.52828000e-02  9.17406997e-01  2.52828000e-02  1.80000000e+00 
 2.52928000e-02  8.99817064e-01  2.52928000e-02  9.18018827e-01  2.52928000e-02  1.80000000e+00 
 2.53028000e-02  8.99810891e-01  2.53028000e-02  9.18629943e-01  2.53028000e-02  1.80000000e+00 
 2.53128000e-02  8.99804725e-01  2.53128000e-02  9.19240320e-01  2.53128000e-02  1.80000000e+00 
 2.53228000e-02  8.99798566e-01  2.53228000e-02  9.19849934e-01  2.53228000e-02  1.80000000e+00 
 2.53328000e-02  8.99792416e-01  2.53328000e-02  9.20458760e-01  2.53328000e-02  1.80000000e+00 
 2.53428000e-02  8.99786274e-01  2.53428000e-02  9.21066775e-01  2.53428000e-02  1.80000000e+00 
 2.53528000e-02  8.99780140e-01  2.53528000e-02  9.21673955e-01  2.53528000e-02  1.80000000e+00 
 2.53628000e-02  8.99774015e-01  2.53628000e-02  9.22280276e-01  2.53628000e-02  1.80000000e+00 
 2.53728000e-02  8.99767899e-01  2.53728000e-02  9.22885714e-01  2.53728000e-02  1.80000000e+00 
 2.53828000e-02  8.99761792e-01  2.53828000e-02  9.23490244e-01  2.53828000e-02  1.80000000e+00 
 2.53928000e-02  8.99755694e-01  2.53928000e-02  9.24093844e-01  2.53928000e-02  1.80000000e+00 
 2.54028000e-02  8.99749606e-01  2.54028000e-02  9.24696489e-01  2.54028000e-02  1.80000000e+00 
 2.54128000e-02  8.99743528e-01  2.54128000e-02  9.25298155e-01  2.54128000e-02  1.80000000e+00 
 2.54228000e-02  8.99737461e-01  2.54228000e-02  9.25898819e-01  2.54228000e-02  1.80000000e+00 
 2.54328000e-02  8.99731403e-01  2.54328000e-02  9.26498458e-01  2.54328000e-02  1.80000000e+00 
 2.54428000e-02  8.99725356e-01  2.54428000e-02  9.27097046e-01  2.54428000e-02  1.80000000e+00 
 2.54528000e-02  8.99719320e-01  2.54528000e-02  9.27694561e-01  2.54528000e-02  1.80000000e+00 
 2.54628000e-02  8.99713295e-01  2.54628000e-02  9.28290980e-01  2.54628000e-02  1.80000000e+00 
 2.54728000e-02  8.99707281e-01  2.54728000e-02  9.28886278e-01  2.54728000e-02  1.80000000e+00 
 2.54828000e-02  8.99701279e-01  2.54828000e-02  9.29480431e-01  2.54828000e-02  1.80000000e+00 
 2.54928000e-02  8.99695289e-01  2.54928000e-02  9.30073418e-01  2.54928000e-02  1.80000000e+00 
 2.55028000e-02  8.99689310e-01  2.55028000e-02  9.30665214e-01  2.55028000e-02  1.80000000e+00 
 2.55128000e-02  8.99683344e-01  2.55128000e-02  9.31255795e-01  2.55128000e-02  1.80000000e+00 
 2.55228000e-02  8.99677391e-01  2.55228000e-02  9.31845139e-01  2.55228000e-02  1.80000000e+00 
 2.55328000e-02  8.99671450e-01  2.55328000e-02  9.32433223e-01  2.55328000e-02  1.80000000e+00 
 2.55428000e-02  8.99665522e-01  2.55428000e-02  9.33020022e-01  2.55428000e-02  1.80000000e+00 
 2.55528000e-02  8.99659607e-01  2.55528000e-02  9.33605515e-01  2.55528000e-02  1.80000000e+00 
 2.55628000e-02  8.99653706e-01  2.55628000e-02  9.34189677e-01  2.55628000e-02  1.80000000e+00 
 2.55728000e-02  8.99647819e-01  2.55728000e-02  9.34772485e-01  2.55728000e-02  1.80000000e+00 
 2.55828000e-02  8.99641945e-01  2.55828000e-02  9.35353918e-01  2.55828000e-02  1.80000000e+00 
 2.55928000e-02  8.99636085e-01  2.55928000e-02  9.35933951e-01  2.55928000e-02  1.80000000e+00 
 2.56028000e-02  8.99630240e-01  2.56028000e-02  9.36512562e-01  2.56028000e-02  1.80000000e+00 
 2.56128000e-02  8.99624410e-01  2.56128000e-02  9.37089728e-01  2.56128000e-02  1.80000000e+00 
 2.56228000e-02  8.99618594e-01  2.56228000e-02  9.37665426e-01  2.56228000e-02  1.80000000e+00 
 2.56328000e-02  8.99612793e-01  2.56328000e-02  9.38239634e-01  2.56328000e-02  1.80000000e+00 
 2.56428000e-02  8.99607008e-01  2.56428000e-02  9.38812328e-01  2.56428000e-02  1.80000000e+00 
 2.56528000e-02  8.99601238e-01  2.56528000e-02  9.39383487e-01  2.56528000e-02  1.80000000e+00 
 2.56628000e-02  8.99595484e-01  2.56628000e-02  9.39953087e-01  2.56628000e-02  1.80000000e+00 
 2.56728000e-02  8.99589746e-01  2.56728000e-02  9.40521107e-01  2.56728000e-02  1.80000000e+00 
 2.56828000e-02  8.99584024e-01  2.56828000e-02  9.41087523e-01  2.56828000e-02  1.80000000e+00 
 2.56928000e-02  8.99578318e-01  2.56928000e-02  9.41652314e-01  2.56928000e-02  1.80000000e+00 
 2.57028000e-02  8.99572630e-01  2.57028000e-02  9.42215457e-01  2.57028000e-02  1.80000000e+00 
 2.57128000e-02  8.99566958e-01  2.57128000e-02  9.42776929e-01  2.57128000e-02  1.80000000e+00 
 2.57228000e-02  8.99561303e-01  2.57228000e-02  9.43336710e-01  2.57228000e-02  1.80000000e+00 
 2.57328000e-02  8.99555665e-01  2.57328000e-02  9.43894775e-01  2.57328000e-02  1.80000000e+00 
 2.57428000e-02  8.99550045e-01  2.57428000e-02  9.44451105e-01  2.57428000e-02  1.80000000e+00 
 2.57528000e-02  8.99544443e-01  2.57528000e-02  9.45005676e-01  2.57528000e-02  1.80000000e+00 
 2.57628000e-02  8.99538858e-01  2.57628000e-02  9.45558466e-01  2.57628000e-02  1.80000000e+00 
 2.57728000e-02  8.99533292e-01  2.57728000e-02  9.46109455e-01  2.57728000e-02  1.80000000e+00 
 2.57828000e-02  8.99527745e-01  2.57828000e-02  9.46658620e-01  2.57828000e-02  1.80000000e+00 
 2.57928000e-02  8.99522216e-01  2.57928000e-02  9.47205939e-01  2.57928000e-02  1.80000000e+00 
 2.58028000e-02  8.99516705e-01  2.58028000e-02  9.47751391e-01  2.58028000e-02  1.80000000e+00 
 2.58128000e-02  8.99511214e-01  2.58128000e-02  9.48294954e-01  2.58128000e-02  1.80000000e+00 
 2.58228000e-02  8.99505743e-01  2.58228000e-02  9.48836607e-01  2.58228000e-02  1.80000000e+00 
 2.58328000e-02  8.99500290e-01  2.58328000e-02  9.49376329e-01  2.58328000e-02  1.80000000e+00 
 2.58428000e-02  8.99494858e-01  2.58428000e-02  9.49914098e-01  2.58428000e-02  1.80000000e+00 
 2.58528000e-02  8.99489445e-01  2.58528000e-02  9.50449892e-01  2.58528000e-02  1.80000000e+00 
 2.58628000e-02  8.99484053e-01  2.58628000e-02  9.50983692e-01  2.58628000e-02  1.80000000e+00 
 2.58728000e-02  8.99478681e-01  2.58728000e-02  9.51515475e-01  2.58728000e-02  1.80000000e+00 
 2.58828000e-02  8.99473329e-01  2.58828000e-02  9.52045221e-01  2.58828000e-02  1.80000000e+00 
 2.58928000e-02  8.99467998e-01  2.58928000e-02  9.52572909e-01  2.58928000e-02  1.80000000e+00 
 2.59028000e-02  8.99462689e-01  2.59028000e-02  9.53098517e-01  2.59028000e-02  1.80000000e+00 
 2.59128000e-02  8.99457400e-01  2.59128000e-02  9.53622026e-01  2.59128000e-02  1.80000000e+00 
 2.59228000e-02  8.99452133e-01  2.59228000e-02  9.54143414e-01  2.59228000e-02  1.80000000e+00 
 2.59328000e-02  8.99446888e-01  2.59328000e-02  9.54662662e-01  2.59328000e-02  1.80000000e+00 
 2.59428000e-02  8.99441664e-01  2.59428000e-02  9.55179747e-01  2.59428000e-02  1.80000000e+00 
 2.59528000e-02  8.99436462e-01  2.59528000e-02  9.55694651e-01  2.59528000e-02  1.80000000e+00 
 2.59628000e-02  8.99431283e-01  2.59628000e-02  9.56207353e-01  2.59628000e-02  1.80000000e+00 
 2.59728000e-02  8.99426126e-01  2.59728000e-02  9.56717832e-01  2.59728000e-02  1.80000000e+00 
 2.59828000e-02  8.99420992e-01  2.59828000e-02  9.57226068e-01  2.59828000e-02  1.80000000e+00 
 2.59928000e-02  8.99415881e-01  2.59928000e-02  9.57732042e-01  2.59928000e-02  1.80000000e+00 
 2.60028000e-02  8.99410792e-01  2.60028000e-02  9.58235733e-01  2.60028000e-02  1.80000000e+00 
 2.60128000e-02  8.99405727e-01  2.60128000e-02  9.58737121e-01  2.60128000e-02  1.80000000e+00 
 2.60228000e-02  8.99400686e-01  2.60228000e-02  9.59236187e-01  2.60228000e-02  1.80000000e+00 
 2.60328000e-02  8.99395668e-01  2.60328000e-02  9.59732911e-01  2.60328000e-02  1.80000000e+00 
 2.60428000e-02  8.99390674e-01  2.60428000e-02  9.60227273e-01  2.60428000e-02  1.80000000e+00 
 2.60528000e-02  8.99385704e-01  2.60528000e-02  9.60719254e-01  2.60528000e-02  1.80000000e+00 
 2.60628000e-02  8.99380758e-01  2.60628000e-02  9.61208834e-01  2.60628000e-02  1.80000000e+00 
 2.60728000e-02  8.99375837e-01  2.60728000e-02  9.61695994e-01  2.60728000e-02  1.80000000e+00 
 2.60828000e-02  8.99370940e-01  2.60828000e-02  9.62180715e-01  2.60828000e-02  1.80000000e+00 
 2.60928000e-02  8.99366068e-01  2.60928000e-02  9.62662978e-01  2.60928000e-02  1.80000000e+00 
 2.61028000e-02  8.99361221e-01  2.61028000e-02  9.63142763e-01  2.61028000e-02  1.80000000e+00 
 2.61128000e-02  8.99356400e-01  2.61128000e-02  9.63620052e-01  2.61128000e-02  1.80000000e+00 
 2.61228000e-02  8.99351604e-01  2.61228000e-02  9.64094826e-01  2.61228000e-02  1.80000000e+00 
 2.61328000e-02  8.99346833e-01  2.61328000e-02  9.64567066e-01  2.61328000e-02  1.80000000e+00 
 2.61428000e-02  8.99342088e-01  2.61428000e-02  9.65036753e-01  2.61428000e-02  1.80000000e+00 
 2.61528000e-02  8.99337369e-01  2.61528000e-02  9.65503870e-01  2.61528000e-02  1.80000000e+00 
 2.61628000e-02  8.99332677e-01  2.61628000e-02  9.65968396e-01  2.61628000e-02  1.80000000e+00 
 2.61728000e-02  8.99328011e-01  2.61728000e-02  9.66430315e-01  2.61728000e-02  1.80000000e+00 
 2.61828000e-02  8.99323371e-01  2.61828000e-02  9.66889608e-01  2.61828000e-02  1.80000000e+00 
 2.61928000e-02  8.99318758e-01  2.61928000e-02  9.67346257e-01  2.61928000e-02  1.80000000e+00 
 2.62028000e-02  8.99314171e-01  2.62028000e-02  9.67800243e-01  2.62028000e-02  1.80000000e+00 
 2.62128000e-02  8.99309612e-01  2.62128000e-02  9.68251549e-01  2.62128000e-02  1.80000000e+00 
 2.62228000e-02  8.99305081e-01  2.62228000e-02  9.68700157e-01  2.62228000e-02  1.80000000e+00 
 2.62328000e-02  8.99300576e-01  2.62328000e-02  9.69146049e-01  2.62328000e-02  1.80000000e+00 
 2.62428000e-02  8.99296099e-01  2.62428000e-02  9.69589208e-01  2.62428000e-02  1.80000000e+00 
 2.62528000e-02  8.99291650e-01  2.62528000e-02  9.70029617e-01  2.62528000e-02  1.80000000e+00 
 2.62628000e-02  8.99287229e-01  2.62628000e-02  9.70467257e-01  2.62628000e-02  1.80000000e+00 
 2.62728000e-02  8.99282836e-01  2.62728000e-02  9.70902111e-01  2.62728000e-02  1.80000000e+00 
 2.62828000e-02  8.99278472e-01  2.62828000e-02  9.71334163e-01  2.62828000e-02  1.80000000e+00 
 2.62928000e-02  8.99274136e-01  2.62928000e-02  9.71763395e-01  2.62928000e-02  1.80000000e+00 
 2.63028000e-02  8.99269828e-01  2.63028000e-02  9.72189791e-01  2.63028000e-02  1.80000000e+00 
 2.63128000e-02  8.99265550e-01  2.63128000e-02  9.72613333e-01  2.63128000e-02  1.80000000e+00 
 2.63228000e-02  8.99261300e-01  2.63228000e-02  9.73034005e-01  2.63228000e-02  1.80000000e+00 
 2.63328000e-02  8.99257079e-01  2.63328000e-02  9.73451790e-01  2.63328000e-02  1.80000000e+00 
 2.63428000e-02  8.99252888e-01  2.63428000e-02  9.73866672e-01  2.63428000e-02  1.80000000e+00 
 2.63528000e-02  8.99248727e-01  2.63528000e-02  9.74278634e-01  2.63528000e-02  1.80000000e+00 
 2.63628000e-02  8.99244595e-01  2.63628000e-02  9.74687660e-01  2.63628000e-02  1.80000000e+00 
 2.63728000e-02  8.99240492e-01  2.63728000e-02  9.75093734e-01  2.63728000e-02  1.80000000e+00 
 2.63828000e-02  8.99236420e-01  2.63828000e-02  9.75496840e-01  2.63828000e-02  1.80000000e+00 
 2.63928000e-02  8.99232378e-01  2.63928000e-02  9.75896962e-01  2.63928000e-02  1.80000000e+00 
 2.64028000e-02  8.99228367e-01  2.64028000e-02  9.76294084e-01  2.64028000e-02  1.80000000e+00 
 2.64128000e-02  8.99224385e-01  2.64128000e-02  9.76688190e-01  2.64128000e-02  1.80000000e+00 
 2.64228000e-02  8.99220435e-01  2.64228000e-02  9.77079265e-01  2.64228000e-02  1.80000000e+00 
 2.64328000e-02  8.99216515e-01  2.64328000e-02  9.77467294e-01  2.64328000e-02  1.80000000e+00 
 2.64428000e-02  8.99212626e-01  2.64428000e-02  9.77852262e-01  2.64428000e-02  1.80000000e+00 
 2.64528000e-02  8.99208768e-01  2.64528000e-02  9.78234152e-01  2.64528000e-02  1.80000000e+00 
 2.64628000e-02  8.99204941e-01  2.64628000e-02  9.78612950e-01  2.64628000e-02  1.80000000e+00 
 2.64728000e-02  8.99201146e-01  2.64728000e-02  9.78988640e-01  2.64728000e-02  1.80000000e+00 
 2.64828000e-02  8.99197382e-01  2.64828000e-02  9.79361210e-01  2.64828000e-02  1.80000000e+00 
 2.64928000e-02  8.99193650e-01  2.64928000e-02  9.79730642e-01  2.64928000e-02  1.80000000e+00 
 2.65028000e-02  8.99189950e-01  2.65028000e-02  9.80096923e-01  2.65028000e-02  1.80000000e+00 
 2.65128000e-02  8.99186282e-01  2.65128000e-02  9.80460039e-01  2.65128000e-02  1.80000000e+00 
 2.65228000e-02  8.99182646e-01  2.65228000e-02  9.80819974e-01  2.65228000e-02  1.80000000e+00 
 2.65328000e-02  8.99179042e-01  2.65328000e-02  9.81176716e-01  2.65328000e-02  1.80000000e+00 
 2.65428000e-02  8.99175471e-01  2.65428000e-02  9.81530249e-01  2.65428000e-02  1.80000000e+00 
 2.65528000e-02  8.99171932e-01  2.65528000e-02  9.81880560e-01  2.65528000e-02  1.80000000e+00 
 2.65628000e-02  8.99168426e-01  2.65628000e-02  9.82227635e-01  2.65628000e-02  1.80000000e+00 
 2.65728000e-02  8.99164952e-01  2.65728000e-02  9.82571460e-01  2.65728000e-02  1.80000000e+00 
 2.65828000e-02  8.99161512e-01  2.65828000e-02  9.82912022e-01  2.65828000e-02  1.80000000e+00 
 2.65928000e-02  8.99158105e-01  2.65928000e-02  9.83249307e-01  2.65928000e-02  1.80000000e+00 
 2.66028000e-02  8.99154731e-01  2.66028000e-02  9.83583302e-01  2.66028000e-02  1.80000000e+00 
 2.66128000e-02  8.99151390e-01  2.66128000e-02  9.83913993e-01  2.66128000e-02  1.80000000e+00 
 2.66228000e-02  8.99148083e-01  2.66228000e-02  9.84241369e-01  2.66228000e-02  1.80000000e+00 
 2.66328000e-02  8.99144809e-01  2.66328000e-02  9.84565415e-01  2.66328000e-02  1.80000000e+00 
 2.66428000e-02  8.99141570e-01  2.66428000e-02  9.84886119e-01  2.66428000e-02  1.80000000e+00 
 2.66528000e-02  8.99138364e-01  2.66528000e-02  9.85203468e-01  2.66528000e-02  1.80000000e+00 
 2.66628000e-02  8.99135192e-01  2.66628000e-02  9.85517450e-01  2.66628000e-02  1.80000000e+00 
 2.66728000e-02  8.99132054e-01  2.66728000e-02  9.85828053e-01  2.66728000e-02  1.80000000e+00 
 2.66828000e-02  8.99128951e-01  2.66828000e-02  9.86135263e-01  2.66828000e-02  1.80000000e+00 
 2.66928000e-02  8.99125882e-01  2.66928000e-02  9.86439070e-01  2.66928000e-02  1.80000000e+00 
 2.67028000e-02  8.99122847e-01  2.67028000e-02  9.86739460e-01  2.67028000e-02  1.80000000e+00 
 2.67128000e-02  8.99119847e-01  2.67128000e-02  9.87036423e-01  2.67128000e-02  1.80000000e+00 
 2.67228000e-02  8.99116882e-01  2.67228000e-02  9.87329946e-01  2.67228000e-02  1.80000000e+00 
 2.67328000e-02  8.99113952e-01  2.67328000e-02  9.87620017e-01  2.67328000e-02  1.80000000e+00 
 2.67428000e-02  8.99111056e-01  2.67428000e-02  9.87906627e-01  2.67428000e-02  1.80000000e+00 
 2.67528000e-02  8.99108196e-01  2.67528000e-02  9.88189762e-01  2.67528000e-02  1.80000000e+00 
 2.67628000e-02  8.99105371e-01  2.67628000e-02  9.88469412e-01  2.67628000e-02  1.80000000e+00 
 2.67728000e-02  8.99102581e-01  2.67728000e-02  9.88745566e-01  2.67728000e-02  1.80000000e+00 
 2.67828000e-02  8.99099827e-01  2.67828000e-02  9.89018213e-01  2.67828000e-02  1.80000000e+00 
 2.67928000e-02  8.99097108e-01  2.67928000e-02  9.89287342e-01  2.67928000e-02  1.80000000e+00 
 2.68028000e-02  8.99094425e-01  2.68028000e-02  9.89552942e-01  2.68028000e-02  1.80000000e+00 
 2.68128000e-02  8.99091778e-01  2.68128000e-02  9.89815004e-01  2.68128000e-02  1.80000000e+00 
 2.68228000e-02  8.99089166e-01  2.68228000e-02  9.90073516e-01  2.68228000e-02  1.80000000e+00 
 2.68328000e-02  8.99086591e-01  2.68328000e-02  9.90328469e-01  2.68328000e-02  1.80000000e+00 
 2.68428000e-02  8.99084051e-01  2.68428000e-02  9.90579852e-01  2.68428000e-02  1.80000000e+00 
 2.68528000e-02  8.99081548e-01  2.68528000e-02  9.90827656e-01  2.68528000e-02  1.80000000e+00 
 2.68628000e-02  8.99079081e-01  2.68628000e-02  9.91071870e-01  2.68628000e-02  1.80000000e+00 
 2.68728000e-02  8.99076650e-01  2.68728000e-02  9.91312486e-01  2.68728000e-02  1.80000000e+00 
 2.68828000e-02  8.99074256e-01  2.68828000e-02  9.91549493e-01  2.68828000e-02  1.80000000e+00 
 2.68928000e-02  8.99071898e-01  2.68928000e-02  9.91782882e-01  2.68928000e-02  1.80000000e+00 
 2.69028000e-02  8.99069577e-01  2.69028000e-02  9.92012644e-01  2.69028000e-02  1.80000000e+00 
 2.69128000e-02  8.99067293e-01  2.69128000e-02  9.92238771e-01  2.69128000e-02  1.80000000e+00 
 2.69228000e-02  8.99065045e-01  2.69228000e-02  9.92461252e-01  2.69228000e-02  1.80000000e+00 
 2.69328000e-02  8.99062835e-01  2.69328000e-02  9.92680080e-01  2.69328000e-02  1.80000000e+00 
 2.69428000e-02  8.99060661e-01  2.69428000e-02  9.92895245e-01  2.69428000e-02  1.80000000e+00 
 2.69528000e-02  8.99058525e-01  2.69528000e-02  9.93106739e-01  2.69528000e-02  1.80000000e+00 
 2.69628000e-02  8.99056425e-01  2.69628000e-02  9.93314554e-01  2.69628000e-02  1.80000000e+00 
 2.69728000e-02  8.99054363e-01  2.69728000e-02  9.93518682e-01  2.69728000e-02  1.80000000e+00 
 2.69828000e-02  8.99052339e-01  2.69828000e-02  9.93719114e-01  2.69828000e-02  1.80000000e+00 
 2.69928000e-02  8.99050351e-01  2.69928000e-02  9.93915842e-01  2.69928000e-02  1.80000000e+00 
 2.70028000e-02  8.99048401e-01  2.70028000e-02  9.94108860e-01  2.70028000e-02  1.80000000e+00 
 2.70128000e-02  8.99046489e-01  2.70128000e-02  9.94298158e-01  2.70128000e-02  1.80000000e+00 
 2.70228000e-02  8.99044614e-01  2.70228000e-02  9.94483731e-01  2.70228000e-02  1.80000000e+00 
 2.70328000e-02  8.99042777e-01  2.70328000e-02  9.94665570e-01  2.70328000e-02  1.80000000e+00 
 2.70428000e-02  8.99040978e-01  2.70428000e-02  9.94843668e-01  2.70428000e-02  1.80000000e+00 
 2.70528000e-02  8.99039217e-01  2.70528000e-02  9.95018018e-01  2.70528000e-02  1.80000000e+00 
 2.70628000e-02  8.99037494e-01  2.70628000e-02  9.95188613e-01  2.70628000e-02  1.80000000e+00 
 2.70728000e-02  8.99035808e-01  2.70728000e-02  9.95355447e-01  2.70728000e-02  1.80000000e+00 
 2.70828000e-02  8.99034161e-01  2.70828000e-02  9.95518513e-01  2.70828000e-02  1.80000000e+00 
 2.70928000e-02  8.99032552e-01  2.70928000e-02  9.95677805e-01  2.70928000e-02  1.80000000e+00 
 2.71028000e-02  8.99030981e-01  2.71028000e-02  9.95833315e-01  2.71028000e-02  1.80000000e+00 
 2.71128000e-02  8.99029448e-01  2.71128000e-02  9.95985039e-01  2.71128000e-02  1.80000000e+00 
 2.71228000e-02  8.99027954e-01  2.71228000e-02  9.96132970e-01  2.71228000e-02  1.80000000e+00 
 2.71328000e-02  8.99026498e-01  2.71328000e-02  9.96277103e-01  2.71328000e-02  1.80000000e+00 
 2.71428000e-02  8.99025080e-01  2.71428000e-02  9.96417430e-01  2.71428000e-02  1.80000000e+00 
 2.71528000e-02  8.99023701e-01  2.71528000e-02  9.96553948e-01  2.71528000e-02  1.80000000e+00 
 2.71628000e-02  8.99022360e-01  2.71628000e-02  9.96686651e-01  2.71628000e-02  1.80000000e+00 
 2.71728000e-02  8.99021058e-01  2.71728000e-02  9.96815533e-01  2.71728000e-02  1.80000000e+00 
 2.71828000e-02  8.99019795e-01  2.71828000e-02  9.96940589e-01  2.71828000e-02  1.80000000e+00 
 2.71928000e-02  8.99018570e-01  2.71928000e-02  9.97061815e-01  2.71928000e-02  1.80000000e+00 
 2.72028000e-02  8.99017385e-01  2.72028000e-02  9.97179206e-01  2.72028000e-02  1.80000000e+00 
 2.72128000e-02  8.99016238e-01  2.72128000e-02  9.97292756e-01  2.72128000e-02  1.80000000e+00 
 2.72228000e-02  8.99015129e-01  2.72228000e-02  9.97402462e-01  2.72228000e-02  1.80000000e+00 
 2.72328000e-02  8.99014060e-01  2.72328000e-02  9.97508319e-01  2.72328000e-02  1.80000000e+00 
 2.72428000e-02  8.99013029e-01  2.72428000e-02  9.97610323e-01  2.72428000e-02  1.80000000e+00 
 2.72528000e-02  8.99012038e-01  2.72528000e-02  9.97708470e-01  2.72528000e-02  1.80000000e+00 
 2.72628000e-02  8.99011085e-01  2.72628000e-02  9.97802756e-01  2.72628000e-02  1.80000000e+00 
 2.72728000e-02  8.99010172e-01  2.72728000e-02  9.97893177e-01  2.72728000e-02  1.80000000e+00 
 2.72828000e-02  8.99009298e-01  2.72828000e-02  9.97979730e-01  2.72828000e-02  1.80000000e+00 
 2.72928000e-02  8.99008462e-01  2.72928000e-02  9.98062412e-01  2.72928000e-02  1.80000000e+00 
 2.73028000e-02  8.99007666e-01  2.73028000e-02  9.98141218e-01  2.73028000e-02  1.80000000e+00 
 2.73128000e-02  8.99006909e-01  2.73128000e-02  9.98216147e-01  2.73128000e-02  1.80000000e+00 
 2.73228000e-02  8.99006192e-01  2.73228000e-02  9.98287195e-01  2.73228000e-02  1.80000000e+00 
 2.73328000e-02  8.99005513e-01  2.73328000e-02  9.98354359e-01  2.73328000e-02  1.80000000e+00 
 2.73428000e-02  8.99004874e-01  2.73428000e-02  9.98417636e-01  2.73428000e-02  1.80000000e+00 
 2.73528000e-02  8.99004274e-01  2.73528000e-02  9.98477025e-01  2.73528000e-02  1.80000000e+00 
 2.73628000e-02  8.99003713e-01  2.73628000e-02  9.98532522e-01  2.73628000e-02  1.80000000e+00 
 2.73728000e-02  8.99003192e-01  2.73728000e-02  9.98584126e-01  2.73728000e-02  1.80000000e+00 
 2.73828000e-02  8.99002710e-01  2.73828000e-02  9.98631835e-01  2.73828000e-02  1.80000000e+00 
 2.73928000e-02  8.99002268e-01  2.73928000e-02  9.98675646e-01  2.73928000e-02  1.80000000e+00 
 2.74028000e-02  8.99001864e-01  2.74028000e-02  9.98715558e-01  2.74028000e-02  1.80000000e+00 
 2.74128000e-02  8.99001501e-01  2.74128000e-02  9.98751569e-01  2.74128000e-02  1.80000000e+00 
 2.74228000e-02  8.99001176e-01  2.74228000e-02  9.98783678e-01  2.74228000e-02  1.80000000e+00 
 2.74328000e-02  8.99000891e-01  2.74328000e-02  9.98811884e-01  2.74328000e-02  1.80000000e+00 
 2.74428000e-02  8.99000646e-01  2.74428000e-02  9.98836185e-01  2.74428000e-02  1.80000000e+00 
 2.74528000e-02  8.99000440e-01  2.74528000e-02  9.98856581e-01  2.74528000e-02  1.80000000e+00 
 2.74628000e-02  8.99000273e-01  2.74628000e-02  9.98873071e-01  2.74628000e-02  1.80000000e+00 
 2.74728000e-02  8.99000146e-01  2.74728000e-02  9.98885654e-01  2.74728000e-02  1.80000000e+00 
 2.74828000e-02  8.99000058e-01  2.74828000e-02  9.98894329e-01  2.74828000e-02  1.80000000e+00 
 2.74928000e-02  8.99000010e-01  2.74928000e-02  9.98899097e-01  2.74928000e-02  1.80000000e+00 
 2.75028000e-02  8.99000002e-01  2.75028000e-02  9.98899957e-01  2.75028000e-02  1.80000000e+00 
 2.75128000e-02  8.99000032e-01  2.75128000e-02  9.98896908e-01  2.75128000e-02  1.80000000e+00 
 2.75228000e-02  8.99000103e-01  2.75228000e-02  9.98889952e-01  2.75228000e-02  1.80000000e+00 
 2.75328000e-02  8.99000212e-01  2.75328000e-02  9.98879089e-01  2.75328000e-02  1.80000000e+00 
 2.75428000e-02  8.99000362e-01  2.75428000e-02  9.98864318e-01  2.75428000e-02  1.80000000e+00 
 2.75528000e-02  8.99000550e-01  2.75528000e-02  9.98845641e-01  2.75528000e-02  1.80000000e+00 
 2.75628000e-02  8.99000778e-01  2.75628000e-02  9.98823058e-01  2.75628000e-02  1.80000000e+00 
 2.75728000e-02  8.99001046e-01  2.75728000e-02  9.98796570e-01  2.75728000e-02  1.80000000e+00 
 2.75828000e-02  8.99001353e-01  2.75828000e-02  9.98766178e-01  2.75828000e-02  1.80000000e+00 
 2.75928000e-02  8.99001699e-01  2.75928000e-02  9.98731883e-01  2.75928000e-02  1.80000000e+00 
 2.76028000e-02  8.99002085e-01  2.76028000e-02  9.98693688e-01  2.76028000e-02  1.80000000e+00 
 2.76128000e-02  8.99002511e-01  2.76128000e-02  9.98651592e-01  2.76128000e-02  1.80000000e+00 
 2.76228000e-02  8.99002975e-01  2.76228000e-02  9.98605598e-01  2.76228000e-02  1.80000000e+00 
 2.76328000e-02  8.99003479e-01  2.76328000e-02  9.98555708e-01  2.76328000e-02  1.80000000e+00 
 2.76428000e-02  8.99004022e-01  2.76428000e-02  9.98501923e-01  2.76428000e-02  1.80000000e+00 
 2.76528000e-02  8.99004605e-01  2.76528000e-02  9.98444247e-01  2.76528000e-02  1.80000000e+00 
 2.76628000e-02  8.99005227e-01  2.76628000e-02  9.98382680e-01  2.76628000e-02  1.80000000e+00 
 2.76728000e-02  8.99005888e-01  2.76728000e-02  9.98317226e-01  2.76728000e-02  1.80000000e+00 
 2.76828000e-02  8.99006589e-01  2.76828000e-02  9.98247887e-01  2.76828000e-02  1.80000000e+00 
 2.76928000e-02  8.99007328e-01  2.76928000e-02  9.98174665e-01  2.76928000e-02  1.80000000e+00 
 2.77028000e-02  8.99008107e-01  2.77028000e-02  9.98097564e-01  2.77028000e-02  1.80000000e+00 
 2.77128000e-02  8.99008925e-01  2.77128000e-02  9.98016587e-01  2.77128000e-02  1.80000000e+00 
 2.77228000e-02  8.99009783e-01  2.77228000e-02  9.97931737e-01  2.77228000e-02  1.80000000e+00 
 2.77328000e-02  8.99010679e-01  2.77328000e-02  9.97843017e-01  2.77328000e-02  1.80000000e+00 
 2.77428000e-02  8.99011614e-01  2.77428000e-02  9.97750431e-01  2.77428000e-02  1.80000000e+00 
 2.77528000e-02  8.99012588e-01  2.77528000e-02  9.97653983e-01  2.77528000e-02  1.80000000e+00 
 2.77628000e-02  8.99013602e-01  2.77628000e-02  9.97553675e-01  2.77628000e-02  1.80000000e+00 
 2.77728000e-02  8.99014654e-01  2.77728000e-02  9.97449513e-01  2.77728000e-02  1.80000000e+00 
 2.77828000e-02  8.99015745e-01  2.77828000e-02  9.97341500e-01  2.77828000e-02  1.80000000e+00 
 2.77928000e-02  8.99016875e-01  2.77928000e-02  9.97229641e-01  2.77928000e-02  1.80000000e+00 
 2.78028000e-02  8.99018044e-01  2.78028000e-02  9.97113940e-01  2.78028000e-02  1.80000000e+00 
 2.78128000e-02  8.99019252e-01  2.78128000e-02  9.96994401e-01  2.78128000e-02  1.80000000e+00 
 2.78228000e-02  8.99020498e-01  2.78228000e-02  9.96871029e-01  2.78228000e-02  1.80000000e+00 
 2.78328000e-02  8.99021783e-01  2.78328000e-02  9.96743830e-01  2.78328000e-02  1.80000000e+00 
 2.78428000e-02  8.99023106e-01  2.78428000e-02  9.96612808e-01  2.78428000e-02  1.80000000e+00 
 2.78528000e-02  8.99024469e-01  2.78528000e-02  9.96477968e-01  2.78528000e-02  1.80000000e+00 
 2.78628000e-02  8.99025869e-01  2.78628000e-02  9.96339316e-01  2.78628000e-02  1.80000000e+00 
 2.78728000e-02  8.99027308e-01  2.78728000e-02  9.96196857e-01  2.78728000e-02  1.80000000e+00 
 2.78828000e-02  8.99028786e-01  2.78828000e-02  9.96050597e-01  2.78828000e-02  1.80000000e+00 
 2.78928000e-02  8.99030302e-01  2.78928000e-02  9.95900541e-01  2.78928000e-02  1.80000000e+00 
 2.79028000e-02  8.99031856e-01  2.79028000e-02  9.95746696e-01  2.79028000e-02  1.80000000e+00 
 2.79128000e-02  8.99033448e-01  2.79128000e-02  9.95589067e-01  2.79128000e-02  1.80000000e+00 
 2.79228000e-02  8.99035079e-01  2.79228000e-02  9.95427661e-01  2.79228000e-02  1.80000000e+00 
 2.79328000e-02  8.99036747e-01  2.79328000e-02  9.95262484e-01  2.79328000e-02  1.80000000e+00 
 2.79428000e-02  8.99038454e-01  2.79428000e-02  9.95093543e-01  2.79428000e-02  1.80000000e+00 
 2.79528000e-02  8.99040199e-01  2.79528000e-02  9.94920844e-01  2.79528000e-02  1.80000000e+00 
 2.79628000e-02  8.99041981e-01  2.79628000e-02  9.94744394e-01  2.79628000e-02  1.80000000e+00 
 2.79728000e-02  8.99043801e-01  2.79728000e-02  9.94564200e-01  2.79728000e-02  1.80000000e+00 
 2.79828000e-02  8.99045660e-01  2.79828000e-02  9.94380270e-01  2.79828000e-02  1.80000000e+00 
 2.79928000e-02  8.99047555e-01  2.79928000e-02  9.94192610e-01  2.79928000e-02  1.80000000e+00 
 2.80028000e-02  8.99049489e-01  2.80028000e-02  9.94001228e-01  2.80028000e-02  1.80000000e+00 
 2.80128000e-02  8.99051459e-01  2.80128000e-02  9.93806131e-01  2.80128000e-02  1.80000000e+00 
 2.80228000e-02  8.99053468e-01  2.80228000e-02  9.93607328e-01  2.80228000e-02  1.80000000e+00 
 2.80328000e-02  8.99055513e-01  2.80328000e-02  9.93404825e-01  2.80328000e-02  1.80000000e+00 
 2.80428000e-02  8.99057596e-01  2.80428000e-02  9.93198631e-01  2.80428000e-02  1.80000000e+00 
 2.80528000e-02  8.99059717e-01  2.80528000e-02  9.92988755e-01  2.80528000e-02  1.80000000e+00 
 2.80628000e-02  8.99061874e-01  2.80628000e-02  9.92775204e-01  2.80628000e-02  1.80000000e+00 
 2.80728000e-02  8.99064068e-01  2.80728000e-02  9.92557987e-01  2.80728000e-02  1.80000000e+00 
 2.80828000e-02  8.99066300e-01  2.80828000e-02  9.92337112e-01  2.80828000e-02  1.80000000e+00 
 2.80928000e-02  8.99068568e-01  2.80928000e-02  9.92112589e-01  2.80928000e-02  1.80000000e+00 
 2.81028000e-02  8.99070873e-01  2.81028000e-02  9.91884425e-01  2.81028000e-02  1.80000000e+00 
 2.81128000e-02  8.99073214e-01  2.81128000e-02  9.91652630e-01  2.81128000e-02  1.80000000e+00 
 2.81228000e-02  8.99075592e-01  2.81228000e-02  9.91417214e-01  2.81228000e-02  1.80000000e+00 
 2.81328000e-02  8.99078007e-01  2.81328000e-02  9.91178185e-01  2.81328000e-02  1.80000000e+00 
 2.81428000e-02  8.99080458e-01  2.81428000e-02  9.90935553e-01  2.81428000e-02  1.80000000e+00 
 2.81528000e-02  8.99082945e-01  2.81528000e-02  9.90689327e-01  2.81528000e-02  1.80000000e+00 
 2.81628000e-02  8.99085469e-01  2.81628000e-02  9.90439518e-01  2.81628000e-02  1.80000000e+00 
 2.81728000e-02  8.99088029e-01  2.81728000e-02  9.90186134e-01  2.81728000e-02  1.80000000e+00 
 2.81828000e-02  8.99090624e-01  2.81828000e-02  9.89929187e-01  2.81828000e-02  1.80000000e+00 
 2.81928000e-02  8.99093256e-01  2.81928000e-02  9.89668686e-01  2.81928000e-02  1.80000000e+00 
 2.82028000e-02  8.99095923e-01  2.82028000e-02  9.89404641e-01  2.82028000e-02  1.80000000e+00 
 2.82128000e-02  8.99098626e-01  2.82128000e-02  9.89137063e-01  2.82128000e-02  1.80000000e+00 
 2.82228000e-02  8.99101365e-01  2.82228000e-02  9.88865963e-01  2.82228000e-02  1.80000000e+00 
 2.82328000e-02  8.99104139e-01  2.82328000e-02  9.88591351e-01  2.82328000e-02  1.80000000e+00 
 2.82428000e-02  8.99106949e-01  2.82428000e-02  9.88313238e-01  2.82428000e-02  1.80000000e+00 
 2.82528000e-02  8.99109794e-01  2.82528000e-02  9.88031635e-01  2.82528000e-02  1.80000000e+00 
 2.82628000e-02  8.99112673e-01  2.82628000e-02  9.87746553e-01  2.82628000e-02  1.80000000e+00 
 2.82728000e-02  8.99115588e-01  2.82728000e-02  9.87458003e-01  2.82728000e-02  1.80000000e+00 
 2.82828000e-02  8.99118538e-01  2.82828000e-02  9.87165997e-01  2.82828000e-02  1.80000000e+00 
 2.82928000e-02  8.99121523e-01  2.82928000e-02  9.86870547e-01  2.82928000e-02  1.80000000e+00 
 2.83028000e-02  8.99124542e-01  2.83028000e-02  9.86571663e-01  2.83028000e-02  1.80000000e+00 
 2.83128000e-02  8.99127596e-01  2.83128000e-02  9.86269358e-01  2.83128000e-02  1.80000000e+00 
 2.83228000e-02  8.99130684e-01  2.83228000e-02  9.85963644e-01  2.83228000e-02  1.80000000e+00 
 2.83328000e-02  8.99133807e-01  2.83328000e-02  9.85654532e-01  2.83328000e-02  1.80000000e+00 
 2.83428000e-02  8.99136964e-01  2.83428000e-02  9.85342036e-01  2.83428000e-02  1.80000000e+00 
 2.83528000e-02  8.99140155e-01  2.83528000e-02  9.85026167e-01  2.83528000e-02  1.80000000e+00 
 2.83628000e-02  8.99143380e-01  2.83628000e-02  9.84706937e-01  2.83628000e-02  1.80000000e+00 
 2.83728000e-02  8.99146638e-01  2.83728000e-02  9.84384360e-01  2.83728000e-02  1.80000000e+00 
 2.83828000e-02  8.99149931e-01  2.83828000e-02  9.84058448e-01  2.83828000e-02  1.80000000e+00 
 2.83928000e-02  8.99153257e-01  2.83928000e-02  9.83729214e-01  2.83928000e-02  1.80000000e+00 
 2.84028000e-02  8.99156616e-01  2.84028000e-02  9.83396671e-01  2.84028000e-02  1.80000000e+00 
 2.84128000e-02  8.99160009e-01  2.84128000e-02  9.83060832e-01  2.84128000e-02  1.80000000e+00 
 2.84228000e-02  8.99163435e-01  2.84228000e-02  9.82721710e-01  2.84228000e-02  1.80000000e+00 
 2.84328000e-02  8.99166893e-01  2.84328000e-02  9.82379319e-01  2.84328000e-02  1.80000000e+00 
 2.84428000e-02  8.99170385e-01  2.84428000e-02  9.82033672e-01  2.84428000e-02  1.80000000e+00 
 2.84528000e-02  8.99173910e-01  2.84528000e-02  9.81684784e-01  2.84528000e-02  1.80000000e+00 
 2.84628000e-02  8.99177467e-01  2.84628000e-02  9.81332667e-01  2.84628000e-02  1.80000000e+00 
 2.84728000e-02  8.99181056e-01  2.84728000e-02  9.80977335e-01  2.84728000e-02  1.80000000e+00 
 2.84828000e-02  8.99184678e-01  2.84828000e-02  9.80618803e-01  2.84828000e-02  1.80000000e+00 
 2.84928000e-02  8.99188332e-01  2.84928000e-02  9.80257085e-01  2.84928000e-02  1.80000000e+00 
 2.85028000e-02  8.99192018e-01  2.85028000e-02  9.79892195e-01  2.85028000e-02  1.80000000e+00 
 2.85128000e-02  8.99195736e-01  2.85128000e-02  9.79524147e-01  2.85128000e-02  1.80000000e+00 
 2.85228000e-02  8.99199486e-01  2.85228000e-02  9.79152956e-01  2.85228000e-02  1.80000000e+00 
 2.85328000e-02  8.99203268e-01  2.85328000e-02  9.78778637e-01  2.85328000e-02  1.80000000e+00 
 2.85428000e-02  8.99207080e-01  2.85428000e-02  9.78401204e-01  2.85428000e-02  1.80000000e+00 
 2.85528000e-02  8.99210924e-01  2.85528000e-02  9.78020673e-01  2.85528000e-02  1.80000000e+00 
 2.85628000e-02  8.99214800e-01  2.85628000e-02  9.77637058e-01  2.85628000e-02  1.80000000e+00 
 2.85728000e-02  8.99218706e-01  2.85728000e-02  9.77250374e-01  2.85728000e-02  1.80000000e+00 
 2.85828000e-02  8.99222643e-01  2.85828000e-02  9.76860638e-01  2.85828000e-02  1.80000000e+00 
 2.85928000e-02  8.99226611e-01  2.85928000e-02  9.76467863e-01  2.85928000e-02  1.80000000e+00 
 2.86028000e-02  8.99230609e-01  2.86028000e-02  9.76072066e-01  2.86028000e-02  1.80000000e+00 
 2.86128000e-02  8.99234638e-01  2.86128000e-02  9.75673262e-01  2.86128000e-02  1.80000000e+00 
 2.86228000e-02  8.99238697e-01  2.86228000e-02  9.75271467e-01  2.86228000e-02  1.80000000e+00 
 2.86328000e-02  8.99242786e-01  2.86328000e-02  9.74866697e-01  2.86328000e-02  1.80000000e+00 
 2.86428000e-02  8.99246905e-01  2.86428000e-02  9.74458968e-01  2.86428000e-02  1.80000000e+00 
 2.86528000e-02  8.99251054e-01  2.86528000e-02  9.74048295e-01  2.86528000e-02  1.80000000e+00 
 2.86628000e-02  8.99255232e-01  2.86628000e-02  9.73634696e-01  2.86628000e-02  1.80000000e+00 
 2.86728000e-02  8.99259439e-01  2.86728000e-02  9.73218187e-01  2.86728000e-02  1.80000000e+00 
 2.86828000e-02  8.99263676e-01  2.86828000e-02  9.72798783e-01  2.86828000e-02  1.80000000e+00 
 2.86928000e-02  8.99267942e-01  2.86928000e-02  9.72376502e-01  2.86928000e-02  1.80000000e+00 
 2.87028000e-02  8.99272237e-01  2.87028000e-02  9.71951360e-01  2.87028000e-02  1.80000000e+00 
 2.87128000e-02  8.99276560e-01  2.87128000e-02  9.71523374e-01  2.87128000e-02  1.80000000e+00 
 2.87228000e-02  8.99280912e-01  2.87228000e-02  9.71092560e-01  2.87228000e-02  1.80000000e+00 
 2.87328000e-02  8.99285293e-01  2.87328000e-02  9.70658937e-01  2.87328000e-02  1.80000000e+00 
 2.87428000e-02  8.99289702e-01  2.87428000e-02  9.70222520e-01  2.87428000e-02  1.80000000e+00 
 2.87528000e-02  8.99294138e-01  2.87528000e-02  9.69783328e-01  2.87528000e-02  1.80000000e+00 
 2.87628000e-02  8.99298603e-01  2.87628000e-02  9.69341377e-01  2.87628000e-02  1.80000000e+00 
 2.87728000e-02  8.99303095e-01  2.87728000e-02  9.68896685e-01  2.87728000e-02  1.80000000e+00 
 2.87828000e-02  8.99307615e-01  2.87828000e-02  9.68449270e-01  2.87828000e-02  1.80000000e+00 
 2.87928000e-02  8.99312162e-01  2.87928000e-02  9.67999149e-01  2.87928000e-02  1.80000000e+00 
 2.88028000e-02  8.99316736e-01  2.88028000e-02  9.67546339e-01  2.88028000e-02  1.80000000e+00 
 2.88128000e-02  8.99321338e-01  2.88128000e-02  9.67090860e-01  2.88128000e-02  1.80000000e+00 
 2.88228000e-02  8.99325966e-01  2.88228000e-02  9.66632729e-01  2.88228000e-02  1.80000000e+00 
 2.88328000e-02  8.99330620e-01  2.88328000e-02  9.66171963e-01  2.88328000e-02  1.80000000e+00 
 2.88428000e-02  8.99335301e-01  2.88428000e-02  9.65708581e-01  2.88428000e-02  1.80000000e+00 
 2.88528000e-02  8.99340009e-01  2.88528000e-02  9.65242602e-01  2.88528000e-02  1.80000000e+00 
 2.88628000e-02  8.99344742e-01  2.88628000e-02  9.64774044e-01  2.88628000e-02  1.80000000e+00 
 2.88728000e-02  8.99349501e-01  2.88728000e-02  9.64302925e-01  2.88728000e-02  1.80000000e+00 
 2.88828000e-02  8.99354286e-01  2.88828000e-02  9.63829264e-01  2.88828000e-02  1.80000000e+00 
 2.88928000e-02  8.99359097e-01  2.88928000e-02  9.63353079e-01  2.88928000e-02  1.80000000e+00 
 2.89028000e-02  8.99363933e-01  2.89028000e-02  9.62874390e-01  2.89028000e-02  1.80000000e+00 
 2.89128000e-02  8.99368793e-01  2.89128000e-02  9.62393215e-01  2.89128000e-02  1.80000000e+00 
 2.89228000e-02  8.99373679e-01  2.89228000e-02  9.61909573e-01  2.89228000e-02  1.80000000e+00 
 2.89328000e-02  8.99378590e-01  2.89328000e-02  9.61423484e-01  2.89328000e-02  1.80000000e+00 
 2.89428000e-02  8.99383525e-01  2.89428000e-02  9.60934966e-01  2.89428000e-02  1.80000000e+00 
 2.89528000e-02  8.99388484e-01  2.89528000e-02  9.60444039e-01  2.89528000e-02  1.80000000e+00 
 2.89628000e-02  8.99393468e-01  2.89628000e-02  9.59950722e-01  2.89628000e-02  1.80000000e+00 
 2.89728000e-02  8.99398475e-01  2.89728000e-02  9.59455035e-01  2.89728000e-02  1.80000000e+00 
 2.89828000e-02  8.99403506e-01  2.89828000e-02  9.58956997e-01  2.89828000e-02  1.80000000e+00 
 2.89928000e-02  8.99408561e-01  2.89928000e-02  9.58456628e-01  2.89928000e-02  1.80000000e+00 
 2.90028000e-02  8.99413639e-01  2.90028000e-02  9.57953948e-01  2.90028000e-02  1.80000000e+00 
 2.90128000e-02  8.99418740e-01  2.90128000e-02  9.57448976e-01  2.90128000e-02  1.80000000e+00 
 2.90228000e-02  8.99423864e-01  2.90228000e-02  9.56941733e-01  2.90228000e-02  1.80000000e+00 
 2.90328000e-02  8.99429011e-01  2.90328000e-02  9.56432239e-01  2.90328000e-02  1.80000000e+00 
 2.90428000e-02  8.99434181e-01  2.90428000e-02  9.55920512e-01  2.90428000e-02  1.80000000e+00 
 2.90528000e-02  8.99439373e-01  2.90528000e-02  9.55406575e-01  2.90528000e-02  1.80000000e+00 
 2.90628000e-02  8.99444587e-01  2.90628000e-02  9.54890447e-01  2.90628000e-02  1.80000000e+00 
 2.90728000e-02  8.99449822e-01  2.90728000e-02  9.54372148e-01  2.90728000e-02  1.80000000e+00 
 2.90828000e-02  8.99455080e-01  2.90828000e-02  9.53851699e-01  2.90828000e-02  1.80000000e+00 
 2.90928000e-02  8.99460359e-01  2.90928000e-02  9.53329121e-01  2.90928000e-02  1.80000000e+00 
 2.91028000e-02  8.99465659e-01  2.91028000e-02  9.52804434e-01  2.91028000e-02  1.80000000e+00 
 2.91128000e-02  8.99470981e-01  2.91128000e-02  9.52277658e-01  2.91128000e-02  1.80000000e+00 
 2.91228000e-02  8.99476323e-01  2.91228000e-02  9.51748815e-01  2.91228000e-02  1.80000000e+00 
 2.91328000e-02  8.99481686e-01  2.91328000e-02  9.51217926e-01  2.91328000e-02  1.80000000e+00 
 2.91428000e-02  8.99487070e-01  2.91428000e-02  9.50685011e-01  2.91428000e-02  1.80000000e+00 
 2.91528000e-02  8.99492474e-01  2.91528000e-02  9.50150092e-01  2.91528000e-02  1.80000000e+00 
 2.91628000e-02  8.99497897e-01  2.91628000e-02  9.49613189e-01  2.91628000e-02  1.80000000e+00 
 2.91728000e-02  8.99503341e-01  2.91728000e-02  9.49074324e-01  2.91728000e-02  1.80000000e+00 
 2.91828000e-02  8.99508804e-01  2.91828000e-02  9.48533518e-01  2.91828000e-02  1.80000000e+00 
 2.91928000e-02  8.99514287e-01  2.91928000e-02  9.47990793e-01  2.91928000e-02  1.80000000e+00 
 2.92028000e-02  8.99519789e-01  2.92028000e-02  9.47446169e-01  2.92028000e-02  1.80000000e+00 
 2.92128000e-02  8.99525310e-01  2.92128000e-02  9.46899669e-01  2.92128000e-02  1.80000000e+00 
 2.92228000e-02  8.99530849e-01  2.92228000e-02  9.46351313e-01  2.92228000e-02  1.80000000e+00 
 2.92328000e-02  8.99536407e-01  2.92328000e-02  9.45801125e-01  2.92328000e-02  1.80000000e+00 
 2.92428000e-02  8.99541983e-01  2.92428000e-02  9.45249124e-01  2.92428000e-02  1.80000000e+00 
 2.92528000e-02  8.99547578e-01  2.92528000e-02  9.44695334e-01  2.92528000e-02  1.80000000e+00 
 2.92628000e-02  8.99553190e-01  2.92628000e-02  9.44139775e-01  2.92628000e-02  1.80000000e+00 
 2.92728000e-02  8.99558820e-01  2.92728000e-02  9.43582471e-01  2.92728000e-02  1.80000000e+00 
 2.92828000e-02  8.99564467e-01  2.92828000e-02  9.43023442e-01  2.92828000e-02  1.80000000e+00 
 2.92928000e-02  8.99570132e-01  2.92928000e-02  9.42462712e-01  2.92928000e-02  1.80000000e+00 
 2.93028000e-02  8.99575813e-01  2.93028000e-02  9.41900301e-01  2.93028000e-02  1.80000000e+00 
 2.93128000e-02  8.99581511e-01  2.93128000e-02  9.41336233e-01  2.93128000e-02  1.80000000e+00 
 2.93228000e-02  8.99587226e-01  2.93228000e-02  9.40770529e-01  2.93228000e-02  1.80000000e+00 
 2.93328000e-02  8.99592957e-01  2.93328000e-02  9.40203212e-01  2.93328000e-02  1.80000000e+00 
 2.93428000e-02  8.99598704e-01  2.93428000e-02  9.39634305e-01  2.93428000e-02  1.80000000e+00 
 2.93528000e-02  8.99604467e-01  2.93528000e-02  9.39063829e-01  2.93528000e-02  1.80000000e+00 
 2.93628000e-02  8.99610246e-01  2.93628000e-02  9.38491807e-01  2.93628000e-02  1.80000000e+00 
 2.93728000e-02  8.99616040e-01  2.93728000e-02  9.37918263e-01  2.93728000e-02  1.80000000e+00 
 2.93828000e-02  8.99621849e-01  2.93828000e-02  9.37343217e-01  2.93828000e-02  1.80000000e+00 
 2.93928000e-02  8.99627673e-01  2.93928000e-02  9.36766694e-01  2.93928000e-02  1.80000000e+00 
 2.94028000e-02  8.99633512e-01  2.94028000e-02  9.36188716e-01  2.94028000e-02  1.80000000e+00 
 2.94128000e-02  8.99639365e-01  2.94128000e-02  9.35609306e-01  2.94128000e-02  1.80000000e+00 
 2.94228000e-02  8.99645232e-01  2.94228000e-02  9.35028487e-01  2.94228000e-02  1.80000000e+00 
 2.94328000e-02  8.99651114e-01  2.94328000e-02  9.34446281e-01  2.94328000e-02  1.80000000e+00 
 2.94428000e-02  8.99657009e-01  2.94428000e-02  9.33862711e-01  2.94428000e-02  1.80000000e+00 
 2.94528000e-02  8.99662918e-01  2.94528000e-02  9.33277801e-01  2.94528000e-02  1.80000000e+00 
 2.94628000e-02  8.99668840e-01  2.94628000e-02  9.32691574e-01  2.94628000e-02  1.80000000e+00 
 2.94728000e-02  8.99674775e-01  2.94728000e-02  9.32104053e-01  2.94728000e-02  1.80000000e+00 
 2.94828000e-02  8.99680723e-01  2.94828000e-02  9.31515261e-01  2.94828000e-02  1.80000000e+00 
 2.94928000e-02  8.99686684e-01  2.94928000e-02  9.30925221e-01  2.94928000e-02  1.80000000e+00 
 2.95028000e-02  8.99692657e-01  2.95028000e-02  9.30333956e-01  2.95028000e-02  1.80000000e+00 
 2.95128000e-02  8.99698642e-01  2.95128000e-02  9.29741491e-01  2.95128000e-02  1.80000000e+00 
 2.95228000e-02  8.99704639e-01  2.95228000e-02  9.29147848e-01  2.95228000e-02  1.80000000e+00 
 2.95328000e-02  8.99710647e-01  2.95328000e-02  9.28553050e-01  2.95328000e-02  1.80000000e+00 
 2.95428000e-02  8.99716667e-01  2.95428000e-02  9.27957122e-01  2.95428000e-02  1.80000000e+00 
 2.95528000e-02  8.99722699e-01  2.95528000e-02  9.27360087e-01  2.95528000e-02  1.80000000e+00 
 2.95628000e-02  8.99728741e-01  2.95628000e-02  9.26761967e-01  2.95628000e-02  1.80000000e+00 
 2.95728000e-02  8.99734794e-01  2.95728000e-02  9.26162788e-01  2.95728000e-02  1.80000000e+00 
 2.95828000e-02  8.99740857e-01  2.95828000e-02  9.25562572e-01  2.95828000e-02  1.80000000e+00 
 2.95928000e-02  8.99746931e-01  2.95928000e-02  9.24961344e-01  2.95928000e-02  1.80000000e+00 
 2.96028000e-02  8.99753015e-01  2.96028000e-02  9.24359127e-01  2.96028000e-02  1.80000000e+00 
 2.96128000e-02  8.99759108e-01  2.96128000e-02  9.23755944e-01  2.96128000e-02  1.80000000e+00 
 2.96228000e-02  8.99765211e-01  2.96228000e-02  9.23151820e-01  2.96228000e-02  1.80000000e+00 
 2.96328000e-02  8.99771323e-01  2.96328000e-02  9.22546779e-01  2.96328000e-02  1.80000000e+00 
 2.96428000e-02  8.99777444e-01  2.96428000e-02  9.21940844e-01  2.96428000e-02  1.80000000e+00 
 2.96528000e-02  8.99783574e-01  2.96528000e-02  9.21334039e-01  2.96528000e-02  1.80000000e+00 
 2.96628000e-02  8.99789713e-01  2.96628000e-02  9.20726388e-01  2.96628000e-02  1.80000000e+00 
 2.96728000e-02  8.99795859e-01  2.96728000e-02  9.20117916e-01  2.96728000e-02  1.80000000e+00 
 2.96828000e-02  8.99802014e-01  2.96828000e-02  9.19508645e-01  2.96828000e-02  1.80000000e+00 
 2.96928000e-02  8.99808177e-01  2.96928000e-02  9.18898601e-01  2.96928000e-02  1.80000000e+00 
 2.97028000e-02  8.99814347e-01  2.97028000e-02  9.18287808e-01  2.97028000e-02  1.80000000e+00 
 2.97128000e-02  8.99820525e-01  2.97128000e-02  9.17676289e-01  2.97128000e-02  1.80000000e+00 
 2.97228000e-02  8.99826709e-01  2.97228000e-02  9.17064068e-01  2.97228000e-02  1.80000000e+00 
 2.97328000e-02  8.99832901e-01  2.97328000e-02  9.16451170e-01  2.97328000e-02  1.80000000e+00 
 2.97428000e-02  8.99839099e-01  2.97428000e-02  9.15837620e-01  2.97428000e-02  1.80000000e+00 
 2.97528000e-02  8.99845303e-01  2.97528000e-02  9.15223440e-01  2.97528000e-02  1.80000000e+00 
 2.97628000e-02  8.99851514e-01  2.97628000e-02  9.14608656e-01  2.97628000e-02  1.80000000e+00 
 2.97728000e-02  8.99857730e-01  2.97728000e-02  9.13993292e-01  2.97728000e-02  1.80000000e+00 
 2.97828000e-02  8.99863952e-01  2.97828000e-02  9.13377371e-01  2.97828000e-02  1.80000000e+00 
 2.97928000e-02  8.99870180e-01  2.97928000e-02  9.12760919e-01  2.97928000e-02  1.80000000e+00 
 2.98028000e-02  8.99876412e-01  2.98028000e-02  9.12143960e-01  2.98028000e-02  1.80000000e+00 
 2.98128000e-02  8.99882650e-01  2.98128000e-02  9.11526518e-01  2.98128000e-02  1.80000000e+00 
 2.98228000e-02  8.99888892e-01  2.98228000e-02  9.10908617e-01  2.98228000e-02  1.80000000e+00 
 2.98328000e-02  8.99895138e-01  2.98328000e-02  9.10290282e-01  2.98328000e-02  1.80000000e+00 
 2.98428000e-02  8.99901389e-01  2.98428000e-02  9.09671537e-01  2.98428000e-02  1.80000000e+00 
 2.98528000e-02  8.99907643e-01  2.98528000e-02  9.09052406e-01  2.98528000e-02  1.80000000e+00 
 2.98628000e-02  8.99913901e-01  2.98628000e-02  9.08432915e-01  2.98628000e-02  1.80000000e+00 
 2.98728000e-02  8.99920163e-01  2.98728000e-02  9.07813088e-01  2.98728000e-02  1.80000000e+00 
 2.98828000e-02  8.99926428e-01  2.98828000e-02  9.07192948e-01  2.98828000e-02  1.80000000e+00 
 2.98928000e-02  8.99932695e-01  2.98928000e-02  9.06572521e-01  2.98928000e-02  1.80000000e+00 
 2.99028000e-02  8.99938965e-01  2.99028000e-02  9.05951830e-01  2.99028000e-02  1.80000000e+00 
 2.99128000e-02  8.99945238e-01  2.99128000e-02  9.05330902e-01  2.99128000e-02  1.80000000e+00 
 2.99228000e-02  8.99951513e-01  2.99228000e-02  9.04709759e-01  2.99228000e-02  1.80000000e+00 
 2.99328000e-02  8.99957790e-01  2.99328000e-02  9.04088427e-01  2.99328000e-02  1.80000000e+00 
 2.99428000e-02  8.99964068e-01  2.99428000e-02  9.03466929e-01  2.99428000e-02  1.80000000e+00 
 2.99528000e-02  8.99970348e-01  2.99528000e-02  9.02845292e-01  2.99528000e-02  1.80000000e+00 
 2.99628000e-02  8.99976629e-01  2.99628000e-02  9.02223538e-01  2.99628000e-02  1.80000000e+00 
 2.99728000e-02  8.99982911e-01  2.99728000e-02  9.01601694e-01  2.99728000e-02  1.80000000e+00 
 2.99828000e-02  8.99989193e-01  2.99828000e-02  9.00979782e-01  2.99828000e-02  1.80000000e+00 
 2.99914000e-02  8.99994596e-01  2.99914000e-02  9.00444903e-01  2.99914000e-02  1.80000000e+00 
 3.00000000e-02  9.00000000e-01  3.00000000e-02  8.99910009e-01  3.00000000e-02  0.00000000e+00 
