 0.00000000e+00  7.00000000e-01  0.00000000e+00  7.00000041e-01  0.00000000e+00  0.00000000e+00 
 1.00000000e-07  7.00000628e-01  1.00000000e-07  7.00000041e-01  1.00000000e-07  0.00000000e+00 
 2.00000000e-07  7.00001257e-01  2.00000000e-07  7.00000041e-01  2.00000000e-07  0.00000000e+00 
 4.00000000e-07  7.00002513e-01  4.00000000e-07  7.00000041e-01  4.00000000e-07  0.00000000e+00 
 8.00000000e-07  7.00005027e-01  8.00000000e-07  7.00000041e-01  8.00000000e-07  0.00000000e+00 
 1.60000000e-06  7.00010053e-01  1.60000000e-06  7.00000041e-01  1.60000000e-06  0.00000000e+00 
 3.20000000e-06  7.00020106e-01  3.20000000e-06  7.00000041e-01  3.20000000e-06  0.00000000e+00 
 6.40000000e-06  7.00040212e-01  6.40000000e-06  7.00000041e-01  6.40000000e-06  0.00000000e+00 
 1.28000000e-05  7.00080424e-01  1.28000000e-05  7.00000041e-01  1.28000000e-05  0.00000000e+00 
 2.28000000e-05  7.00143252e-01  2.28000000e-05  7.00000041e-01  2.28000000e-05  0.00000000e+00 
 3.28000000e-05  7.00206074e-01  3.28000000e-05  7.00000041e-01  3.28000000e-05  0.00000000e+00 
 4.28000000e-05  7.00268888e-01  4.28000000e-05  7.00000041e-01  4.28000000e-05  0.00000000e+00 
 5.28000000e-05  7.00331691e-01  5.28000000e-05  7.00000041e-01  5.28000000e-05  0.00000000e+00 
 6.28000000e-05  7.00394482e-01  6.28000000e-05  7.00000041e-01  6.28000000e-05  0.00000000e+00 
 7.28000000e-05  7.00457256e-01  7.28000000e-05  7.00000041e-01  7.28000000e-05  0.00000000e+00 
 8.28000000e-05  7.00520013e-01  8.28000000e-05  7.00000041e-01  8.28000000e-05  0.00000000e+00 
 9.28000000e-05  7.00582749e-01  9.28000000e-05  7.00000041e-01  9.28000000e-05  0.00000000e+00 
 1.02800000e-04  7.00645462e-01  1.02800000e-04  7.00000041e-01  1.02800000e-04  0.00000000e+00 
 1.12800000e-04  7.00708150e-01  1.12800000e-04  7.00000041e-01  1.12800000e-04  0.00000000e+00 
 1.22800000e-04  7.00770810e-01  1.22800000e-04  7.00000041e-01  1.22800000e-04  0.00000000e+00 
 1.32800000e-04  7.00833439e-01  1.32800000e-04  7.00000041e-01  1.32800000e-04  0.00000000e+00 
 1.42800000e-04  7.00896035e-01  1.42800000e-04  7.00000041e-01  1.42800000e-04  0.00000000e+00 
 1.52800000e-04  7.00958597e-01  1.52800000e-04  7.00000041e-01  1.52800000e-04  0.00000000e+00 
 1.62800000e-04  7.01021120e-01  1.62800000e-04  7.00000041e-01  1.62800000e-04  0.00000000e+00 
 1.72800000e-04  7.01083603e-01  1.72800000e-04  7.00000041e-01  1.72800000e-04  0.00000000e+00 
 1.82800000e-04  7.01146043e-01  1.82800000e-04  7.00000041e-01  1.82800000e-04  0.00000000e+00 
 1.92800000e-04  7.01208437e-01  1.92800000e-04  7.00000041e-01  1.92800000e-04  0.00000000e+00 
 2.02800000e-04  7.01270785e-01  2.02800000e-04  7.00000041e-01  2.02800000e-04  0.00000000e+00 
 2.12800000e-04  7.01333082e-01  2.12800000e-04  7.00000041e-01  2.12800000e-04  0.00000000e+00 
 2.22800000e-04  7.01395326e-01  2.22800000e-04  7.00000041e-01  2.22800000e-04  0.00000000e+00 
 2.32800000e-04  7.01457515e-01  2.32800000e-04  7.00000041e-01  2.32800000e-04  0.00000000e+00 
 2.42800000e-04  7.01519647e-01  2.42800000e-04  7.00000041e-01  2.42800000e-04  0.00000000e+00 
 2.52800000e-04  7.01581719e-01  2.52800000e-04  7.00000041e-01  2.52800000e-04  0.00000000e+00 
 2.62800000e-04  7.01643728e-01  2.62800000e-04  7.00000041e-01  2.62800000e-04  0.00000000e+00 
 2.72800000e-04  7.01705672e-01  2.72800000e-04  7.00000041e-01  2.72800000e-04  0.00000000e+00 
 2.82800000e-04  7.01767549e-01  2.82800000e-04  7.00000041e-01  2.82800000e-04  0.00000000e+00 
 2.92800000e-04  7.01829356e-01  2.92800000e-04  7.00000041e-01  2.92800000e-04  0.00000000e+00 
 3.02800000e-04  7.01891092e-01  3.02800000e-04  7.00000041e-01  3.02800000e-04  0.00000000e+00 
 3.12800000e-04  7.01952752e-01  3.12800000e-04  7.00000041e-01  3.12800000e-04  0.00000000e+00 
 3.22800000e-04  7.02014335e-01  3.22800000e-04  7.00000041e-01  3.22800000e-04  0.00000000e+00 
 3.32800000e-04  7.02075839e-01  3.32800000e-04  7.00000041e-01  3.32800000e-04  0.00000000e+00 
 3.42800000e-04  7.02137261e-01  3.42800000e-04  7.00000041e-01  3.42800000e-04  0.00000000e+00 
 3.52800000e-04  7.02198598e-01  3.52800000e-04  7.00000041e-01  3.52800000e-04  0.00000000e+00 
 3.62800000e-04  7.02259849e-01  3.62800000e-04  7.00000041e-01  3.62800000e-04  0.00000000e+00 
 3.72800000e-04  7.02321010e-01  3.72800000e-04  7.00000041e-01  3.72800000e-04  0.00000000e+00 
 3.82800000e-04  7.02382080e-01  3.82800000e-04  7.00000041e-01  3.82800000e-04  0.00000000e+00 
 3.92800000e-04  7.02443056e-01  3.92800000e-04  7.00000041e-01  3.92800000e-04  0.00000000e+00 
 4.02800000e-04  7.02503935e-01  4.02800000e-04  7.00000041e-01  4.02800000e-04  0.00000000e+00 
 4.12800000e-04  7.02564716e-01  4.12800000e-04  7.00000041e-01  4.12800000e-04  0.00000000e+00 
 4.22800000e-04  7.02625395e-01  4.22800000e-04  7.00000041e-01  4.22800000e-04  0.00000000e+00 
 4.32800000e-04  7.02685970e-01  4.32800000e-04  7.00000041e-01  4.32800000e-04  0.00000000e+00 
 4.42800000e-04  7.02746440e-01  4.42800000e-04  7.00000041e-01  4.42800000e-04  0.00000000e+00 
 4.52800000e-04  7.02806801e-01  4.52800000e-04  7.00000041e-01  4.52800000e-04  0.00000000e+00 
 4.62800000e-04  7.02867051e-01  4.62800000e-04  7.00000041e-01  4.62800000e-04  0.00000000e+00 
 4.72800000e-04  7.02927189e-01  4.72800000e-04  7.00000041e-01  4.72800000e-04  0.00000000e+00 
 4.82800000e-04  7.02987210e-01  4.82800000e-04  7.00000041e-01  4.82800000e-04  0.00000000e+00 
 4.92800000e-04  7.03047114e-01  4.92800000e-04  7.00000041e-01  4.92800000e-04  0.00000000e+00 
 5.02800000e-04  7.03106897e-01  5.02800000e-04  7.00000041e-01  5.02800000e-04  0.00000000e+00 
 5.12800000e-04  7.03166558e-01  5.12800000e-04  7.00000041e-01  5.12800000e-04  0.00000000e+00 
 5.22800000e-04  7.03226093e-01  5.22800000e-04  7.00000041e-01  5.22800000e-04  0.00000000e+00 
 5.32800000e-04  7.03285502e-01  5.32800000e-04  7.00000041e-01  5.32800000e-04  0.00000000e+00 
 5.42800000e-04  7.03344780e-01  5.42800000e-04  7.00000041e-01  5.42800000e-04  0.00000000e+00 
 5.52800000e-04  7.03403927e-01  5.52800000e-04  7.00000041e-01  5.52800000e-04  0.00000000e+00 
 5.62800000e-04  7.03462939e-01  5.62800000e-04  7.00000041e-01  5.62800000e-04  0.00000000e+00 
 5.72800000e-04  7.03521814e-01  5.72800000e-04  7.00000041e-01  5.72800000e-04  0.00000000e+00 
 5.82800000e-04  7.03580551e-01  5.82800000e-04  7.00000041e-01  5.82800000e-04  0.00000000e+00 
 5.92800000e-04  7.03639146e-01  5.92800000e-04  7.00000041e-01  5.92800000e-04  0.00000000e+00 
 6.02800000e-04  7.03697597e-01  6.02800000e-04  7.00000041e-01  6.02800000e-04  0.00000000e+00 
 6.12800000e-04  7.03755903e-01  6.12800000e-04  7.00000041e-01  6.12800000e-04  0.00000000e+00 
 6.22800000e-04  7.03814060e-01  6.22800000e-04  7.00000041e-01  6.22800000e-04  0.00000000e+00 
 6.32800000e-04  7.03872066e-01  6.32800000e-04  7.00000041e-01  6.32800000e-04  0.00000000e+00 
 6.42800000e-04  7.03929920e-01  6.42800000e-04  7.00000041e-01  6.42800000e-04  0.00000000e+00 
 6.52800000e-04  7.03987619e-01  6.52800000e-04  7.00000041e-01  6.52800000e-04  0.00000000e+00 
 6.62800000e-04  7.04045160e-01  6.62800000e-04  7.00000041e-01  6.62800000e-04  0.00000000e+00 
 6.72800000e-04  7.04102541e-01  6.72800000e-04  7.00000041e-01  6.72800000e-04  0.00000000e+00 
 6.82800000e-04  7.04159761e-01  6.82800000e-04  7.00000041e-01  6.82800000e-04  0.00000000e+00 
 6.92800000e-04  7.04216816e-01  6.92800000e-04  7.00000041e-01  6.92800000e-04  0.00000000e+00 
 7.02800000e-04  7.04273705e-01  7.02800000e-04  7.00000041e-01  7.02800000e-04  0.00000000e+00 
 7.12800000e-04  7.04330425e-01  7.12800000e-04  7.00000041e-01  7.12800000e-04  0.00000000e+00 
 7.22800000e-04  7.04386974e-01  7.22800000e-04  7.00000041e-01  7.22800000e-04  0.00000000e+00 
 7.32800000e-04  7.04443350e-01  7.32800000e-04  7.00000041e-01  7.32800000e-04  0.00000000e+00 
 7.42800000e-04  7.04499550e-01  7.42800000e-04  7.00000041e-01  7.42800000e-04  0.00000000e+00 
 7.52800000e-04  7.04555573e-01  7.52800000e-04  7.00000041e-01  7.52800000e-04  0.00000000e+00 
 7.62800000e-04  7.04611416e-01  7.62800000e-04  7.00000041e-01  7.62800000e-04  0.00000000e+00 
 7.72800000e-04  7.04667077e-01  7.72800000e-04  7.00000041e-01  7.72800000e-04  0.00000000e+00 
 7.82800000e-04  7.04722554e-01  7.82800000e-04  7.00000041e-01  7.82800000e-04  0.00000000e+00 
 7.92800000e-04  7.04777844e-01  7.92800000e-04  7.00000041e-01  7.92800000e-04  0.00000000e+00 
 8.02800000e-04  7.04832946e-01  8.02800000e-04  7.00000041e-01  8.02800000e-04  0.00000000e+00 
 8.12800000e-04  7.04887857e-01  8.12800000e-04  7.00000041e-01  8.12800000e-04  0.00000000e+00 
 8.22800000e-04  7.04942575e-01  8.22800000e-04  7.00000041e-01  8.22800000e-04  0.00000000e+00 
 8.32800000e-04  7.04997098e-01  8.32800000e-04  7.00000041e-01  8.32800000e-04  0.00000000e+00 
 8.42800000e-04  7.05051423e-01  8.42800000e-04  7.00000041e-01  8.42800000e-04  0.00000000e+00 
 8.52800000e-04  7.05105549e-01  8.52800000e-04  7.00000041e-01  8.52800000e-04  0.00000000e+00 
 8.62800000e-04  7.05159474e-01  8.62800000e-04  7.00000041e-01  8.62800000e-04  0.00000000e+00 
 8.72800000e-04  7.05213195e-01  8.72800000e-04  7.00000041e-01  8.72800000e-04  0.00000000e+00 
 8.82800000e-04  7.05266710e-01  8.82800000e-04  7.00000041e-01  8.82800000e-04  0.00000000e+00 
 8.92800000e-04  7.05320017e-01  8.92800000e-04  7.00000041e-01  8.92800000e-04  0.00000000e+00 
 9.02800000e-04  7.05373114e-01  9.02800000e-04  7.00000041e-01  9.02800000e-04  0.00000000e+00 
 9.12800000e-04  7.05425999e-01  9.12800000e-04  7.00000041e-01  9.12800000e-04  0.00000000e+00 
 9.22800000e-04  7.05478670e-01  9.22800000e-04  7.00000041e-01  9.22800000e-04  0.00000000e+00 
 9.32800000e-04  7.05531124e-01  9.32800000e-04  7.00000041e-01  9.32800000e-04  0.00000000e+00 
 9.42800000e-04  7.05583360e-01  9.42800000e-04  7.00000041e-01  9.42800000e-04  0.00000000e+00 
 9.52800000e-04  7.05635376e-01  9.52800000e-04  7.00000041e-01  9.52800000e-04  0.00000000e+00 
 9.62800000e-04  7.05687169e-01  9.62800000e-04  7.00000041e-01  9.62800000e-04  0.00000000e+00 
 9.72800000e-04  7.05738738e-01  9.72800000e-04  7.00000041e-01  9.72800000e-04  0.00000000e+00 
 9.82800000e-04  7.05790080e-01  9.82800000e-04  7.00000041e-01  9.82800000e-04  0.00000000e+00 
 9.92800000e-04  7.05841193e-01  9.92800000e-04  7.00000041e-01  9.92800000e-04  0.00000000e+00 
 1.00280000e-03  7.05892076e-01  1.00280000e-03  7.00000041e-01  1.00280000e-03  0.00000000e+00 
 1.01280000e-03  7.05942727e-01  1.01280000e-03  7.00000041e-01  1.01280000e-03  0.00000000e+00 
 1.02280000e-03  7.05993142e-01  1.02280000e-03  7.00000041e-01  1.02280000e-03  0.00000000e+00 
 1.03280000e-03  7.06043322e-01  1.03280000e-03  7.00000041e-01  1.03280000e-03  0.00000000e+00 
 1.04280000e-03  7.06093262e-01  1.04280000e-03  7.00000041e-01  1.04280000e-03  0.00000000e+00 
 1.05280000e-03  7.06142962e-01  1.05280000e-03  7.00000041e-01  1.05280000e-03  0.00000000e+00 
 1.06280000e-03  7.06192420e-01  1.06280000e-03  7.00000041e-01  1.06280000e-03  0.00000000e+00 
 1.07280000e-03  7.06241633e-01  1.07280000e-03  7.00000041e-01  1.07280000e-03  0.00000000e+00 
 1.08280000e-03  7.06290599e-01  1.08280000e-03  7.00000041e-01  1.08280000e-03  0.00000000e+00 
 1.09280000e-03  7.06339318e-01  1.09280000e-03  7.00000041e-01  1.09280000e-03  0.00000000e+00 
 1.10280000e-03  7.06387786e-01  1.10280000e-03  7.00000041e-01  1.10280000e-03  0.00000000e+00 
 1.11280000e-03  7.06436001e-01  1.11280000e-03  7.00000041e-01  1.11280000e-03  0.00000000e+00 
 1.12280000e-03  7.06483963e-01  1.12280000e-03  7.00000041e-01  1.12280000e-03  0.00000000e+00 
 1.13280000e-03  7.06531669e-01  1.13280000e-03  7.00000041e-01  1.13280000e-03  0.00000000e+00 
 1.14280000e-03  7.06579117e-01  1.14280000e-03  7.00000041e-01  1.14280000e-03  0.00000000e+00 
 1.15280000e-03  7.06626305e-01  1.15280000e-03  7.00000041e-01  1.15280000e-03  0.00000000e+00 
 1.16280000e-03  7.06673232e-01  1.16280000e-03  7.00000041e-01  1.16280000e-03  0.00000000e+00 
 1.17280000e-03  7.06719895e-01  1.17280000e-03  7.00000041e-01  1.17280000e-03  0.00000000e+00 
 1.18280000e-03  7.06766293e-01  1.18280000e-03  7.00000041e-01  1.18280000e-03  0.00000000e+00 
 1.19280000e-03  7.06812423e-01  1.19280000e-03  7.00000041e-01  1.19280000e-03  0.00000000e+00 
 1.20280000e-03  7.06858285e-01  1.20280000e-03  7.00000041e-01  1.20280000e-03  0.00000000e+00 
 1.21280000e-03  7.06903876e-01  1.21280000e-03  7.00000041e-01  1.21280000e-03  0.00000000e+00 
 1.22280000e-03  7.06949195e-01  1.22280000e-03  7.00000041e-01  1.22280000e-03  0.00000000e+00 
 1.23280000e-03  7.06994239e-01  1.23280000e-03  7.00000041e-01  1.23280000e-03  0.00000000e+00 
 1.24280000e-03  7.07039007e-01  1.24280000e-03  7.00000041e-01  1.24280000e-03  0.00000000e+00 
 1.25280000e-03  7.07083497e-01  1.25280000e-03  7.00000041e-01  1.25280000e-03  0.00000000e+00 
 1.26280000e-03  7.07127707e-01  1.26280000e-03  7.00000041e-01  1.26280000e-03  0.00000000e+00 
 1.27280000e-03  7.07171637e-01  1.27280000e-03  7.00000041e-01  1.27280000e-03  0.00000000e+00 
 1.28280000e-03  7.07215282e-01  1.28280000e-03  7.00000041e-01  1.28280000e-03  0.00000000e+00 
 1.29280000e-03  7.07258644e-01  1.29280000e-03  7.00000041e-01  1.29280000e-03  0.00000000e+00 
 1.30280000e-03  7.07301718e-01  1.30280000e-03  7.00000041e-01  1.30280000e-03  0.00000000e+00 
 1.31280000e-03  7.07344504e-01  1.31280000e-03  7.00000041e-01  1.31280000e-03  0.00000000e+00 
 1.32280000e-03  7.07387001e-01  1.32280000e-03  7.00000041e-01  1.32280000e-03  0.00000000e+00 
 1.33280000e-03  7.07429206e-01  1.33280000e-03  7.00000041e-01  1.33280000e-03  0.00000000e+00 
 1.34280000e-03  7.07471117e-01  1.34280000e-03  7.00000041e-01  1.34280000e-03  0.00000000e+00 
 1.35280000e-03  7.07512733e-01  1.35280000e-03  7.00000041e-01  1.35280000e-03  0.00000000e+00 
 1.36280000e-03  7.07554053e-01  1.36280000e-03  7.00000041e-01  1.36280000e-03  0.00000000e+00 
 1.37280000e-03  7.07595075e-01  1.37280000e-03  7.00000041e-01  1.37280000e-03  0.00000000e+00 
 1.38280000e-03  7.07635797e-01  1.38280000e-03  7.00000041e-01  1.38280000e-03  0.00000000e+00 
 1.39280000e-03  7.07676217e-01  1.39280000e-03  7.00000041e-01  1.39280000e-03  0.00000000e+00 
 1.40280000e-03  7.07716335e-01  1.40280000e-03  7.00000041e-01  1.40280000e-03  0.00000000e+00 
 1.41280000e-03  7.07756147e-01  1.41280000e-03  7.00000041e-01  1.41280000e-03  0.00000000e+00 
 1.42280000e-03  7.07795654e-01  1.42280000e-03  7.00000041e-01  1.42280000e-03  0.00000000e+00 
 1.43280000e-03  7.07834853e-01  1.43280000e-03  7.00000041e-01  1.43280000e-03  0.00000000e+00 
 1.44280000e-03  7.07873742e-01  1.44280000e-03  7.00000041e-01  1.44280000e-03  0.00000000e+00 
 1.45280000e-03  7.07912321e-01  1.45280000e-03  7.00000041e-01  1.45280000e-03  0.00000000e+00 
 1.46280000e-03  7.07950587e-01  1.46280000e-03  7.00000041e-01  1.46280000e-03  0.00000000e+00 
 1.47280000e-03  7.07988539e-01  1.47280000e-03  7.00000041e-01  1.47280000e-03  0.00000000e+00 
 1.48280000e-03  7.08026176e-01  1.48280000e-03  7.00000041e-01  1.48280000e-03  0.00000000e+00 
 1.49280000e-03  7.08063496e-01  1.49280000e-03  7.00000041e-01  1.49280000e-03  0.00000000e+00 
 1.50280000e-03  7.08100498e-01  1.50280000e-03  7.00000041e-01  1.50280000e-03  0.00000000e+00 
 1.51280000e-03  7.08137180e-01  1.51280000e-03  7.00000041e-01  1.51280000e-03  0.00000000e+00 
 1.52280000e-03  7.08173541e-01  1.52280000e-03  7.00000041e-01  1.52280000e-03  0.00000000e+00 
 1.53280000e-03  7.08209579e-01  1.53280000e-03  7.00000041e-01  1.53280000e-03  0.00000000e+00 
 1.54280000e-03  7.08245293e-01  1.54280000e-03  7.00000041e-01  1.54280000e-03  0.00000000e+00 
 1.55280000e-03  7.08280682e-01  1.55280000e-03  7.00000041e-01  1.55280000e-03  0.00000000e+00 
 1.56280000e-03  7.08315743e-01  1.56280000e-03  7.00000041e-01  1.56280000e-03  0.00000000e+00 
 1.57280000e-03  7.08350476e-01  1.57280000e-03  7.00000041e-01  1.57280000e-03  0.00000000e+00 
 1.58280000e-03  7.08384880e-01  1.58280000e-03  7.00000041e-01  1.58280000e-03  0.00000000e+00 
 1.59280000e-03  7.08418953e-01  1.59280000e-03  7.00000041e-01  1.59280000e-03  0.00000000e+00 
 1.60280000e-03  7.08452693e-01  1.60280000e-03  7.00000041e-01  1.60280000e-03  0.00000000e+00 
 1.61280000e-03  7.08486099e-01  1.61280000e-03  7.00000041e-01  1.61280000e-03  0.00000000e+00 
 1.62280000e-03  7.08519171e-01  1.62280000e-03  7.00000041e-01  1.62280000e-03  0.00000000e+00 
 1.63280000e-03  7.08551906e-01  1.63280000e-03  7.00000041e-01  1.63280000e-03  0.00000000e+00 
 1.64280000e-03  7.08584304e-01  1.64280000e-03  7.00000041e-01  1.64280000e-03  0.00000000e+00 
 1.65280000e-03  7.08616362e-01  1.65280000e-03  7.00000041e-01  1.65280000e-03  0.00000000e+00 
 1.66280000e-03  7.08648081e-01  1.66280000e-03  7.00000041e-01  1.66280000e-03  0.00000000e+00 
 1.67280000e-03  7.08679458e-01  1.67280000e-03  7.00000041e-01  1.67280000e-03  0.00000000e+00 
 1.68280000e-03  7.08710493e-01  1.68280000e-03  7.00000041e-01  1.68280000e-03  0.00000000e+00 
 1.69280000e-03  7.08741183e-01  1.69280000e-03  7.00000041e-01  1.69280000e-03  0.00000000e+00 
 1.70280000e-03  7.08771529e-01  1.70280000e-03  7.00000041e-01  1.70280000e-03  0.00000000e+00 
 1.71280000e-03  7.08801528e-01  1.71280000e-03  7.00000041e-01  1.71280000e-03  0.00000000e+00 
 1.72280000e-03  7.08831180e-01  1.72280000e-03  7.00000041e-01  1.72280000e-03  0.00000000e+00 
 1.73280000e-03  7.08860483e-01  1.73280000e-03  7.00000041e-01  1.73280000e-03  0.00000000e+00 
 1.74280000e-03  7.08889436e-01  1.74280000e-03  7.00000041e-01  1.74280000e-03  0.00000000e+00 
 1.75280000e-03  7.08918038e-01  1.75280000e-03  7.00000041e-01  1.75280000e-03  0.00000000e+00 
 1.76280000e-03  7.08946289e-01  1.76280000e-03  7.00000041e-01  1.76280000e-03  0.00000000e+00 
 1.77280000e-03  7.08974186e-01  1.77280000e-03  7.00000041e-01  1.77280000e-03  0.00000000e+00 
 1.78280000e-03  7.09001729e-01  1.78280000e-03  7.00000041e-01  1.78280000e-03  0.00000000e+00 
 1.79280000e-03  7.09028916e-01  1.79280000e-03  7.00000041e-01  1.79280000e-03  0.00000000e+00 
 1.80280000e-03  7.09055747e-01  1.80280000e-03  7.00000041e-01  1.80280000e-03  0.00000000e+00 
 1.81280000e-03  7.09082221e-01  1.81280000e-03  7.00000041e-01  1.81280000e-03  0.00000000e+00 
 1.82280000e-03  7.09108336e-01  1.82280000e-03  7.00000041e-01  1.82280000e-03  0.00000000e+00 
 1.83280000e-03  7.09134091e-01  1.83280000e-03  7.00000041e-01  1.83280000e-03  0.00000000e+00 
 1.84280000e-03  7.09159486e-01  1.84280000e-03  7.00000041e-01  1.84280000e-03  0.00000000e+00 
 1.85280000e-03  7.09184519e-01  1.85280000e-03  7.00000041e-01  1.85280000e-03  0.00000000e+00 
 1.86280000e-03  7.09209190e-01  1.86280000e-03  7.00000041e-01  1.86280000e-03  0.00000000e+00 
 1.87280000e-03  7.09233497e-01  1.87280000e-03  7.00000041e-01  1.87280000e-03  0.00000000e+00 
 1.88280000e-03  7.09257439e-01  1.88280000e-03  7.00000041e-01  1.88280000e-03  0.00000000e+00 
 1.89280000e-03  7.09281016e-01  1.89280000e-03  7.00000041e-01  1.89280000e-03  0.00000000e+00 
 1.90280000e-03  7.09304227e-01  1.90280000e-03  7.00000041e-01  1.90280000e-03  0.00000000e+00 
 1.91280000e-03  7.09327070e-01  1.91280000e-03  7.00000041e-01  1.91280000e-03  0.00000000e+00 
 1.92280000e-03  7.09349545e-01  1.92280000e-03  7.00000041e-01  1.92280000e-03  0.00000000e+00 
 1.93280000e-03  7.09371651e-01  1.93280000e-03  7.00000041e-01  1.93280000e-03  0.00000000e+00 
 1.94280000e-03  7.09393387e-01  1.94280000e-03  7.00000041e-01  1.94280000e-03  0.00000000e+00 
 1.95280000e-03  7.09414753e-01  1.95280000e-03  7.00000041e-01  1.95280000e-03  0.00000000e+00 
 1.96280000e-03  7.09435746e-01  1.96280000e-03  7.00000041e-01  1.96280000e-03  0.00000000e+00 
 1.97280000e-03  7.09456367e-01  1.97280000e-03  7.00000041e-01  1.97280000e-03  0.00000000e+00 
 1.98280000e-03  7.09476615e-01  1.98280000e-03  7.00000041e-01  1.98280000e-03  0.00000000e+00 
 1.99280000e-03  7.09496488e-01  1.99280000e-03  7.00000041e-01  1.99280000e-03  0.00000000e+00 
 2.00280000e-03  7.09515987e-01  2.00280000e-03  7.00000041e-01  2.00280000e-03  0.00000000e+00 
 2.01280000e-03  7.09535110e-01  2.01280000e-03  7.00000041e-01  2.01280000e-03  0.00000000e+00 
 2.02280000e-03  7.09553856e-01  2.02280000e-03  7.00000041e-01  2.02280000e-03  0.00000000e+00 
 2.03280000e-03  7.09572226e-01  2.03280000e-03  7.00000041e-01  2.03280000e-03  0.00000000e+00 
 2.04280000e-03  7.09590217e-01  2.04280000e-03  7.00000041e-01  2.04280000e-03  0.00000000e+00 
 2.05280000e-03  7.09607830e-01  2.05280000e-03  7.00000041e-01  2.05280000e-03  0.00000000e+00 
 2.06280000e-03  7.09625064e-01  2.06280000e-03  7.00000041e-01  2.06280000e-03  0.00000000e+00 
 2.07280000e-03  7.09641917e-01  2.07280000e-03  7.00000041e-01  2.07280000e-03  0.00000000e+00 
 2.08280000e-03  7.09658390e-01  2.08280000e-03  7.00000041e-01  2.08280000e-03  0.00000000e+00 
 2.09280000e-03  7.09674482e-01  2.09280000e-03  7.00000041e-01  2.09280000e-03  0.00000000e+00 
 2.10280000e-03  7.09690192e-01  2.10280000e-03  7.00000041e-01  2.10280000e-03  0.00000000e+00 
 2.11280000e-03  7.09705519e-01  2.11280000e-03  7.00000041e-01  2.11280000e-03  0.00000000e+00 
 2.12280000e-03  7.09720463e-01  2.12280000e-03  7.00000041e-01  2.12280000e-03  0.00000000e+00 
 2.13280000e-03  7.09735023e-01  2.13280000e-03  7.00000041e-01  2.13280000e-03  0.00000000e+00 
 2.14280000e-03  7.09749199e-01  2.14280000e-03  7.00000041e-01  2.14280000e-03  0.00000000e+00 
 2.15280000e-03  7.09762990e-01  2.15280000e-03  7.00000041e-01  2.15280000e-03  0.00000000e+00 
 2.16280000e-03  7.09776396e-01  2.16280000e-03  7.00000041e-01  2.16280000e-03  0.00000000e+00 
 2.17280000e-03  7.09789416e-01  2.17280000e-03  7.00000041e-01  2.17280000e-03  0.00000000e+00 
 2.18280000e-03  7.09802049e-01  2.18280000e-03  7.00000041e-01  2.18280000e-03  0.00000000e+00 
 2.19280000e-03  7.09814295e-01  2.19280000e-03  7.00000041e-01  2.19280000e-03  0.00000000e+00 
 2.20280000e-03  7.09826154e-01  2.20280000e-03  7.00000041e-01  2.20280000e-03  0.00000000e+00 
 2.21280000e-03  7.09837625e-01  2.21280000e-03  7.00000041e-01  2.21280000e-03  0.00000000e+00 
 2.22280000e-03  7.09848707e-01  2.22280000e-03  7.00000041e-01  2.22280000e-03  0.00000000e+00 
 2.23280000e-03  7.09859401e-01  2.23280000e-03  7.00000041e-01  2.23280000e-03  0.00000000e+00 
 2.24280000e-03  7.09869705e-01  2.24280000e-03  7.00000041e-01  2.24280000e-03  0.00000000e+00 
 2.25280000e-03  7.09879620e-01  2.25280000e-03  7.00000041e-01  2.25280000e-03  0.00000000e+00 
 2.26280000e-03  7.09889145e-01  2.26280000e-03  7.00000041e-01  2.26280000e-03  0.00000000e+00 
 2.27280000e-03  7.09898279e-01  2.27280000e-03  7.00000041e-01  2.27280000e-03  0.00000000e+00 
 2.28280000e-03  7.09907023e-01  2.28280000e-03  7.00000041e-01  2.28280000e-03  0.00000000e+00 
 2.29280000e-03  7.09915376e-01  2.29280000e-03  7.00000041e-01  2.29280000e-03  0.00000000e+00 
 2.30280000e-03  7.09923337e-01  2.30280000e-03  7.00000041e-01  2.30280000e-03  0.00000000e+00 
 2.31280000e-03  7.09930906e-01  2.31280000e-03  7.00000041e-01  2.31280000e-03  0.00000000e+00 
 2.32280000e-03  7.09938083e-01  2.32280000e-03  7.00000041e-01  2.32280000e-03  0.00000000e+00 
 2.33280000e-03  7.09944868e-01  2.33280000e-03  7.00000041e-01  2.33280000e-03  0.00000000e+00 
 2.34280000e-03  7.09951260e-01  2.34280000e-03  7.00000041e-01  2.34280000e-03  0.00000000e+00 
 2.35280000e-03  7.09957260e-01  2.35280000e-03  7.00000041e-01  2.35280000e-03  0.00000000e+00 
 2.36280000e-03  7.09962866e-01  2.36280000e-03  7.00000041e-01  2.36280000e-03  0.00000000e+00 
 2.37280000e-03  7.09968079e-01  2.37280000e-03  7.00000041e-01  2.37280000e-03  0.00000000e+00 
 2.38280000e-03  7.09972899e-01  2.38280000e-03  7.00000041e-01  2.38280000e-03  0.00000000e+00 
 2.39280000e-03  7.09977325e-01  2.39280000e-03  7.00000041e-01  2.39280000e-03  0.00000000e+00 
 2.40280000e-03  7.09981357e-01  2.40280000e-03  7.00000041e-01  2.40280000e-03  0.00000000e+00 
 2.41280000e-03  7.09984994e-01  2.41280000e-03  7.00000041e-01  2.41280000e-03  0.00000000e+00 
 2.42280000e-03  7.09988238e-01  2.42280000e-03  7.00000041e-01  2.42280000e-03  0.00000000e+00 
 2.43280000e-03  7.09991087e-01  2.43280000e-03  7.00000041e-01  2.43280000e-03  0.00000000e+00 
 2.44280000e-03  7.09993542e-01  2.44280000e-03  7.00000041e-01  2.44280000e-03  0.00000000e+00 
 2.45280000e-03  7.09995603e-01  2.45280000e-03  7.00000041e-01  2.45280000e-03  0.00000000e+00 
 2.46280000e-03  7.09997269e-01  2.46280000e-03  7.00000041e-01  2.46280000e-03  0.00000000e+00 
 2.47280000e-03  7.09998540e-01  2.47280000e-03  7.00000041e-01  2.47280000e-03  0.00000000e+00 
 2.48280000e-03  7.09999416e-01  2.48280000e-03  7.00000041e-01  2.48280000e-03  0.00000000e+00 
 2.49280000e-03  7.09999898e-01  2.49280000e-03  7.00000041e-01  2.49280000e-03  0.00000000e+00 
 2.50280000e-03  7.09999985e-01  2.50280000e-03  7.00000041e-01  2.50280000e-03  0.00000000e+00 
 2.51280000e-03  7.09999677e-01  2.51280000e-03  7.00000041e-01  2.51280000e-03  0.00000000e+00 
 2.52280000e-03  7.09998974e-01  2.52280000e-03  7.00000041e-01  2.52280000e-03  0.00000000e+00 
 2.53280000e-03  7.09997876e-01  2.53280000e-03  7.00000041e-01  2.53280000e-03  0.00000000e+00 
 2.54280000e-03  7.09996384e-01  2.54280000e-03  7.00000041e-01  2.54280000e-03  0.00000000e+00 
 2.55280000e-03  7.09994498e-01  2.55280000e-03  7.00000041e-01  2.55280000e-03  0.00000000e+00 
 2.56280000e-03  7.09992216e-01  2.56280000e-03  7.00000041e-01  2.56280000e-03  0.00000000e+00 
 2.57280000e-03  7.09989540e-01  2.57280000e-03  7.00000041e-01  2.57280000e-03  0.00000000e+00 
 2.58280000e-03  7.09986470e-01  2.58280000e-03  7.00000041e-01  2.58280000e-03  0.00000000e+00 
 2.59280000e-03  7.09983006e-01  2.59280000e-03  7.00000041e-01  2.59280000e-03  0.00000000e+00 
 2.60280000e-03  7.09979147e-01  2.60280000e-03  7.00000041e-01  2.60280000e-03  0.00000000e+00 
 2.61280000e-03  7.09974895e-01  2.61280000e-03  7.00000041e-01  2.61280000e-03  0.00000000e+00 
 2.62280000e-03  7.09970248e-01  2.62280000e-03  7.00000041e-01  2.62280000e-03  0.00000000e+00 
 2.63280000e-03  7.09965208e-01  2.63280000e-03  7.00000041e-01  2.63280000e-03  0.00000000e+00 
 2.64280000e-03  7.09959775e-01  2.64280000e-03  7.00000041e-01  2.64280000e-03  0.00000000e+00 
 2.65280000e-03  7.09953949e-01  2.65280000e-03  7.00000041e-01  2.65280000e-03  0.00000000e+00 
 2.66280000e-03  7.09947729e-01  2.66280000e-03  7.00000041e-01  2.66280000e-03  0.00000000e+00 
 2.67280000e-03  7.09941117e-01  2.67280000e-03  7.00000041e-01  2.67280000e-03  0.00000000e+00 
 2.68280000e-03  7.09934112e-01  2.68280000e-03  7.00000041e-01  2.68280000e-03  0.00000000e+00 
 2.69280000e-03  7.09926715e-01  2.69280000e-03  7.00000041e-01  2.69280000e-03  0.00000000e+00 
 2.70280000e-03  7.09918927e-01  2.70280000e-03  7.00000041e-01  2.70280000e-03  0.00000000e+00 
 2.71280000e-03  7.09910746e-01  2.71280000e-03  7.00000041e-01  2.71280000e-03  0.00000000e+00 
 2.72280000e-03  7.09902175e-01  2.72280000e-03  7.00000041e-01  2.72280000e-03  0.00000000e+00 
 2.73280000e-03  7.09893212e-01  2.73280000e-03  7.00000041e-01  2.73280000e-03  0.00000000e+00 
 2.74280000e-03  7.09883859e-01  2.74280000e-03  7.00000041e-01  2.74280000e-03  0.00000000e+00 
 2.75280000e-03  7.09874116e-01  2.75280000e-03  7.00000041e-01  2.75280000e-03  0.00000000e+00 
 2.76280000e-03  7.09863983e-01  2.76280000e-03  7.00000041e-01  2.76280000e-03  0.00000000e+00 
 2.77280000e-03  7.09853460e-01  2.77280000e-03  7.00000041e-01  2.77280000e-03  0.00000000e+00 
 2.78280000e-03  7.09842549e-01  2.78280000e-03  7.00000041e-01  2.78280000e-03  0.00000000e+00 
 2.79280000e-03  7.09831249e-01  2.79280000e-03  7.00000041e-01  2.79280000e-03  0.00000000e+00 
 2.80280000e-03  7.09819561e-01  2.80280000e-03  7.00000041e-01  2.80280000e-03  0.00000000e+00 
 2.81280000e-03  7.09807485e-01  2.81280000e-03  7.00000041e-01  2.81280000e-03  0.00000000e+00 
 2.82280000e-03  7.09795022e-01  2.82280000e-03  7.00000041e-01  2.82280000e-03  0.00000000e+00 
 2.83280000e-03  7.09782172e-01  2.83280000e-03  7.00000041e-01  2.83280000e-03  0.00000000e+00 
 2.84280000e-03  7.09768936e-01  2.84280000e-03  7.00000041e-01  2.84280000e-03  0.00000000e+00 
 2.85280000e-03  7.09755315e-01  2.85280000e-03  7.00000041e-01  2.85280000e-03  0.00000000e+00 
 2.86280000e-03  7.09741308e-01  2.86280000e-03  7.00000041e-01  2.86280000e-03  0.00000000e+00 
 2.87280000e-03  7.09726917e-01  2.87280000e-03  7.00000041e-01  2.87280000e-03  0.00000000e+00 
 2.88280000e-03  7.09712142e-01  2.88280000e-03  7.00000041e-01  2.88280000e-03  0.00000000e+00 
 2.89280000e-03  7.09696983e-01  2.89280000e-03  7.00000041e-01  2.89280000e-03  0.00000000e+00 
 2.90280000e-03  7.09681441e-01  2.90280000e-03  7.00000041e-01  2.90280000e-03  0.00000000e+00 
 2.91280000e-03  7.09665518e-01  2.91280000e-03  7.00000041e-01  2.91280000e-03  0.00000000e+00 
 2.92280000e-03  7.09649212e-01  2.92280000e-03  7.00000041e-01  2.92280000e-03  0.00000000e+00 
 2.93280000e-03  7.09632526e-01  2.93280000e-03  7.00000041e-01  2.93280000e-03  0.00000000e+00 
 2.94280000e-03  7.09615460e-01  2.94280000e-03  7.00000041e-01  2.94280000e-03  0.00000000e+00 
 2.95280000e-03  7.09598014e-01  2.95280000e-03  7.00000041e-01  2.95280000e-03  0.00000000e+00 
 2.96280000e-03  7.09580189e-01  2.96280000e-03  7.00000041e-01  2.96280000e-03  0.00000000e+00 
 2.97280000e-03  7.09561986e-01  2.97280000e-03  7.00000041e-01  2.97280000e-03  0.00000000e+00 
 2.98280000e-03  7.09543405e-01  2.98280000e-03  7.00000041e-01  2.98280000e-03  0.00000000e+00 
 2.99280000e-03  7.09524447e-01  2.99280000e-03  7.00000041e-01  2.99280000e-03  0.00000000e+00 
 3.00280000e-03  7.09505114e-01  3.00280000e-03  7.00000041e-01  3.00280000e-03  0.00000000e+00 
 3.01280000e-03  7.09485405e-01  3.01280000e-03  7.00000041e-01  3.01280000e-03  0.00000000e+00 
 3.02280000e-03  7.09465322e-01  3.02280000e-03  7.00000041e-01  3.02280000e-03  0.00000000e+00 
 3.03280000e-03  7.09444865e-01  3.03280000e-03  7.00000041e-01  3.03280000e-03  0.00000000e+00 
 3.04280000e-03  7.09424036e-01  3.04280000e-03  7.00000041e-01  3.04280000e-03  0.00000000e+00 
 3.05280000e-03  7.09402834e-01  3.05280000e-03  7.00000041e-01  3.05280000e-03  0.00000000e+00 
 3.06280000e-03  7.09381261e-01  3.06280000e-03  7.00000041e-01  3.06280000e-03  0.00000000e+00 
 3.07280000e-03  7.09359317e-01  3.07280000e-03  7.00000041e-01  3.07280000e-03  0.00000000e+00 
 3.08280000e-03  7.09337005e-01  3.08280000e-03  7.00000041e-01  3.08280000e-03  0.00000000e+00 
 3.09280000e-03  7.09314323e-01  3.09280000e-03  7.00000041e-01  3.09280000e-03  0.00000000e+00 
 3.10280000e-03  7.09291274e-01  3.10280000e-03  7.00000041e-01  3.10280000e-03  0.00000000e+00 
 3.11280000e-03  7.09267858e-01  3.11280000e-03  7.00000041e-01  3.11280000e-03  0.00000000e+00 
 3.12280000e-03  7.09244076e-01  3.12280000e-03  7.00000041e-01  3.12280000e-03  0.00000000e+00 
 3.13280000e-03  7.09219930e-01  3.13280000e-03  7.00000041e-01  3.13280000e-03  0.00000000e+00 
 3.14280000e-03  7.09195419e-01  3.14280000e-03  7.00000041e-01  3.14280000e-03  0.00000000e+00 
 3.15280000e-03  7.09170545e-01  3.15280000e-03  7.00000041e-01  3.15280000e-03  0.00000000e+00 
 3.16280000e-03  7.09145309e-01  3.16280000e-03  7.00000041e-01  3.16280000e-03  0.00000000e+00 
 3.17280000e-03  7.09119712e-01  3.17280000e-03  7.00000041e-01  3.17280000e-03  0.00000000e+00 
 3.18280000e-03  7.09093756e-01  3.18280000e-03  7.00000041e-01  3.18280000e-03  0.00000000e+00 
 3.19280000e-03  7.09067440e-01  3.19280000e-03  7.00000041e-01  3.19280000e-03  0.00000000e+00 
 3.20280000e-03  7.09040766e-01  3.20280000e-03  7.00000041e-01  3.20280000e-03  0.00000000e+00 
 3.21280000e-03  7.09013735e-01  3.21280000e-03  7.00000041e-01  3.21280000e-03  0.00000000e+00 
 3.22280000e-03  7.08986348e-01  3.22280000e-03  7.00000041e-01  3.22280000e-03  0.00000000e+00 
 3.23280000e-03  7.08958607e-01  3.23280000e-03  7.00000041e-01  3.23280000e-03  0.00000000e+00 
 3.24280000e-03  7.08930512e-01  3.24280000e-03  7.00000041e-01  3.24280000e-03  0.00000000e+00 
 3.25280000e-03  7.08902064e-01  3.25280000e-03  7.00000041e-01  3.25280000e-03  0.00000000e+00 
 3.26280000e-03  7.08873265e-01  3.26280000e-03  7.00000041e-01  3.26280000e-03  0.00000000e+00 
 3.27280000e-03  7.08844116e-01  3.27280000e-03  7.00000041e-01  3.27280000e-03  0.00000000e+00 
 3.28280000e-03  7.08814618e-01  3.28280000e-03  7.00000041e-01  3.28280000e-03  0.00000000e+00 
 3.29280000e-03  7.08784771e-01  3.29280000e-03  7.00000041e-01  3.29280000e-03  0.00000000e+00 
 3.30280000e-03  7.08754578e-01  3.30280000e-03  7.00000041e-01  3.30280000e-03  0.00000000e+00 
 3.31280000e-03  7.08724039e-01  3.31280000e-03  7.00000041e-01  3.31280000e-03  0.00000000e+00 
 3.32280000e-03  7.08693156e-01  3.32280000e-03  7.00000041e-01  3.32280000e-03  0.00000000e+00 
 3.33280000e-03  7.08661929e-01  3.33280000e-03  7.00000041e-01  3.33280000e-03  0.00000000e+00 
 3.34280000e-03  7.08630361e-01  3.34280000e-03  7.00000041e-01  3.34280000e-03  0.00000000e+00 
 3.35280000e-03  7.08598451e-01  3.35280000e-03  7.00000041e-01  3.35280000e-03  0.00000000e+00 
 3.36280000e-03  7.08566203e-01  3.36280000e-03  7.00000041e-01  3.36280000e-03  0.00000000e+00 
 3.37280000e-03  7.08533616e-01  3.37280000e-03  7.00000041e-01  3.37280000e-03  0.00000000e+00 
 3.38280000e-03  7.08500692e-01  3.38280000e-03  7.00000041e-01  3.38280000e-03  0.00000000e+00 
 3.39280000e-03  7.08467433e-01  3.39280000e-03  7.00000041e-01  3.39280000e-03  0.00000000e+00 
 3.40280000e-03  7.08433839e-01  3.40280000e-03  7.00000041e-01  3.40280000e-03  0.00000000e+00 
 3.41280000e-03  7.08399913e-01  3.41280000e-03  7.00000041e-01  3.41280000e-03  0.00000000e+00 
 3.42280000e-03  7.08365655e-01  3.42280000e-03  7.00000041e-01  3.42280000e-03  0.00000000e+00 
 3.43280000e-03  7.08331066e-01  3.43280000e-03  7.00000041e-01  3.43280000e-03  0.00000000e+00 
 3.44280000e-03  7.08296149e-01  3.44280000e-03  7.00000041e-01  3.44280000e-03  0.00000000e+00 
 3.45280000e-03  7.08260904e-01  3.45280000e-03  7.00000041e-01  3.45280000e-03  0.00000000e+00 
 3.46280000e-03  7.08225333e-01  3.46280000e-03  7.00000041e-01  3.46280000e-03  0.00000000e+00 
 3.47280000e-03  7.08189438e-01  3.47280000e-03  7.00000041e-01  3.47280000e-03  0.00000000e+00 
 3.48280000e-03  7.08153219e-01  3.48280000e-03  7.00000041e-01  3.48280000e-03  0.00000000e+00 
 3.49280000e-03  7.08116678e-01  3.49280000e-03  7.00000041e-01  3.49280000e-03  0.00000000e+00 
 3.50280000e-03  7.08079817e-01  3.50280000e-03  7.00000041e-01  3.50280000e-03  0.00000000e+00 
 3.51280000e-03  7.08042636e-01  3.51280000e-03  7.00000041e-01  3.51280000e-03  0.00000000e+00 
 3.52280000e-03  7.08005139e-01  3.52280000e-03  7.00000041e-01  3.52280000e-03  0.00000000e+00 
 3.53280000e-03  7.07967325e-01  3.53280000e-03  7.00000041e-01  3.53280000e-03  0.00000000e+00 
 3.54280000e-03  7.07929196e-01  3.54280000e-03  7.00000041e-01  3.54280000e-03  0.00000000e+00 
 3.55280000e-03  7.07890755e-01  3.55280000e-03  7.00000041e-01  3.55280000e-03  0.00000000e+00 
 3.56280000e-03  7.07852002e-01  3.56280000e-03  7.00000041e-01  3.56280000e-03  0.00000000e+00 
 3.57280000e-03  7.07812939e-01  3.57280000e-03  7.00000041e-01  3.57280000e-03  0.00000000e+00 
 3.58280000e-03  7.07773568e-01  3.58280000e-03  7.00000041e-01  3.58280000e-03  0.00000000e+00 
 3.59280000e-03  7.07733890e-01  3.59280000e-03  7.00000041e-01  3.59280000e-03  0.00000000e+00 
 3.60280000e-03  7.07693906e-01  3.60280000e-03  7.00000041e-01  3.60280000e-03  0.00000000e+00 
 3.61280000e-03  7.07653619e-01  3.61280000e-03  7.00000041e-01  3.61280000e-03  0.00000000e+00 
 3.62280000e-03  7.07613030e-01  3.62280000e-03  7.00000041e-01  3.62280000e-03  0.00000000e+00 
 3.63280000e-03  7.07572140e-01  3.63280000e-03  7.00000041e-01  3.63280000e-03  0.00000000e+00 
 3.64280000e-03  7.07530951e-01  3.64280000e-03  7.00000041e-01  3.64280000e-03  0.00000000e+00 
 3.65280000e-03  7.07489465e-01  3.65280000e-03  7.00000041e-01  3.65280000e-03  0.00000000e+00 
 3.66280000e-03  7.07447683e-01  3.66280000e-03  7.00000041e-01  3.66280000e-03  0.00000000e+00 
 3.67280000e-03  7.07405607e-01  3.67280000e-03  7.00000041e-01  3.67280000e-03  0.00000000e+00 
 3.68280000e-03  7.07363239e-01  3.68280000e-03  7.00000041e-01  3.68280000e-03  0.00000000e+00 
 3.69280000e-03  7.07320580e-01  3.69280000e-03  7.00000041e-01  3.69280000e-03  0.00000000e+00 
 3.70280000e-03  7.07277632e-01  3.70280000e-03  7.00000041e-01  3.70280000e-03  0.00000000e+00 
 3.71280000e-03  7.07234397e-01  3.71280000e-03  7.00000041e-01  3.71280000e-03  0.00000000e+00 
 3.72280000e-03  7.07190876e-01  3.72280000e-03  7.00000041e-01  3.72280000e-03  0.00000000e+00 
 3.73280000e-03  7.07147071e-01  3.73280000e-03  7.00000041e-01  3.73280000e-03  0.00000000e+00 
 3.74280000e-03  7.07102984e-01  3.74280000e-03  7.00000041e-01  3.74280000e-03  0.00000000e+00 
 3.75280000e-03  7.07058617e-01  3.75280000e-03  7.00000041e-01  3.75280000e-03  0.00000000e+00 
 3.76280000e-03  7.07013971e-01  3.76280000e-03  7.00000041e-01  3.76280000e-03  0.00000000e+00 
 3.77280000e-03  7.06969048e-01  3.77280000e-03  7.00000041e-01  3.77280000e-03  0.00000000e+00 
 3.78280000e-03  7.06923850e-01  3.78280000e-03  7.00000041e-01  3.78280000e-03  0.00000000e+00 
 3.79280000e-03  7.06878379e-01  3.79280000e-03  7.00000041e-01  3.79280000e-03  0.00000000e+00 
 3.80280000e-03  7.06832636e-01  3.80280000e-03  7.00000041e-01  3.80280000e-03  0.00000000e+00 
 3.81280000e-03  7.06786623e-01  3.81280000e-03  7.00000041e-01  3.81280000e-03  0.00000000e+00 
 3.82280000e-03  7.06740343e-01  3.82280000e-03  7.00000041e-01  3.82280000e-03  0.00000000e+00 
 3.83280000e-03  7.06693796e-01  3.83280000e-03  7.00000041e-01  3.83280000e-03  0.00000000e+00 
 3.84280000e-03  7.06646985e-01  3.84280000e-03  7.00000041e-01  3.84280000e-03  0.00000000e+00 
 3.85280000e-03  7.06599912e-01  3.85280000e-03  7.00000041e-01  3.85280000e-03  0.00000000e+00 
 3.86280000e-03  7.06552578e-01  3.86280000e-03  7.00000041e-01  3.86280000e-03  0.00000000e+00 
 3.87280000e-03  7.06504985e-01  3.87280000e-03  7.00000041e-01  3.87280000e-03  0.00000000e+00 
 3.88280000e-03  7.06457136e-01  3.88280000e-03  7.00000041e-01  3.88280000e-03  0.00000000e+00 
 3.89280000e-03  7.06409032e-01  3.89280000e-03  7.00000041e-01  3.89280000e-03  0.00000000e+00 
 3.90280000e-03  7.06360674e-01  3.90280000e-03  7.00000041e-01  3.90280000e-03  0.00000000e+00 
 3.91280000e-03  7.06312066e-01  3.91280000e-03  7.00000041e-01  3.91280000e-03  0.00000000e+00 
 3.92280000e-03  7.06263208e-01  3.92280000e-03  7.00000041e-01  3.92280000e-03  0.00000000e+00 
 3.93280000e-03  7.06214104e-01  3.93280000e-03  7.00000041e-01  3.93280000e-03  0.00000000e+00 
 3.94280000e-03  7.06164753e-01  3.94280000e-03  7.00000041e-01  3.94280000e-03  0.00000000e+00 
 3.95280000e-03  7.06115160e-01  3.95280000e-03  7.00000041e-01  3.95280000e-03  0.00000000e+00 
 3.96280000e-03  7.06065325e-01  3.96280000e-03  7.00000041e-01  3.96280000e-03  0.00000000e+00 
 3.97280000e-03  7.06015251e-01  3.97280000e-03  7.00000041e-01  3.97280000e-03  0.00000000e+00 
 3.98280000e-03  7.05964939e-01  3.98280000e-03  7.00000041e-01  3.98280000e-03  0.00000000e+00 
 3.99280000e-03  7.05914391e-01  3.99280000e-03  7.00000041e-01  3.99280000e-03  0.00000000e+00 
 4.00280000e-03  7.05863610e-01  4.00280000e-03  7.00000041e-01  4.00280000e-03  0.00000000e+00 
 4.01280000e-03  7.05812598e-01  4.01280000e-03  7.00000041e-01  4.01280000e-03  0.00000000e+00 
 4.02280000e-03  7.05761356e-01  4.02280000e-03  7.00000041e-01  4.02280000e-03  0.00000000e+00 
 4.03280000e-03  7.05709887e-01  4.03280000e-03  7.00000041e-01  4.03280000e-03  0.00000000e+00 
 4.04280000e-03  7.05658192e-01  4.04280000e-03  7.00000041e-01  4.04280000e-03  0.00000000e+00 
 4.05280000e-03  7.05606274e-01  4.05280000e-03  7.00000041e-01  4.05280000e-03  0.00000000e+00 
 4.06280000e-03  7.05554135e-01  4.06280000e-03  7.00000041e-01  4.06280000e-03  0.00000000e+00 
 4.07280000e-03  7.05501776e-01  4.07280000e-03  7.00000041e-01  4.07280000e-03  0.00000000e+00 
 4.08280000e-03  7.05449200e-01  4.08280000e-03  7.00000041e-01  4.08280000e-03  0.00000000e+00 
 4.09280000e-03  7.05396409e-01  4.09280000e-03  7.00000041e-01  4.09280000e-03  0.00000000e+00 
 4.10280000e-03  7.05343405e-01  4.10280000e-03  7.00000041e-01  4.10280000e-03  0.00000000e+00 
 4.11280000e-03  7.05290191e-01  4.11280000e-03  7.00000041e-01  4.11280000e-03  0.00000000e+00 
 4.12280000e-03  7.05236767e-01  4.12280000e-03  7.00000041e-01  4.12280000e-03  0.00000000e+00 
 4.13280000e-03  7.05183136e-01  4.13280000e-03  7.00000041e-01  4.13280000e-03  0.00000000e+00 
 4.14280000e-03  7.05129301e-01  4.14280000e-03  7.00000041e-01  4.14280000e-03  0.00000000e+00 
 4.15280000e-03  7.05075263e-01  4.15280000e-03  7.00000041e-01  4.15280000e-03  0.00000000e+00 
 4.16280000e-03  7.05021025e-01  4.16280000e-03  7.00000041e-01  4.16280000e-03  0.00000000e+00 
 4.17280000e-03  7.04966589e-01  4.17280000e-03  7.00000041e-01  4.17280000e-03  0.00000000e+00 
 4.18280000e-03  7.04911957e-01  4.18280000e-03  7.00000041e-01  4.18280000e-03  0.00000000e+00 
 4.19280000e-03  7.04857130e-01  4.19280000e-03  7.00000041e-01  4.19280000e-03  0.00000000e+00 
 4.20280000e-03  7.04802113e-01  4.20280000e-03  7.00000041e-01  4.20280000e-03  0.00000000e+00 
 4.21280000e-03  7.04746905e-01  4.21280000e-03  7.00000041e-01  4.21280000e-03  0.00000000e+00 
 4.22280000e-03  7.04691510e-01  4.22280000e-03  7.00000041e-01  4.22280000e-03  0.00000000e+00 
 4.23280000e-03  7.04635930e-01  4.23280000e-03  7.00000041e-01  4.23280000e-03  0.00000000e+00 
 4.24280000e-03  7.04580167e-01  4.24280000e-03  7.00000041e-01  4.24280000e-03  0.00000000e+00 
 4.25280000e-03  7.04524223e-01  4.25280000e-03  7.00000041e-01  4.25280000e-03  0.00000000e+00 
 4.26280000e-03  7.04468100e-01  4.26280000e-03  7.00000041e-01  4.26280000e-03  0.00000000e+00 
 4.27280000e-03  7.04411801e-01  4.27280000e-03  7.00000041e-01  4.27280000e-03  0.00000000e+00 
 4.28280000e-03  7.04355328e-01  4.28280000e-03  7.00000041e-01  4.28280000e-03  0.00000000e+00 
 4.29280000e-03  7.04298683e-01  4.29280000e-03  7.00000041e-01  4.29280000e-03  0.00000000e+00 
 4.30280000e-03  7.04241868e-01  4.30280000e-03  7.00000041e-01  4.30280000e-03  0.00000000e+00 
 4.31280000e-03  7.04184885e-01  4.31280000e-03  7.00000041e-01  4.31280000e-03  0.00000000e+00 
 4.32280000e-03  7.04127738e-01  4.32280000e-03  7.00000041e-01  4.32280000e-03  0.00000000e+00 
 4.33280000e-03  7.04070428e-01  4.33280000e-03  7.00000041e-01  4.33280000e-03  0.00000000e+00 
 4.34280000e-03  7.04012956e-01  4.34280000e-03  7.00000041e-01  4.34280000e-03  0.00000000e+00 
 4.35280000e-03  7.03955327e-01  4.35280000e-03  7.00000041e-01  4.35280000e-03  0.00000000e+00 
 4.36280000e-03  7.03897541e-01  4.36280000e-03  7.00000041e-01  4.36280000e-03  0.00000000e+00 
 4.37280000e-03  7.03839601e-01  4.37280000e-03  7.00000041e-01  4.37280000e-03  0.00000000e+00 
 4.38280000e-03  7.03781510e-01  4.38280000e-03  7.00000041e-01  4.38280000e-03  0.00000000e+00 
 4.39280000e-03  7.03723270e-01  4.39280000e-03  7.00000041e-01  4.39280000e-03  0.00000000e+00 
 4.40280000e-03  7.03664882e-01  4.40280000e-03  7.00000041e-01  4.40280000e-03  0.00000000e+00 
 4.41280000e-03  7.03606350e-01  4.41280000e-03  7.00000041e-01  4.41280000e-03  0.00000000e+00 
 4.42280000e-03  7.03547676e-01  4.42280000e-03  7.00000041e-01  4.42280000e-03  0.00000000e+00 
 4.43280000e-03  7.03488861e-01  4.43280000e-03  7.00000041e-01  4.43280000e-03  0.00000000e+00 
 4.44280000e-03  7.03429909e-01  4.44280000e-03  7.00000041e-01  4.44280000e-03  0.00000000e+00 
 4.45280000e-03  7.03370821e-01  4.45280000e-03  7.00000041e-01  4.45280000e-03  0.00000000e+00 
 4.46280000e-03  7.03311600e-01  4.46280000e-03  7.00000041e-01  4.46280000e-03  0.00000000e+00 
 4.47280000e-03  7.03252249e-01  4.47280000e-03  7.00000041e-01  4.47280000e-03  0.00000000e+00 
 4.48280000e-03  7.03192769e-01  4.48280000e-03  7.00000041e-01  4.48280000e-03  0.00000000e+00 
 4.49280000e-03  7.03133163e-01  4.49280000e-03  7.00000041e-01  4.49280000e-03  0.00000000e+00 
 4.50280000e-03  7.03073433e-01  4.50280000e-03  7.00000041e-01  4.50280000e-03  0.00000000e+00 
 4.51280000e-03  7.03013582e-01  4.51280000e-03  7.00000041e-01  4.51280000e-03  0.00000000e+00 
 4.52280000e-03  7.02953612e-01  4.52280000e-03  7.00000041e-01  4.52280000e-03  0.00000000e+00 
 4.53280000e-03  7.02893526e-01  4.53280000e-03  7.00000041e-01  4.53280000e-03  0.00000000e+00 
 4.54280000e-03  7.02833325e-01  4.54280000e-03  7.00000041e-01  4.54280000e-03  0.00000000e+00 
 4.55280000e-03  7.02773012e-01  4.55280000e-03  7.00000041e-01  4.55280000e-03  0.00000000e+00 
 4.56280000e-03  7.02712590e-01  4.56280000e-03  7.00000041e-01  4.56280000e-03  0.00000000e+00 
 4.57280000e-03  7.02652061e-01  4.57280000e-03  7.00000041e-01  4.57280000e-03  0.00000000e+00 
 4.58280000e-03  7.02591427e-01  4.58280000e-03  7.00000041e-01  4.58280000e-03  0.00000000e+00 
 4.59280000e-03  7.02530691e-01  4.59280000e-03  7.00000041e-01  4.59280000e-03  0.00000000e+00 
 4.60280000e-03  7.02469855e-01  4.60280000e-03  7.00000041e-01  4.60280000e-03  0.00000000e+00 
 4.61280000e-03  7.02408921e-01  4.61280000e-03  7.00000041e-01  4.61280000e-03  0.00000000e+00 
 4.62280000e-03  7.02347892e-01  4.62280000e-03  7.00000041e-01  4.62280000e-03  0.00000000e+00 
 4.63280000e-03  7.02286771e-01  4.63280000e-03  7.00000041e-01  4.63280000e-03  0.00000000e+00 
 4.64280000e-03  7.02225559e-01  4.64280000e-03  7.00000041e-01  4.64280000e-03  0.00000000e+00 
 4.65280000e-03  7.02164260e-01  4.65280000e-03  7.00000041e-01  4.65280000e-03  0.00000000e+00 
 4.66280000e-03  7.02102875e-01  4.66280000e-03  7.00000041e-01  4.66280000e-03  0.00000000e+00 
 4.67280000e-03  7.02041407e-01  4.67280000e-03  7.00000041e-01  4.67280000e-03  0.00000000e+00 
 4.68280000e-03  7.01979858e-01  4.68280000e-03  7.00000041e-01  4.68280000e-03  0.00000000e+00 
 4.69280000e-03  7.01918231e-01  4.69280000e-03  7.00000041e-01  4.69280000e-03  0.00000000e+00 
 4.70280000e-03  7.01856529e-01  4.70280000e-03  7.00000041e-01  4.70280000e-03  0.00000000e+00 
 4.71280000e-03  7.01794753e-01  4.71280000e-03  7.00000041e-01  4.71280000e-03  0.00000000e+00 
 4.72280000e-03  7.01732907e-01  4.72280000e-03  7.00000041e-01  4.72280000e-03  0.00000000e+00 
 4.73280000e-03  7.01670991e-01  4.73280000e-03  7.00000041e-01  4.73280000e-03  0.00000000e+00 
 4.74280000e-03  7.01609010e-01  4.74280000e-03  7.00000041e-01  4.74280000e-03  0.00000000e+00 
 4.75280000e-03  7.01546966e-01  4.75280000e-03  7.00000041e-01  4.75280000e-03  0.00000000e+00 
 4.76280000e-03  7.01484860e-01  4.76280000e-03  7.00000041e-01  4.76280000e-03  0.00000000e+00 
 4.77280000e-03  7.01422696e-01  4.77280000e-03  7.00000041e-01  4.77280000e-03  0.00000000e+00 
 4.78280000e-03  7.01360476e-01  4.78280000e-03  7.00000041e-01  4.78280000e-03  0.00000000e+00 
 4.79280000e-03  7.01298202e-01  4.79280000e-03  7.00000041e-01  4.79280000e-03  0.00000000e+00 
 4.80280000e-03  7.01235876e-01  4.80280000e-03  7.00000041e-01  4.80280000e-03  0.00000000e+00 
 4.81280000e-03  7.01173502e-01  4.81280000e-03  7.00000041e-01  4.81280000e-03  0.00000000e+00 
 4.82280000e-03  7.01111082e-01  4.82280000e-03  7.00000041e-01  4.82280000e-03  0.00000000e+00 
 4.83280000e-03  7.01048617e-01  4.83280000e-03  7.00000041e-01  4.83280000e-03  0.00000000e+00 
 4.84280000e-03  7.00986112e-01  4.84280000e-03  7.00000041e-01  4.84280000e-03  0.00000000e+00 
 4.85280000e-03  7.00923567e-01  4.85280000e-03  7.00000041e-01  4.85280000e-03  0.00000000e+00 
 4.86280000e-03  7.00860986e-01  4.86280000e-03  7.00000041e-01  4.86280000e-03  0.00000000e+00 
 4.87280000e-03  7.00798371e-01  4.87280000e-03  7.00000041e-01  4.87280000e-03  0.00000000e+00 
 4.88280000e-03  7.00735724e-01  4.88280000e-03  7.00000041e-01  4.88280000e-03  0.00000000e+00 
 4.89280000e-03  7.00673048e-01  4.89280000e-03  7.00000041e-01  4.89280000e-03  0.00000000e+00 
 4.90280000e-03  7.00610346e-01  4.90280000e-03  7.00000041e-01  4.90280000e-03  0.00000000e+00 
 4.91280000e-03  7.00547620e-01  4.91280000e-03  7.00000041e-01  4.91280000e-03  0.00000000e+00 
 4.92280000e-03  7.00484872e-01  4.92280000e-03  7.00000041e-01  4.92280000e-03  0.00000000e+00 
 4.93280000e-03  7.00422105e-01  4.93280000e-03  7.00000041e-01  4.93280000e-03  0.00000000e+00 
 4.94280000e-03  7.00359321e-01  4.94280000e-03  7.00000041e-01  4.94280000e-03  0.00000000e+00 
 4.95280000e-03  7.00296523e-01  4.95280000e-03  7.00000041e-01  4.95280000e-03  0.00000000e+00 
 4.96280000e-03  7.00233713e-01  4.96280000e-03  7.00000041e-01  4.96280000e-03  0.00000000e+00 
 4.97280000e-03  7.00170894e-01  4.97280000e-03  7.00000041e-01  4.97280000e-03  0.00000000e+00 
 4.98280000e-03  7.00108069e-01  4.98280000e-03  7.00000041e-01  4.98280000e-03  0.00000000e+00 
 4.99280000e-03  7.00045239e-01  4.99280000e-03  7.00000041e-01  4.99280000e-03  0.00000000e+00 
 5.00280000e-03  6.99982407e-01  5.00280000e-03  7.00000041e-01  5.00280000e-03  0.00000000e+00 
 5.01280000e-03  6.99919576e-01  5.01280000e-03  7.00000041e-01  5.01280000e-03  0.00000000e+00 
 5.02280000e-03  6.99856748e-01  5.02280000e-03  7.00000041e-01  5.02280000e-03  0.00000000e+00 
 5.03280000e-03  6.99793926e-01  5.03280000e-03  7.00000041e-01  5.03280000e-03  0.00000000e+00 
 5.04280000e-03  6.99731112e-01  5.04280000e-03  7.00000041e-01  5.04280000e-03  0.00000000e+00 
 5.05280000e-03  6.99668309e-01  5.05280000e-03  7.00000041e-01  5.05280000e-03  0.00000000e+00 
 5.06280000e-03  6.99605518e-01  5.06280000e-03  7.00000041e-01  5.06280000e-03  0.00000000e+00 
 5.07280000e-03  6.99542744e-01  5.07280000e-03  7.00000041e-01  5.07280000e-03  0.00000000e+00 
 5.08280000e-03  6.99479987e-01  5.08280000e-03  7.00000041e-01  5.08280000e-03  0.00000000e+00 
 5.09280000e-03  6.99417251e-01  5.09280000e-03  7.00000041e-01  5.09280000e-03  0.00000000e+00 
 5.10280000e-03  6.99354538e-01  5.10280000e-03  7.00000041e-01  5.10280000e-03  0.00000000e+00 
 5.11280000e-03  6.99291850e-01  5.11280000e-03  7.00000041e-01  5.11280000e-03  0.00000000e+00 
 5.12280000e-03  6.99229190e-01  5.12280000e-03  7.00000041e-01  5.12280000e-03  0.00000000e+00 
 5.13280000e-03  6.99166561e-01  5.13280000e-03  7.00000041e-01  5.13280000e-03  0.00000000e+00 
 5.14280000e-03  6.99103965e-01  5.14280000e-03  7.00000041e-01  5.14280000e-03  0.00000000e+00 
 5.15280000e-03  6.99041403e-01  5.15280000e-03  7.00000041e-01  5.15280000e-03  0.00000000e+00 
 5.16280000e-03  6.98978880e-01  5.16280000e-03  7.00000041e-01  5.16280000e-03  0.00000000e+00 
 5.17280000e-03  6.98916397e-01  5.17280000e-03  7.00000041e-01  5.17280000e-03  0.00000000e+00 
 5.18280000e-03  6.98853957e-01  5.18280000e-03  7.00000041e-01  5.18280000e-03  0.00000000e+00 
 5.19280000e-03  6.98791563e-01  5.19280000e-03  7.00000041e-01  5.19280000e-03  0.00000000e+00 
 5.20280000e-03  6.98729215e-01  5.20280000e-03  7.00000041e-01  5.20280000e-03  0.00000000e+00 
 5.21280000e-03  6.98666918e-01  5.21280000e-03  7.00000041e-01  5.21280000e-03  0.00000000e+00 
 5.22280000e-03  6.98604674e-01  5.22280000e-03  7.00000041e-01  5.22280000e-03  0.00000000e+00 
 5.23280000e-03  6.98542485e-01  5.23280000e-03  7.00000041e-01  5.23280000e-03  0.00000000e+00 
 5.24280000e-03  6.98480353e-01  5.24280000e-03  7.00000041e-01  5.24280000e-03  0.00000000e+00 
 5.25280000e-03  6.98418281e-01  5.25280000e-03  7.00000041e-01  5.25280000e-03  0.00000000e+00 
 5.26280000e-03  6.98356272e-01  5.26280000e-03  7.00000041e-01  5.26280000e-03  0.00000000e+00 
 5.27280000e-03  6.98294328e-01  5.27280000e-03  7.00000041e-01  5.27280000e-03  0.00000000e+00 
 5.28280000e-03  6.98232451e-01  5.28280000e-03  7.00000041e-01  5.28280000e-03  0.00000000e+00 
 5.29280000e-03  6.98170644e-01  5.29280000e-03  7.00000041e-01  5.29280000e-03  0.00000000e+00 
 5.30280000e-03  6.98108908e-01  5.30280000e-03  7.00000041e-01  5.30280000e-03  0.00000000e+00 
 5.31280000e-03  6.98047248e-01  5.31280000e-03  7.00000041e-01  5.31280000e-03  0.00000000e+00 
 5.32280000e-03  6.97985665e-01  5.32280000e-03  7.00000041e-01  5.32280000e-03  0.00000000e+00 
 5.33280000e-03  6.97924161e-01  5.33280000e-03  7.00000041e-01  5.33280000e-03  0.00000000e+00 
 5.34280000e-03  6.97862739e-01  5.34280000e-03  7.00000041e-01  5.34280000e-03  0.00000000e+00 
 5.35280000e-03  6.97801402e-01  5.35280000e-03  7.00000041e-01  5.35280000e-03  0.00000000e+00 
 5.36280000e-03  6.97740151e-01  5.36280000e-03  7.00000041e-01  5.36280000e-03  0.00000000e+00 
 5.37280000e-03  6.97678990e-01  5.37280000e-03  7.00000041e-01  5.37280000e-03  0.00000000e+00 
 5.38280000e-03  6.97617920e-01  5.38280000e-03  7.00000041e-01  5.38280000e-03  0.00000000e+00 
 5.39280000e-03  6.97556944e-01  5.39280000e-03  7.00000041e-01  5.39280000e-03  0.00000000e+00 
 5.40280000e-03  6.97496065e-01  5.40280000e-03  7.00000041e-01  5.40280000e-03  0.00000000e+00 
 5.41280000e-03  6.97435284e-01  5.41280000e-03  7.00000041e-01  5.41280000e-03  0.00000000e+00 
 5.42280000e-03  6.97374605e-01  5.42280000e-03  7.00000041e-01  5.42280000e-03  0.00000000e+00 
 5.43280000e-03  6.97314030e-01  5.43280000e-03  7.00000041e-01  5.43280000e-03  0.00000000e+00 
 5.44280000e-03  6.97253560e-01  5.44280000e-03  7.00000041e-01  5.44280000e-03  0.00000000e+00 
 5.45280000e-03  6.97193199e-01  5.45280000e-03  7.00000041e-01  5.45280000e-03  0.00000000e+00 
 5.46280000e-03  6.97132949e-01  5.46280000e-03  7.00000041e-01  5.46280000e-03  0.00000000e+00 
 5.47280000e-03  6.97072811e-01  5.47280000e-03  7.00000041e-01  5.47280000e-03  0.00000000e+00 
 5.48280000e-03  6.97012790e-01  5.48280000e-03  7.00000041e-01  5.48280000e-03  0.00000000e+00 
 5.49280000e-03  6.96952886e-01  5.49280000e-03  7.00000041e-01  5.49280000e-03  0.00000000e+00 
 5.50280000e-03  6.96893103e-01  5.50280000e-03  7.00000041e-01  5.50280000e-03  0.00000000e+00 
 5.51280000e-03  6.96833442e-01  5.51280000e-03  7.00000041e-01  5.51280000e-03  0.00000000e+00 
 5.52280000e-03  6.96773907e-01  5.52280000e-03  7.00000041e-01  5.52280000e-03  0.00000000e+00 
 5.53280000e-03  6.96714498e-01  5.53280000e-03  7.00000041e-01  5.53280000e-03  0.00000000e+00 
 5.54280000e-03  6.96655220e-01  5.54280000e-03  7.00000041e-01  5.54280000e-03  0.00000000e+00 
 5.55280000e-03  6.96596073e-01  5.55280000e-03  7.00000041e-01  5.55280000e-03  0.00000000e+00 
 5.56280000e-03  6.96537061e-01  5.56280000e-03  7.00000041e-01  5.56280000e-03  0.00000000e+00 
 5.57280000e-03  6.96478186e-01  5.57280000e-03  7.00000041e-01  5.57280000e-03  0.00000000e+00 
 5.58280000e-03  6.96419449e-01  5.58280000e-03  7.00000041e-01  5.58280000e-03  0.00000000e+00 
 5.59280000e-03  6.96360854e-01  5.59280000e-03  7.00000041e-01  5.59280000e-03  0.00000000e+00 
 5.60280000e-03  6.96302403e-01  5.60280000e-03  7.00000041e-01  5.60280000e-03  0.00000000e+00 
 5.61280000e-03  6.96244097e-01  5.61280000e-03  7.00000041e-01  5.61280000e-03  0.00000000e+00 
 5.62280000e-03  6.96185940e-01  5.62280000e-03  7.00000041e-01  5.62280000e-03  0.00000000e+00 
 5.63280000e-03  6.96127934e-01  5.63280000e-03  7.00000041e-01  5.63280000e-03  0.00000000e+00 
 5.64280000e-03  6.96070080e-01  5.64280000e-03  7.00000041e-01  5.64280000e-03  0.00000000e+00 
 5.65280000e-03  6.96012381e-01  5.65280000e-03  7.00000041e-01  5.65280000e-03  0.00000000e+00 
 5.66280000e-03  6.95954840e-01  5.66280000e-03  7.00000041e-01  5.66280000e-03  0.00000000e+00 
 5.67280000e-03  6.95897459e-01  5.67280000e-03  7.00000041e-01  5.67280000e-03  0.00000000e+00 
 5.68280000e-03  6.95840239e-01  5.68280000e-03  7.00000041e-01  5.68280000e-03  0.00000000e+00 
 5.69280000e-03  6.95783184e-01  5.69280000e-03  7.00000041e-01  5.69280000e-03  0.00000000e+00 
 5.70280000e-03  6.95726295e-01  5.70280000e-03  7.00000041e-01  5.70280000e-03  0.00000000e+00 
 5.71280000e-03  6.95669575e-01  5.71280000e-03  7.00000041e-01  5.71280000e-03  0.00000000e+00 
 5.72280000e-03  6.95613026e-01  5.72280000e-03  7.00000041e-01  5.72280000e-03  0.00000000e+00 
 5.73280000e-03  6.95556650e-01  5.73280000e-03  7.00000041e-01  5.73280000e-03  0.00000000e+00 
 5.74280000e-03  6.95500450e-01  5.74280000e-03  7.00000041e-01  5.74280000e-03  0.00000000e+00 
 5.75280000e-03  6.95444427e-01  5.75280000e-03  7.00000041e-01  5.75280000e-03  0.00000000e+00 
 5.76280000e-03  6.95388584e-01  5.76280000e-03  7.00000041e-01  5.76280000e-03  0.00000000e+00 
 5.77280000e-03  6.95332923e-01  5.77280000e-03  7.00000041e-01  5.77280000e-03  0.00000000e+00 
 5.78280000e-03  6.95277446e-01  5.78280000e-03  7.00000041e-01  5.78280000e-03  0.00000000e+00 
 5.79280000e-03  6.95222156e-01  5.79280000e-03  7.00000041e-01  5.79280000e-03  0.00000000e+00 
 5.80280000e-03  6.95167054e-01  5.80280000e-03  7.00000041e-01  5.80280000e-03  0.00000000e+00 
 5.81280000e-03  6.95112143e-01  5.81280000e-03  7.00000041e-01  5.81280000e-03  0.00000000e+00 
 5.82280000e-03  6.95057425e-01  5.82280000e-03  7.00000041e-01  5.82280000e-03  0.00000000e+00 
 5.83280000e-03  6.95002902e-01  5.83280000e-03  7.00000041e-01  5.83280000e-03  0.00000000e+00 
 5.84280000e-03  6.94948577e-01  5.84280000e-03  7.00000041e-01  5.84280000e-03  0.00000000e+00 
 5.85280000e-03  6.94894451e-01  5.85280000e-03  7.00000041e-01  5.85280000e-03  0.00000000e+00 
 5.86280000e-03  6.94840526e-01  5.86280000e-03  7.00000041e-01  5.86280000e-03  0.00000000e+00 
 5.87280000e-03  6.94786805e-01  5.87280000e-03  7.00000041e-01  5.87280000e-03  0.00000000e+00 
 5.88280000e-03  6.94733290e-01  5.88280000e-03  7.00000041e-01  5.88280000e-03  0.00000000e+00 
 5.89280000e-03  6.94679983e-01  5.89280000e-03  7.00000041e-01  5.89280000e-03  0.00000000e+00 
 5.90280000e-03  6.94626886e-01  5.90280000e-03  7.00000041e-01  5.90280000e-03  0.00000000e+00 
 5.91280000e-03  6.94574001e-01  5.91280000e-03  7.00000041e-01  5.91280000e-03  0.00000000e+00 
 5.92280000e-03  6.94521330e-01  5.92280000e-03  7.00000041e-01  5.92280000e-03  0.00000000e+00 
 5.93280000e-03  6.94468876e-01  5.93280000e-03  7.00000041e-01  5.93280000e-03  0.00000000e+00 
 5.94280000e-03  6.94416640e-01  5.94280000e-03  7.00000041e-01  5.94280000e-03  0.00000000e+00 
 5.95280000e-03  6.94364624e-01  5.95280000e-03  7.00000041e-01  5.95280000e-03  0.00000000e+00 
 5.96280000e-03  6.94312831e-01  5.96280000e-03  7.00000041e-01  5.96280000e-03  0.00000000e+00 
 5.97280000e-03  6.94261262e-01  5.97280000e-03  7.00000041e-01  5.97280000e-03  0.00000000e+00 
 5.98280000e-03  6.94209920e-01  5.98280000e-03  7.00000041e-01  5.98280000e-03  0.00000000e+00 
 5.99280000e-03  6.94158807e-01  5.99280000e-03  7.00000041e-01  5.99280000e-03  0.00000000e+00 
 6.00280000e-03  6.94107924e-01  6.00280000e-03  7.00000041e-01  6.00280000e-03  0.00000000e+00 
 6.01280000e-03  6.94057273e-01  6.01280000e-03  7.00000041e-01  6.01280000e-03  0.00000000e+00 
 6.02280000e-03  6.94006858e-01  6.02280000e-03  7.00000041e-01  6.02280000e-03  0.00000000e+00 
 6.03280000e-03  6.93956678e-01  6.03280000e-03  7.00000041e-01  6.03280000e-03  0.00000000e+00 
 6.04280000e-03  6.93906738e-01  6.04280000e-03  7.00000041e-01  6.04280000e-03  0.00000000e+00 
 6.05280000e-03  6.93857038e-01  6.05280000e-03  7.00000041e-01  6.05280000e-03  0.00000000e+00 
 6.06280000e-03  6.93807580e-01  6.06280000e-03  7.00000041e-01  6.06280000e-03  0.00000000e+00 
 6.07280000e-03  6.93758367e-01  6.07280000e-03  7.00000041e-01  6.07280000e-03  0.00000000e+00 
 6.08280000e-03  6.93709401e-01  6.08280000e-03  7.00000041e-01  6.08280000e-03  0.00000000e+00 
 6.09280000e-03  6.93660682e-01  6.09280000e-03  7.00000041e-01  6.09280000e-03  0.00000000e+00 
 6.10280000e-03  6.93612214e-01  6.10280000e-03  7.00000041e-01  6.10280000e-03  0.00000000e+00 
 6.11280000e-03  6.93563999e-01  6.11280000e-03  7.00000041e-01  6.11280000e-03  0.00000000e+00 
 6.12280000e-03  6.93516037e-01  6.12280000e-03  7.00000041e-01  6.12280000e-03  0.00000000e+00 
 6.13280000e-03  6.93468331e-01  6.13280000e-03  7.00000041e-01  6.13280000e-03  0.00000000e+00 
 6.14280000e-03  6.93420883e-01  6.14280000e-03  7.00000041e-01  6.14280000e-03  0.00000000e+00 
 6.15280000e-03  6.93373695e-01  6.15280000e-03  7.00000041e-01  6.15280000e-03  0.00000000e+00 
 6.16280000e-03  6.93326768e-01  6.16280000e-03  7.00000041e-01  6.16280000e-03  0.00000000e+00 
 6.17280000e-03  6.93280105e-01  6.17280000e-03  7.00000041e-01  6.17280000e-03  0.00000000e+00 
 6.18280000e-03  6.93233707e-01  6.18280000e-03  7.00000041e-01  6.18280000e-03  0.00000000e+00 
 6.19280000e-03  6.93187577e-01  6.19280000e-03  7.00000041e-01  6.19280000e-03  0.00000000e+00 
 6.20280000e-03  6.93141715e-01  6.20280000e-03  7.00000041e-01  6.20280000e-03  0.00000000e+00 
 6.21280000e-03  6.93096124e-01  6.21280000e-03  7.00000041e-01  6.21280000e-03  0.00000000e+00 
 6.22280000e-03  6.93050805e-01  6.22280000e-03  7.00000041e-01  6.22280000e-03  0.00000000e+00 
 6.23280000e-03  6.93005761e-01  6.23280000e-03  7.00000041e-01  6.23280000e-03  0.00000000e+00 
 6.24280000e-03  6.92960993e-01  6.24280000e-03  7.00000041e-01  6.24280000e-03  0.00000000e+00 
 6.25280000e-03  6.92916503e-01  6.25280000e-03  7.00000041e-01  6.25280000e-03  0.00000000e+00 
 6.26280000e-03  6.92872293e-01  6.26280000e-03  7.00000041e-01  6.26280000e-03  0.00000000e+00 
 6.27280000e-03  6.92828363e-01  6.27280000e-03  7.00000041e-01  6.27280000e-03  0.00000000e+00 
 6.28280000e-03  6.92784718e-01  6.28280000e-03  7.00000041e-01  6.28280000e-03  0.00000000e+00 
 6.29280000e-03  6.92741356e-01  6.29280000e-03  7.00000041e-01  6.29280000e-03  0.00000000e+00 
 6.30280000e-03  6.92698282e-01  6.30280000e-03  7.00000041e-01  6.30280000e-03  0.00000000e+00 
 6.31280000e-03  6.92655496e-01  6.31280000e-03  7.00000041e-01  6.31280000e-03  0.00000000e+00 
 6.32280000e-03  6.92612999e-01  6.32280000e-03  7.00000041e-01  6.32280000e-03  0.00000000e+00 
 6.33280000e-03  6.92570794e-01  6.33280000e-03  7.00000041e-01  6.33280000e-03  0.00000000e+00 
 6.34280000e-03  6.92528883e-01  6.34280000e-03  7.00000041e-01  6.34280000e-03  0.00000000e+00 
 6.35280000e-03  6.92487267e-01  6.35280000e-03  7.00000041e-01  6.35280000e-03  0.00000000e+00 
 6.36280000e-03  6.92445947e-01  6.36280000e-03  7.00000041e-01  6.36280000e-03  0.00000000e+00 
 6.37280000e-03  6.92404925e-01  6.37280000e-03  7.00000041e-01  6.37280000e-03  0.00000000e+00 
 6.38280000e-03  6.92364203e-01  6.38280000e-03  7.00000041e-01  6.38280000e-03  0.00000000e+00 
 6.39280000e-03  6.92323783e-01  6.39280000e-03  7.00000041e-01  6.39280000e-03  0.00000000e+00 
 6.40280000e-03  6.92283665e-01  6.40280000e-03  7.00000041e-01  6.40280000e-03  0.00000000e+00 
 6.41280000e-03  6.92243853e-01  6.41280000e-03  7.00000041e-01  6.41280000e-03  0.00000000e+00 
 6.42280000e-03  6.92204346e-01  6.42280000e-03  7.00000041e-01  6.42280000e-03  0.00000000e+00 
 6.43280000e-03  6.92165147e-01  6.43280000e-03  7.00000041e-01  6.43280000e-03  0.00000000e+00 
 6.44280000e-03  6.92126258e-01  6.44280000e-03  7.00000041e-01  6.44280000e-03  0.00000000e+00 
 6.45280000e-03  6.92087679e-01  6.45280000e-03  7.00000041e-01  6.45280000e-03  0.00000000e+00 
 6.46280000e-03  6.92049413e-01  6.46280000e-03  7.00000041e-01  6.46280000e-03  0.00000000e+00 
 6.47280000e-03  6.92011461e-01  6.47280000e-03  7.00000041e-01  6.47280000e-03  0.00000000e+00 
 6.48280000e-03  6.91973824e-01  6.48280000e-03  7.00000041e-01  6.48280000e-03  0.00000000e+00 
 6.49280000e-03  6.91936504e-01  6.49280000e-03  7.00000041e-01  6.49280000e-03  0.00000000e+00 
 6.50280000e-03  6.91899502e-01  6.50280000e-03  7.00000041e-01  6.50280000e-03  0.00000000e+00 
 6.51280000e-03  6.91862820e-01  6.51280000e-03  7.00000041e-01  6.51280000e-03  0.00000000e+00 
 6.52280000e-03  6.91826459e-01  6.52280000e-03  7.00000041e-01  6.52280000e-03  0.00000000e+00 
 6.53280000e-03  6.91790421e-01  6.53280000e-03  7.00000041e-01  6.53280000e-03  0.00000000e+00 
 6.54280000e-03  6.91754707e-01  6.54280000e-03  7.00000041e-01  6.54280000e-03  0.00000000e+00 
 6.55280000e-03  6.91719318e-01  6.55280000e-03  7.00000041e-01  6.55280000e-03  0.00000000e+00 
 6.56280000e-03  6.91684257e-01  6.56280000e-03  7.00000041e-01  6.56280000e-03  0.00000000e+00 
 6.57280000e-03  6.91649524e-01  6.57280000e-03  7.00000041e-01  6.57280000e-03  0.00000000e+00 
 6.58280000e-03  6.91615120e-01  6.58280000e-03  7.00000041e-01  6.58280000e-03  0.00000000e+00 
 6.59280000e-03  6.91581047e-01  6.59280000e-03  7.00000041e-01  6.59280000e-03  0.00000000e+00 
 6.60280000e-03  6.91547307e-01  6.60280000e-03  7.00000041e-01  6.60280000e-03  0.00000000e+00 
 6.61280000e-03  6.91513901e-01  6.61280000e-03  7.00000041e-01  6.61280000e-03  0.00000000e+00 
 6.62280000e-03  6.91480829e-01  6.62280000e-03  7.00000041e-01  6.62280000e-03  0.00000000e+00 
 6.63280000e-03  6.91448094e-01  6.63280000e-03  7.00000041e-01  6.63280000e-03  0.00000000e+00 
 6.64280000e-03  6.91415696e-01  6.64280000e-03  7.00000041e-01  6.64280000e-03  0.00000000e+00 
 6.65280000e-03  6.91383638e-01  6.65280000e-03  7.00000041e-01  6.65280000e-03  0.00000000e+00 
 6.66280000e-03  6.91351919e-01  6.66280000e-03  7.00000041e-01  6.66280000e-03  0.00000000e+00 
 6.67280000e-03  6.91320542e-01  6.67280000e-03  7.00000041e-01  6.67280000e-03  0.00000000e+00 
 6.68280000e-03  6.91289507e-01  6.68280000e-03  7.00000041e-01  6.68280000e-03  0.00000000e+00 
 6.69280000e-03  6.91258817e-01  6.69280000e-03  7.00000041e-01  6.69280000e-03  0.00000000e+00 
 6.70280000e-03  6.91228471e-01  6.70280000e-03  7.00000041e-01  6.70280000e-03  0.00000000e+00 
 6.71280000e-03  6.91198472e-01  6.71280000e-03  7.00000041e-01  6.71280000e-03  0.00000000e+00 
 6.72280000e-03  6.91168820e-01  6.72280000e-03  7.00000041e-01  6.72280000e-03  0.00000000e+00 
 6.73280000e-03  6.91139517e-01  6.73280000e-03  7.00000041e-01  6.73280000e-03  0.00000000e+00 
 6.74280000e-03  6.91110564e-01  6.74280000e-03  7.00000041e-01  6.74280000e-03  0.00000000e+00 
 6.75280000e-03  6.91081962e-01  6.75280000e-03  7.00000041e-01  6.75280000e-03  0.00000000e+00 
 6.76280000e-03  6.91053711e-01  6.76280000e-03  7.00000041e-01  6.76280000e-03  0.00000000e+00 
 6.77280000e-03  6.91025814e-01  6.77280000e-03  7.00000041e-01  6.77280000e-03  0.00000000e+00 
 6.78280000e-03  6.90998271e-01  6.78280000e-03  7.00000041e-01  6.78280000e-03  0.00000000e+00 
 6.79280000e-03  6.90971084e-01  6.79280000e-03  7.00000041e-01  6.79280000e-03  0.00000000e+00 
 6.80280000e-03  6.90944253e-01  6.80280000e-03  7.00000041e-01  6.80280000e-03  0.00000000e+00 
 6.81280000e-03  6.90917779e-01  6.81280000e-03  7.00000041e-01  6.81280000e-03  0.00000000e+00 
 6.82280000e-03  6.90891664e-01  6.82280000e-03  7.00000041e-01  6.82280000e-03  0.00000000e+00 
 6.83280000e-03  6.90865909e-01  6.83280000e-03  7.00000041e-01  6.83280000e-03  0.00000000e+00 
 6.84280000e-03  6.90840514e-01  6.84280000e-03  7.00000041e-01  6.84280000e-03  0.00000000e+00 
 6.85280000e-03  6.90815481e-01  6.85280000e-03  7.00000041e-01  6.85280000e-03  0.00000000e+00 
 6.86280000e-03  6.90790810e-01  6.86280000e-03  7.00000041e-01  6.86280000e-03  0.00000000e+00 
 6.87280000e-03  6.90766503e-01  6.87280000e-03  7.00000041e-01  6.87280000e-03  0.00000000e+00 
 6.88280000e-03  6.90742561e-01  6.88280000e-03  7.00000041e-01  6.88280000e-03  0.00000000e+00 
 6.89280000e-03  6.90718984e-01  6.89280000e-03  7.00000041e-01  6.89280000e-03  0.00000000e+00 
 6.90280000e-03  6.90695773e-01  6.90280000e-03  7.00000041e-01  6.90280000e-03  0.00000000e+00 
 6.91280000e-03  6.90672930e-01  6.91280000e-03  7.00000041e-01  6.91280000e-03  0.00000000e+00 
 6.92280000e-03  6.90650455e-01  6.92280000e-03  7.00000041e-01  6.92280000e-03  0.00000000e+00 
 6.93280000e-03  6.90628349e-01  6.93280000e-03  7.00000041e-01  6.93280000e-03  0.00000000e+00 
 6.94280000e-03  6.90606613e-01  6.94280000e-03  7.00000041e-01  6.94280000e-03  0.00000000e+00 
 6.95280000e-03  6.90585247e-01  6.95280000e-03  7.00000041e-01  6.95280000e-03  0.00000000e+00 
 6.96280000e-03  6.90564254e-01  6.96280000e-03  7.00000041e-01  6.96280000e-03  0.00000000e+00 
 6.97280000e-03  6.90543633e-01  6.97280000e-03  7.00000041e-01  6.97280000e-03  0.00000000e+00 
 6.98280000e-03  6.90523385e-01  6.98280000e-03  7.00000041e-01  6.98280000e-03  0.00000000e+00 
 6.99280000e-03  6.90503512e-01  6.99280000e-03  7.00000041e-01  6.99280000e-03  0.00000000e+00 
 7.00280000e-03  6.90484013e-01  7.00280000e-03  7.00000041e-01  7.00280000e-03  0.00000000e+00 
 7.01280000e-03  6.90464890e-01  7.01280000e-03  7.00000041e-01  7.01280000e-03  0.00000000e+00 
 7.02280000e-03  6.90446144e-01  7.02280000e-03  7.00000041e-01  7.02280000e-03  0.00000000e+00 
 7.03280000e-03  6.90427774e-01  7.03280000e-03  7.00000041e-01  7.03280000e-03  0.00000000e+00 
 7.04280000e-03  6.90409783e-01  7.04280000e-03  7.00000041e-01  7.04280000e-03  0.00000000e+00 
 7.05280000e-03  6.90392170e-01  7.05280000e-03  7.00000041e-01  7.05280000e-03  0.00000000e+00 
 7.06280000e-03  6.90374936e-01  7.06280000e-03  7.00000041e-01  7.06280000e-03  0.00000000e+00 
 7.07280000e-03  6.90358083e-01  7.07280000e-03  7.00000041e-01  7.07280000e-03  0.00000000e+00 
 7.08280000e-03  6.90341610e-01  7.08280000e-03  7.00000041e-01  7.08280000e-03  0.00000000e+00 
 7.09280000e-03  6.90325518e-01  7.09280000e-03  7.00000041e-01  7.09280000e-03  0.00000000e+00 
 7.10280000e-03  6.90309808e-01  7.10280000e-03  7.00000041e-01  7.10280000e-03  0.00000000e+00 
 7.11280000e-03  6.90294481e-01  7.11280000e-03  7.00000041e-01  7.11280000e-03  0.00000000e+00 
 7.12280000e-03  6.90279537e-01  7.12280000e-03  7.00000041e-01  7.12280000e-03  0.00000000e+00 
 7.13280000e-03  6.90264977e-01  7.13280000e-03  7.00000041e-01  7.13280000e-03  0.00000000e+00 
 7.14280000e-03  6.90250801e-01  7.14280000e-03  7.00000041e-01  7.14280000e-03  0.00000000e+00 
 7.15280000e-03  6.90237010e-01  7.15280000e-03  7.00000041e-01  7.15280000e-03  0.00000000e+00 
 7.16280000e-03  6.90223604e-01  7.16280000e-03  7.00000041e-01  7.16280000e-03  0.00000000e+00 
 7.17280000e-03  6.90210584e-01  7.17280000e-03  7.00000041e-01  7.17280000e-03  0.00000000e+00 
 7.18280000e-03  6.90197951e-01  7.18280000e-03  7.00000041e-01  7.18280000e-03  0.00000000e+00 
 7.19280000e-03  6.90185705e-01  7.19280000e-03  7.00000041e-01  7.19280000e-03  0.00000000e+00 
 7.20280000e-03  6.90173846e-01  7.20280000e-03  7.00000041e-01  7.20280000e-03  0.00000000e+00 
 7.21280000e-03  6.90162375e-01  7.21280000e-03  7.00000041e-01  7.21280000e-03  0.00000000e+00 
 7.22280000e-03  6.90151293e-01  7.22280000e-03  7.00000041e-01  7.22280000e-03  0.00000000e+00 
 7.23280000e-03  6.90140599e-01  7.23280000e-03  7.00000041e-01  7.23280000e-03  0.00000000e+00 
 7.24280000e-03  6.90130295e-01  7.24280000e-03  7.00000041e-01  7.24280000e-03  0.00000000e+00 
 7.25280000e-03  6.90120380e-01  7.25280000e-03  7.00000041e-01  7.25280000e-03  0.00000000e+00 
 7.26280000e-03  6.90110855e-01  7.26280000e-03  7.00000041e-01  7.26280000e-03  0.00000000e+00 
 7.27280000e-03  6.90101721e-01  7.27280000e-03  7.00000041e-01  7.27280000e-03  0.00000000e+00 
 7.28280000e-03  6.90092977e-01  7.28280000e-03  7.00000041e-01  7.28280000e-03  0.00000000e+00 
 7.29280000e-03  6.90084624e-01  7.29280000e-03  7.00000041e-01  7.29280000e-03  0.00000000e+00 
 7.30280000e-03  6.90076663e-01  7.30280000e-03  7.00000041e-01  7.30280000e-03  0.00000000e+00 
 7.31280000e-03  6.90069094e-01  7.31280000e-03  7.00000041e-01  7.31280000e-03  0.00000000e+00 
 7.32280000e-03  6.90061917e-01  7.32280000e-03  7.00000041e-01  7.32280000e-03  0.00000000e+00 
 7.33280000e-03  6.90055132e-01  7.33280000e-03  7.00000041e-01  7.33280000e-03  0.00000000e+00 
 7.34280000e-03  6.90048740e-01  7.34280000e-03  7.00000041e-01  7.34280000e-03  0.00000000e+00 
 7.35280000e-03  6.90042740e-01  7.35280000e-03  7.00000041e-01  7.35280000e-03  0.00000000e+00 
 7.36280000e-03  6.90037134e-01  7.36280000e-03  7.00000041e-01  7.36280000e-03  0.00000000e+00 
 7.37280000e-03  6.90031921e-01  7.37280000e-03  7.00000041e-01  7.37280000e-03  0.00000000e+00 
 7.38280000e-03  6.90027101e-01  7.38280000e-03  7.00000041e-01  7.38280000e-03  0.00000000e+00 
 7.39280000e-03  6.90022675e-01  7.39280000e-03  7.00000041e-01  7.39280000e-03  0.00000000e+00 
 7.40280000e-03  6.90018643e-01  7.40280000e-03  7.00000041e-01  7.40280000e-03  0.00000000e+00 
 7.41280000e-03  6.90015006e-01  7.41280000e-03  7.00000041e-01  7.41280000e-03  0.00000000e+00 
 7.42280000e-03  6.90011762e-01  7.42280000e-03  7.00000041e-01  7.42280000e-03  0.00000000e+00 
 7.43280000e-03  6.90008913e-01  7.43280000e-03  7.00000041e-01  7.43280000e-03  0.00000000e+00 
 7.44280000e-03  6.90006458e-01  7.44280000e-03  7.00000041e-01  7.44280000e-03  0.00000000e+00 
 7.45280000e-03  6.90004397e-01  7.45280000e-03  7.00000041e-01  7.45280000e-03  0.00000000e+00 
 7.46280000e-03  6.90002731e-01  7.46280000e-03  7.00000041e-01  7.46280000e-03  0.00000000e+00 
 7.47280000e-03  6.90001460e-01  7.47280000e-03  7.00000041e-01  7.47280000e-03  0.00000000e+00 
 7.48280000e-03  6.90000584e-01  7.48280000e-03  7.00000041e-01  7.48280000e-03  0.00000000e+00 
 7.49280000e-03  6.90000102e-01  7.49280000e-03  7.00000041e-01  7.49280000e-03  0.00000000e+00 
 7.50280000e-03  6.90000015e-01  7.50280000e-03  7.00000041e-01  7.50280000e-03  0.00000000e+00 
 7.51280000e-03  6.90000323e-01  7.51280000e-03  7.00000041e-01  7.51280000e-03  0.00000000e+00 
 7.52280000e-03  6.90001026e-01  7.52280000e-03  7.00000041e-01  7.52280000e-03  0.00000000e+00 
 7.53280000e-03  6.90002124e-01  7.53280000e-03  7.00000041e-01  7.53280000e-03  0.00000000e+00 
 7.54280000e-03  6.90003616e-01  7.54280000e-03  7.00000041e-01  7.54280000e-03  0.00000000e+00 
 7.55280000e-03  6.90005502e-01  7.55280000e-03  7.00000041e-01  7.55280000e-03  0.00000000e+00 
 7.56280000e-03  6.90007784e-01  7.56280000e-03  7.00000041e-01  7.56280000e-03  0.00000000e+00 
 7.57280000e-03  6.90010460e-01  7.57280000e-03  7.00000041e-01  7.57280000e-03  0.00000000e+00 
 7.58280000e-03  6.90013530e-01  7.58280000e-03  7.00000041e-01  7.58280000e-03  0.00000000e+00 
 7.59280000e-03  6.90016994e-01  7.59280000e-03  7.00000041e-01  7.59280000e-03  0.00000000e+00 
 7.60280000e-03  6.90020853e-01  7.60280000e-03  7.00000041e-01  7.60280000e-03  0.00000000e+00 
 7.61280000e-03  6.90025105e-01  7.61280000e-03  7.00000041e-01  7.61280000e-03  0.00000000e+00 
 7.62280000e-03  6.90029752e-01  7.62280000e-03  7.00000041e-01  7.62280000e-03  0.00000000e+00 
 7.63280000e-03  6.90034792e-01  7.63280000e-03  7.00000041e-01  7.63280000e-03  0.00000000e+00 
 7.64280000e-03  6.90040225e-01  7.64280000e-03  7.00000041e-01  7.64280000e-03  0.00000000e+00 
 7.65280000e-03  6.90046051e-01  7.65280000e-03  7.00000041e-01  7.65280000e-03  0.00000000e+00 
 7.66280000e-03  6.90052271e-01  7.66280000e-03  7.00000041e-01  7.66280000e-03  0.00000000e+00 
 7.67280000e-03  6.90058883e-01  7.67280000e-03  7.00000041e-01  7.67280000e-03  0.00000000e+00 
 7.68280000e-03  6.90065888e-01  7.68280000e-03  7.00000041e-01  7.68280000e-03  0.00000000e+00 
 7.69280000e-03  6.90073285e-01  7.69280000e-03  7.00000041e-01  7.69280000e-03  0.00000000e+00 
 7.70280000e-03  6.90081073e-01  7.70280000e-03  7.00000041e-01  7.70280000e-03  0.00000000e+00 
 7.71280000e-03  6.90089254e-01  7.71280000e-03  7.00000041e-01  7.71280000e-03  0.00000000e+00 
 7.72280000e-03  6.90097825e-01  7.72280000e-03  7.00000041e-01  7.72280000e-03  0.00000000e+00 
 7.73280000e-03  6.90106788e-01  7.73280000e-03  7.00000041e-01  7.73280000e-03  0.00000000e+00 
 7.74280000e-03  6.90116141e-01  7.74280000e-03  7.00000041e-01  7.74280000e-03  0.00000000e+00 
 7.75280000e-03  6.90125884e-01  7.75280000e-03  7.00000041e-01  7.75280000e-03  0.00000000e+00 
 7.76280000e-03  6.90136017e-01  7.76280000e-03  7.00000041e-01  7.76280000e-03  0.00000000e+00 
 7.77280000e-03  6.90146540e-01  7.77280000e-03  7.00000041e-01  7.77280000e-03  0.00000000e+00 
 7.78280000e-03  6.90157451e-01  7.78280000e-03  7.00000041e-01  7.78280000e-03  0.00000000e+00 
 7.79280000e-03  6.90168751e-01  7.79280000e-03  7.00000041e-01  7.79280000e-03  0.00000000e+00 
 7.80280000e-03  6.90180439e-01  7.80280000e-03  7.00000041e-01  7.80280000e-03  0.00000000e+00 
 7.81280000e-03  6.90192515e-01  7.81280000e-03  7.00000041e-01  7.81280000e-03  0.00000000e+00 
 7.82280000e-03  6.90204978e-01  7.82280000e-03  7.00000041e-01  7.82280000e-03  0.00000000e+00 
 7.83280000e-03  6.90217828e-01  7.83280000e-03  7.00000041e-01  7.83280000e-03  0.00000000e+00 
 7.84280000e-03  6.90231064e-01  7.84280000e-03  7.00000041e-01  7.84280000e-03  0.00000000e+00 
 7.85280000e-03  6.90244685e-01  7.85280000e-03  7.00000041e-01  7.85280000e-03  0.00000000e+00 
 7.86280000e-03  6.90258692e-01  7.86280000e-03  7.00000041e-01  7.86280000e-03  0.00000000e+00 
 7.87280000e-03  6.90273083e-01  7.87280000e-03  7.00000041e-01  7.87280000e-03  0.00000000e+00 
 7.88280000e-03  6.90287858e-01  7.88280000e-03  7.00000041e-01  7.88280000e-03  0.00000000e+00 
 7.89280000e-03  6.90303017e-01  7.89280000e-03  7.00000041e-01  7.89280000e-03  0.00000000e+00 
 7.90280000e-03  6.90318559e-01  7.90280000e-03  7.00000041e-01  7.90280000e-03  0.00000000e+00 
 7.91280000e-03  6.90334482e-01  7.91280000e-03  7.00000041e-01  7.91280000e-03  0.00000000e+00 
 7.92280000e-03  6.90350788e-01  7.92280000e-03  7.00000041e-01  7.92280000e-03  0.00000000e+00 
 7.93280000e-03  6.90367474e-01  7.93280000e-03  7.00000041e-01  7.93280000e-03  0.00000000e+00 
 7.94280000e-03  6.90384540e-01  7.94280000e-03  7.00000041e-01  7.94280000e-03  0.00000000e+00 
 7.95280000e-03  6.90401986e-01  7.95280000e-03  7.00000041e-01  7.95280000e-03  0.00000000e+00 
 7.96280000e-03  6.90419811e-01  7.96280000e-03  7.00000041e-01  7.96280000e-03  0.00000000e+00 
 7.97280000e-03  6.90438014e-01  7.97280000e-03  7.00000041e-01  7.97280000e-03  0.00000000e+00 
 7.98280000e-03  6.90456595e-01  7.98280000e-03  7.00000041e-01  7.98280000e-03  0.00000000e+00 
 7.99280000e-03  6.90475553e-01  7.99280000e-03  7.00000041e-01  7.99280000e-03  0.00000000e+00 
 8.00280000e-03  6.90494886e-01  8.00280000e-03  7.00000041e-01  8.00280000e-03  0.00000000e+00 
 8.01280000e-03  6.90514595e-01  8.01280000e-03  7.00000041e-01  8.01280000e-03  0.00000000e+00 
 8.02280000e-03  6.90534678e-01  8.02280000e-03  7.00000041e-01  8.02280000e-03  0.00000000e+00 
 8.03280000e-03  6.90555135e-01  8.03280000e-03  7.00000041e-01  8.03280000e-03  0.00000000e+00 
 8.04280000e-03  6.90575964e-01  8.04280000e-03  7.00000041e-01  8.04280000e-03  0.00000000e+00 
 8.05280000e-03  6.90597166e-01  8.05280000e-03  7.00000041e-01  8.05280000e-03  0.00000000e+00 
 8.06280000e-03  6.90618739e-01  8.06280000e-03  7.00000041e-01  8.06280000e-03  0.00000000e+00 
 8.07280000e-03  6.90640683e-01  8.07280000e-03  7.00000041e-01  8.07280000e-03  0.00000000e+00 
 8.08280000e-03  6.90662995e-01  8.08280000e-03  7.00000041e-01  8.08280000e-03  0.00000000e+00 
 8.09280000e-03  6.90685677e-01  8.09280000e-03  7.00000041e-01  8.09280000e-03  0.00000000e+00 
 8.10280000e-03  6.90708726e-01  8.10280000e-03  7.00000041e-01  8.10280000e-03  0.00000000e+00 
 8.11280000e-03  6.90732142e-01  8.11280000e-03  7.00000041e-01  8.11280000e-03  0.00000000e+00 
 8.12280000e-03  6.90755924e-01  8.12280000e-03  7.00000041e-01  8.12280000e-03  0.00000000e+00 
 8.13280000e-03  6.90780070e-01  8.13280000e-03  7.00000041e-01  8.13280000e-03  0.00000000e+00 
 8.14280000e-03  6.90804581e-01  8.14280000e-03  7.00000041e-01  8.14280000e-03  0.00000000e+00 
 8.15280000e-03  6.90829455e-01  8.15280000e-03  7.00000041e-01  8.15280000e-03  0.00000000e+00 
 8.16280000e-03  6.90854691e-01  8.16280000e-03  7.00000041e-01  8.16280000e-03  0.00000000e+00 
 8.17280000e-03  6.90880288e-01  8.17280000e-03  7.00000041e-01  8.17280000e-03  0.00000000e+00 
 8.18280000e-03  6.90906244e-01  8.18280000e-03  7.00000041e-01  8.18280000e-03  0.00000000e+00 
 8.19280000e-03  6.90932560e-01  8.19280000e-03  7.00000041e-01  8.19280000e-03  0.00000000e+00 
 8.20280000e-03  6.90959234e-01  8.20280000e-03  7.00000041e-01  8.20280000e-03  0.00000000e+00 
 8.21280000e-03  6.90986265e-01  8.21280000e-03  7.00000041e-01  8.21280000e-03  0.00000000e+00 
 8.22280000e-03  6.91013652e-01  8.22280000e-03  7.00000041e-01  8.22280000e-03  0.00000000e+00 
 8.23280000e-03  6.91041393e-01  8.23280000e-03  7.00000041e-01  8.23280000e-03  0.00000000e+00 
 8.24280000e-03  6.91069488e-01  8.24280000e-03  7.00000041e-01  8.24280000e-03  0.00000000e+00 
 8.25280000e-03  6.91097936e-01  8.25280000e-03  7.00000041e-01  8.25280000e-03  0.00000000e+00 
 8.26280000e-03  6.91126735e-01  8.26280000e-03  7.00000041e-01  8.26280000e-03  0.00000000e+00 
 8.27280000e-03  6.91155884e-01  8.27280000e-03  7.00000041e-01  8.27280000e-03  0.00000000e+00 
 8.28280000e-03  6.91185382e-01  8.28280000e-03  7.00000041e-01  8.28280000e-03  0.00000000e+00 
 8.29280000e-03  6.91215229e-01  8.29280000e-03  7.00000041e-01  8.29280000e-03  0.00000000e+00 
 8.30280000e-03  6.91245422e-01  8.30280000e-03  7.00000041e-01  8.30280000e-03  0.00000000e+00 
 8.31280000e-03  6.91275961e-01  8.31280000e-03  7.00000041e-01  8.31280000e-03  0.00000000e+00 
 8.32280000e-03  6.91306844e-01  8.32280000e-03  7.00000041e-01  8.32280000e-03  0.00000000e+00 
 8.33280000e-03  6.91338071e-01  8.33280000e-03  7.00000041e-01  8.33280000e-03  0.00000000e+00 
 8.34280000e-03  6.91369639e-01  8.34280000e-03  7.00000041e-01  8.34280000e-03  0.00000000e+00 
 8.35280000e-03  6.91401549e-01  8.35280000e-03  7.00000041e-01  8.35280000e-03  0.00000000e+00 
 8.36280000e-03  6.91433797e-01  8.36280000e-03  7.00000041e-01  8.36280000e-03  0.00000000e+00 
 8.37280000e-03  6.91466384e-01  8.37280000e-03  7.00000041e-01  8.37280000e-03  0.00000000e+00 
 8.38280000e-03  6.91499308e-01  8.38280000e-03  7.00000041e-01  8.38280000e-03  0.00000000e+00 
 8.39280000e-03  6.91532567e-01  8.39280000e-03  7.00000041e-01  8.39280000e-03  0.00000000e+00 
 8.40280000e-03  6.91566161e-01  8.40280000e-03  7.00000041e-01  8.40280000e-03  0.00000000e+00 
 8.41280000e-03  6.91600087e-01  8.41280000e-03  7.00000041e-01  8.41280000e-03  0.00000000e+00 
 8.42280000e-03  6.91634345e-01  8.42280000e-03  7.00000041e-01  8.42280000e-03  0.00000000e+00 
 8.43280000e-03  6.91668934e-01  8.43280000e-03  7.00000041e-01  8.43280000e-03  0.00000000e+00 
 8.44280000e-03  6.91703851e-01  8.44280000e-03  7.00000041e-01  8.44280000e-03  0.00000000e+00 
 8.45280000e-03  6.91739096e-01  8.45280000e-03  7.00000041e-01  8.45280000e-03  0.00000000e+00 
 8.46280000e-03  6.91774667e-01  8.46280000e-03  7.00000041e-01  8.46280000e-03  0.00000000e+00 
 8.47280000e-03  6.91810562e-01  8.47280000e-03  7.00000041e-01  8.47280000e-03  0.00000000e+00 
 8.48280000e-03  6.91846781e-01  8.48280000e-03  7.00000041e-01  8.48280000e-03  0.00000000e+00 
 8.49280000e-03  6.91883322e-01  8.49280000e-03  7.00000041e-01  8.49280000e-03  0.00000000e+00 
 8.50280000e-03  6.91920183e-01  8.50280000e-03  7.00000041e-01  8.50280000e-03  0.00000000e+00 
 8.51280000e-03  6.91957364e-01  8.51280000e-03  7.00000041e-01  8.51280000e-03  0.00000000e+00 
 8.52280000e-03  6.91994861e-01  8.52280000e-03  7.00000041e-01  8.52280000e-03  0.00000000e+00 
 8.53280000e-03  6.92032675e-01  8.53280000e-03  7.00000041e-01  8.53280000e-03  0.00000000e+00 
 8.54280000e-03  6.92070804e-01  8.54280000e-03  7.00000041e-01  8.54280000e-03  0.00000000e+00 
 8.55280000e-03  6.92109245e-01  8.55280000e-03  7.00000041e-01  8.55280000e-03  0.00000000e+00 
 8.56280000e-03  6.92147998e-01  8.56280000e-03  7.00000041e-01  8.56280000e-03  0.00000000e+00 
 8.57280000e-03  6.92187061e-01  8.57280000e-03  7.00000041e-01  8.57280000e-03  0.00000000e+00 
 8.58280000e-03  6.92226432e-01  8.58280000e-03  7.00000041e-01  8.58280000e-03  0.00000000e+00 
 8.59280000e-03  6.92266110e-01  8.59280000e-03  7.00000041e-01  8.59280000e-03  0.00000000e+00 
 8.60280000e-03  6.92306094e-01  8.60280000e-03  7.00000041e-01  8.60280000e-03  0.00000000e+00 
 8.61280000e-03  6.92346381e-01  8.61280000e-03  7.00000041e-01  8.61280000e-03  0.00000000e+00 
 8.62280000e-03  6.92386970e-01  8.62280000e-03  7.00000041e-01  8.62280000e-03  0.00000000e+00 
 8.63280000e-03  6.92427860e-01  8.63280000e-03  7.00000041e-01  8.63280000e-03  0.00000000e+00 
 8.64280000e-03  6.92469049e-01  8.64280000e-03  7.00000041e-01  8.64280000e-03  0.00000000e+00 
 8.65280000e-03  6.92510535e-01  8.65280000e-03  7.00000041e-01  8.65280000e-03  0.00000000e+00 
 8.66280000e-03  6.92552317e-01  8.66280000e-03  7.00000041e-01  8.66280000e-03  0.00000000e+00 
 8.67280000e-03  6.92594393e-01  8.67280000e-03  7.00000041e-01  8.67280000e-03  0.00000000e+00 
 8.68280000e-03  6.92636761e-01  8.68280000e-03  7.00000041e-01  8.68280000e-03  0.00000000e+00 
 8.69280000e-03  6.92679420e-01  8.69280000e-03  7.00000041e-01  8.69280000e-03  0.00000000e+00 
 8.70280000e-03  6.92722368e-01  8.70280000e-03  7.00000041e-01  8.70280000e-03  0.00000000e+00 
 8.71280000e-03  6.92765603e-01  8.71280000e-03  7.00000041e-01  8.71280000e-03  0.00000000e+00 
 8.72280000e-03  6.92809124e-01  8.72280000e-03  7.00000041e-01  8.72280000e-03  0.00000000e+00 
 8.73280000e-03  6.92852929e-01  8.73280000e-03  7.00000041e-01  8.73280000e-03  0.00000000e+00 
 8.74280000e-03  6.92897016e-01  8.74280000e-03  7.00000041e-01  8.74280000e-03  0.00000000e+00 
 8.75280000e-03  6.92941383e-01  8.75280000e-03  7.00000041e-01  8.75280000e-03  0.00000000e+00 
 8.76280000e-03  6.92986029e-01  8.76280000e-03  7.00000041e-01  8.76280000e-03  0.00000000e+00 
 8.77280000e-03  6.93030952e-01  8.77280000e-03  7.00000041e-01  8.77280000e-03  0.00000000e+00 
 8.78280000e-03  6.93076150e-01  8.78280000e-03  7.00000041e-01  8.78280000e-03  0.00000000e+00 
 8.79280000e-03  6.93121621e-01  8.79280000e-03  7.00000041e-01  8.79280000e-03  0.00000000e+00 
 8.80280000e-03  6.93167364e-01  8.80280000e-03  7.00000041e-01  8.80280000e-03  0.00000000e+00 
 8.81280000e-03  6.93213377e-01  8.81280000e-03  7.00000041e-01  8.81280000e-03  0.00000000e+00 
 8.82280000e-03  6.93259657e-01  8.82280000e-03  7.00000041e-01  8.82280000e-03  0.00000000e+00 
 8.83280000e-03  6.93306204e-01  8.83280000e-03  7.00000041e-01  8.83280000e-03  0.00000000e+00 
 8.84280000e-03  6.93353015e-01  8.84280000e-03  7.00000041e-01  8.84280000e-03  0.00000000e+00 
 8.85280000e-03  6.93400088e-01  8.85280000e-03  7.00000041e-01  8.85280000e-03  0.00000000e+00 
 8.86280000e-03  6.93447422e-01  8.86280000e-03  7.00000041e-01  8.86280000e-03  0.00000000e+00 
 8.87280000e-03  6.93495015e-01  8.87280000e-03  7.00000041e-01  8.87280000e-03  0.00000000e+00 
 8.88280000e-03  6.93542864e-01  8.88280000e-03  7.00000041e-01  8.88280000e-03  0.00000000e+00 
 8.89280000e-03  6.93590968e-01  8.89280000e-03  7.00000041e-01  8.89280000e-03  0.00000000e+00 
 8.90280000e-03  6.93639326e-01  8.90280000e-03  7.00000041e-01  8.90280000e-03  0.00000000e+00 
 8.91280000e-03  6.93687934e-01  8.91280000e-03  7.00000041e-01  8.91280000e-03  0.00000000e+00 
 8.92280000e-03  6.93736792e-01  8.92280000e-03  7.00000041e-01  8.92280000e-03  0.00000000e+00 
 8.93280000e-03  6.93785896e-01  8.93280000e-03  7.00000041e-01  8.93280000e-03  0.00000000e+00 
 8.94280000e-03  6.93835247e-01  8.94280000e-03  7.00000041e-01  8.94280000e-03  0.00000000e+00 
 8.95280000e-03  6.93884840e-01  8.95280000e-03  7.00000041e-01  8.95280000e-03  0.00000000e+00 
 8.96280000e-03  6.93934675e-01  8.96280000e-03  7.00000041e-01  8.96280000e-03  0.00000000e+00 
 8.97280000e-03  6.93984749e-01  8.97280000e-03  7.00000041e-01  8.97280000e-03  0.00000000e+00 
 8.98280000e-03  6.94035061e-01  8.98280000e-03  7.00000041e-01  8.98280000e-03  0.00000000e+00 
 8.99280000e-03  6.94085609e-01  8.99280000e-03  7.00000041e-01  8.99280000e-03  0.00000000e+00 
 9.00280000e-03  6.94136390e-01  9.00280000e-03  7.00000041e-01  9.00280000e-03  0.00000000e+00 
 9.01280000e-03  6.94187402e-01  9.01280000e-03  7.00000041e-01  9.01280000e-03  0.00000000e+00 
 9.02280000e-03  6.94238644e-01  9.02280000e-03  7.00000041e-01  9.02280000e-03  0.00000000e+00 
 9.03280000e-03  6.94290113e-01  9.03280000e-03  7.00000041e-01  9.03280000e-03  0.00000000e+00 
 9.04280000e-03  6.94341808e-01  9.04280000e-03  7.00000041e-01  9.04280000e-03  0.00000000e+00 
 9.05280000e-03  6.94393726e-01  9.05280000e-03  7.00000041e-01  9.05280000e-03  0.00000000e+00 
 9.06280000e-03  6.94445865e-01  9.06280000e-03  7.00000041e-01  9.06280000e-03  0.00000000e+00 
 9.07280000e-03  6.94498224e-01  9.07280000e-03  7.00000041e-01  9.07280000e-03  0.00000000e+00 
 9.08280000e-03  6.94550800e-01  9.08280000e-03  7.00000041e-01  9.08280000e-03  0.00000000e+00 
 9.09280000e-03  6.94603591e-01  9.09280000e-03  7.00000041e-01  9.09280000e-03  0.00000000e+00 
 9.10280000e-03  6.94656595e-01  9.10280000e-03  7.00000041e-01  9.10280000e-03  0.00000000e+00 
 9.11280000e-03  6.94709809e-01  9.11280000e-03  7.00000041e-01  9.11280000e-03  0.00000000e+00 
 9.12280000e-03  6.94763233e-01  9.12280000e-03  7.00000041e-01  9.12280000e-03  0.00000000e+00 
 9.13280000e-03  6.94816864e-01  9.13280000e-03  7.00000041e-01  9.13280000e-03  0.00000000e+00 
 9.14280000e-03  6.94870699e-01  9.14280000e-03  7.00000041e-01  9.14280000e-03  0.00000000e+00 
 9.15280000e-03  6.94924737e-01  9.15280000e-03  7.00000041e-01  9.15280000e-03  0.00000000e+00 
 9.16280000e-03  6.94978975e-01  9.16280000e-03  7.00000041e-01  9.16280000e-03  0.00000000e+00 
 9.17280000e-03  6.95033411e-01  9.17280000e-03  7.00000041e-01  9.17280000e-03  0.00000000e+00 
 9.18280000e-03  6.95088043e-01  9.18280000e-03  7.00000041e-01  9.18280000e-03  0.00000000e+00 
 9.19280000e-03  6.95142870e-01  9.19280000e-03  7.00000041e-01  9.19280000e-03  0.00000000e+00 
 9.20280000e-03  6.95197887e-01  9.20280000e-03  7.00000041e-01  9.20280000e-03  0.00000000e+00 
 9.21280000e-03  6.95253095e-01  9.21280000e-03  7.00000041e-01  9.21280000e-03  0.00000000e+00 
 9.22280000e-03  6.95308490e-01  9.22280000e-03  7.00000041e-01  9.22280000e-03  0.00000000e+00 
 9.23280000e-03  6.95364070e-01  9.23280000e-03  7.00000041e-01  9.23280000e-03  0.00000000e+00 
 9.24280000e-03  6.95419833e-01  9.24280000e-03  7.00000041e-01  9.24280000e-03  0.00000000e+00 
 9.25280000e-03  6.95475777e-01  9.25280000e-03  7.00000041e-01  9.25280000e-03  0.00000000e+00 
 9.26280000e-03  6.95531900e-01  9.26280000e-03  7.00000041e-01  9.26280000e-03  0.00000000e+00 
 9.27280000e-03  6.95588199e-01  9.27280000e-03  7.00000041e-01  9.27280000e-03  0.00000000e+00 
 9.28280000e-03  6.95644672e-01  9.28280000e-03  7.00000041e-01  9.28280000e-03  0.00000000e+00 
 9.29280000e-03  6.95701317e-01  9.29280000e-03  7.00000041e-01  9.29280000e-03  0.00000000e+00 
 9.30280000e-03  6.95758132e-01  9.30280000e-03  7.00000041e-01  9.30280000e-03  0.00000000e+00 
 9.31280000e-03  6.95815115e-01  9.31280000e-03  7.00000041e-01  9.31280000e-03  0.00000000e+00 
 9.32280000e-03  6.95872262e-01  9.32280000e-03  7.00000041e-01  9.32280000e-03  0.00000000e+00 
 9.33280000e-03  6.95929572e-01  9.33280000e-03  7.00000041e-01  9.33280000e-03  0.00000000e+00 
 9.34280000e-03  6.95987044e-01  9.34280000e-03  7.00000041e-01  9.34280000e-03  0.00000000e+00 
 9.35280000e-03  6.96044673e-01  9.35280000e-03  7.00000041e-01  9.35280000e-03  0.00000000e+00 
 9.36280000e-03  6.96102459e-01  9.36280000e-03  7.00000041e-01  9.36280000e-03  0.00000000e+00 
 9.37280000e-03  6.96160399e-01  9.37280000e-03  7.00000041e-01  9.37280000e-03  0.00000000e+00 
 9.38280000e-03  6.96218490e-01  9.38280000e-03  7.00000041e-01  9.38280000e-03  0.00000000e+00 
 9.39280000e-03  6.96276730e-01  9.39280000e-03  7.00000041e-01  9.39280000e-03  0.00000000e+00 
 9.40280000e-03  6.96335118e-01  9.40280000e-03  7.00000041e-01  9.40280000e-03  0.00000000e+00 
 9.41280000e-03  6.96393650e-01  9.41280000e-03  7.00000041e-01  9.41280000e-03  0.00000000e+00 
 9.42280000e-03  6.96452324e-01  9.42280000e-03  7.00000041e-01  9.42280000e-03  0.00000000e+00 
 9.43280000e-03  6.96511139e-01  9.43280000e-03  7.00000041e-01  9.43280000e-03  0.00000000e+00 
 9.44280000e-03  6.96570091e-01  9.44280000e-03  7.00000041e-01  9.44280000e-03  0.00000000e+00 
 9.45280000e-03  6.96629179e-01  9.45280000e-03  7.00000041e-01  9.45280000e-03  0.00000000e+00 
 9.46280000e-03  6.96688400e-01  9.46280000e-03  7.00000041e-01  9.46280000e-03  0.00000000e+00 
 9.47280000e-03  6.96747751e-01  9.47280000e-03  7.00000041e-01  9.47280000e-03  0.00000000e+00 
 9.48280000e-03  6.96807231e-01  9.48280000e-03  7.00000041e-01  9.48280000e-03  0.00000000e+00 
 9.49280000e-03  6.96866837e-01  9.49280000e-03  7.00000041e-01  9.49280000e-03  0.00000000e+00 
 9.50280000e-03  6.96926567e-01  9.50280000e-03  7.00000041e-01  9.50280000e-03  0.00000000e+00 
 9.51280000e-03  6.96986418e-01  9.51280000e-03  7.00000041e-01  9.51280000e-03  0.00000000e+00 
 9.52280000e-03  6.97046388e-01  9.52280000e-03  7.00000041e-01  9.52280000e-03  0.00000000e+00 
 9.53280000e-03  6.97106474e-01  9.53280000e-03  7.00000041e-01  9.53280000e-03  0.00000000e+00 
 9.54280000e-03  6.97166675e-01  9.54280000e-03  7.00000041e-01  9.54280000e-03  0.00000000e+00 
 9.55280000e-03  6.97226988e-01  9.55280000e-03  7.00000041e-01  9.55280000e-03  0.00000000e+00 
 9.56280000e-03  6.97287410e-01  9.56280000e-03  7.00000041e-01  9.56280000e-03  0.00000000e+00 
 9.57280000e-03  6.97347939e-01  9.57280000e-03  7.00000041e-01  9.57280000e-03  0.00000000e+00 
 9.58280000e-03  6.97408573e-01  9.58280000e-03  7.00000041e-01  9.58280000e-03  0.00000000e+00 
 9.59280000e-03  6.97469309e-01  9.59280000e-03  7.00000041e-01  9.59280000e-03  0.00000000e+00 
 9.60280000e-03  6.97530145e-01  9.60280000e-03  7.00000041e-01  9.60280000e-03  0.00000000e+00 
 9.61280000e-03  6.97591079e-01  9.61280000e-03  7.00000041e-01  9.61280000e-03  0.00000000e+00 
 9.62280000e-03  6.97652108e-01  9.62280000e-03  7.00000041e-01  9.62280000e-03  0.00000000e+00 
 9.63280000e-03  6.97713229e-01  9.63280000e-03  7.00000041e-01  9.63280000e-03  0.00000000e+00 
 9.64280000e-03  6.97774441e-01  9.64280000e-03  7.00000041e-01  9.64280000e-03  0.00000000e+00 
 9.65280000e-03  6.97835740e-01  9.65280000e-03  7.00000041e-01  9.65280000e-03  0.00000000e+00 
 9.66280000e-03  6.97897125e-01  9.66280000e-03  7.00000041e-01  9.66280000e-03  0.00000000e+00 
 9.67280000e-03  6.97958593e-01  9.67280000e-03  7.00000041e-01  9.67280000e-03  0.00000000e+00 
 9.68280000e-03  6.98020142e-01  9.68280000e-03  7.00000041e-01  9.68280000e-03  0.00000000e+00 
 9.69280000e-03  6.98081769e-01  9.69280000e-03  7.00000041e-01  9.69280000e-03  0.00000000e+00 
 9.70280000e-03  6.98143471e-01  9.70280000e-03  7.00000041e-01  9.70280000e-03  0.00000000e+00 
 9.71280000e-03  6.98205247e-01  9.71280000e-03  7.00000041e-01  9.71280000e-03  0.00000000e+00 
 9.72280000e-03  6.98267093e-01  9.72280000e-03  7.00000041e-01  9.72280000e-03  0.00000000e+00 
 9.73280000e-03  6.98329009e-01  9.73280000e-03  7.00000041e-01  9.73280000e-03  0.00000000e+00 
 9.74280000e-03  6.98390990e-01  9.74280000e-03  7.00000041e-01  9.74280000e-03  0.00000000e+00 
 9.75280000e-03  6.98453034e-01  9.75280000e-03  7.00000041e-01  9.75280000e-03  0.00000000e+00 
 9.76280000e-03  6.98515140e-01  9.76280000e-03  7.00000041e-01  9.76280000e-03  0.00000000e+00 
 9.77280000e-03  6.98577304e-01  9.77280000e-03  7.00000041e-01  9.77280000e-03  0.00000000e+00 
 9.78280000e-03  6.98639524e-01  9.78280000e-03  7.00000041e-01  9.78280000e-03  0.00000000e+00 
 9.79280000e-03  6.98701798e-01  9.79280000e-03  7.00000041e-01  9.79280000e-03  0.00000000e+00 
 9.80280000e-03  6.98764124e-01  9.80280000e-03  7.00000041e-01  9.80280000e-03  0.00000000e+00 
 9.81280000e-03  6.98826498e-01  9.81280000e-03  7.00000041e-01  9.81280000e-03  0.00000000e+00 
 9.82280000e-03  6.98888918e-01  9.82280000e-03  7.00000041e-01  9.82280000e-03  0.00000000e+00 
 9.83280000e-03  6.98951383e-01  9.83280000e-03  7.00000041e-01  9.83280000e-03  0.00000000e+00 
 9.84280000e-03  6.99013888e-01  9.84280000e-03  7.00000041e-01  9.84280000e-03  0.00000000e+00 
 9.85280000e-03  6.99076433e-01  9.85280000e-03  7.00000041e-01  9.85280000e-03  0.00000000e+00 
 9.86280000e-03  6.99139014e-01  9.86280000e-03  7.00000041e-01  9.86280000e-03  0.00000000e+00 
 9.87280000e-03  6.99201629e-01  9.87280000e-03  7.00000041e-01  9.87280000e-03  0.00000000e+00 
 9.88280000e-03  6.99264276e-01  9.88280000e-03  7.00000041e-01  9.88280000e-03  0.00000000e+00 
 9.89280000e-03  6.99326952e-01  9.89280000e-03  7.00000041e-01  9.89280000e-03  0.00000000e+00 
 9.90280000e-03  6.99389654e-01  9.90280000e-03  7.00000041e-01  9.90280000e-03  0.00000000e+00 
 9.91280000e-03  6.99452380e-01  9.91280000e-03  7.00000041e-01  9.91280000e-03  0.00000000e+00 
 9.92280000e-03  6.99515128e-01  9.92280000e-03  7.00000041e-01  9.92280000e-03  0.00000000e+00 
 9.93280000e-03  6.99577895e-01  9.93280000e-03  7.00000041e-01  9.93280000e-03  0.00000000e+00 
 9.94280000e-03  6.99640679e-01  9.94280000e-03  7.00000041e-01  9.94280000e-03  0.00000000e+00 
 9.95280000e-03  6.99703477e-01  9.95280000e-03  7.00000041e-01  9.95280000e-03  0.00000000e+00 
 9.96280000e-03  6.99766287e-01  9.96280000e-03  7.00000041e-01  9.96280000e-03  0.00000000e+00 
 9.97280000e-03  6.99829106e-01  9.97280000e-03  7.00000041e-01  9.97280000e-03  0.00000000e+00 
 9.98280000e-03  6.99891931e-01  9.98280000e-03  7.00000041e-01  9.98280000e-03  0.00000000e+00 
 9.99280000e-03  6.99954761e-01  9.99280000e-03  7.00000041e-01  9.99280000e-03  0.00000000e+00 
 1.00028000e-02  7.00017593e-01  1.00028000e-02  7.00000041e-01  1.00028000e-02  0.00000000e+00 
 1.00128000e-02  7.00080424e-01  1.00128000e-02  7.00000041e-01  1.00128000e-02  0.00000000e+00 
 1.00228000e-02  7.00143252e-01  1.00228000e-02  7.00000041e-01  1.00228000e-02  0.00000000e+00 
 1.00328000e-02  7.00206074e-01  1.00328000e-02  7.00000041e-01  1.00328000e-02  0.00000000e+00 
 1.00428000e-02  7.00268888e-01  1.00428000e-02  7.00000041e-01  1.00428000e-02  0.00000000e+00 
 1.00528000e-02  7.00331691e-01  1.00528000e-02  7.00000041e-01  1.00528000e-02  0.00000000e+00 
 1.00628000e-02  7.00394482e-01  1.00628000e-02  7.00000041e-01  1.00628000e-02  0.00000000e+00 
 1.00728000e-02  7.00457256e-01  1.00728000e-02  7.00000041e-01  1.00728000e-02  0.00000000e+00 
 1.00828000e-02  7.00520013e-01  1.00828000e-02  7.00000041e-01  1.00828000e-02  0.00000000e+00 
 1.00928000e-02  7.00582749e-01  1.00928000e-02  7.00000041e-01  1.00928000e-02  0.00000000e+00 
 1.01028000e-02  7.00645462e-01  1.01028000e-02  7.00000041e-01  1.01028000e-02  0.00000000e+00 
 1.01128000e-02  7.00708150e-01  1.01128000e-02  7.00000041e-01  1.01128000e-02  0.00000000e+00 
 1.01228000e-02  7.00770810e-01  1.01228000e-02  7.00000041e-01  1.01228000e-02  0.00000000e+00 
 1.01328000e-02  7.00833439e-01  1.01328000e-02  7.00000041e-01  1.01328000e-02  0.00000000e+00 
 1.01428000e-02  7.00896035e-01  1.01428000e-02  7.00000041e-01  1.01428000e-02  0.00000000e+00 
 1.01528000e-02  7.00958597e-01  1.01528000e-02  7.00000041e-01  1.01528000e-02  0.00000000e+00 
 1.01628000e-02  7.01021120e-01  1.01628000e-02  7.00000041e-01  1.01628000e-02  0.00000000e+00 
 1.01728000e-02  7.01083603e-01  1.01728000e-02  7.00000041e-01  1.01728000e-02  0.00000000e+00 
 1.01828000e-02  7.01146043e-01  1.01828000e-02  7.00000041e-01  1.01828000e-02  0.00000000e+00 
 1.01928000e-02  7.01208437e-01  1.01928000e-02  7.00000041e-01  1.01928000e-02  0.00000000e+00 
 1.02028000e-02  7.01270785e-01  1.02028000e-02  7.00000041e-01  1.02028000e-02  0.00000000e+00 
 1.02128000e-02  7.01333082e-01  1.02128000e-02  7.00000041e-01  1.02128000e-02  0.00000000e+00 
 1.02228000e-02  7.01395326e-01  1.02228000e-02  7.00000041e-01  1.02228000e-02  0.00000000e+00 
 1.02328000e-02  7.01457515e-01  1.02328000e-02  7.00000041e-01  1.02328000e-02  0.00000000e+00 
 1.02428000e-02  7.01519647e-01  1.02428000e-02  7.00000041e-01  1.02428000e-02  0.00000000e+00 
 1.02528000e-02  7.01581719e-01  1.02528000e-02  7.00000041e-01  1.02528000e-02  0.00000000e+00 
 1.02628000e-02  7.01643728e-01  1.02628000e-02  7.00000041e-01  1.02628000e-02  0.00000000e+00 
 1.02728000e-02  7.01705672e-01  1.02728000e-02  7.00000041e-01  1.02728000e-02  0.00000000e+00 
 1.02828000e-02  7.01767549e-01  1.02828000e-02  7.00000041e-01  1.02828000e-02  0.00000000e+00 
 1.02928000e-02  7.01829356e-01  1.02928000e-02  7.00000041e-01  1.02928000e-02  0.00000000e+00 
 1.03028000e-02  7.01891092e-01  1.03028000e-02  7.00000041e-01  1.03028000e-02  0.00000000e+00 
 1.03128000e-02  7.01952752e-01  1.03128000e-02  7.00000041e-01  1.03128000e-02  0.00000000e+00 
 1.03228000e-02  7.02014335e-01  1.03228000e-02  7.00000041e-01  1.03228000e-02  0.00000000e+00 
 1.03328000e-02  7.02075839e-01  1.03328000e-02  7.00000041e-01  1.03328000e-02  0.00000000e+00 
 1.03428000e-02  7.02137261e-01  1.03428000e-02  7.00000041e-01  1.03428000e-02  0.00000000e+00 
 1.03528000e-02  7.02198598e-01  1.03528000e-02  7.00000041e-01  1.03528000e-02  0.00000000e+00 
 1.03628000e-02  7.02259849e-01  1.03628000e-02  7.00000041e-01  1.03628000e-02  0.00000000e+00 
 1.03728000e-02  7.02321010e-01  1.03728000e-02  7.00000041e-01  1.03728000e-02  0.00000000e+00 
 1.03828000e-02  7.02382080e-01  1.03828000e-02  7.00000041e-01  1.03828000e-02  0.00000000e+00 
 1.03928000e-02  7.02443056e-01  1.03928000e-02  7.00000041e-01  1.03928000e-02  0.00000000e+00 
 1.04028000e-02  7.02503935e-01  1.04028000e-02  7.00000041e-01  1.04028000e-02  0.00000000e+00 
 1.04128000e-02  7.02564716e-01  1.04128000e-02  7.00000041e-01  1.04128000e-02  0.00000000e+00 
 1.04228000e-02  7.02625395e-01  1.04228000e-02  7.00000041e-01  1.04228000e-02  0.00000000e+00 
 1.04328000e-02  7.02685970e-01  1.04328000e-02  7.00000041e-01  1.04328000e-02  0.00000000e+00 
 1.04428000e-02  7.02746440e-01  1.04428000e-02  7.00000041e-01  1.04428000e-02  0.00000000e+00 
 1.04528000e-02  7.02806801e-01  1.04528000e-02  7.00000041e-01  1.04528000e-02  0.00000000e+00 
 1.04628000e-02  7.02867051e-01  1.04628000e-02  7.00000041e-01  1.04628000e-02  0.00000000e+00 
 1.04728000e-02  7.02927189e-01  1.04728000e-02  7.00000041e-01  1.04728000e-02  0.00000000e+00 
 1.04828000e-02  7.02987210e-01  1.04828000e-02  7.00000041e-01  1.04828000e-02  0.00000000e+00 
 1.04928000e-02  7.03047114e-01  1.04928000e-02  7.00000041e-01  1.04928000e-02  0.00000000e+00 
 1.05028000e-02  7.03106897e-01  1.05028000e-02  7.00000041e-01  1.05028000e-02  0.00000000e+00 
 1.05128000e-02  7.03166558e-01  1.05128000e-02  7.00000041e-01  1.05128000e-02  0.00000000e+00 
 1.05228000e-02  7.03226093e-01  1.05228000e-02  7.00000041e-01  1.05228000e-02  0.00000000e+00 
 1.05328000e-02  7.03285502e-01  1.05328000e-02  7.00000041e-01  1.05328000e-02  0.00000000e+00 
 1.05428000e-02  7.03344780e-01  1.05428000e-02  7.00000041e-01  1.05428000e-02  0.00000000e+00 
 1.05528000e-02  7.03403927e-01  1.05528000e-02  7.00000041e-01  1.05528000e-02  0.00000000e+00 
 1.05628000e-02  7.03462939e-01  1.05628000e-02  7.00000041e-01  1.05628000e-02  0.00000000e+00 
 1.05728000e-02  7.03521814e-01  1.05728000e-02  7.00000041e-01  1.05728000e-02  0.00000000e+00 
 1.05828000e-02  7.03580551e-01  1.05828000e-02  7.00000041e-01  1.05828000e-02  0.00000000e+00 
 1.05928000e-02  7.03639146e-01  1.05928000e-02  7.00000041e-01  1.05928000e-02  0.00000000e+00 
 1.06028000e-02  7.03697597e-01  1.06028000e-02  7.00000041e-01  1.06028000e-02  0.00000000e+00 
 1.06128000e-02  7.03755903e-01  1.06128000e-02  7.00000041e-01  1.06128000e-02  0.00000000e+00 
 1.06228000e-02  7.03814060e-01  1.06228000e-02  7.00000041e-01  1.06228000e-02  0.00000000e+00 
 1.06328000e-02  7.03872066e-01  1.06328000e-02  7.00000041e-01  1.06328000e-02  0.00000000e+00 
 1.06428000e-02  7.03929920e-01  1.06428000e-02  7.00000041e-01  1.06428000e-02  0.00000000e+00 
 1.06528000e-02  7.03987619e-01  1.06528000e-02  7.00000041e-01  1.06528000e-02  0.00000000e+00 
 1.06628000e-02  7.04045160e-01  1.06628000e-02  7.00000041e-01  1.06628000e-02  0.00000000e+00 
 1.06728000e-02  7.04102541e-01  1.06728000e-02  7.00000041e-01  1.06728000e-02  0.00000000e+00 
 1.06828000e-02  7.04159761e-01  1.06828000e-02  7.00000041e-01  1.06828000e-02  0.00000000e+00 
 1.06928000e-02  7.04216816e-01  1.06928000e-02  7.00000041e-01  1.06928000e-02  0.00000000e+00 
 1.07028000e-02  7.04273705e-01  1.07028000e-02  7.00000041e-01  1.07028000e-02  0.00000000e+00 
 1.07128000e-02  7.04330425e-01  1.07128000e-02  7.00000041e-01  1.07128000e-02  0.00000000e+00 
 1.07228000e-02  7.04386974e-01  1.07228000e-02  7.00000041e-01  1.07228000e-02  0.00000000e+00 
 1.07328000e-02  7.04443350e-01  1.07328000e-02  7.00000041e-01  1.07328000e-02  0.00000000e+00 
 1.07428000e-02  7.04499550e-01  1.07428000e-02  7.00000041e-01  1.07428000e-02  0.00000000e+00 
 1.07528000e-02  7.04555573e-01  1.07528000e-02  7.00000041e-01  1.07528000e-02  0.00000000e+00 
 1.07628000e-02  7.04611416e-01  1.07628000e-02  7.00000041e-01  1.07628000e-02  0.00000000e+00 
 1.07728000e-02  7.04667077e-01  1.07728000e-02  7.00000041e-01  1.07728000e-02  0.00000000e+00 
 1.07828000e-02  7.04722554e-01  1.07828000e-02  7.00000041e-01  1.07828000e-02  0.00000000e+00 
 1.07928000e-02  7.04777844e-01  1.07928000e-02  7.00000041e-01  1.07928000e-02  0.00000000e+00 
 1.08028000e-02  7.04832946e-01  1.08028000e-02  7.00000041e-01  1.08028000e-02  0.00000000e+00 
 1.08128000e-02  7.04887857e-01  1.08128000e-02  7.00000041e-01  1.08128000e-02  0.00000000e+00 
 1.08228000e-02  7.04942575e-01  1.08228000e-02  7.00000041e-01  1.08228000e-02  0.00000000e+00 
 1.08328000e-02  7.04997098e-01  1.08328000e-02  7.00000041e-01  1.08328000e-02  0.00000000e+00 
 1.08428000e-02  7.05051423e-01  1.08428000e-02  7.00000041e-01  1.08428000e-02  0.00000000e+00 
 1.08528000e-02  7.05105549e-01  1.08528000e-02  7.00000041e-01  1.08528000e-02  0.00000000e+00 
 1.08628000e-02  7.05159474e-01  1.08628000e-02  7.00000041e-01  1.08628000e-02  0.00000000e+00 
 1.08728000e-02  7.05213195e-01  1.08728000e-02  7.00000041e-01  1.08728000e-02  0.00000000e+00 
 1.08828000e-02  7.05266710e-01  1.08828000e-02  7.00000041e-01  1.08828000e-02  0.00000000e+00 
 1.08928000e-02  7.05320017e-01  1.08928000e-02  7.00000041e-01  1.08928000e-02  0.00000000e+00 
 1.09028000e-02  7.05373114e-01  1.09028000e-02  7.00000041e-01  1.09028000e-02  0.00000000e+00 
 1.09128000e-02  7.05425999e-01  1.09128000e-02  7.00000041e-01  1.09128000e-02  0.00000000e+00 
 1.09228000e-02  7.05478670e-01  1.09228000e-02  7.00000041e-01  1.09228000e-02  0.00000000e+00 
 1.09328000e-02  7.05531124e-01  1.09328000e-02  7.00000041e-01  1.09328000e-02  0.00000000e+00 
 1.09428000e-02  7.05583360e-01  1.09428000e-02  7.00000041e-01  1.09428000e-02  0.00000000e+00 
 1.09528000e-02  7.05635376e-01  1.09528000e-02  7.00000041e-01  1.09528000e-02  0.00000000e+00 
 1.09628000e-02  7.05687169e-01  1.09628000e-02  7.00000041e-01  1.09628000e-02  0.00000000e+00 
 1.09728000e-02  7.05738738e-01  1.09728000e-02  7.00000041e-01  1.09728000e-02  0.00000000e+00 
 1.09828000e-02  7.05790080e-01  1.09828000e-02  7.00000041e-01  1.09828000e-02  0.00000000e+00 
 1.09928000e-02  7.05841193e-01  1.09928000e-02  7.00000041e-01  1.09928000e-02  0.00000000e+00 
 1.10028000e-02  7.05892076e-01  1.10028000e-02  7.00000041e-01  1.10028000e-02  0.00000000e+00 
 1.10128000e-02  7.05942727e-01  1.10128000e-02  7.00000041e-01  1.10128000e-02  0.00000000e+00 
 1.10228000e-02  7.05993142e-01  1.10228000e-02  7.00000041e-01  1.10228000e-02  0.00000000e+00 
 1.10328000e-02  7.06043322e-01  1.10328000e-02  7.00000041e-01  1.10328000e-02  0.00000000e+00 
 1.10428000e-02  7.06093262e-01  1.10428000e-02  7.00000041e-01  1.10428000e-02  0.00000000e+00 
 1.10528000e-02  7.06142962e-01  1.10528000e-02  7.00000041e-01  1.10528000e-02  0.00000000e+00 
 1.10628000e-02  7.06192420e-01  1.10628000e-02  7.00000041e-01  1.10628000e-02  0.00000000e+00 
 1.10728000e-02  7.06241633e-01  1.10728000e-02  7.00000041e-01  1.10728000e-02  0.00000000e+00 
 1.10828000e-02  7.06290599e-01  1.10828000e-02  7.00000041e-01  1.10828000e-02  0.00000000e+00 
 1.10928000e-02  7.06339318e-01  1.10928000e-02  7.00000041e-01  1.10928000e-02  0.00000000e+00 
 1.11028000e-02  7.06387786e-01  1.11028000e-02  7.00000041e-01  1.11028000e-02  0.00000000e+00 
 1.11128000e-02  7.06436001e-01  1.11128000e-02  7.00000041e-01  1.11128000e-02  0.00000000e+00 
 1.11228000e-02  7.06483963e-01  1.11228000e-02  7.00000041e-01  1.11228000e-02  0.00000000e+00 
 1.11328000e-02  7.06531669e-01  1.11328000e-02  7.00000041e-01  1.11328000e-02  0.00000000e+00 
 1.11428000e-02  7.06579117e-01  1.11428000e-02  7.00000041e-01  1.11428000e-02  0.00000000e+00 
 1.11528000e-02  7.06626305e-01  1.11528000e-02  7.00000041e-01  1.11528000e-02  0.00000000e+00 
 1.11628000e-02  7.06673232e-01  1.11628000e-02  7.00000041e-01  1.11628000e-02  0.00000000e+00 
 1.11728000e-02  7.06719895e-01  1.11728000e-02  7.00000041e-01  1.11728000e-02  0.00000000e+00 
 1.11828000e-02  7.06766293e-01  1.11828000e-02  7.00000041e-01  1.11828000e-02  0.00000000e+00 
 1.11928000e-02  7.06812423e-01  1.11928000e-02  7.00000041e-01  1.11928000e-02  0.00000000e+00 
 1.12028000e-02  7.06858285e-01  1.12028000e-02  7.00000041e-01  1.12028000e-02  0.00000000e+00 
 1.12128000e-02  7.06903876e-01  1.12128000e-02  7.00000041e-01  1.12128000e-02  0.00000000e+00 
 1.12228000e-02  7.06949195e-01  1.12228000e-02  7.00000041e-01  1.12228000e-02  0.00000000e+00 
 1.12328000e-02  7.06994239e-01  1.12328000e-02  7.00000041e-01  1.12328000e-02  0.00000000e+00 
 1.12428000e-02  7.07039007e-01  1.12428000e-02  7.00000041e-01  1.12428000e-02  0.00000000e+00 
 1.12528000e-02  7.07083497e-01  1.12528000e-02  7.00000041e-01  1.12528000e-02  0.00000000e+00 
 1.12628000e-02  7.07127707e-01  1.12628000e-02  7.00000041e-01  1.12628000e-02  0.00000000e+00 
 1.12728000e-02  7.07171637e-01  1.12728000e-02  7.00000041e-01  1.12728000e-02  0.00000000e+00 
 1.12828000e-02  7.07215282e-01  1.12828000e-02  7.00000041e-01  1.12828000e-02  0.00000000e+00 
 1.12928000e-02  7.07258644e-01  1.12928000e-02  7.00000041e-01  1.12928000e-02  0.00000000e+00 
 1.13028000e-02  7.07301718e-01  1.13028000e-02  7.00000041e-01  1.13028000e-02  0.00000000e+00 
 1.13128000e-02  7.07344504e-01  1.13128000e-02  7.00000041e-01  1.13128000e-02  0.00000000e+00 
 1.13228000e-02  7.07387001e-01  1.13228000e-02  7.00000041e-01  1.13228000e-02  0.00000000e+00 
 1.13328000e-02  7.07429206e-01  1.13328000e-02  7.00000041e-01  1.13328000e-02  0.00000000e+00 
 1.13428000e-02  7.07471117e-01  1.13428000e-02  7.00000041e-01  1.13428000e-02  0.00000000e+00 
 1.13528000e-02  7.07512733e-01  1.13528000e-02  7.00000041e-01  1.13528000e-02  0.00000000e+00 
 1.13628000e-02  7.07554053e-01  1.13628000e-02  7.00000041e-01  1.13628000e-02  0.00000000e+00 
 1.13728000e-02  7.07595075e-01  1.13728000e-02  7.00000041e-01  1.13728000e-02  0.00000000e+00 
 1.13828000e-02  7.07635797e-01  1.13828000e-02  7.00000041e-01  1.13828000e-02  0.00000000e+00 
 1.13928000e-02  7.07676217e-01  1.13928000e-02  7.00000041e-01  1.13928000e-02  0.00000000e+00 
 1.14028000e-02  7.07716335e-01  1.14028000e-02  7.00000041e-01  1.14028000e-02  0.00000000e+00 
 1.14128000e-02  7.07756147e-01  1.14128000e-02  7.00000041e-01  1.14128000e-02  0.00000000e+00 
 1.14228000e-02  7.07795654e-01  1.14228000e-02  7.00000041e-01  1.14228000e-02  0.00000000e+00 
 1.14328000e-02  7.07834853e-01  1.14328000e-02  7.00000041e-01  1.14328000e-02  0.00000000e+00 
 1.14428000e-02  7.07873742e-01  1.14428000e-02  7.00000041e-01  1.14428000e-02  0.00000000e+00 
 1.14528000e-02  7.07912321e-01  1.14528000e-02  7.00000041e-01  1.14528000e-02  0.00000000e+00 
 1.14628000e-02  7.07950587e-01  1.14628000e-02  7.00000041e-01  1.14628000e-02  0.00000000e+00 
 1.14728000e-02  7.07988539e-01  1.14728000e-02  7.00000041e-01  1.14728000e-02  0.00000000e+00 
 1.14828000e-02  7.08026176e-01  1.14828000e-02  7.00000041e-01  1.14828000e-02  0.00000000e+00 
 1.14928000e-02  7.08063496e-01  1.14928000e-02  7.00000041e-01  1.14928000e-02  0.00000000e+00 
 1.15028000e-02  7.08100498e-01  1.15028000e-02  7.00000041e-01  1.15028000e-02  0.00000000e+00 
 1.15128000e-02  7.08137180e-01  1.15128000e-02  7.00000041e-01  1.15128000e-02  0.00000000e+00 
 1.15228000e-02  7.08173541e-01  1.15228000e-02  7.00000041e-01  1.15228000e-02  0.00000000e+00 
 1.15328000e-02  7.08209579e-01  1.15328000e-02  7.00000041e-01  1.15328000e-02  0.00000000e+00 
 1.15428000e-02  7.08245293e-01  1.15428000e-02  7.00000041e-01  1.15428000e-02  0.00000000e+00 
 1.15528000e-02  7.08280682e-01  1.15528000e-02  7.00000041e-01  1.15528000e-02  0.00000000e+00 
 1.15628000e-02  7.08315743e-01  1.15628000e-02  7.00000041e-01  1.15628000e-02  0.00000000e+00 
 1.15728000e-02  7.08350476e-01  1.15728000e-02  7.00000041e-01  1.15728000e-02  0.00000000e+00 
 1.15828000e-02  7.08384880e-01  1.15828000e-02  7.00000041e-01  1.15828000e-02  0.00000000e+00 
 1.15928000e-02  7.08418953e-01  1.15928000e-02  7.00000041e-01  1.15928000e-02  0.00000000e+00 
 1.16028000e-02  7.08452693e-01  1.16028000e-02  7.00000041e-01  1.16028000e-02  0.00000000e+00 
 1.16128000e-02  7.08486099e-01  1.16128000e-02  7.00000041e-01  1.16128000e-02  0.00000000e+00 
 1.16228000e-02  7.08519171e-01  1.16228000e-02  7.00000041e-01  1.16228000e-02  0.00000000e+00 
 1.16328000e-02  7.08551906e-01  1.16328000e-02  7.00000041e-01  1.16328000e-02  0.00000000e+00 
 1.16428000e-02  7.08584304e-01  1.16428000e-02  7.00000041e-01  1.16428000e-02  0.00000000e+00 
 1.16528000e-02  7.08616362e-01  1.16528000e-02  7.00000041e-01  1.16528000e-02  0.00000000e+00 
 1.16628000e-02  7.08648081e-01  1.16628000e-02  7.00000041e-01  1.16628000e-02  0.00000000e+00 
 1.16728000e-02  7.08679458e-01  1.16728000e-02  7.00000041e-01  1.16728000e-02  0.00000000e+00 
 1.16828000e-02  7.08710493e-01  1.16828000e-02  7.00000041e-01  1.16828000e-02  0.00000000e+00 
 1.16928000e-02  7.08741183e-01  1.16928000e-02  7.00000041e-01  1.16928000e-02  0.00000000e+00 
 1.17028000e-02  7.08771529e-01  1.17028000e-02  7.00000041e-01  1.17028000e-02  0.00000000e+00 
 1.17128000e-02  7.08801528e-01  1.17128000e-02  7.00000041e-01  1.17128000e-02  0.00000000e+00 
 1.17228000e-02  7.08831180e-01  1.17228000e-02  7.00000041e-01  1.17228000e-02  0.00000000e+00 
 1.17328000e-02  7.08860483e-01  1.17328000e-02  7.00000041e-01  1.17328000e-02  0.00000000e+00 
 1.17428000e-02  7.08889436e-01  1.17428000e-02  7.00000041e-01  1.17428000e-02  0.00000000e+00 
 1.17528000e-02  7.08918038e-01  1.17528000e-02  7.00000041e-01  1.17528000e-02  0.00000000e+00 
 1.17628000e-02  7.08946289e-01  1.17628000e-02  7.00000041e-01  1.17628000e-02  0.00000000e+00 
 1.17728000e-02  7.08974186e-01  1.17728000e-02  7.00000041e-01  1.17728000e-02  0.00000000e+00 
 1.17828000e-02  7.09001729e-01  1.17828000e-02  7.00000041e-01  1.17828000e-02  0.00000000e+00 
 1.17928000e-02  7.09028916e-01  1.17928000e-02  7.00000041e-01  1.17928000e-02  0.00000000e+00 
 1.18028000e-02  7.09055747e-01  1.18028000e-02  7.00000041e-01  1.18028000e-02  0.00000000e+00 
 1.18128000e-02  7.09082221e-01  1.18128000e-02  7.00000041e-01  1.18128000e-02  0.00000000e+00 
 1.18228000e-02  7.09108336e-01  1.18228000e-02  7.00000041e-01  1.18228000e-02  0.00000000e+00 
 1.18328000e-02  7.09134091e-01  1.18328000e-02  7.00000041e-01  1.18328000e-02  0.00000000e+00 
 1.18428000e-02  7.09159486e-01  1.18428000e-02  7.00000041e-01  1.18428000e-02  0.00000000e+00 
 1.18528000e-02  7.09184519e-01  1.18528000e-02  7.00000041e-01  1.18528000e-02  0.00000000e+00 
 1.18628000e-02  7.09209190e-01  1.18628000e-02  7.00000041e-01  1.18628000e-02  0.00000000e+00 
 1.18728000e-02  7.09233497e-01  1.18728000e-02  7.00000041e-01  1.18728000e-02  0.00000000e+00 
 1.18828000e-02  7.09257439e-01  1.18828000e-02  7.00000041e-01  1.18828000e-02  0.00000000e+00 
 1.18928000e-02  7.09281016e-01  1.18928000e-02  7.00000041e-01  1.18928000e-02  0.00000000e+00 
 1.19028000e-02  7.09304227e-01  1.19028000e-02  7.00000041e-01  1.19028000e-02  0.00000000e+00 
 1.19128000e-02  7.09327070e-01  1.19128000e-02  7.00000041e-01  1.19128000e-02  0.00000000e+00 
 1.19228000e-02  7.09349545e-01  1.19228000e-02  7.00000041e-01  1.19228000e-02  0.00000000e+00 
 1.19328000e-02  7.09371651e-01  1.19328000e-02  7.00000041e-01  1.19328000e-02  0.00000000e+00 
 1.19428000e-02  7.09393387e-01  1.19428000e-02  7.00000041e-01  1.19428000e-02  0.00000000e+00 
 1.19528000e-02  7.09414753e-01  1.19528000e-02  7.00000041e-01  1.19528000e-02  0.00000000e+00 
 1.19628000e-02  7.09435746e-01  1.19628000e-02  7.00000041e-01  1.19628000e-02  0.00000000e+00 
 1.19728000e-02  7.09456367e-01  1.19728000e-02  7.00000041e-01  1.19728000e-02  0.00000000e+00 
 1.19828000e-02  7.09476615e-01  1.19828000e-02  7.00000041e-01  1.19828000e-02  0.00000000e+00 
 1.19928000e-02  7.09496488e-01  1.19928000e-02  7.00000041e-01  1.19928000e-02  0.00000000e+00 
 1.20028000e-02  7.09515987e-01  1.20028000e-02  7.00000041e-01  1.20028000e-02  0.00000000e+00 
 1.20128000e-02  7.09535110e-01  1.20128000e-02  7.00000041e-01  1.20128000e-02  0.00000000e+00 
 1.20228000e-02  7.09553856e-01  1.20228000e-02  7.00000041e-01  1.20228000e-02  0.00000000e+00 
 1.20328000e-02  7.09572226e-01  1.20328000e-02  7.00000041e-01  1.20328000e-02  0.00000000e+00 
 1.20428000e-02  7.09590217e-01  1.20428000e-02  7.00000041e-01  1.20428000e-02  0.00000000e+00 
 1.20528000e-02  7.09607830e-01  1.20528000e-02  7.00000041e-01  1.20528000e-02  0.00000000e+00 
 1.20628000e-02  7.09625064e-01  1.20628000e-02  7.00000041e-01  1.20628000e-02  0.00000000e+00 
 1.20728000e-02  7.09641917e-01  1.20728000e-02  7.00000041e-01  1.20728000e-02  0.00000000e+00 
 1.20828000e-02  7.09658390e-01  1.20828000e-02  7.00000041e-01  1.20828000e-02  0.00000000e+00 
 1.20928000e-02  7.09674482e-01  1.20928000e-02  7.00000041e-01  1.20928000e-02  0.00000000e+00 
 1.21028000e-02  7.09690192e-01  1.21028000e-02  7.00000041e-01  1.21028000e-02  0.00000000e+00 
 1.21128000e-02  7.09705519e-01  1.21128000e-02  7.00000041e-01  1.21128000e-02  0.00000000e+00 
 1.21228000e-02  7.09720463e-01  1.21228000e-02  7.00000041e-01  1.21228000e-02  0.00000000e+00 
 1.21328000e-02  7.09735023e-01  1.21328000e-02  7.00000041e-01  1.21328000e-02  0.00000000e+00 
 1.21428000e-02  7.09749199e-01  1.21428000e-02  7.00000041e-01  1.21428000e-02  0.00000000e+00 
 1.21528000e-02  7.09762990e-01  1.21528000e-02  7.00000041e-01  1.21528000e-02  0.00000000e+00 
 1.21628000e-02  7.09776396e-01  1.21628000e-02  7.00000041e-01  1.21628000e-02  0.00000000e+00 
 1.21728000e-02  7.09789416e-01  1.21728000e-02  7.00000041e-01  1.21728000e-02  0.00000000e+00 
 1.21828000e-02  7.09802049e-01  1.21828000e-02  7.00000041e-01  1.21828000e-02  0.00000000e+00 
 1.21928000e-02  7.09814295e-01  1.21928000e-02  7.00000041e-01  1.21928000e-02  0.00000000e+00 
 1.22028000e-02  7.09826154e-01  1.22028000e-02  7.00000041e-01  1.22028000e-02  0.00000000e+00 
 1.22128000e-02  7.09837625e-01  1.22128000e-02  7.00000041e-01  1.22128000e-02  0.00000000e+00 
 1.22228000e-02  7.09848707e-01  1.22228000e-02  7.00000041e-01  1.22228000e-02  0.00000000e+00 
 1.22328000e-02  7.09859401e-01  1.22328000e-02  7.00000041e-01  1.22328000e-02  0.00000000e+00 
 1.22428000e-02  7.09869705e-01  1.22428000e-02  7.00000041e-01  1.22428000e-02  0.00000000e+00 
 1.22528000e-02  7.09879620e-01  1.22528000e-02  7.00000041e-01  1.22528000e-02  0.00000000e+00 
 1.22628000e-02  7.09889145e-01  1.22628000e-02  7.00000041e-01  1.22628000e-02  0.00000000e+00 
 1.22728000e-02  7.09898279e-01  1.22728000e-02  7.00000041e-01  1.22728000e-02  0.00000000e+00 
 1.22828000e-02  7.09907023e-01  1.22828000e-02  7.00000041e-01  1.22828000e-02  0.00000000e+00 
 1.22928000e-02  7.09915376e-01  1.22928000e-02  7.00000041e-01  1.22928000e-02  0.00000000e+00 
 1.23028000e-02  7.09923337e-01  1.23028000e-02  7.00000041e-01  1.23028000e-02  0.00000000e+00 
 1.23128000e-02  7.09930906e-01  1.23128000e-02  7.00000041e-01  1.23128000e-02  0.00000000e+00 
 1.23228000e-02  7.09938083e-01  1.23228000e-02  7.00000041e-01  1.23228000e-02  0.00000000e+00 
 1.23328000e-02  7.09944868e-01  1.23328000e-02  7.00000041e-01  1.23328000e-02  0.00000000e+00 
 1.23428000e-02  7.09951260e-01  1.23428000e-02  7.00000041e-01  1.23428000e-02  0.00000000e+00 
 1.23528000e-02  7.09957260e-01  1.23528000e-02  7.00000041e-01  1.23528000e-02  0.00000000e+00 
 1.23628000e-02  7.09962866e-01  1.23628000e-02  7.00000041e-01  1.23628000e-02  0.00000000e+00 
 1.23728000e-02  7.09968079e-01  1.23728000e-02  7.00000041e-01  1.23728000e-02  0.00000000e+00 
 1.23828000e-02  7.09972899e-01  1.23828000e-02  7.00000041e-01  1.23828000e-02  0.00000000e+00 
 1.23928000e-02  7.09977325e-01  1.23928000e-02  7.00000041e-01  1.23928000e-02  0.00000000e+00 
 1.24028000e-02  7.09981357e-01  1.24028000e-02  7.00000041e-01  1.24028000e-02  0.00000000e+00 
 1.24128000e-02  7.09984994e-01  1.24128000e-02  7.00000041e-01  1.24128000e-02  0.00000000e+00 
 1.24228000e-02  7.09988238e-01  1.24228000e-02  7.00000041e-01  1.24228000e-02  0.00000000e+00 
 1.24328000e-02  7.09991087e-01  1.24328000e-02  7.00000041e-01  1.24328000e-02  0.00000000e+00 
 1.24428000e-02  7.09993542e-01  1.24428000e-02  7.00000041e-01  1.24428000e-02  0.00000000e+00 
 1.24528000e-02  7.09995603e-01  1.24528000e-02  7.00000041e-01  1.24528000e-02  0.00000000e+00 
 1.24628000e-02  7.09997269e-01  1.24628000e-02  7.00000041e-01  1.24628000e-02  0.00000000e+00 
 1.24728000e-02  7.09998540e-01  1.24728000e-02  7.00000041e-01  1.24728000e-02  0.00000000e+00 
 1.24828000e-02  7.09999416e-01  1.24828000e-02  7.00000041e-01  1.24828000e-02  0.00000000e+00 
 1.24928000e-02  7.09999898e-01  1.24928000e-02  7.00000041e-01  1.24928000e-02  0.00000000e+00 
 1.25028000e-02  7.09999985e-01  1.25028000e-02  7.00000041e-01  1.25028000e-02  0.00000000e+00 
 1.25128000e-02  7.09999677e-01  1.25128000e-02  7.00000041e-01  1.25128000e-02  0.00000000e+00 
 1.25228000e-02  7.09998974e-01  1.25228000e-02  7.00000041e-01  1.25228000e-02  0.00000000e+00 
 1.25328000e-02  7.09997876e-01  1.25328000e-02  7.00000041e-01  1.25328000e-02  0.00000000e+00 
 1.25428000e-02  7.09996384e-01  1.25428000e-02  7.00000041e-01  1.25428000e-02  0.00000000e+00 
 1.25528000e-02  7.09994498e-01  1.25528000e-02  7.00000041e-01  1.25528000e-02  0.00000000e+00 
 1.25628000e-02  7.09992216e-01  1.25628000e-02  7.00000041e-01  1.25628000e-02  0.00000000e+00 
 1.25728000e-02  7.09989540e-01  1.25728000e-02  7.00000041e-01  1.25728000e-02  0.00000000e+00 
 1.25828000e-02  7.09986470e-01  1.25828000e-02  7.00000041e-01  1.25828000e-02  0.00000000e+00 
 1.25928000e-02  7.09983006e-01  1.25928000e-02  7.00000041e-01  1.25928000e-02  0.00000000e+00 
 1.26028000e-02  7.09979147e-01  1.26028000e-02  7.00000041e-01  1.26028000e-02  0.00000000e+00 
 1.26128000e-02  7.09974895e-01  1.26128000e-02  7.00000041e-01  1.26128000e-02  0.00000000e+00 
 1.26228000e-02  7.09970248e-01  1.26228000e-02  7.00000041e-01  1.26228000e-02  0.00000000e+00 
 1.26328000e-02  7.09965208e-01  1.26328000e-02  7.00000041e-01  1.26328000e-02  0.00000000e+00 
 1.26428000e-02  7.09959775e-01  1.26428000e-02  7.00000041e-01  1.26428000e-02  0.00000000e+00 
 1.26528000e-02  7.09953949e-01  1.26528000e-02  7.00000041e-01  1.26528000e-02  0.00000000e+00 
 1.26628000e-02  7.09947729e-01  1.26628000e-02  7.00000041e-01  1.26628000e-02  0.00000000e+00 
 1.26728000e-02  7.09941117e-01  1.26728000e-02  7.00000041e-01  1.26728000e-02  0.00000000e+00 
 1.26828000e-02  7.09934112e-01  1.26828000e-02  7.00000041e-01  1.26828000e-02  0.00000000e+00 
 1.26928000e-02  7.09926715e-01  1.26928000e-02  7.00000041e-01  1.26928000e-02  0.00000000e+00 
 1.27028000e-02  7.09918927e-01  1.27028000e-02  7.00000041e-01  1.27028000e-02  0.00000000e+00 
 1.27128000e-02  7.09910746e-01  1.27128000e-02  7.00000041e-01  1.27128000e-02  0.00000000e+00 
 1.27228000e-02  7.09902175e-01  1.27228000e-02  7.00000041e-01  1.27228000e-02  0.00000000e+00 
 1.27328000e-02  7.09893212e-01  1.27328000e-02  7.00000041e-01  1.27328000e-02  0.00000000e+00 
 1.27428000e-02  7.09883859e-01  1.27428000e-02  7.00000041e-01  1.27428000e-02  0.00000000e+00 
 1.27528000e-02  7.09874116e-01  1.27528000e-02  7.00000041e-01  1.27528000e-02  0.00000000e+00 
 1.27628000e-02  7.09863983e-01  1.27628000e-02  7.00000041e-01  1.27628000e-02  0.00000000e+00 
 1.27728000e-02  7.09853460e-01  1.27728000e-02  7.00000041e-01  1.27728000e-02  0.00000000e+00 
 1.27828000e-02  7.09842549e-01  1.27828000e-02  7.00000041e-01  1.27828000e-02  0.00000000e+00 
 1.27928000e-02  7.09831249e-01  1.27928000e-02  7.00000041e-01  1.27928000e-02  0.00000000e+00 
 1.28028000e-02  7.09819561e-01  1.28028000e-02  7.00000041e-01  1.28028000e-02  0.00000000e+00 
 1.28128000e-02  7.09807485e-01  1.28128000e-02  7.00000041e-01  1.28128000e-02  0.00000000e+00 
 1.28228000e-02  7.09795022e-01  1.28228000e-02  7.00000041e-01  1.28228000e-02  0.00000000e+00 
 1.28328000e-02  7.09782172e-01  1.28328000e-02  7.00000041e-01  1.28328000e-02  0.00000000e+00 
 1.28428000e-02  7.09768936e-01  1.28428000e-02  7.00000041e-01  1.28428000e-02  0.00000000e+00 
 1.28528000e-02  7.09755315e-01  1.28528000e-02  7.00000041e-01  1.28528000e-02  0.00000000e+00 
 1.28628000e-02  7.09741308e-01  1.28628000e-02  7.00000041e-01  1.28628000e-02  0.00000000e+00 
 1.28728000e-02  7.09726917e-01  1.28728000e-02  7.00000041e-01  1.28728000e-02  0.00000000e+00 
 1.28828000e-02  7.09712142e-01  1.28828000e-02  7.00000041e-01  1.28828000e-02  0.00000000e+00 
 1.28928000e-02  7.09696983e-01  1.28928000e-02  7.00000041e-01  1.28928000e-02  0.00000000e+00 
 1.29028000e-02  7.09681441e-01  1.29028000e-02  7.00000041e-01  1.29028000e-02  0.00000000e+00 
 1.29128000e-02  7.09665518e-01  1.29128000e-02  7.00000041e-01  1.29128000e-02  0.00000000e+00 
 1.29228000e-02  7.09649212e-01  1.29228000e-02  7.00000041e-01  1.29228000e-02  0.00000000e+00 
 1.29328000e-02  7.09632526e-01  1.29328000e-02  7.00000041e-01  1.29328000e-02  0.00000000e+00 
 1.29428000e-02  7.09615460e-01  1.29428000e-02  7.00000041e-01  1.29428000e-02  0.00000000e+00 
 1.29528000e-02  7.09598014e-01  1.29528000e-02  7.00000041e-01  1.29528000e-02  0.00000000e+00 
 1.29628000e-02  7.09580189e-01  1.29628000e-02  7.00000041e-01  1.29628000e-02  0.00000000e+00 
 1.29728000e-02  7.09561986e-01  1.29728000e-02  7.00000041e-01  1.29728000e-02  0.00000000e+00 
 1.29828000e-02  7.09543405e-01  1.29828000e-02  7.00000041e-01  1.29828000e-02  0.00000000e+00 
 1.29928000e-02  7.09524447e-01  1.29928000e-02  7.00000041e-01  1.29928000e-02  0.00000000e+00 
 1.30028000e-02  7.09505114e-01  1.30028000e-02  7.00000041e-01  1.30028000e-02  0.00000000e+00 
 1.30128000e-02  7.09485405e-01  1.30128000e-02  7.00000041e-01  1.30128000e-02  0.00000000e+00 
 1.30228000e-02  7.09465322e-01  1.30228000e-02  7.00000041e-01  1.30228000e-02  0.00000000e+00 
 1.30328000e-02  7.09444865e-01  1.30328000e-02  7.00000041e-01  1.30328000e-02  0.00000000e+00 
 1.30428000e-02  7.09424036e-01  1.30428000e-02  7.00000041e-01  1.30428000e-02  0.00000000e+00 
 1.30528000e-02  7.09402834e-01  1.30528000e-02  7.00000041e-01  1.30528000e-02  0.00000000e+00 
 1.30628000e-02  7.09381261e-01  1.30628000e-02  7.00000041e-01  1.30628000e-02  0.00000000e+00 
 1.30728000e-02  7.09359317e-01  1.30728000e-02  7.00000041e-01  1.30728000e-02  0.00000000e+00 
 1.30828000e-02  7.09337005e-01  1.30828000e-02  7.00000041e-01  1.30828000e-02  0.00000000e+00 
 1.30928000e-02  7.09314323e-01  1.30928000e-02  7.00000041e-01  1.30928000e-02  0.00000000e+00 
 1.31028000e-02  7.09291274e-01  1.31028000e-02  7.00000041e-01  1.31028000e-02  0.00000000e+00 
 1.31128000e-02  7.09267858e-01  1.31128000e-02  7.00000041e-01  1.31128000e-02  0.00000000e+00 
 1.31228000e-02  7.09244076e-01  1.31228000e-02  7.00000041e-01  1.31228000e-02  0.00000000e+00 
 1.31328000e-02  7.09219930e-01  1.31328000e-02  7.00000041e-01  1.31328000e-02  0.00000000e+00 
 1.31428000e-02  7.09195419e-01  1.31428000e-02  7.00000041e-01  1.31428000e-02  0.00000000e+00 
 1.31528000e-02  7.09170545e-01  1.31528000e-02  7.00000041e-01  1.31528000e-02  0.00000000e+00 
 1.31628000e-02  7.09145309e-01  1.31628000e-02  7.00000041e-01  1.31628000e-02  0.00000000e+00 
 1.31728000e-02  7.09119712e-01  1.31728000e-02  7.00000041e-01  1.31728000e-02  0.00000000e+00 
 1.31828000e-02  7.09093756e-01  1.31828000e-02  7.00000041e-01  1.31828000e-02  0.00000000e+00 
 1.31928000e-02  7.09067440e-01  1.31928000e-02  7.00000041e-01  1.31928000e-02  0.00000000e+00 
 1.32028000e-02  7.09040766e-01  1.32028000e-02  7.00000041e-01  1.32028000e-02  0.00000000e+00 
 1.32128000e-02  7.09013735e-01  1.32128000e-02  7.00000041e-01  1.32128000e-02  0.00000000e+00 
 1.32228000e-02  7.08986348e-01  1.32228000e-02  7.00000041e-01  1.32228000e-02  0.00000000e+00 
 1.32328000e-02  7.08958607e-01  1.32328000e-02  7.00000041e-01  1.32328000e-02  0.00000000e+00 
 1.32428000e-02  7.08930512e-01  1.32428000e-02  7.00000041e-01  1.32428000e-02  0.00000000e+00 
 1.32528000e-02  7.08902064e-01  1.32528000e-02  7.00000041e-01  1.32528000e-02  0.00000000e+00 
 1.32628000e-02  7.08873265e-01  1.32628000e-02  7.00000041e-01  1.32628000e-02  0.00000000e+00 
 1.32728000e-02  7.08844116e-01  1.32728000e-02  7.00000041e-01  1.32728000e-02  0.00000000e+00 
 1.32828000e-02  7.08814618e-01  1.32828000e-02  7.00000041e-01  1.32828000e-02  0.00000000e+00 
 1.32928000e-02  7.08784771e-01  1.32928000e-02  7.00000041e-01  1.32928000e-02  0.00000000e+00 
 1.33028000e-02  7.08754578e-01  1.33028000e-02  7.00000041e-01  1.33028000e-02  0.00000000e+00 
 1.33128000e-02  7.08724039e-01  1.33128000e-02  7.00000041e-01  1.33128000e-02  0.00000000e+00 
 1.33228000e-02  7.08693156e-01  1.33228000e-02  7.00000041e-01  1.33228000e-02  0.00000000e+00 
 1.33328000e-02  7.08661929e-01  1.33328000e-02  7.00000041e-01  1.33328000e-02  0.00000000e+00 
 1.33428000e-02  7.08630361e-01  1.33428000e-02  7.00000041e-01  1.33428000e-02  0.00000000e+00 
 1.33528000e-02  7.08598451e-01  1.33528000e-02  7.00000041e-01  1.33528000e-02  0.00000000e+00 
 1.33628000e-02  7.08566203e-01  1.33628000e-02  7.00000041e-01  1.33628000e-02  0.00000000e+00 
 1.33728000e-02  7.08533616e-01  1.33728000e-02  7.00000041e-01  1.33728000e-02  0.00000000e+00 
 1.33828000e-02  7.08500692e-01  1.33828000e-02  7.00000041e-01  1.33828000e-02  0.00000000e+00 
 1.33928000e-02  7.08467433e-01  1.33928000e-02  7.00000041e-01  1.33928000e-02  0.00000000e+00 
 1.34028000e-02  7.08433839e-01  1.34028000e-02  7.00000041e-01  1.34028000e-02  0.00000000e+00 
 1.34128000e-02  7.08399913e-01  1.34128000e-02  7.00000041e-01  1.34128000e-02  0.00000000e+00 
 1.34228000e-02  7.08365655e-01  1.34228000e-02  7.00000041e-01  1.34228000e-02  0.00000000e+00 
 1.34328000e-02  7.08331066e-01  1.34328000e-02  7.00000041e-01  1.34328000e-02  0.00000000e+00 
 1.34428000e-02  7.08296149e-01  1.34428000e-02  7.00000041e-01  1.34428000e-02  0.00000000e+00 
 1.34528000e-02  7.08260904e-01  1.34528000e-02  7.00000041e-01  1.34528000e-02  0.00000000e+00 
 1.34628000e-02  7.08225333e-01  1.34628000e-02  7.00000041e-01  1.34628000e-02  0.00000000e+00 
 1.34728000e-02  7.08189438e-01  1.34728000e-02  7.00000041e-01  1.34728000e-02  0.00000000e+00 
 1.34828000e-02  7.08153219e-01  1.34828000e-02  7.00000041e-01  1.34828000e-02  0.00000000e+00 
 1.34928000e-02  7.08116678e-01  1.34928000e-02  7.00000041e-01  1.34928000e-02  0.00000000e+00 
 1.35028000e-02  7.08079817e-01  1.35028000e-02  7.00000041e-01  1.35028000e-02  0.00000000e+00 
 1.35128000e-02  7.08042636e-01  1.35128000e-02  7.00000041e-01  1.35128000e-02  0.00000000e+00 
 1.35228000e-02  7.08005139e-01  1.35228000e-02  7.00000041e-01  1.35228000e-02  0.00000000e+00 
 1.35328000e-02  7.07967325e-01  1.35328000e-02  7.00000041e-01  1.35328000e-02  0.00000000e+00 
 1.35428000e-02  7.07929196e-01  1.35428000e-02  7.00000041e-01  1.35428000e-02  0.00000000e+00 
 1.35528000e-02  7.07890755e-01  1.35528000e-02  7.00000041e-01  1.35528000e-02  0.00000000e+00 
 1.35628000e-02  7.07852002e-01  1.35628000e-02  7.00000041e-01  1.35628000e-02  0.00000000e+00 
 1.35728000e-02  7.07812939e-01  1.35728000e-02  7.00000041e-01  1.35728000e-02  0.00000000e+00 
 1.35828000e-02  7.07773568e-01  1.35828000e-02  7.00000041e-01  1.35828000e-02  0.00000000e+00 
 1.35928000e-02  7.07733890e-01  1.35928000e-02  7.00000041e-01  1.35928000e-02  0.00000000e+00 
 1.36028000e-02  7.07693906e-01  1.36028000e-02  7.00000041e-01  1.36028000e-02  0.00000000e+00 
 1.36128000e-02  7.07653619e-01  1.36128000e-02  7.00000041e-01  1.36128000e-02  0.00000000e+00 
 1.36228000e-02  7.07613030e-01  1.36228000e-02  7.00000041e-01  1.36228000e-02  0.00000000e+00 
 1.36328000e-02  7.07572140e-01  1.36328000e-02  7.00000041e-01  1.36328000e-02  0.00000000e+00 
 1.36428000e-02  7.07530951e-01  1.36428000e-02  7.00000041e-01  1.36428000e-02  0.00000000e+00 
 1.36528000e-02  7.07489465e-01  1.36528000e-02  7.00000041e-01  1.36528000e-02  0.00000000e+00 
 1.36628000e-02  7.07447683e-01  1.36628000e-02  7.00000041e-01  1.36628000e-02  0.00000000e+00 
 1.36728000e-02  7.07405607e-01  1.36728000e-02  7.00000041e-01  1.36728000e-02  0.00000000e+00 
 1.36828000e-02  7.07363239e-01  1.36828000e-02  7.00000041e-01  1.36828000e-02  0.00000000e+00 
 1.36928000e-02  7.07320580e-01  1.36928000e-02  7.00000041e-01  1.36928000e-02  0.00000000e+00 
 1.37028000e-02  7.07277632e-01  1.37028000e-02  7.00000041e-01  1.37028000e-02  0.00000000e+00 
 1.37128000e-02  7.07234397e-01  1.37128000e-02  7.00000041e-01  1.37128000e-02  0.00000000e+00 
 1.37228000e-02  7.07190876e-01  1.37228000e-02  7.00000041e-01  1.37228000e-02  0.00000000e+00 
 1.37328000e-02  7.07147071e-01  1.37328000e-02  7.00000041e-01  1.37328000e-02  0.00000000e+00 
 1.37428000e-02  7.07102984e-01  1.37428000e-02  7.00000041e-01  1.37428000e-02  0.00000000e+00 
 1.37528000e-02  7.07058617e-01  1.37528000e-02  7.00000041e-01  1.37528000e-02  0.00000000e+00 
 1.37628000e-02  7.07013971e-01  1.37628000e-02  7.00000041e-01  1.37628000e-02  0.00000000e+00 
 1.37728000e-02  7.06969048e-01  1.37728000e-02  7.00000041e-01  1.37728000e-02  0.00000000e+00 
 1.37828000e-02  7.06923850e-01  1.37828000e-02  7.00000041e-01  1.37828000e-02  0.00000000e+00 
 1.37928000e-02  7.06878379e-01  1.37928000e-02  7.00000041e-01  1.37928000e-02  0.00000000e+00 
 1.38028000e-02  7.06832636e-01  1.38028000e-02  7.00000041e-01  1.38028000e-02  0.00000000e+00 
 1.38128000e-02  7.06786623e-01  1.38128000e-02  7.00000041e-01  1.38128000e-02  0.00000000e+00 
 1.38228000e-02  7.06740343e-01  1.38228000e-02  7.00000041e-01  1.38228000e-02  0.00000000e+00 
 1.38328000e-02  7.06693796e-01  1.38328000e-02  7.00000041e-01  1.38328000e-02  0.00000000e+00 
 1.38428000e-02  7.06646985e-01  1.38428000e-02  7.00000041e-01  1.38428000e-02  0.00000000e+00 
 1.38528000e-02  7.06599912e-01  1.38528000e-02  7.00000041e-01  1.38528000e-02  0.00000000e+00 
 1.38628000e-02  7.06552578e-01  1.38628000e-02  7.00000041e-01  1.38628000e-02  0.00000000e+00 
 1.38728000e-02  7.06504985e-01  1.38728000e-02  7.00000041e-01  1.38728000e-02  0.00000000e+00 
 1.38828000e-02  7.06457136e-01  1.38828000e-02  7.00000041e-01  1.38828000e-02  0.00000000e+00 
 1.38928000e-02  7.06409032e-01  1.38928000e-02  7.00000041e-01  1.38928000e-02  0.00000000e+00 
 1.39028000e-02  7.06360674e-01  1.39028000e-02  7.00000041e-01  1.39028000e-02  0.00000000e+00 
 1.39128000e-02  7.06312066e-01  1.39128000e-02  7.00000041e-01  1.39128000e-02  0.00000000e+00 
 1.39228000e-02  7.06263208e-01  1.39228000e-02  7.00000041e-01  1.39228000e-02  0.00000000e+00 
 1.39328000e-02  7.06214104e-01  1.39328000e-02  7.00000041e-01  1.39328000e-02  0.00000000e+00 
 1.39428000e-02  7.06164753e-01  1.39428000e-02  7.00000041e-01  1.39428000e-02  0.00000000e+00 
 1.39528000e-02  7.06115160e-01  1.39528000e-02  7.00000041e-01  1.39528000e-02  0.00000000e+00 
 1.39628000e-02  7.06065325e-01  1.39628000e-02  7.00000041e-01  1.39628000e-02  0.00000000e+00 
 1.39728000e-02  7.06015251e-01  1.39728000e-02  7.00000041e-01  1.39728000e-02  0.00000000e+00 
 1.39828000e-02  7.05964939e-01  1.39828000e-02  7.00000041e-01  1.39828000e-02  0.00000000e+00 
 1.39928000e-02  7.05914391e-01  1.39928000e-02  7.00000041e-01  1.39928000e-02  0.00000000e+00 
 1.40028000e-02  7.05863610e-01  1.40028000e-02  7.00000041e-01  1.40028000e-02  0.00000000e+00 
 1.40128000e-02  7.05812598e-01  1.40128000e-02  7.00000041e-01  1.40128000e-02  0.00000000e+00 
 1.40228000e-02  7.05761356e-01  1.40228000e-02  7.00000041e-01  1.40228000e-02  0.00000000e+00 
 1.40328000e-02  7.05709887e-01  1.40328000e-02  7.00000041e-01  1.40328000e-02  0.00000000e+00 
 1.40428000e-02  7.05658192e-01  1.40428000e-02  7.00000041e-01  1.40428000e-02  0.00000000e+00 
 1.40528000e-02  7.05606274e-01  1.40528000e-02  7.00000041e-01  1.40528000e-02  0.00000000e+00 
 1.40628000e-02  7.05554135e-01  1.40628000e-02  7.00000041e-01  1.40628000e-02  0.00000000e+00 
 1.40728000e-02  7.05501776e-01  1.40728000e-02  7.00000041e-01  1.40728000e-02  0.00000000e+00 
 1.40828000e-02  7.05449200e-01  1.40828000e-02  7.00000041e-01  1.40828000e-02  0.00000000e+00 
 1.40928000e-02  7.05396409e-01  1.40928000e-02  7.00000041e-01  1.40928000e-02  0.00000000e+00 
 1.41028000e-02  7.05343405e-01  1.41028000e-02  7.00000041e-01  1.41028000e-02  0.00000000e+00 
 1.41128000e-02  7.05290191e-01  1.41128000e-02  7.00000041e-01  1.41128000e-02  0.00000000e+00 
 1.41228000e-02  7.05236767e-01  1.41228000e-02  7.00000041e-01  1.41228000e-02  0.00000000e+00 
 1.41328000e-02  7.05183136e-01  1.41328000e-02  7.00000041e-01  1.41328000e-02  0.00000000e+00 
 1.41428000e-02  7.05129301e-01  1.41428000e-02  7.00000041e-01  1.41428000e-02  0.00000000e+00 
 1.41528000e-02  7.05075263e-01  1.41528000e-02  7.00000041e-01  1.41528000e-02  0.00000000e+00 
 1.41628000e-02  7.05021025e-01  1.41628000e-02  7.00000041e-01  1.41628000e-02  0.00000000e+00 
 1.41728000e-02  7.04966589e-01  1.41728000e-02  7.00000041e-01  1.41728000e-02  0.00000000e+00 
 1.41828000e-02  7.04911957e-01  1.41828000e-02  7.00000041e-01  1.41828000e-02  0.00000000e+00 
 1.41928000e-02  7.04857130e-01  1.41928000e-02  7.00000041e-01  1.41928000e-02  0.00000000e+00 
 1.42028000e-02  7.04802113e-01  1.42028000e-02  7.00000041e-01  1.42028000e-02  0.00000000e+00 
 1.42128000e-02  7.04746905e-01  1.42128000e-02  7.00000041e-01  1.42128000e-02  0.00000000e+00 
 1.42228000e-02  7.04691510e-01  1.42228000e-02  7.00000041e-01  1.42228000e-02  0.00000000e+00 
 1.42328000e-02  7.04635930e-01  1.42328000e-02  7.00000041e-01  1.42328000e-02  0.00000000e+00 
 1.42428000e-02  7.04580167e-01  1.42428000e-02  7.00000041e-01  1.42428000e-02  0.00000000e+00 
 1.42528000e-02  7.04524223e-01  1.42528000e-02  7.00000041e-01  1.42528000e-02  0.00000000e+00 
 1.42628000e-02  7.04468100e-01  1.42628000e-02  7.00000041e-01  1.42628000e-02  0.00000000e+00 
 1.42728000e-02  7.04411801e-01  1.42728000e-02  7.00000041e-01  1.42728000e-02  0.00000000e+00 
 1.42828000e-02  7.04355328e-01  1.42828000e-02  7.00000041e-01  1.42828000e-02  0.00000000e+00 
 1.42928000e-02  7.04298683e-01  1.42928000e-02  7.00000041e-01  1.42928000e-02  0.00000000e+00 
 1.43028000e-02  7.04241868e-01  1.43028000e-02  7.00000041e-01  1.43028000e-02  0.00000000e+00 
 1.43128000e-02  7.04184885e-01  1.43128000e-02  7.00000041e-01  1.43128000e-02  0.00000000e+00 
 1.43228000e-02  7.04127738e-01  1.43228000e-02  7.00000041e-01  1.43228000e-02  0.00000000e+00 
 1.43328000e-02  7.04070428e-01  1.43328000e-02  7.00000041e-01  1.43328000e-02  0.00000000e+00 
 1.43428000e-02  7.04012956e-01  1.43428000e-02  7.00000041e-01  1.43428000e-02  0.00000000e+00 
 1.43528000e-02  7.03955327e-01  1.43528000e-02  7.00000041e-01  1.43528000e-02  0.00000000e+00 
 1.43628000e-02  7.03897541e-01  1.43628000e-02  7.00000041e-01  1.43628000e-02  0.00000000e+00 
 1.43728000e-02  7.03839601e-01  1.43728000e-02  7.00000041e-01  1.43728000e-02  0.00000000e+00 
 1.43828000e-02  7.03781510e-01  1.43828000e-02  7.00000041e-01  1.43828000e-02  0.00000000e+00 
 1.43928000e-02  7.03723270e-01  1.43928000e-02  7.00000041e-01  1.43928000e-02  0.00000000e+00 
 1.44028000e-02  7.03664882e-01  1.44028000e-02  7.00000041e-01  1.44028000e-02  0.00000000e+00 
 1.44128000e-02  7.03606350e-01  1.44128000e-02  7.00000041e-01  1.44128000e-02  0.00000000e+00 
 1.44228000e-02  7.03547676e-01  1.44228000e-02  7.00000041e-01  1.44228000e-02  0.00000000e+00 
 1.44328000e-02  7.03488861e-01  1.44328000e-02  7.00000041e-01  1.44328000e-02  0.00000000e+00 
 1.44428000e-02  7.03429909e-01  1.44428000e-02  7.00000041e-01  1.44428000e-02  0.00000000e+00 
 1.44528000e-02  7.03370821e-01  1.44528000e-02  7.00000041e-01  1.44528000e-02  0.00000000e+00 
 1.44628000e-02  7.03311600e-01  1.44628000e-02  7.00000041e-01  1.44628000e-02  0.00000000e+00 
 1.44728000e-02  7.03252249e-01  1.44728000e-02  7.00000041e-01  1.44728000e-02  0.00000000e+00 
 1.44828000e-02  7.03192769e-01  1.44828000e-02  7.00000041e-01  1.44828000e-02  0.00000000e+00 
 1.44928000e-02  7.03133163e-01  1.44928000e-02  7.00000041e-01  1.44928000e-02  0.00000000e+00 
 1.45028000e-02  7.03073433e-01  1.45028000e-02  7.00000041e-01  1.45028000e-02  0.00000000e+00 
 1.45128000e-02  7.03013582e-01  1.45128000e-02  7.00000041e-01  1.45128000e-02  0.00000000e+00 
 1.45228000e-02  7.02953612e-01  1.45228000e-02  7.00000041e-01  1.45228000e-02  0.00000000e+00 
 1.45328000e-02  7.02893526e-01  1.45328000e-02  7.00000041e-01  1.45328000e-02  0.00000000e+00 
 1.45428000e-02  7.02833325e-01  1.45428000e-02  7.00000041e-01  1.45428000e-02  0.00000000e+00 
 1.45528000e-02  7.02773012e-01  1.45528000e-02  7.00000041e-01  1.45528000e-02  0.00000000e+00 
 1.45628000e-02  7.02712590e-01  1.45628000e-02  7.00000041e-01  1.45628000e-02  0.00000000e+00 
 1.45728000e-02  7.02652061e-01  1.45728000e-02  7.00000041e-01  1.45728000e-02  0.00000000e+00 
 1.45828000e-02  7.02591427e-01  1.45828000e-02  7.00000041e-01  1.45828000e-02  0.00000000e+00 
 1.45928000e-02  7.02530691e-01  1.45928000e-02  7.00000041e-01  1.45928000e-02  0.00000000e+00 
 1.46028000e-02  7.02469855e-01  1.46028000e-02  7.00000041e-01  1.46028000e-02  0.00000000e+00 
 1.46128000e-02  7.02408921e-01  1.46128000e-02  7.00000041e-01  1.46128000e-02  0.00000000e+00 
 1.46228000e-02  7.02347892e-01  1.46228000e-02  7.00000041e-01  1.46228000e-02  0.00000000e+00 
 1.46328000e-02  7.02286771e-01  1.46328000e-02  7.00000041e-01  1.46328000e-02  0.00000000e+00 
 1.46428000e-02  7.02225559e-01  1.46428000e-02  7.00000041e-01  1.46428000e-02  0.00000000e+00 
 1.46528000e-02  7.02164260e-01  1.46528000e-02  7.00000041e-01  1.46528000e-02  0.00000000e+00 
 1.46628000e-02  7.02102875e-01  1.46628000e-02  7.00000041e-01  1.46628000e-02  0.00000000e+00 
 1.46728000e-02  7.02041407e-01  1.46728000e-02  7.00000041e-01  1.46728000e-02  0.00000000e+00 
 1.46828000e-02  7.01979858e-01  1.46828000e-02  7.00000041e-01  1.46828000e-02  0.00000000e+00 
 1.46928000e-02  7.01918231e-01  1.46928000e-02  7.00000041e-01  1.46928000e-02  0.00000000e+00 
 1.47028000e-02  7.01856529e-01  1.47028000e-02  7.00000041e-01  1.47028000e-02  0.00000000e+00 
 1.47128000e-02  7.01794753e-01  1.47128000e-02  7.00000041e-01  1.47128000e-02  0.00000000e+00 
 1.47228000e-02  7.01732907e-01  1.47228000e-02  7.00000041e-01  1.47228000e-02  0.00000000e+00 
 1.47328000e-02  7.01670991e-01  1.47328000e-02  7.00000041e-01  1.47328000e-02  0.00000000e+00 
 1.47428000e-02  7.01609010e-01  1.47428000e-02  7.00000041e-01  1.47428000e-02  0.00000000e+00 
 1.47528000e-02  7.01546966e-01  1.47528000e-02  7.00000041e-01  1.47528000e-02  0.00000000e+00 
 1.47628000e-02  7.01484860e-01  1.47628000e-02  7.00000041e-01  1.47628000e-02  0.00000000e+00 
 1.47728000e-02  7.01422696e-01  1.47728000e-02  7.00000041e-01  1.47728000e-02  0.00000000e+00 
 1.47828000e-02  7.01360476e-01  1.47828000e-02  7.00000041e-01  1.47828000e-02  0.00000000e+00 
 1.47928000e-02  7.01298202e-01  1.47928000e-02  7.00000041e-01  1.47928000e-02  0.00000000e+00 
 1.48028000e-02  7.01235876e-01  1.48028000e-02  7.00000041e-01  1.48028000e-02  0.00000000e+00 
 1.48128000e-02  7.01173502e-01  1.48128000e-02  7.00000041e-01  1.48128000e-02  0.00000000e+00 
 1.48228000e-02  7.01111082e-01  1.48228000e-02  7.00000041e-01  1.48228000e-02  0.00000000e+00 
 1.48328000e-02  7.01048617e-01  1.48328000e-02  7.00000041e-01  1.48328000e-02  0.00000000e+00 
 1.48428000e-02  7.00986112e-01  1.48428000e-02  7.00000041e-01  1.48428000e-02  0.00000000e+00 
 1.48528000e-02  7.00923567e-01  1.48528000e-02  7.00000041e-01  1.48528000e-02  0.00000000e+00 
 1.48628000e-02  7.00860986e-01  1.48628000e-02  7.00000041e-01  1.48628000e-02  0.00000000e+00 
 1.48728000e-02  7.00798371e-01  1.48728000e-02  7.00000041e-01  1.48728000e-02  0.00000000e+00 
 1.48828000e-02  7.00735724e-01  1.48828000e-02  7.00000041e-01  1.48828000e-02  0.00000000e+00 
 1.48928000e-02  7.00673048e-01  1.48928000e-02  7.00000041e-01  1.48928000e-02  0.00000000e+00 
 1.49028000e-02  7.00610346e-01  1.49028000e-02  7.00000041e-01  1.49028000e-02  0.00000000e+00 
 1.49128000e-02  7.00547620e-01  1.49128000e-02  7.00000041e-01  1.49128000e-02  0.00000000e+00 
 1.49228000e-02  7.00484872e-01  1.49228000e-02  7.00000041e-01  1.49228000e-02  0.00000000e+00 
 1.49328000e-02  7.00422105e-01  1.49328000e-02  7.00000041e-01  1.49328000e-02  0.00000000e+00 
 1.49428000e-02  7.00359321e-01  1.49428000e-02  7.00000041e-01  1.49428000e-02  0.00000000e+00 
 1.49528000e-02  7.00296523e-01  1.49528000e-02  7.00000041e-01  1.49528000e-02  0.00000000e+00 
 1.49628000e-02  7.00233713e-01  1.49628000e-02  7.00000041e-01  1.49628000e-02  0.00000000e+00 
 1.49728000e-02  7.00170894e-01  1.49728000e-02  7.00000041e-01  1.49728000e-02  0.00000000e+00 
 1.49828000e-02  7.00108069e-01  1.49828000e-02  7.00000041e-01  1.49828000e-02  0.00000000e+00 
 1.49928000e-02  7.00045239e-01  1.49928000e-02  7.00000041e-01  1.49928000e-02  0.00000000e+00 
 1.50028000e-02  6.99982407e-01  1.50028000e-02  7.00000041e-01  1.50028000e-02  0.00000000e+00 
 1.50128000e-02  6.99919576e-01  1.50128000e-02  7.00000041e-01  1.50128000e-02  0.00000000e+00 
 1.50228000e-02  6.99856748e-01  1.50228000e-02  7.00000041e-01  1.50228000e-02  0.00000000e+00 
 1.50328000e-02  6.99793926e-01  1.50328000e-02  7.00000041e-01  1.50328000e-02  0.00000000e+00 
 1.50428000e-02  6.99731112e-01  1.50428000e-02  7.00000041e-01  1.50428000e-02  0.00000000e+00 
 1.50528000e-02  6.99668309e-01  1.50528000e-02  7.00000041e-01  1.50528000e-02  0.00000000e+00 
 1.50628000e-02  6.99605518e-01  1.50628000e-02  7.00000041e-01  1.50628000e-02  0.00000000e+00 
 1.50728000e-02  6.99542744e-01  1.50728000e-02  7.00000041e-01  1.50728000e-02  0.00000000e+00 
 1.50828000e-02  6.99479987e-01  1.50828000e-02  7.00000041e-01  1.50828000e-02  0.00000000e+00 
 1.50928000e-02  6.99417251e-01  1.50928000e-02  7.00000041e-01  1.50928000e-02  0.00000000e+00 
 1.51028000e-02  6.99354538e-01  1.51028000e-02  7.00000041e-01  1.51028000e-02  0.00000000e+00 
 1.51128000e-02  6.99291850e-01  1.51128000e-02  7.00000041e-01  1.51128000e-02  0.00000000e+00 
 1.51228000e-02  6.99229190e-01  1.51228000e-02  7.00000041e-01  1.51228000e-02  0.00000000e+00 
 1.51328000e-02  6.99166561e-01  1.51328000e-02  7.00000041e-01  1.51328000e-02  0.00000000e+00 
 1.51428000e-02  6.99103965e-01  1.51428000e-02  7.00000041e-01  1.51428000e-02  0.00000000e+00 
 1.51528000e-02  6.99041403e-01  1.51528000e-02  7.00000041e-01  1.51528000e-02  0.00000000e+00 
 1.51628000e-02  6.98978880e-01  1.51628000e-02  7.00000041e-01  1.51628000e-02  0.00000000e+00 
 1.51728000e-02  6.98916397e-01  1.51728000e-02  7.00000041e-01  1.51728000e-02  0.00000000e+00 
 1.51828000e-02  6.98853957e-01  1.51828000e-02  7.00000041e-01  1.51828000e-02  0.00000000e+00 
 1.51928000e-02  6.98791563e-01  1.51928000e-02  7.00000041e-01  1.51928000e-02  0.00000000e+00 
 1.52028000e-02  6.98729215e-01  1.52028000e-02  7.00000041e-01  1.52028000e-02  0.00000000e+00 
 1.52128000e-02  6.98666918e-01  1.52128000e-02  7.00000041e-01  1.52128000e-02  0.00000000e+00 
 1.52228000e-02  6.98604674e-01  1.52228000e-02  7.00000041e-01  1.52228000e-02  0.00000000e+00 
 1.52328000e-02  6.98542485e-01  1.52328000e-02  7.00000041e-01  1.52328000e-02  0.00000000e+00 
 1.52428000e-02  6.98480353e-01  1.52428000e-02  7.00000041e-01  1.52428000e-02  0.00000000e+00 
 1.52528000e-02  6.98418281e-01  1.52528000e-02  7.00000041e-01  1.52528000e-02  0.00000000e+00 
 1.52628000e-02  6.98356272e-01  1.52628000e-02  7.00000041e-01  1.52628000e-02  0.00000000e+00 
 1.52728000e-02  6.98294328e-01  1.52728000e-02  7.00000041e-01  1.52728000e-02  0.00000000e+00 
 1.52828000e-02  6.98232451e-01  1.52828000e-02  7.00000041e-01  1.52828000e-02  0.00000000e+00 
 1.52928000e-02  6.98170644e-01  1.52928000e-02  7.00000041e-01  1.52928000e-02  0.00000000e+00 
 1.53028000e-02  6.98108908e-01  1.53028000e-02  7.00000041e-01  1.53028000e-02  0.00000000e+00 
 1.53128000e-02  6.98047248e-01  1.53128000e-02  7.00000041e-01  1.53128000e-02  0.00000000e+00 
 1.53228000e-02  6.97985665e-01  1.53228000e-02  7.00000041e-01  1.53228000e-02  0.00000000e+00 
 1.53328000e-02  6.97924161e-01  1.53328000e-02  7.00000041e-01  1.53328000e-02  0.00000000e+00 
 1.53428000e-02  6.97862739e-01  1.53428000e-02  7.00000041e-01  1.53428000e-02  0.00000000e+00 
 1.53528000e-02  6.97801402e-01  1.53528000e-02  7.00000041e-01  1.53528000e-02  0.00000000e+00 
 1.53628000e-02  6.97740151e-01  1.53628000e-02  7.00000041e-01  1.53628000e-02  0.00000000e+00 
 1.53728000e-02  6.97678990e-01  1.53728000e-02  7.00000041e-01  1.53728000e-02  0.00000000e+00 
 1.53828000e-02  6.97617920e-01  1.53828000e-02  7.00000041e-01  1.53828000e-02  0.00000000e+00 
 1.53928000e-02  6.97556944e-01  1.53928000e-02  7.00000041e-01  1.53928000e-02  0.00000000e+00 
 1.54028000e-02  6.97496065e-01  1.54028000e-02  7.00000041e-01  1.54028000e-02  0.00000000e+00 
 1.54128000e-02  6.97435284e-01  1.54128000e-02  7.00000041e-01  1.54128000e-02  0.00000000e+00 
 1.54228000e-02  6.97374605e-01  1.54228000e-02  7.00000041e-01  1.54228000e-02  0.00000000e+00 
 1.54328000e-02  6.97314030e-01  1.54328000e-02  7.00000041e-01  1.54328000e-02  0.00000000e+00 
 1.54428000e-02  6.97253560e-01  1.54428000e-02  7.00000041e-01  1.54428000e-02  0.00000000e+00 
 1.54528000e-02  6.97193199e-01  1.54528000e-02  7.00000041e-01  1.54528000e-02  0.00000000e+00 
 1.54628000e-02  6.97132949e-01  1.54628000e-02  7.00000041e-01  1.54628000e-02  0.00000000e+00 
 1.54728000e-02  6.97072811e-01  1.54728000e-02  7.00000041e-01  1.54728000e-02  0.00000000e+00 
 1.54828000e-02  6.97012790e-01  1.54828000e-02  7.00000041e-01  1.54828000e-02  0.00000000e+00 
 1.54928000e-02  6.96952886e-01  1.54928000e-02  7.00000041e-01  1.54928000e-02  0.00000000e+00 
 1.55028000e-02  6.96893103e-01  1.55028000e-02  7.00000041e-01  1.55028000e-02  0.00000000e+00 
 1.55128000e-02  6.96833442e-01  1.55128000e-02  7.00000041e-01  1.55128000e-02  0.00000000e+00 
 1.55228000e-02  6.96773907e-01  1.55228000e-02  7.00000041e-01  1.55228000e-02  0.00000000e+00 
 1.55328000e-02  6.96714498e-01  1.55328000e-02  7.00000041e-01  1.55328000e-02  0.00000000e+00 
 1.55428000e-02  6.96655220e-01  1.55428000e-02  7.00000041e-01  1.55428000e-02  0.00000000e+00 
 1.55528000e-02  6.96596073e-01  1.55528000e-02  7.00000041e-01  1.55528000e-02  0.00000000e+00 
 1.55628000e-02  6.96537061e-01  1.55628000e-02  7.00000041e-01  1.55628000e-02  0.00000000e+00 
 1.55728000e-02  6.96478186e-01  1.55728000e-02  7.00000041e-01  1.55728000e-02  0.00000000e+00 
 1.55828000e-02  6.96419449e-01  1.55828000e-02  7.00000041e-01  1.55828000e-02  0.00000000e+00 
 1.55928000e-02  6.96360854e-01  1.55928000e-02  7.00000041e-01  1.55928000e-02  0.00000000e+00 
 1.56028000e-02  6.96302403e-01  1.56028000e-02  7.00000041e-01  1.56028000e-02  0.00000000e+00 
 1.56128000e-02  6.96244097e-01  1.56128000e-02  7.00000041e-01  1.56128000e-02  0.00000000e+00 
 1.56228000e-02  6.96185940e-01  1.56228000e-02  7.00000041e-01  1.56228000e-02  0.00000000e+00 
 1.56328000e-02  6.96127934e-01  1.56328000e-02  7.00000041e-01  1.56328000e-02  0.00000000e+00 
 1.56428000e-02  6.96070080e-01  1.56428000e-02  7.00000041e-01  1.56428000e-02  0.00000000e+00 
 1.56528000e-02  6.96012381e-01  1.56528000e-02  7.00000041e-01  1.56528000e-02  0.00000000e+00 
 1.56628000e-02  6.95954840e-01  1.56628000e-02  7.00000041e-01  1.56628000e-02  0.00000000e+00 
 1.56728000e-02  6.95897459e-01  1.56728000e-02  7.00000041e-01  1.56728000e-02  0.00000000e+00 
 1.56828000e-02  6.95840239e-01  1.56828000e-02  7.00000041e-01  1.56828000e-02  0.00000000e+00 
 1.56928000e-02  6.95783184e-01  1.56928000e-02  7.00000041e-01  1.56928000e-02  0.00000000e+00 
 1.57028000e-02  6.95726295e-01  1.57028000e-02  7.00000041e-01  1.57028000e-02  0.00000000e+00 
 1.57128000e-02  6.95669575e-01  1.57128000e-02  7.00000041e-01  1.57128000e-02  0.00000000e+00 
 1.57228000e-02  6.95613026e-01  1.57228000e-02  7.00000041e-01  1.57228000e-02  0.00000000e+00 
 1.57328000e-02  6.95556650e-01  1.57328000e-02  7.00000041e-01  1.57328000e-02  0.00000000e+00 
 1.57428000e-02  6.95500450e-01  1.57428000e-02  7.00000041e-01  1.57428000e-02  0.00000000e+00 
 1.57528000e-02  6.95444427e-01  1.57528000e-02  7.00000041e-01  1.57528000e-02  0.00000000e+00 
 1.57628000e-02  6.95388584e-01  1.57628000e-02  7.00000041e-01  1.57628000e-02  0.00000000e+00 
 1.57728000e-02  6.95332923e-01  1.57728000e-02  7.00000041e-01  1.57728000e-02  0.00000000e+00 
 1.57828000e-02  6.95277446e-01  1.57828000e-02  7.00000041e-01  1.57828000e-02  0.00000000e+00 
 1.57928000e-02  6.95222156e-01  1.57928000e-02  7.00000041e-01  1.57928000e-02  0.00000000e+00 
 1.58028000e-02  6.95167054e-01  1.58028000e-02  7.00000041e-01  1.58028000e-02  0.00000000e+00 
 1.58128000e-02  6.95112143e-01  1.58128000e-02  7.00000041e-01  1.58128000e-02  0.00000000e+00 
 1.58228000e-02  6.95057425e-01  1.58228000e-02  7.00000041e-01  1.58228000e-02  0.00000000e+00 
 1.58328000e-02  6.95002902e-01  1.58328000e-02  7.00000041e-01  1.58328000e-02  0.00000000e+00 
 1.58428000e-02  6.94948577e-01  1.58428000e-02  7.00000041e-01  1.58428000e-02  0.00000000e+00 
 1.58528000e-02  6.94894451e-01  1.58528000e-02  7.00000041e-01  1.58528000e-02  0.00000000e+00 
 1.58628000e-02  6.94840526e-01  1.58628000e-02  7.00000041e-01  1.58628000e-02  0.00000000e+00 
 1.58728000e-02  6.94786805e-01  1.58728000e-02  7.00000041e-01  1.58728000e-02  0.00000000e+00 
 1.58828000e-02  6.94733290e-01  1.58828000e-02  7.00000041e-01  1.58828000e-02  0.00000000e+00 
 1.58928000e-02  6.94679983e-01  1.58928000e-02  7.00000041e-01  1.58928000e-02  0.00000000e+00 
 1.59028000e-02  6.94626886e-01  1.59028000e-02  7.00000041e-01  1.59028000e-02  0.00000000e+00 
 1.59128000e-02  6.94574001e-01  1.59128000e-02  7.00000041e-01  1.59128000e-02  0.00000000e+00 
 1.59228000e-02  6.94521330e-01  1.59228000e-02  7.00000041e-01  1.59228000e-02  0.00000000e+00 
 1.59328000e-02  6.94468876e-01  1.59328000e-02  7.00000041e-01  1.59328000e-02  0.00000000e+00 
 1.59428000e-02  6.94416640e-01  1.59428000e-02  7.00000041e-01  1.59428000e-02  0.00000000e+00 
 1.59528000e-02  6.94364624e-01  1.59528000e-02  7.00000041e-01  1.59528000e-02  0.00000000e+00 
 1.59628000e-02  6.94312831e-01  1.59628000e-02  7.00000041e-01  1.59628000e-02  0.00000000e+00 
 1.59728000e-02  6.94261262e-01  1.59728000e-02  7.00000041e-01  1.59728000e-02  0.00000000e+00 
 1.59828000e-02  6.94209920e-01  1.59828000e-02  7.00000041e-01  1.59828000e-02  0.00000000e+00 
 1.59928000e-02  6.94158807e-01  1.59928000e-02  7.00000041e-01  1.59928000e-02  0.00000000e+00 
 1.60028000e-02  6.94107924e-01  1.60028000e-02  7.00000041e-01  1.60028000e-02  0.00000000e+00 
 1.60128000e-02  6.94057273e-01  1.60128000e-02  7.00000041e-01  1.60128000e-02  0.00000000e+00 
 1.60228000e-02  6.94006858e-01  1.60228000e-02  7.00000041e-01  1.60228000e-02  0.00000000e+00 
 1.60328000e-02  6.93956678e-01  1.60328000e-02  7.00000041e-01  1.60328000e-02  0.00000000e+00 
 1.60428000e-02  6.93906738e-01  1.60428000e-02  7.00000041e-01  1.60428000e-02  0.00000000e+00 
 1.60528000e-02  6.93857038e-01  1.60528000e-02  7.00000041e-01  1.60528000e-02  0.00000000e+00 
 1.60628000e-02  6.93807580e-01  1.60628000e-02  7.00000041e-01  1.60628000e-02  0.00000000e+00 
 1.60728000e-02  6.93758367e-01  1.60728000e-02  7.00000041e-01  1.60728000e-02  0.00000000e+00 
 1.60828000e-02  6.93709401e-01  1.60828000e-02  7.00000041e-01  1.60828000e-02  0.00000000e+00 
 1.60928000e-02  6.93660682e-01  1.60928000e-02  7.00000041e-01  1.60928000e-02  0.00000000e+00 
 1.61028000e-02  6.93612214e-01  1.61028000e-02  7.00000041e-01  1.61028000e-02  0.00000000e+00 
 1.61128000e-02  6.93563999e-01  1.61128000e-02  7.00000041e-01  1.61128000e-02  0.00000000e+00 
 1.61228000e-02  6.93516037e-01  1.61228000e-02  7.00000041e-01  1.61228000e-02  0.00000000e+00 
 1.61328000e-02  6.93468331e-01  1.61328000e-02  7.00000041e-01  1.61328000e-02  0.00000000e+00 
 1.61428000e-02  6.93420883e-01  1.61428000e-02  7.00000041e-01  1.61428000e-02  0.00000000e+00 
 1.61528000e-02  6.93373695e-01  1.61528000e-02  7.00000041e-01  1.61528000e-02  0.00000000e+00 
 1.61628000e-02  6.93326768e-01  1.61628000e-02  7.00000041e-01  1.61628000e-02  0.00000000e+00 
 1.61728000e-02  6.93280105e-01  1.61728000e-02  7.00000041e-01  1.61728000e-02  0.00000000e+00 
 1.61828000e-02  6.93233707e-01  1.61828000e-02  7.00000041e-01  1.61828000e-02  0.00000000e+00 
 1.61928000e-02  6.93187577e-01  1.61928000e-02  7.00000041e-01  1.61928000e-02  0.00000000e+00 
 1.62028000e-02  6.93141715e-01  1.62028000e-02  7.00000041e-01  1.62028000e-02  0.00000000e+00 
 1.62128000e-02  6.93096124e-01  1.62128000e-02  7.00000041e-01  1.62128000e-02  0.00000000e+00 
 1.62228000e-02  6.93050805e-01  1.62228000e-02  7.00000041e-01  1.62228000e-02  0.00000000e+00 
 1.62328000e-02  6.93005761e-01  1.62328000e-02  7.00000041e-01  1.62328000e-02  0.00000000e+00 
 1.62428000e-02  6.92960993e-01  1.62428000e-02  7.00000041e-01  1.62428000e-02  0.00000000e+00 
 1.62528000e-02  6.92916503e-01  1.62528000e-02  7.00000041e-01  1.62528000e-02  0.00000000e+00 
 1.62628000e-02  6.92872293e-01  1.62628000e-02  7.00000041e-01  1.62628000e-02  0.00000000e+00 
 1.62728000e-02  6.92828363e-01  1.62728000e-02  7.00000041e-01  1.62728000e-02  0.00000000e+00 
 1.62828000e-02  6.92784718e-01  1.62828000e-02  7.00000041e-01  1.62828000e-02  0.00000000e+00 
 1.62928000e-02  6.92741356e-01  1.62928000e-02  7.00000041e-01  1.62928000e-02  0.00000000e+00 
 1.63028000e-02  6.92698282e-01  1.63028000e-02  7.00000041e-01  1.63028000e-02  0.00000000e+00 
 1.63128000e-02  6.92655496e-01  1.63128000e-02  7.00000041e-01  1.63128000e-02  0.00000000e+00 
 1.63228000e-02  6.92612999e-01  1.63228000e-02  7.00000041e-01  1.63228000e-02  0.00000000e+00 
 1.63328000e-02  6.92570794e-01  1.63328000e-02  7.00000041e-01  1.63328000e-02  0.00000000e+00 
 1.63428000e-02  6.92528883e-01  1.63428000e-02  7.00000041e-01  1.63428000e-02  0.00000000e+00 
 1.63528000e-02  6.92487267e-01  1.63528000e-02  7.00000041e-01  1.63528000e-02  0.00000000e+00 
 1.63628000e-02  6.92445947e-01  1.63628000e-02  7.00000041e-01  1.63628000e-02  0.00000000e+00 
 1.63728000e-02  6.92404925e-01  1.63728000e-02  7.00000041e-01  1.63728000e-02  0.00000000e+00 
 1.63828000e-02  6.92364203e-01  1.63828000e-02  7.00000041e-01  1.63828000e-02  0.00000000e+00 
 1.63928000e-02  6.92323783e-01  1.63928000e-02  7.00000041e-01  1.63928000e-02  0.00000000e+00 
 1.64028000e-02  6.92283665e-01  1.64028000e-02  7.00000041e-01  1.64028000e-02  0.00000000e+00 
 1.64128000e-02  6.92243853e-01  1.64128000e-02  7.00000041e-01  1.64128000e-02  0.00000000e+00 
 1.64228000e-02  6.92204346e-01  1.64228000e-02  7.00000041e-01  1.64228000e-02  0.00000000e+00 
 1.64328000e-02  6.92165147e-01  1.64328000e-02  7.00000041e-01  1.64328000e-02  0.00000000e+00 
 1.64428000e-02  6.92126258e-01  1.64428000e-02  7.00000041e-01  1.64428000e-02  0.00000000e+00 
 1.64528000e-02  6.92087679e-01  1.64528000e-02  7.00000041e-01  1.64528000e-02  0.00000000e+00 
 1.64628000e-02  6.92049413e-01  1.64628000e-02  7.00000041e-01  1.64628000e-02  0.00000000e+00 
 1.64728000e-02  6.92011461e-01  1.64728000e-02  7.00000041e-01  1.64728000e-02  0.00000000e+00 
 1.64828000e-02  6.91973824e-01  1.64828000e-02  7.00000041e-01  1.64828000e-02  0.00000000e+00 
 1.64928000e-02  6.91936504e-01  1.64928000e-02  7.00000041e-01  1.64928000e-02  0.00000000e+00 
 1.65028000e-02  6.91899502e-01  1.65028000e-02  7.00000041e-01  1.65028000e-02  0.00000000e+00 
 1.65128000e-02  6.91862820e-01  1.65128000e-02  7.00000041e-01  1.65128000e-02  0.00000000e+00 
 1.65228000e-02  6.91826459e-01  1.65228000e-02  7.00000041e-01  1.65228000e-02  0.00000000e+00 
 1.65328000e-02  6.91790421e-01  1.65328000e-02  7.00000041e-01  1.65328000e-02  0.00000000e+00 
 1.65428000e-02  6.91754707e-01  1.65428000e-02  7.00000041e-01  1.65428000e-02  0.00000000e+00 
 1.65528000e-02  6.91719318e-01  1.65528000e-02  7.00000041e-01  1.65528000e-02  0.00000000e+00 
 1.65628000e-02  6.91684257e-01  1.65628000e-02  7.00000041e-01  1.65628000e-02  0.00000000e+00 
 1.65728000e-02  6.91649524e-01  1.65728000e-02  7.00000041e-01  1.65728000e-02  0.00000000e+00 
 1.65828000e-02  6.91615120e-01  1.65828000e-02  7.00000041e-01  1.65828000e-02  0.00000000e+00 
 1.65928000e-02  6.91581047e-01  1.65928000e-02  7.00000041e-01  1.65928000e-02  0.00000000e+00 
 1.66028000e-02  6.91547307e-01  1.66028000e-02  7.00000041e-01  1.66028000e-02  0.00000000e+00 
 1.66128000e-02  6.91513901e-01  1.66128000e-02  7.00000041e-01  1.66128000e-02  0.00000000e+00 
 1.66228000e-02  6.91480829e-01  1.66228000e-02  7.00000041e-01  1.66228000e-02  0.00000000e+00 
 1.66328000e-02  6.91448094e-01  1.66328000e-02  7.00000041e-01  1.66328000e-02  0.00000000e+00 
 1.66428000e-02  6.91415696e-01  1.66428000e-02  7.00000041e-01  1.66428000e-02  0.00000000e+00 
 1.66528000e-02  6.91383638e-01  1.66528000e-02  7.00000041e-01  1.66528000e-02  0.00000000e+00 
 1.66628000e-02  6.91351919e-01  1.66628000e-02  7.00000041e-01  1.66628000e-02  0.00000000e+00 
 1.66728000e-02  6.91320542e-01  1.66728000e-02  7.00000041e-01  1.66728000e-02  0.00000000e+00 
 1.66828000e-02  6.91289507e-01  1.66828000e-02  7.00000041e-01  1.66828000e-02  0.00000000e+00 
 1.66928000e-02  6.91258817e-01  1.66928000e-02  7.00000041e-01  1.66928000e-02  0.00000000e+00 
 1.67028000e-02  6.91228471e-01  1.67028000e-02  7.00000041e-01  1.67028000e-02  0.00000000e+00 
 1.67128000e-02  6.91198472e-01  1.67128000e-02  7.00000041e-01  1.67128000e-02  0.00000000e+00 
 1.67228000e-02  6.91168820e-01  1.67228000e-02  7.00000041e-01  1.67228000e-02  0.00000000e+00 
 1.67328000e-02  6.91139517e-01  1.67328000e-02  7.00000041e-01  1.67328000e-02  0.00000000e+00 
 1.67428000e-02  6.91110564e-01  1.67428000e-02  7.00000041e-01  1.67428000e-02  0.00000000e+00 
 1.67528000e-02  6.91081962e-01  1.67528000e-02  7.00000041e-01  1.67528000e-02  0.00000000e+00 
 1.67628000e-02  6.91053711e-01  1.67628000e-02  7.00000041e-01  1.67628000e-02  0.00000000e+00 
 1.67728000e-02  6.91025814e-01  1.67728000e-02  7.00000041e-01  1.67728000e-02  0.00000000e+00 
 1.67828000e-02  6.90998271e-01  1.67828000e-02  7.00000041e-01  1.67828000e-02  0.00000000e+00 
 1.67928000e-02  6.90971084e-01  1.67928000e-02  7.00000041e-01  1.67928000e-02  0.00000000e+00 
 1.68028000e-02  6.90944253e-01  1.68028000e-02  7.00000041e-01  1.68028000e-02  0.00000000e+00 
 1.68128000e-02  6.90917779e-01  1.68128000e-02  7.00000041e-01  1.68128000e-02  0.00000000e+00 
 1.68228000e-02  6.90891664e-01  1.68228000e-02  7.00000041e-01  1.68228000e-02  0.00000000e+00 
 1.68328000e-02  6.90865909e-01  1.68328000e-02  7.00000041e-01  1.68328000e-02  0.00000000e+00 
 1.68428000e-02  6.90840514e-01  1.68428000e-02  7.00000041e-01  1.68428000e-02  0.00000000e+00 
 1.68528000e-02  6.90815481e-01  1.68528000e-02  7.00000041e-01  1.68528000e-02  0.00000000e+00 
 1.68628000e-02  6.90790810e-01  1.68628000e-02  7.00000041e-01  1.68628000e-02  0.00000000e+00 
 1.68728000e-02  6.90766503e-01  1.68728000e-02  7.00000041e-01  1.68728000e-02  0.00000000e+00 
 1.68828000e-02  6.90742561e-01  1.68828000e-02  7.00000041e-01  1.68828000e-02  0.00000000e+00 
 1.68928000e-02  6.90718984e-01  1.68928000e-02  7.00000041e-01  1.68928000e-02  0.00000000e+00 
 1.69028000e-02  6.90695773e-01  1.69028000e-02  7.00000041e-01  1.69028000e-02  0.00000000e+00 
 1.69128000e-02  6.90672930e-01  1.69128000e-02  7.00000041e-01  1.69128000e-02  0.00000000e+00 
 1.69228000e-02  6.90650455e-01  1.69228000e-02  7.00000041e-01  1.69228000e-02  0.00000000e+00 
 1.69328000e-02  6.90628349e-01  1.69328000e-02  7.00000041e-01  1.69328000e-02  0.00000000e+00 
 1.69428000e-02  6.90606613e-01  1.69428000e-02  7.00000041e-01  1.69428000e-02  0.00000000e+00 
 1.69528000e-02  6.90585247e-01  1.69528000e-02  7.00000041e-01  1.69528000e-02  0.00000000e+00 
 1.69628000e-02  6.90564254e-01  1.69628000e-02  7.00000041e-01  1.69628000e-02  0.00000000e+00 
 1.69728000e-02  6.90543633e-01  1.69728000e-02  7.00000041e-01  1.69728000e-02  0.00000000e+00 
 1.69828000e-02  6.90523385e-01  1.69828000e-02  7.00000041e-01  1.69828000e-02  0.00000000e+00 
 1.69928000e-02  6.90503512e-01  1.69928000e-02  7.00000041e-01  1.69928000e-02  0.00000000e+00 
 1.70028000e-02  6.90484013e-01  1.70028000e-02  7.00000041e-01  1.70028000e-02  0.00000000e+00 
 1.70128000e-02  6.90464890e-01  1.70128000e-02  7.00000041e-01  1.70128000e-02  0.00000000e+00 
 1.70228000e-02  6.90446144e-01  1.70228000e-02  7.00000041e-01  1.70228000e-02  0.00000000e+00 
 1.70328000e-02  6.90427774e-01  1.70328000e-02  7.00000041e-01  1.70328000e-02  0.00000000e+00 
 1.70428000e-02  6.90409783e-01  1.70428000e-02  7.00000041e-01  1.70428000e-02  0.00000000e+00 
 1.70528000e-02  6.90392170e-01  1.70528000e-02  7.00000041e-01  1.70528000e-02  0.00000000e+00 
 1.70628000e-02  6.90374936e-01  1.70628000e-02  7.00000041e-01  1.70628000e-02  0.00000000e+00 
 1.70728000e-02  6.90358083e-01  1.70728000e-02  7.00000041e-01  1.70728000e-02  0.00000000e+00 
 1.70828000e-02  6.90341610e-01  1.70828000e-02  7.00000041e-01  1.70828000e-02  0.00000000e+00 
 1.70928000e-02  6.90325518e-01  1.70928000e-02  7.00000041e-01  1.70928000e-02  0.00000000e+00 
 1.71028000e-02  6.90309808e-01  1.71028000e-02  7.00000041e-01  1.71028000e-02  0.00000000e+00 
 1.71128000e-02  6.90294481e-01  1.71128000e-02  7.00000041e-01  1.71128000e-02  0.00000000e+00 
 1.71228000e-02  6.90279537e-01  1.71228000e-02  7.00000041e-01  1.71228000e-02  0.00000000e+00 
 1.71328000e-02  6.90264977e-01  1.71328000e-02  7.00000041e-01  1.71328000e-02  0.00000000e+00 
 1.71428000e-02  6.90250801e-01  1.71428000e-02  7.00000041e-01  1.71428000e-02  0.00000000e+00 
 1.71528000e-02  6.90237010e-01  1.71528000e-02  7.00000041e-01  1.71528000e-02  0.00000000e+00 
 1.71628000e-02  6.90223604e-01  1.71628000e-02  7.00000041e-01  1.71628000e-02  0.00000000e+00 
 1.71728000e-02  6.90210584e-01  1.71728000e-02  7.00000041e-01  1.71728000e-02  0.00000000e+00 
 1.71828000e-02  6.90197951e-01  1.71828000e-02  7.00000041e-01  1.71828000e-02  0.00000000e+00 
 1.71928000e-02  6.90185705e-01  1.71928000e-02  7.00000041e-01  1.71928000e-02  0.00000000e+00 
 1.72028000e-02  6.90173846e-01  1.72028000e-02  7.00000041e-01  1.72028000e-02  0.00000000e+00 
 1.72128000e-02  6.90162375e-01  1.72128000e-02  7.00000041e-01  1.72128000e-02  0.00000000e+00 
 1.72228000e-02  6.90151293e-01  1.72228000e-02  7.00000041e-01  1.72228000e-02  0.00000000e+00 
 1.72328000e-02  6.90140599e-01  1.72328000e-02  7.00000041e-01  1.72328000e-02  0.00000000e+00 
 1.72428000e-02  6.90130295e-01  1.72428000e-02  7.00000041e-01  1.72428000e-02  0.00000000e+00 
 1.72528000e-02  6.90120380e-01  1.72528000e-02  7.00000041e-01  1.72528000e-02  0.00000000e+00 
 1.72628000e-02  6.90110855e-01  1.72628000e-02  7.00000041e-01  1.72628000e-02  0.00000000e+00 
 1.72728000e-02  6.90101721e-01  1.72728000e-02  7.00000041e-01  1.72728000e-02  0.00000000e+00 
 1.72828000e-02  6.90092977e-01  1.72828000e-02  7.00000041e-01  1.72828000e-02  0.00000000e+00 
 1.72928000e-02  6.90084624e-01  1.72928000e-02  7.00000041e-01  1.72928000e-02  0.00000000e+00 
 1.73028000e-02  6.90076663e-01  1.73028000e-02  7.00000041e-01  1.73028000e-02  0.00000000e+00 
 1.73128000e-02  6.90069094e-01  1.73128000e-02  7.00000041e-01  1.73128000e-02  0.00000000e+00 
 1.73228000e-02  6.90061917e-01  1.73228000e-02  7.00000041e-01  1.73228000e-02  0.00000000e+00 
 1.73328000e-02  6.90055132e-01  1.73328000e-02  7.00000041e-01  1.73328000e-02  0.00000000e+00 
 1.73428000e-02  6.90048740e-01  1.73428000e-02  7.00000041e-01  1.73428000e-02  0.00000000e+00 
 1.73528000e-02  6.90042740e-01  1.73528000e-02  7.00000041e-01  1.73528000e-02  0.00000000e+00 
 1.73628000e-02  6.90037134e-01  1.73628000e-02  7.00000041e-01  1.73628000e-02  0.00000000e+00 
 1.73728000e-02  6.90031921e-01  1.73728000e-02  7.00000041e-01  1.73728000e-02  0.00000000e+00 
 1.73828000e-02  6.90027101e-01  1.73828000e-02  7.00000041e-01  1.73828000e-02  0.00000000e+00 
 1.73928000e-02  6.90022675e-01  1.73928000e-02  7.00000041e-01  1.73928000e-02  0.00000000e+00 
 1.74028000e-02  6.90018643e-01  1.74028000e-02  7.00000041e-01  1.74028000e-02  0.00000000e+00 
 1.74128000e-02  6.90015006e-01  1.74128000e-02  7.00000041e-01  1.74128000e-02  0.00000000e+00 
 1.74228000e-02  6.90011762e-01  1.74228000e-02  7.00000041e-01  1.74228000e-02  0.00000000e+00 
 1.74328000e-02  6.90008913e-01  1.74328000e-02  7.00000041e-01  1.74328000e-02  0.00000000e+00 
 1.74428000e-02  6.90006458e-01  1.74428000e-02  7.00000041e-01  1.74428000e-02  0.00000000e+00 
 1.74528000e-02  6.90004397e-01  1.74528000e-02  7.00000041e-01  1.74528000e-02  0.00000000e+00 
 1.74628000e-02  6.90002731e-01  1.74628000e-02  7.00000041e-01  1.74628000e-02  0.00000000e+00 
 1.74728000e-02  6.90001460e-01  1.74728000e-02  7.00000041e-01  1.74728000e-02  0.00000000e+00 
 1.74828000e-02  6.90000584e-01  1.74828000e-02  7.00000041e-01  1.74828000e-02  0.00000000e+00 
 1.74928000e-02  6.90000102e-01  1.74928000e-02  7.00000041e-01  1.74928000e-02  0.00000000e+00 
 1.75028000e-02  6.90000015e-01  1.75028000e-02  7.00000041e-01  1.75028000e-02  0.00000000e+00 
 1.75128000e-02  6.90000323e-01  1.75128000e-02  7.00000041e-01  1.75128000e-02  0.00000000e+00 
 1.75228000e-02  6.90001026e-01  1.75228000e-02  7.00000041e-01  1.75228000e-02  0.00000000e+00 
 1.75328000e-02  6.90002124e-01  1.75328000e-02  7.00000041e-01  1.75328000e-02  0.00000000e+00 
 1.75428000e-02  6.90003616e-01  1.75428000e-02  7.00000041e-01  1.75428000e-02  0.00000000e+00 
 1.75528000e-02  6.90005502e-01  1.75528000e-02  7.00000041e-01  1.75528000e-02  0.00000000e+00 
 1.75628000e-02  6.90007784e-01  1.75628000e-02  7.00000041e-01  1.75628000e-02  0.00000000e+00 
 1.75728000e-02  6.90010460e-01  1.75728000e-02  7.00000041e-01  1.75728000e-02  0.00000000e+00 
 1.75828000e-02  6.90013530e-01  1.75828000e-02  7.00000041e-01  1.75828000e-02  0.00000000e+00 
 1.75928000e-02  6.90016994e-01  1.75928000e-02  7.00000041e-01  1.75928000e-02  0.00000000e+00 
 1.76028000e-02  6.90020853e-01  1.76028000e-02  7.00000041e-01  1.76028000e-02  0.00000000e+00 
 1.76128000e-02  6.90025105e-01  1.76128000e-02  7.00000041e-01  1.76128000e-02  0.00000000e+00 
 1.76228000e-02  6.90029752e-01  1.76228000e-02  7.00000041e-01  1.76228000e-02  0.00000000e+00 
 1.76328000e-02  6.90034792e-01  1.76328000e-02  7.00000041e-01  1.76328000e-02  0.00000000e+00 
 1.76428000e-02  6.90040225e-01  1.76428000e-02  7.00000041e-01  1.76428000e-02  0.00000000e+00 
 1.76528000e-02  6.90046051e-01  1.76528000e-02  7.00000041e-01  1.76528000e-02  0.00000000e+00 
 1.76628000e-02  6.90052271e-01  1.76628000e-02  7.00000041e-01  1.76628000e-02  0.00000000e+00 
 1.76728000e-02  6.90058883e-01  1.76728000e-02  7.00000041e-01  1.76728000e-02  0.00000000e+00 
 1.76828000e-02  6.90065888e-01  1.76828000e-02  7.00000041e-01  1.76828000e-02  0.00000000e+00 
 1.76928000e-02  6.90073285e-01  1.76928000e-02  7.00000041e-01  1.76928000e-02  0.00000000e+00 
 1.77028000e-02  6.90081073e-01  1.77028000e-02  7.00000041e-01  1.77028000e-02  0.00000000e+00 
 1.77128000e-02  6.90089254e-01  1.77128000e-02  7.00000041e-01  1.77128000e-02  0.00000000e+00 
 1.77228000e-02  6.90097825e-01  1.77228000e-02  7.00000041e-01  1.77228000e-02  0.00000000e+00 
 1.77328000e-02  6.90106788e-01  1.77328000e-02  7.00000041e-01  1.77328000e-02  0.00000000e+00 
 1.77428000e-02  6.90116141e-01  1.77428000e-02  7.00000041e-01  1.77428000e-02  0.00000000e+00 
 1.77528000e-02  6.90125884e-01  1.77528000e-02  7.00000041e-01  1.77528000e-02  0.00000000e+00 
 1.77628000e-02  6.90136017e-01  1.77628000e-02  7.00000041e-01  1.77628000e-02  0.00000000e+00 
 1.77728000e-02  6.90146540e-01  1.77728000e-02  7.00000041e-01  1.77728000e-02  0.00000000e+00 
 1.77828000e-02  6.90157451e-01  1.77828000e-02  7.00000041e-01  1.77828000e-02  0.00000000e+00 
 1.77928000e-02  6.90168751e-01  1.77928000e-02  7.00000041e-01  1.77928000e-02  0.00000000e+00 
 1.78028000e-02  6.90180439e-01  1.78028000e-02  7.00000041e-01  1.78028000e-02  0.00000000e+00 
 1.78128000e-02  6.90192515e-01  1.78128000e-02  7.00000041e-01  1.78128000e-02  0.00000000e+00 
 1.78228000e-02  6.90204978e-01  1.78228000e-02  7.00000041e-01  1.78228000e-02  0.00000000e+00 
 1.78328000e-02  6.90217828e-01  1.78328000e-02  7.00000041e-01  1.78328000e-02  0.00000000e+00 
 1.78428000e-02  6.90231064e-01  1.78428000e-02  7.00000041e-01  1.78428000e-02  0.00000000e+00 
 1.78528000e-02  6.90244685e-01  1.78528000e-02  7.00000041e-01  1.78528000e-02  0.00000000e+00 
 1.78628000e-02  6.90258692e-01  1.78628000e-02  7.00000041e-01  1.78628000e-02  0.00000000e+00 
 1.78728000e-02  6.90273083e-01  1.78728000e-02  7.00000041e-01  1.78728000e-02  0.00000000e+00 
 1.78828000e-02  6.90287858e-01  1.78828000e-02  7.00000041e-01  1.78828000e-02  0.00000000e+00 
 1.78928000e-02  6.90303017e-01  1.78928000e-02  7.00000041e-01  1.78928000e-02  0.00000000e+00 
 1.79028000e-02  6.90318559e-01  1.79028000e-02  7.00000041e-01  1.79028000e-02  0.00000000e+00 
 1.79128000e-02  6.90334482e-01  1.79128000e-02  7.00000041e-01  1.79128000e-02  0.00000000e+00 
 1.79228000e-02  6.90350788e-01  1.79228000e-02  7.00000041e-01  1.79228000e-02  0.00000000e+00 
 1.79328000e-02  6.90367474e-01  1.79328000e-02  7.00000041e-01  1.79328000e-02  0.00000000e+00 
 1.79428000e-02  6.90384540e-01  1.79428000e-02  7.00000041e-01  1.79428000e-02  0.00000000e+00 
 1.79528000e-02  6.90401986e-01  1.79528000e-02  7.00000041e-01  1.79528000e-02  0.00000000e+00 
 1.79628000e-02  6.90419811e-01  1.79628000e-02  7.00000041e-01  1.79628000e-02  0.00000000e+00 
 1.79728000e-02  6.90438014e-01  1.79728000e-02  7.00000041e-01  1.79728000e-02  0.00000000e+00 
 1.79828000e-02  6.90456595e-01  1.79828000e-02  7.00000041e-01  1.79828000e-02  0.00000000e+00 
 1.79928000e-02  6.90475553e-01  1.79928000e-02  7.00000041e-01  1.79928000e-02  0.00000000e+00 
 1.80028000e-02  6.90494886e-01  1.80028000e-02  7.00000041e-01  1.80028000e-02  0.00000000e+00 
 1.80128000e-02  6.90514595e-01  1.80128000e-02  7.00000041e-01  1.80128000e-02  0.00000000e+00 
 1.80228000e-02  6.90534678e-01  1.80228000e-02  7.00000041e-01  1.80228000e-02  0.00000000e+00 
 1.80328000e-02  6.90555135e-01  1.80328000e-02  7.00000041e-01  1.80328000e-02  0.00000000e+00 
 1.80428000e-02  6.90575964e-01  1.80428000e-02  7.00000041e-01  1.80428000e-02  0.00000000e+00 
 1.80528000e-02  6.90597166e-01  1.80528000e-02  7.00000041e-01  1.80528000e-02  0.00000000e+00 
 1.80628000e-02  6.90618739e-01  1.80628000e-02  7.00000041e-01  1.80628000e-02  0.00000000e+00 
 1.80728000e-02  6.90640683e-01  1.80728000e-02  7.00000041e-01  1.80728000e-02  0.00000000e+00 
 1.80828000e-02  6.90662995e-01  1.80828000e-02  7.00000041e-01  1.80828000e-02  0.00000000e+00 
 1.80928000e-02  6.90685677e-01  1.80928000e-02  7.00000041e-01  1.80928000e-02  0.00000000e+00 
 1.81028000e-02  6.90708726e-01  1.81028000e-02  7.00000041e-01  1.81028000e-02  0.00000000e+00 
 1.81128000e-02  6.90732142e-01  1.81128000e-02  7.00000041e-01  1.81128000e-02  0.00000000e+00 
 1.81228000e-02  6.90755924e-01  1.81228000e-02  7.00000041e-01  1.81228000e-02  0.00000000e+00 
 1.81328000e-02  6.90780070e-01  1.81328000e-02  7.00000041e-01  1.81328000e-02  0.00000000e+00 
 1.81428000e-02  6.90804581e-01  1.81428000e-02  7.00000041e-01  1.81428000e-02  0.00000000e+00 
 1.81528000e-02  6.90829455e-01  1.81528000e-02  7.00000041e-01  1.81528000e-02  0.00000000e+00 
 1.81628000e-02  6.90854691e-01  1.81628000e-02  7.00000041e-01  1.81628000e-02  0.00000000e+00 
 1.81728000e-02  6.90880288e-01  1.81728000e-02  7.00000041e-01  1.81728000e-02  0.00000000e+00 
 1.81828000e-02  6.90906244e-01  1.81828000e-02  7.00000041e-01  1.81828000e-02  0.00000000e+00 
 1.81928000e-02  6.90932560e-01  1.81928000e-02  7.00000041e-01  1.81928000e-02  0.00000000e+00 
 1.82028000e-02  6.90959234e-01  1.82028000e-02  7.00000041e-01  1.82028000e-02  0.00000000e+00 
 1.82128000e-02  6.90986265e-01  1.82128000e-02  7.00000041e-01  1.82128000e-02  0.00000000e+00 
 1.82228000e-02  6.91013652e-01  1.82228000e-02  7.00000041e-01  1.82228000e-02  0.00000000e+00 
 1.82328000e-02  6.91041393e-01  1.82328000e-02  7.00000041e-01  1.82328000e-02  0.00000000e+00 
 1.82428000e-02  6.91069488e-01  1.82428000e-02  7.00000041e-01  1.82428000e-02  0.00000000e+00 
 1.82528000e-02  6.91097936e-01  1.82528000e-02  7.00000041e-01  1.82528000e-02  0.00000000e+00 
 1.82628000e-02  6.91126735e-01  1.82628000e-02  7.00000041e-01  1.82628000e-02  0.00000000e+00 
 1.82728000e-02  6.91155884e-01  1.82728000e-02  7.00000041e-01  1.82728000e-02  0.00000000e+00 
 1.82828000e-02  6.91185382e-01  1.82828000e-02  7.00000041e-01  1.82828000e-02  0.00000000e+00 
 1.82928000e-02  6.91215229e-01  1.82928000e-02  7.00000041e-01  1.82928000e-02  0.00000000e+00 
 1.83028000e-02  6.91245422e-01  1.83028000e-02  7.00000041e-01  1.83028000e-02  0.00000000e+00 
 1.83128000e-02  6.91275961e-01  1.83128000e-02  7.00000041e-01  1.83128000e-02  0.00000000e+00 
 1.83228000e-02  6.91306844e-01  1.83228000e-02  7.00000041e-01  1.83228000e-02  0.00000000e+00 
 1.83328000e-02  6.91338071e-01  1.83328000e-02  7.00000041e-01  1.83328000e-02  0.00000000e+00 
 1.83428000e-02  6.91369639e-01  1.83428000e-02  7.00000041e-01  1.83428000e-02  0.00000000e+00 
 1.83528000e-02  6.91401549e-01  1.83528000e-02  7.00000041e-01  1.83528000e-02  0.00000000e+00 
 1.83628000e-02  6.91433797e-01  1.83628000e-02  7.00000041e-01  1.83628000e-02  0.00000000e+00 
 1.83728000e-02  6.91466384e-01  1.83728000e-02  7.00000041e-01  1.83728000e-02  0.00000000e+00 
 1.83828000e-02  6.91499308e-01  1.83828000e-02  7.00000041e-01  1.83828000e-02  0.00000000e+00 
 1.83928000e-02  6.91532567e-01  1.83928000e-02  7.00000041e-01  1.83928000e-02  0.00000000e+00 
 1.84028000e-02  6.91566161e-01  1.84028000e-02  7.00000041e-01  1.84028000e-02  0.00000000e+00 
 1.84128000e-02  6.91600087e-01  1.84128000e-02  7.00000041e-01  1.84128000e-02  0.00000000e+00 
 1.84228000e-02  6.91634345e-01  1.84228000e-02  7.00000041e-01  1.84228000e-02  0.00000000e+00 
 1.84328000e-02  6.91668934e-01  1.84328000e-02  7.00000041e-01  1.84328000e-02  0.00000000e+00 
 1.84428000e-02  6.91703851e-01  1.84428000e-02  7.00000041e-01  1.84428000e-02  0.00000000e+00 
 1.84528000e-02  6.91739096e-01  1.84528000e-02  7.00000041e-01  1.84528000e-02  0.00000000e+00 
 1.84628000e-02  6.91774667e-01  1.84628000e-02  7.00000041e-01  1.84628000e-02  0.00000000e+00 
 1.84728000e-02  6.91810562e-01  1.84728000e-02  7.00000041e-01  1.84728000e-02  0.00000000e+00 
 1.84828000e-02  6.91846781e-01  1.84828000e-02  7.00000041e-01  1.84828000e-02  0.00000000e+00 
 1.84928000e-02  6.91883322e-01  1.84928000e-02  7.00000041e-01  1.84928000e-02  0.00000000e+00 
 1.85028000e-02  6.91920183e-01  1.85028000e-02  7.00000041e-01  1.85028000e-02  0.00000000e+00 
 1.85128000e-02  6.91957364e-01  1.85128000e-02  7.00000041e-01  1.85128000e-02  0.00000000e+00 
 1.85228000e-02  6.91994861e-01  1.85228000e-02  7.00000041e-01  1.85228000e-02  0.00000000e+00 
 1.85328000e-02  6.92032675e-01  1.85328000e-02  7.00000041e-01  1.85328000e-02  0.00000000e+00 
 1.85428000e-02  6.92070804e-01  1.85428000e-02  7.00000041e-01  1.85428000e-02  0.00000000e+00 
 1.85528000e-02  6.92109245e-01  1.85528000e-02  7.00000041e-01  1.85528000e-02  0.00000000e+00 
 1.85628000e-02  6.92147998e-01  1.85628000e-02  7.00000041e-01  1.85628000e-02  0.00000000e+00 
 1.85728000e-02  6.92187061e-01  1.85728000e-02  7.00000041e-01  1.85728000e-02  0.00000000e+00 
 1.85828000e-02  6.92226432e-01  1.85828000e-02  7.00000041e-01  1.85828000e-02  0.00000000e+00 
 1.85928000e-02  6.92266110e-01  1.85928000e-02  7.00000041e-01  1.85928000e-02  0.00000000e+00 
 1.86028000e-02  6.92306094e-01  1.86028000e-02  7.00000041e-01  1.86028000e-02  0.00000000e+00 
 1.86128000e-02  6.92346381e-01  1.86128000e-02  7.00000041e-01  1.86128000e-02  0.00000000e+00 
 1.86228000e-02  6.92386970e-01  1.86228000e-02  7.00000041e-01  1.86228000e-02  0.00000000e+00 
 1.86328000e-02  6.92427860e-01  1.86328000e-02  7.00000041e-01  1.86328000e-02  0.00000000e+00 
 1.86428000e-02  6.92469049e-01  1.86428000e-02  7.00000041e-01  1.86428000e-02  0.00000000e+00 
 1.86528000e-02  6.92510535e-01  1.86528000e-02  7.00000041e-01  1.86528000e-02  0.00000000e+00 
 1.86628000e-02  6.92552317e-01  1.86628000e-02  7.00000041e-01  1.86628000e-02  0.00000000e+00 
 1.86728000e-02  6.92594393e-01  1.86728000e-02  7.00000041e-01  1.86728000e-02  0.00000000e+00 
 1.86828000e-02  6.92636761e-01  1.86828000e-02  7.00000041e-01  1.86828000e-02  0.00000000e+00 
 1.86928000e-02  6.92679420e-01  1.86928000e-02  7.00000041e-01  1.86928000e-02  0.00000000e+00 
 1.87028000e-02  6.92722368e-01  1.87028000e-02  7.00000041e-01  1.87028000e-02  0.00000000e+00 
 1.87128000e-02  6.92765603e-01  1.87128000e-02  7.00000041e-01  1.87128000e-02  0.00000000e+00 
 1.87228000e-02  6.92809124e-01  1.87228000e-02  7.00000041e-01  1.87228000e-02  0.00000000e+00 
 1.87328000e-02  6.92852929e-01  1.87328000e-02  7.00000041e-01  1.87328000e-02  0.00000000e+00 
 1.87428000e-02  6.92897016e-01  1.87428000e-02  7.00000041e-01  1.87428000e-02  0.00000000e+00 
 1.87528000e-02  6.92941383e-01  1.87528000e-02  7.00000041e-01  1.87528000e-02  0.00000000e+00 
 1.87628000e-02  6.92986029e-01  1.87628000e-02  7.00000041e-01  1.87628000e-02  0.00000000e+00 
 1.87728000e-02  6.93030952e-01  1.87728000e-02  7.00000041e-01  1.87728000e-02  0.00000000e+00 
 1.87828000e-02  6.93076150e-01  1.87828000e-02  7.00000041e-01  1.87828000e-02  0.00000000e+00 
 1.87928000e-02  6.93121621e-01  1.87928000e-02  7.00000041e-01  1.87928000e-02  0.00000000e+00 
 1.88028000e-02  6.93167364e-01  1.88028000e-02  7.00000041e-01  1.88028000e-02  0.00000000e+00 
 1.88128000e-02  6.93213377e-01  1.88128000e-02  7.00000041e-01  1.88128000e-02  0.00000000e+00 
 1.88228000e-02  6.93259657e-01  1.88228000e-02  7.00000041e-01  1.88228000e-02  0.00000000e+00 
 1.88328000e-02  6.93306204e-01  1.88328000e-02  7.00000041e-01  1.88328000e-02  0.00000000e+00 
 1.88428000e-02  6.93353015e-01  1.88428000e-02  7.00000041e-01  1.88428000e-02  0.00000000e+00 
 1.88528000e-02  6.93400088e-01  1.88528000e-02  7.00000041e-01  1.88528000e-02  0.00000000e+00 
 1.88628000e-02  6.93447422e-01  1.88628000e-02  7.00000041e-01  1.88628000e-02  0.00000000e+00 
 1.88728000e-02  6.93495015e-01  1.88728000e-02  7.00000041e-01  1.88728000e-02  0.00000000e+00 
 1.88828000e-02  6.93542864e-01  1.88828000e-02  7.00000041e-01  1.88828000e-02  0.00000000e+00 
 1.88928000e-02  6.93590968e-01  1.88928000e-02  7.00000041e-01  1.88928000e-02  0.00000000e+00 
 1.89028000e-02  6.93639326e-01  1.89028000e-02  7.00000041e-01  1.89028000e-02  0.00000000e+00 
 1.89128000e-02  6.93687934e-01  1.89128000e-02  7.00000041e-01  1.89128000e-02  0.00000000e+00 
 1.89228000e-02  6.93736792e-01  1.89228000e-02  7.00000041e-01  1.89228000e-02  0.00000000e+00 
 1.89328000e-02  6.93785896e-01  1.89328000e-02  7.00000041e-01  1.89328000e-02  0.00000000e+00 
 1.89428000e-02  6.93835247e-01  1.89428000e-02  7.00000041e-01  1.89428000e-02  0.00000000e+00 
 1.89528000e-02  6.93884840e-01  1.89528000e-02  7.00000041e-01  1.89528000e-02  0.00000000e+00 
 1.89628000e-02  6.93934675e-01  1.89628000e-02  7.00000041e-01  1.89628000e-02  0.00000000e+00 
 1.89728000e-02  6.93984749e-01  1.89728000e-02  7.00000041e-01  1.89728000e-02  0.00000000e+00 
 1.89828000e-02  6.94035061e-01  1.89828000e-02  7.00000041e-01  1.89828000e-02  0.00000000e+00 
 1.89928000e-02  6.94085609e-01  1.89928000e-02  7.00000041e-01  1.89928000e-02  0.00000000e+00 
 1.90028000e-02  6.94136390e-01  1.90028000e-02  7.00000041e-01  1.90028000e-02  0.00000000e+00 
 1.90128000e-02  6.94187402e-01  1.90128000e-02  7.00000041e-01  1.90128000e-02  0.00000000e+00 
 1.90228000e-02  6.94238644e-01  1.90228000e-02  7.00000041e-01  1.90228000e-02  0.00000000e+00 
 1.90328000e-02  6.94290113e-01  1.90328000e-02  7.00000041e-01  1.90328000e-02  0.00000000e+00 
 1.90428000e-02  6.94341808e-01  1.90428000e-02  7.00000041e-01  1.90428000e-02  0.00000000e+00 
 1.90528000e-02  6.94393726e-01  1.90528000e-02  7.00000041e-01  1.90528000e-02  0.00000000e+00 
 1.90628000e-02  6.94445865e-01  1.90628000e-02  7.00000041e-01  1.90628000e-02  0.00000000e+00 
 1.90728000e-02  6.94498224e-01  1.90728000e-02  7.00000041e-01  1.90728000e-02  0.00000000e+00 
 1.90828000e-02  6.94550800e-01  1.90828000e-02  7.00000041e-01  1.90828000e-02  0.00000000e+00 
 1.90928000e-02  6.94603591e-01  1.90928000e-02  7.00000041e-01  1.90928000e-02  0.00000000e+00 
 1.91028000e-02  6.94656595e-01  1.91028000e-02  7.00000041e-01  1.91028000e-02  0.00000000e+00 
 1.91128000e-02  6.94709809e-01  1.91128000e-02  7.00000041e-01  1.91128000e-02  0.00000000e+00 
 1.91228000e-02  6.94763233e-01  1.91228000e-02  7.00000041e-01  1.91228000e-02  0.00000000e+00 
 1.91328000e-02  6.94816864e-01  1.91328000e-02  7.00000041e-01  1.91328000e-02  0.00000000e+00 
 1.91428000e-02  6.94870699e-01  1.91428000e-02  7.00000041e-01  1.91428000e-02  0.00000000e+00 
 1.91528000e-02  6.94924737e-01  1.91528000e-02  7.00000041e-01  1.91528000e-02  0.00000000e+00 
 1.91628000e-02  6.94978975e-01  1.91628000e-02  7.00000041e-01  1.91628000e-02  0.00000000e+00 
 1.91728000e-02  6.95033411e-01  1.91728000e-02  7.00000041e-01  1.91728000e-02  0.00000000e+00 
 1.91828000e-02  6.95088043e-01  1.91828000e-02  7.00000041e-01  1.91828000e-02  0.00000000e+00 
 1.91928000e-02  6.95142870e-01  1.91928000e-02  7.00000041e-01  1.91928000e-02  0.00000000e+00 
 1.92028000e-02  6.95197887e-01  1.92028000e-02  7.00000041e-01  1.92028000e-02  0.00000000e+00 
 1.92128000e-02  6.95253095e-01  1.92128000e-02  7.00000041e-01  1.92128000e-02  0.00000000e+00 
 1.92228000e-02  6.95308490e-01  1.92228000e-02  7.00000041e-01  1.92228000e-02  0.00000000e+00 
 1.92328000e-02  6.95364070e-01  1.92328000e-02  7.00000041e-01  1.92328000e-02  0.00000000e+00 
 1.92428000e-02  6.95419833e-01  1.92428000e-02  7.00000041e-01  1.92428000e-02  0.00000000e+00 
 1.92528000e-02  6.95475777e-01  1.92528000e-02  7.00000041e-01  1.92528000e-02  0.00000000e+00 
 1.92628000e-02  6.95531900e-01  1.92628000e-02  7.00000041e-01  1.92628000e-02  0.00000000e+00 
 1.92728000e-02  6.95588199e-01  1.92728000e-02  7.00000041e-01  1.92728000e-02  0.00000000e+00 
 1.92828000e-02  6.95644672e-01  1.92828000e-02  7.00000041e-01  1.92828000e-02  0.00000000e+00 
 1.92928000e-02  6.95701317e-01  1.92928000e-02  7.00000041e-01  1.92928000e-02  0.00000000e+00 
 1.93028000e-02  6.95758132e-01  1.93028000e-02  7.00000041e-01  1.93028000e-02  0.00000000e+00 
 1.93128000e-02  6.95815115e-01  1.93128000e-02  7.00000041e-01  1.93128000e-02  0.00000000e+00 
 1.93228000e-02  6.95872262e-01  1.93228000e-02  7.00000041e-01  1.93228000e-02  0.00000000e+00 
 1.93328000e-02  6.95929572e-01  1.93328000e-02  7.00000041e-01  1.93328000e-02  0.00000000e+00 
 1.93428000e-02  6.95987044e-01  1.93428000e-02  7.00000041e-01  1.93428000e-02  0.00000000e+00 
 1.93528000e-02  6.96044673e-01  1.93528000e-02  7.00000041e-01  1.93528000e-02  0.00000000e+00 
 1.93628000e-02  6.96102459e-01  1.93628000e-02  7.00000041e-01  1.93628000e-02  0.00000000e+00 
 1.93728000e-02  6.96160399e-01  1.93728000e-02  7.00000041e-01  1.93728000e-02  0.00000000e+00 
 1.93828000e-02  6.96218490e-01  1.93828000e-02  7.00000041e-01  1.93828000e-02  0.00000000e+00 
 1.93928000e-02  6.96276730e-01  1.93928000e-02  7.00000041e-01  1.93928000e-02  0.00000000e+00 
 1.94028000e-02  6.96335118e-01  1.94028000e-02  7.00000041e-01  1.94028000e-02  0.00000000e+00 
 1.94128000e-02  6.96393650e-01  1.94128000e-02  7.00000041e-01  1.94128000e-02  0.00000000e+00 
 1.94228000e-02  6.96452324e-01  1.94228000e-02  7.00000041e-01  1.94228000e-02  0.00000000e+00 
 1.94328000e-02  6.96511139e-01  1.94328000e-02  7.00000041e-01  1.94328000e-02  0.00000000e+00 
 1.94428000e-02  6.96570091e-01  1.94428000e-02  7.00000041e-01  1.94428000e-02  0.00000000e+00 
 1.94528000e-02  6.96629179e-01  1.94528000e-02  7.00000041e-01  1.94528000e-02  0.00000000e+00 
 1.94628000e-02  6.96688400e-01  1.94628000e-02  7.00000041e-01  1.94628000e-02  0.00000000e+00 
 1.94728000e-02  6.96747751e-01  1.94728000e-02  7.00000041e-01  1.94728000e-02  0.00000000e+00 
 1.94828000e-02  6.96807231e-01  1.94828000e-02  7.00000041e-01  1.94828000e-02  0.00000000e+00 
 1.94928000e-02  6.96866837e-01  1.94928000e-02  7.00000041e-01  1.94928000e-02  0.00000000e+00 
 1.95028000e-02  6.96926567e-01  1.95028000e-02  7.00000041e-01  1.95028000e-02  0.00000000e+00 
 1.95128000e-02  6.96986418e-01  1.95128000e-02  7.00000041e-01  1.95128000e-02  0.00000000e+00 
 1.95228000e-02  6.97046388e-01  1.95228000e-02  7.00000041e-01  1.95228000e-02  0.00000000e+00 
 1.95328000e-02  6.97106474e-01  1.95328000e-02  7.00000041e-01  1.95328000e-02  0.00000000e+00 
 1.95428000e-02  6.97166675e-01  1.95428000e-02  7.00000041e-01  1.95428000e-02  0.00000000e+00 
 1.95528000e-02  6.97226988e-01  1.95528000e-02  7.00000041e-01  1.95528000e-02  0.00000000e+00 
 1.95628000e-02  6.97287410e-01  1.95628000e-02  7.00000041e-01  1.95628000e-02  0.00000000e+00 
 1.95728000e-02  6.97347939e-01  1.95728000e-02  7.00000041e-01  1.95728000e-02  0.00000000e+00 
 1.95828000e-02  6.97408573e-01  1.95828000e-02  7.00000041e-01  1.95828000e-02  0.00000000e+00 
 1.95928000e-02  6.97469309e-01  1.95928000e-02  7.00000041e-01  1.95928000e-02  0.00000000e+00 
 1.96028000e-02  6.97530145e-01  1.96028000e-02  7.00000041e-01  1.96028000e-02  0.00000000e+00 
 1.96128000e-02  6.97591079e-01  1.96128000e-02  7.00000041e-01  1.96128000e-02  0.00000000e+00 
 1.96228000e-02  6.97652108e-01  1.96228000e-02  7.00000041e-01  1.96228000e-02  0.00000000e+00 
 1.96328000e-02  6.97713229e-01  1.96328000e-02  7.00000041e-01  1.96328000e-02  0.00000000e+00 
 1.96428000e-02  6.97774441e-01  1.96428000e-02  7.00000041e-01  1.96428000e-02  0.00000000e+00 
 1.96528000e-02  6.97835740e-01  1.96528000e-02  7.00000041e-01  1.96528000e-02  0.00000000e+00 
 1.96628000e-02  6.97897125e-01  1.96628000e-02  7.00000041e-01  1.96628000e-02  0.00000000e+00 
 1.96728000e-02  6.97958593e-01  1.96728000e-02  7.00000041e-01  1.96728000e-02  0.00000000e+00 
 1.96828000e-02  6.98020142e-01  1.96828000e-02  7.00000041e-01  1.96828000e-02  0.00000000e+00 
 1.96928000e-02  6.98081769e-01  1.96928000e-02  7.00000041e-01  1.96928000e-02  0.00000000e+00 
 1.97028000e-02  6.98143471e-01  1.97028000e-02  7.00000041e-01  1.97028000e-02  0.00000000e+00 
 1.97128000e-02  6.98205247e-01  1.97128000e-02  7.00000041e-01  1.97128000e-02  0.00000000e+00 
 1.97228000e-02  6.98267093e-01  1.97228000e-02  7.00000041e-01  1.97228000e-02  0.00000000e+00 
 1.97328000e-02  6.98329009e-01  1.97328000e-02  7.00000041e-01  1.97328000e-02  0.00000000e+00 
 1.97428000e-02  6.98390990e-01  1.97428000e-02  7.00000041e-01  1.97428000e-02  0.00000000e+00 
 1.97528000e-02  6.98453034e-01  1.97528000e-02  7.00000041e-01  1.97528000e-02  0.00000000e+00 
 1.97628000e-02  6.98515140e-01  1.97628000e-02  7.00000041e-01  1.97628000e-02  0.00000000e+00 
 1.97728000e-02  6.98577304e-01  1.97728000e-02  7.00000041e-01  1.97728000e-02  0.00000000e+00 
 1.97828000e-02  6.98639524e-01  1.97828000e-02  7.00000041e-01  1.97828000e-02  0.00000000e+00 
 1.97928000e-02  6.98701798e-01  1.97928000e-02  7.00000041e-01  1.97928000e-02  0.00000000e+00 
 1.98028000e-02  6.98764124e-01  1.98028000e-02  7.00000041e-01  1.98028000e-02  0.00000000e+00 
 1.98128000e-02  6.98826498e-01  1.98128000e-02  7.00000041e-01  1.98128000e-02  0.00000000e+00 
 1.98228000e-02  6.98888918e-01  1.98228000e-02  7.00000041e-01  1.98228000e-02  0.00000000e+00 
 1.98328000e-02  6.98951383e-01  1.98328000e-02  7.00000041e-01  1.98328000e-02  0.00000000e+00 
 1.98428000e-02  6.99013888e-01  1.98428000e-02  7.00000041e-01  1.98428000e-02  0.00000000e+00 
 1.98528000e-02  6.99076433e-01  1.98528000e-02  7.00000041e-01  1.98528000e-02  0.00000000e+00 
 1.98628000e-02  6.99139014e-01  1.98628000e-02  7.00000041e-01  1.98628000e-02  0.00000000e+00 
 1.98728000e-02  6.99201629e-01  1.98728000e-02  7.00000041e-01  1.98728000e-02  0.00000000e+00 
 1.98828000e-02  6.99264276e-01  1.98828000e-02  7.00000041e-01  1.98828000e-02  0.00000000e+00 
 1.98928000e-02  6.99326952e-01  1.98928000e-02  7.00000041e-01  1.98928000e-02  0.00000000e+00 
 1.99028000e-02  6.99389654e-01  1.99028000e-02  7.00000041e-01  1.99028000e-02  0.00000000e+00 
 1.99128000e-02  6.99452380e-01  1.99128000e-02  7.00000041e-01  1.99128000e-02  0.00000000e+00 
 1.99228000e-02  6.99515128e-01  1.99228000e-02  7.00000041e-01  1.99228000e-02  0.00000000e+00 
 1.99328000e-02  6.99577895e-01  1.99328000e-02  7.00000041e-01  1.99328000e-02  0.00000000e+00 
 1.99428000e-02  6.99640679e-01  1.99428000e-02  7.00000041e-01  1.99428000e-02  0.00000000e+00 
 1.99528000e-02  6.99703477e-01  1.99528000e-02  7.00000041e-01  1.99528000e-02  0.00000000e+00 
 1.99628000e-02  6.99766287e-01  1.99628000e-02  7.00000041e-01  1.99628000e-02  0.00000000e+00 
 1.99728000e-02  6.99829106e-01  1.99728000e-02  7.00000041e-01  1.99728000e-02  0.00000000e+00 
 1.99828000e-02  6.99891931e-01  1.99828000e-02  7.00000041e-01  1.99828000e-02  0.00000000e+00 
 1.99928000e-02  6.99954761e-01  1.99928000e-02  7.00000041e-01  1.99928000e-02  0.00000000e+00 
 2.00028000e-02  7.00017593e-01  2.00028000e-02  7.00000041e-01  2.00028000e-02  0.00000000e+00 
 2.00128000e-02  7.00080424e-01  2.00128000e-02  7.00000041e-01  2.00128000e-02  0.00000000e+00 
 2.00228000e-02  7.00143252e-01  2.00228000e-02  7.00000041e-01  2.00228000e-02  0.00000000e+00 
 2.00328000e-02  7.00206074e-01  2.00328000e-02  7.00000041e-01  2.00328000e-02  0.00000000e+00 
 2.00428000e-02  7.00268888e-01  2.00428000e-02  7.00000041e-01  2.00428000e-02  0.00000000e+00 
 2.00528000e-02  7.00331691e-01  2.00528000e-02  7.00000041e-01  2.00528000e-02  0.00000000e+00 
 2.00628000e-02  7.00394482e-01  2.00628000e-02  7.00000041e-01  2.00628000e-02  0.00000000e+00 
 2.00728000e-02  7.00457256e-01  2.00728000e-02  7.00000041e-01  2.00728000e-02  0.00000000e+00 
 2.00828000e-02  7.00520013e-01  2.00828000e-02  7.00000041e-01  2.00828000e-02  0.00000000e+00 
 2.00928000e-02  7.00582749e-01  2.00928000e-02  7.00000041e-01  2.00928000e-02  0.00000000e+00 
 2.01028000e-02  7.00645462e-01  2.01028000e-02  7.00000041e-01  2.01028000e-02  0.00000000e+00 
 2.01128000e-02  7.00708150e-01  2.01128000e-02  7.00000041e-01  2.01128000e-02  0.00000000e+00 
 2.01228000e-02  7.00770810e-01  2.01228000e-02  7.00000041e-01  2.01228000e-02  0.00000000e+00 
 2.01328000e-02  7.00833439e-01  2.01328000e-02  7.00000041e-01  2.01328000e-02  0.00000000e+00 
 2.01428000e-02  7.00896035e-01  2.01428000e-02  7.00000041e-01  2.01428000e-02  0.00000000e+00 
 2.01528000e-02  7.00958597e-01  2.01528000e-02  7.00000041e-01  2.01528000e-02  0.00000000e+00 
 2.01628000e-02  7.01021120e-01  2.01628000e-02  7.00000041e-01  2.01628000e-02  0.00000000e+00 
 2.01728000e-02  7.01083603e-01  2.01728000e-02  7.00000041e-01  2.01728000e-02  0.00000000e+00 
 2.01828000e-02  7.01146043e-01  2.01828000e-02  7.00000041e-01  2.01828000e-02  0.00000000e+00 
 2.01928000e-02  7.01208437e-01  2.01928000e-02  7.00000041e-01  2.01928000e-02  0.00000000e+00 
 2.02028000e-02  7.01270785e-01  2.02028000e-02  7.00000041e-01  2.02028000e-02  0.00000000e+00 
 2.02128000e-02  7.01333082e-01  2.02128000e-02  7.00000041e-01  2.02128000e-02  0.00000000e+00 
 2.02228000e-02  7.01395326e-01  2.02228000e-02  7.00000041e-01  2.02228000e-02  0.00000000e+00 
 2.02328000e-02  7.01457515e-01  2.02328000e-02  7.00000041e-01  2.02328000e-02  0.00000000e+00 
 2.02428000e-02  7.01519647e-01  2.02428000e-02  7.00000041e-01  2.02428000e-02  0.00000000e+00 
 2.02528000e-02  7.01581719e-01  2.02528000e-02  7.00000041e-01  2.02528000e-02  0.00000000e+00 
 2.02628000e-02  7.01643728e-01  2.02628000e-02  7.00000041e-01  2.02628000e-02  0.00000000e+00 
 2.02728000e-02  7.01705672e-01  2.02728000e-02  7.00000041e-01  2.02728000e-02  0.00000000e+00 
 2.02828000e-02  7.01767549e-01  2.02828000e-02  7.00000041e-01  2.02828000e-02  0.00000000e+00 
 2.02928000e-02  7.01829356e-01  2.02928000e-02  7.00000041e-01  2.02928000e-02  0.00000000e+00 
 2.03028000e-02  7.01891092e-01  2.03028000e-02  7.00000041e-01  2.03028000e-02  0.00000000e+00 
 2.03128000e-02  7.01952752e-01  2.03128000e-02  7.00000041e-01  2.03128000e-02  0.00000000e+00 
 2.03228000e-02  7.02014335e-01  2.03228000e-02  7.00000041e-01  2.03228000e-02  0.00000000e+00 
 2.03328000e-02  7.02075839e-01  2.03328000e-02  7.00000041e-01  2.03328000e-02  0.00000000e+00 
 2.03428000e-02  7.02137261e-01  2.03428000e-02  7.00000041e-01  2.03428000e-02  0.00000000e+00 
 2.03528000e-02  7.02198598e-01  2.03528000e-02  7.00000041e-01  2.03528000e-02  0.00000000e+00 
 2.03628000e-02  7.02259849e-01  2.03628000e-02  7.00000041e-01  2.03628000e-02  0.00000000e+00 
 2.03728000e-02  7.02321010e-01  2.03728000e-02  7.00000041e-01  2.03728000e-02  0.00000000e+00 
 2.03828000e-02  7.02382080e-01  2.03828000e-02  7.00000041e-01  2.03828000e-02  0.00000000e+00 
 2.03928000e-02  7.02443056e-01  2.03928000e-02  7.00000041e-01  2.03928000e-02  0.00000000e+00 
 2.04028000e-02  7.02503935e-01  2.04028000e-02  7.00000041e-01  2.04028000e-02  0.00000000e+00 
 2.04128000e-02  7.02564716e-01  2.04128000e-02  7.00000041e-01  2.04128000e-02  0.00000000e+00 
 2.04228000e-02  7.02625395e-01  2.04228000e-02  7.00000041e-01  2.04228000e-02  0.00000000e+00 
 2.04328000e-02  7.02685970e-01  2.04328000e-02  7.00000041e-01  2.04328000e-02  0.00000000e+00 
 2.04428000e-02  7.02746440e-01  2.04428000e-02  7.00000041e-01  2.04428000e-02  0.00000000e+00 
 2.04528000e-02  7.02806801e-01  2.04528000e-02  7.00000041e-01  2.04528000e-02  0.00000000e+00 
 2.04628000e-02  7.02867051e-01  2.04628000e-02  7.00000041e-01  2.04628000e-02  0.00000000e+00 
 2.04728000e-02  7.02927189e-01  2.04728000e-02  7.00000041e-01  2.04728000e-02  0.00000000e+00 
 2.04828000e-02  7.02987210e-01  2.04828000e-02  7.00000041e-01  2.04828000e-02  0.00000000e+00 
 2.04928000e-02  7.03047114e-01  2.04928000e-02  7.00000041e-01  2.04928000e-02  0.00000000e+00 
 2.05028000e-02  7.03106897e-01  2.05028000e-02  7.00000041e-01  2.05028000e-02  0.00000000e+00 
 2.05128000e-02  7.03166558e-01  2.05128000e-02  7.00000041e-01  2.05128000e-02  0.00000000e+00 
 2.05228000e-02  7.03226093e-01  2.05228000e-02  7.00000041e-01  2.05228000e-02  0.00000000e+00 
 2.05328000e-02  7.03285502e-01  2.05328000e-02  7.00000041e-01  2.05328000e-02  0.00000000e+00 
 2.05428000e-02  7.03344780e-01  2.05428000e-02  7.00000041e-01  2.05428000e-02  0.00000000e+00 
 2.05528000e-02  7.03403927e-01  2.05528000e-02  7.00000041e-01  2.05528000e-02  0.00000000e+00 
 2.05628000e-02  7.03462939e-01  2.05628000e-02  7.00000041e-01  2.05628000e-02  0.00000000e+00 
 2.05728000e-02  7.03521814e-01  2.05728000e-02  7.00000041e-01  2.05728000e-02  0.00000000e+00 
 2.05828000e-02  7.03580551e-01  2.05828000e-02  7.00000041e-01  2.05828000e-02  0.00000000e+00 
 2.05928000e-02  7.03639146e-01  2.05928000e-02  7.00000041e-01  2.05928000e-02  0.00000000e+00 
 2.06028000e-02  7.03697597e-01  2.06028000e-02  7.00000041e-01  2.06028000e-02  0.00000000e+00 
 2.06128000e-02  7.03755903e-01  2.06128000e-02  7.00000041e-01  2.06128000e-02  0.00000000e+00 
 2.06228000e-02  7.03814060e-01  2.06228000e-02  7.00000041e-01  2.06228000e-02  0.00000000e+00 
 2.06328000e-02  7.03872066e-01  2.06328000e-02  7.00000041e-01  2.06328000e-02  0.00000000e+00 
 2.06428000e-02  7.03929920e-01  2.06428000e-02  7.00000041e-01  2.06428000e-02  0.00000000e+00 
 2.06528000e-02  7.03987619e-01  2.06528000e-02  7.00000041e-01  2.06528000e-02  0.00000000e+00 
 2.06628000e-02  7.04045160e-01  2.06628000e-02  7.00000041e-01  2.06628000e-02  0.00000000e+00 
 2.06728000e-02  7.04102541e-01  2.06728000e-02  7.00000041e-01  2.06728000e-02  0.00000000e+00 
 2.06828000e-02  7.04159761e-01  2.06828000e-02  7.00000041e-01  2.06828000e-02  0.00000000e+00 
 2.06928000e-02  7.04216816e-01  2.06928000e-02  7.00000041e-01  2.06928000e-02  0.00000000e+00 
 2.07028000e-02  7.04273705e-01  2.07028000e-02  7.00000041e-01  2.07028000e-02  0.00000000e+00 
 2.07128000e-02  7.04330425e-01  2.07128000e-02  7.00000041e-01  2.07128000e-02  0.00000000e+00 
 2.07228000e-02  7.04386974e-01  2.07228000e-02  7.00000041e-01  2.07228000e-02  0.00000000e+00 
 2.07328000e-02  7.04443350e-01  2.07328000e-02  7.00000041e-01  2.07328000e-02  0.00000000e+00 
 2.07428000e-02  7.04499550e-01  2.07428000e-02  7.00000041e-01  2.07428000e-02  0.00000000e+00 
 2.07528000e-02  7.04555573e-01  2.07528000e-02  7.00000041e-01  2.07528000e-02  0.00000000e+00 
 2.07628000e-02  7.04611416e-01  2.07628000e-02  7.00000041e-01  2.07628000e-02  0.00000000e+00 
 2.07728000e-02  7.04667077e-01  2.07728000e-02  7.00000041e-01  2.07728000e-02  0.00000000e+00 
 2.07828000e-02  7.04722554e-01  2.07828000e-02  7.00000041e-01  2.07828000e-02  0.00000000e+00 
 2.07928000e-02  7.04777844e-01  2.07928000e-02  7.00000041e-01  2.07928000e-02  0.00000000e+00 
 2.08028000e-02  7.04832946e-01  2.08028000e-02  7.00000041e-01  2.08028000e-02  0.00000000e+00 
 2.08128000e-02  7.04887857e-01  2.08128000e-02  7.00000041e-01  2.08128000e-02  0.00000000e+00 
 2.08228000e-02  7.04942575e-01  2.08228000e-02  7.00000041e-01  2.08228000e-02  0.00000000e+00 
 2.08328000e-02  7.04997098e-01  2.08328000e-02  7.00000041e-01  2.08328000e-02  0.00000000e+00 
 2.08428000e-02  7.05051423e-01  2.08428000e-02  7.00000041e-01  2.08428000e-02  0.00000000e+00 
 2.08528000e-02  7.05105549e-01  2.08528000e-02  7.00000041e-01  2.08528000e-02  0.00000000e+00 
 2.08628000e-02  7.05159474e-01  2.08628000e-02  7.00000041e-01  2.08628000e-02  0.00000000e+00 
 2.08728000e-02  7.05213195e-01  2.08728000e-02  7.00000041e-01  2.08728000e-02  0.00000000e+00 
 2.08828000e-02  7.05266710e-01  2.08828000e-02  7.00000041e-01  2.08828000e-02  0.00000000e+00 
 2.08928000e-02  7.05320017e-01  2.08928000e-02  7.00000041e-01  2.08928000e-02  0.00000000e+00 
 2.09028000e-02  7.05373114e-01  2.09028000e-02  7.00000041e-01  2.09028000e-02  0.00000000e+00 
 2.09128000e-02  7.05425999e-01  2.09128000e-02  7.00000041e-01  2.09128000e-02  0.00000000e+00 
 2.09228000e-02  7.05478670e-01  2.09228000e-02  7.00000041e-01  2.09228000e-02  0.00000000e+00 
 2.09328000e-02  7.05531124e-01  2.09328000e-02  7.00000041e-01  2.09328000e-02  0.00000000e+00 
 2.09428000e-02  7.05583360e-01  2.09428000e-02  7.00000041e-01  2.09428000e-02  0.00000000e+00 
 2.09528000e-02  7.05635376e-01  2.09528000e-02  7.00000041e-01  2.09528000e-02  0.00000000e+00 
 2.09628000e-02  7.05687169e-01  2.09628000e-02  7.00000041e-01  2.09628000e-02  0.00000000e+00 
 2.09728000e-02  7.05738738e-01  2.09728000e-02  7.00000041e-01  2.09728000e-02  0.00000000e+00 
 2.09828000e-02  7.05790080e-01  2.09828000e-02  7.00000041e-01  2.09828000e-02  0.00000000e+00 
 2.09928000e-02  7.05841193e-01  2.09928000e-02  7.00000041e-01  2.09928000e-02  0.00000000e+00 
 2.10028000e-02  7.05892076e-01  2.10028000e-02  7.00000041e-01  2.10028000e-02  0.00000000e+00 
 2.10128000e-02  7.05942727e-01  2.10128000e-02  7.00000041e-01  2.10128000e-02  0.00000000e+00 
 2.10228000e-02  7.05993142e-01  2.10228000e-02  7.00000041e-01  2.10228000e-02  0.00000000e+00 
 2.10328000e-02  7.06043322e-01  2.10328000e-02  7.00000041e-01  2.10328000e-02  0.00000000e+00 
 2.10428000e-02  7.06093262e-01  2.10428000e-02  7.00000041e-01  2.10428000e-02  0.00000000e+00 
 2.10528000e-02  7.06142962e-01  2.10528000e-02  7.00000041e-01  2.10528000e-02  0.00000000e+00 
 2.10628000e-02  7.06192420e-01  2.10628000e-02  7.00000041e-01  2.10628000e-02  0.00000000e+00 
 2.10728000e-02  7.06241633e-01  2.10728000e-02  7.00000041e-01  2.10728000e-02  0.00000000e+00 
 2.10828000e-02  7.06290599e-01  2.10828000e-02  7.00000041e-01  2.10828000e-02  0.00000000e+00 
 2.10928000e-02  7.06339318e-01  2.10928000e-02  7.00000041e-01  2.10928000e-02  0.00000000e+00 
 2.11028000e-02  7.06387786e-01  2.11028000e-02  7.00000041e-01  2.11028000e-02  0.00000000e+00 
 2.11128000e-02  7.06436001e-01  2.11128000e-02  7.00000041e-01  2.11128000e-02  0.00000000e+00 
 2.11228000e-02  7.06483963e-01  2.11228000e-02  7.00000041e-01  2.11228000e-02  0.00000000e+00 
 2.11328000e-02  7.06531669e-01  2.11328000e-02  7.00000041e-01  2.11328000e-02  0.00000000e+00 
 2.11428000e-02  7.06579117e-01  2.11428000e-02  7.00000041e-01  2.11428000e-02  0.00000000e+00 
 2.11528000e-02  7.06626305e-01  2.11528000e-02  7.00000041e-01  2.11528000e-02  0.00000000e+00 
 2.11628000e-02  7.06673232e-01  2.11628000e-02  7.00000041e-01  2.11628000e-02  0.00000000e+00 
 2.11728000e-02  7.06719895e-01  2.11728000e-02  7.00000041e-01  2.11728000e-02  0.00000000e+00 
 2.11828000e-02  7.06766293e-01  2.11828000e-02  7.00000041e-01  2.11828000e-02  0.00000000e+00 
 2.11928000e-02  7.06812423e-01  2.11928000e-02  7.00000041e-01  2.11928000e-02  0.00000000e+00 
 2.12028000e-02  7.06858285e-01  2.12028000e-02  7.00000041e-01  2.12028000e-02  0.00000000e+00 
 2.12128000e-02  7.06903876e-01  2.12128000e-02  7.00000041e-01  2.12128000e-02  0.00000000e+00 
 2.12228000e-02  7.06949195e-01  2.12228000e-02  7.00000041e-01  2.12228000e-02  0.00000000e+00 
 2.12328000e-02  7.06994239e-01  2.12328000e-02  7.00000041e-01  2.12328000e-02  0.00000000e+00 
 2.12428000e-02  7.07039007e-01  2.12428000e-02  7.00000041e-01  2.12428000e-02  0.00000000e+00 
 2.12528000e-02  7.07083497e-01  2.12528000e-02  7.00000041e-01  2.12528000e-02  0.00000000e+00 
 2.12628000e-02  7.07127707e-01  2.12628000e-02  7.00000041e-01  2.12628000e-02  0.00000000e+00 
 2.12728000e-02  7.07171637e-01  2.12728000e-02  7.00000041e-01  2.12728000e-02  0.00000000e+00 
 2.12828000e-02  7.07215282e-01  2.12828000e-02  7.00000041e-01  2.12828000e-02  0.00000000e+00 
 2.12928000e-02  7.07258644e-01  2.12928000e-02  7.00000041e-01  2.12928000e-02  0.00000000e+00 
 2.13028000e-02  7.07301718e-01  2.13028000e-02  7.00000041e-01  2.13028000e-02  0.00000000e+00 
 2.13128000e-02  7.07344504e-01  2.13128000e-02  7.00000041e-01  2.13128000e-02  0.00000000e+00 
 2.13228000e-02  7.07387001e-01  2.13228000e-02  7.00000041e-01  2.13228000e-02  0.00000000e+00 
 2.13328000e-02  7.07429206e-01  2.13328000e-02  7.00000041e-01  2.13328000e-02  0.00000000e+00 
 2.13428000e-02  7.07471117e-01  2.13428000e-02  7.00000041e-01  2.13428000e-02  0.00000000e+00 
 2.13528000e-02  7.07512733e-01  2.13528000e-02  7.00000041e-01  2.13528000e-02  0.00000000e+00 
 2.13628000e-02  7.07554053e-01  2.13628000e-02  7.00000041e-01  2.13628000e-02  0.00000000e+00 
 2.13728000e-02  7.07595075e-01  2.13728000e-02  7.00000041e-01  2.13728000e-02  0.00000000e+00 
 2.13828000e-02  7.07635797e-01  2.13828000e-02  7.00000041e-01  2.13828000e-02  0.00000000e+00 
 2.13928000e-02  7.07676217e-01  2.13928000e-02  7.00000041e-01  2.13928000e-02  0.00000000e+00 
 2.14028000e-02  7.07716335e-01  2.14028000e-02  7.00000041e-01  2.14028000e-02  0.00000000e+00 
 2.14128000e-02  7.07756147e-01  2.14128000e-02  7.00000041e-01  2.14128000e-02  0.00000000e+00 
 2.14228000e-02  7.07795654e-01  2.14228000e-02  7.00000041e-01  2.14228000e-02  0.00000000e+00 
 2.14328000e-02  7.07834853e-01  2.14328000e-02  7.00000041e-01  2.14328000e-02  0.00000000e+00 
 2.14428000e-02  7.07873742e-01  2.14428000e-02  7.00000041e-01  2.14428000e-02  0.00000000e+00 
 2.14528000e-02  7.07912321e-01  2.14528000e-02  7.00000041e-01  2.14528000e-02  0.00000000e+00 
 2.14628000e-02  7.07950587e-01  2.14628000e-02  7.00000041e-01  2.14628000e-02  0.00000000e+00 
 2.14728000e-02  7.07988539e-01  2.14728000e-02  7.00000041e-01  2.14728000e-02  0.00000000e+00 
 2.14828000e-02  7.08026176e-01  2.14828000e-02  7.00000041e-01  2.14828000e-02  0.00000000e+00 
 2.14928000e-02  7.08063496e-01  2.14928000e-02  7.00000041e-01  2.14928000e-02  0.00000000e+00 
 2.15028000e-02  7.08100498e-01  2.15028000e-02  7.00000041e-01  2.15028000e-02  0.00000000e+00 
 2.15128000e-02  7.08137180e-01  2.15128000e-02  7.00000041e-01  2.15128000e-02  0.00000000e+00 
 2.15228000e-02  7.08173541e-01  2.15228000e-02  7.00000041e-01  2.15228000e-02  0.00000000e+00 
 2.15328000e-02  7.08209579e-01  2.15328000e-02  7.00000041e-01  2.15328000e-02  0.00000000e+00 
 2.15428000e-02  7.08245293e-01  2.15428000e-02  7.00000041e-01  2.15428000e-02  0.00000000e+00 
 2.15528000e-02  7.08280682e-01  2.15528000e-02  7.00000041e-01  2.15528000e-02  0.00000000e+00 
 2.15628000e-02  7.08315743e-01  2.15628000e-02  7.00000041e-01  2.15628000e-02  0.00000000e+00 
 2.15728000e-02  7.08350476e-01  2.15728000e-02  7.00000041e-01  2.15728000e-02  0.00000000e+00 
 2.15828000e-02  7.08384880e-01  2.15828000e-02  7.00000041e-01  2.15828000e-02  0.00000000e+00 
 2.15928000e-02  7.08418953e-01  2.15928000e-02  7.00000041e-01  2.15928000e-02  0.00000000e+00 
 2.16028000e-02  7.08452693e-01  2.16028000e-02  7.00000041e-01  2.16028000e-02  0.00000000e+00 
 2.16128000e-02  7.08486099e-01  2.16128000e-02  7.00000041e-01  2.16128000e-02  0.00000000e+00 
 2.16228000e-02  7.08519171e-01  2.16228000e-02  7.00000041e-01  2.16228000e-02  0.00000000e+00 
 2.16328000e-02  7.08551906e-01  2.16328000e-02  7.00000041e-01  2.16328000e-02  0.00000000e+00 
 2.16428000e-02  7.08584304e-01  2.16428000e-02  7.00000041e-01  2.16428000e-02  0.00000000e+00 
 2.16528000e-02  7.08616362e-01  2.16528000e-02  7.00000041e-01  2.16528000e-02  0.00000000e+00 
 2.16628000e-02  7.08648081e-01  2.16628000e-02  7.00000041e-01  2.16628000e-02  0.00000000e+00 
 2.16728000e-02  7.08679458e-01  2.16728000e-02  7.00000041e-01  2.16728000e-02  0.00000000e+00 
 2.16828000e-02  7.08710493e-01  2.16828000e-02  7.00000041e-01  2.16828000e-02  0.00000000e+00 
 2.16928000e-02  7.08741183e-01  2.16928000e-02  7.00000041e-01  2.16928000e-02  0.00000000e+00 
 2.17028000e-02  7.08771529e-01  2.17028000e-02  7.00000041e-01  2.17028000e-02  0.00000000e+00 
 2.17128000e-02  7.08801528e-01  2.17128000e-02  7.00000041e-01  2.17128000e-02  0.00000000e+00 
 2.17228000e-02  7.08831180e-01  2.17228000e-02  7.00000041e-01  2.17228000e-02  0.00000000e+00 
 2.17328000e-02  7.08860483e-01  2.17328000e-02  7.00000041e-01  2.17328000e-02  0.00000000e+00 
 2.17428000e-02  7.08889436e-01  2.17428000e-02  7.00000041e-01  2.17428000e-02  0.00000000e+00 
 2.17528000e-02  7.08918038e-01  2.17528000e-02  7.00000041e-01  2.17528000e-02  0.00000000e+00 
 2.17628000e-02  7.08946289e-01  2.17628000e-02  7.00000041e-01  2.17628000e-02  0.00000000e+00 
 2.17728000e-02  7.08974186e-01  2.17728000e-02  7.00000041e-01  2.17728000e-02  0.00000000e+00 
 2.17828000e-02  7.09001729e-01  2.17828000e-02  7.00000041e-01  2.17828000e-02  0.00000000e+00 
 2.17928000e-02  7.09028916e-01  2.17928000e-02  7.00000041e-01  2.17928000e-02  0.00000000e+00 
 2.18028000e-02  7.09055747e-01  2.18028000e-02  7.00000041e-01  2.18028000e-02  0.00000000e+00 
 2.18128000e-02  7.09082221e-01  2.18128000e-02  7.00000041e-01  2.18128000e-02  0.00000000e+00 
 2.18228000e-02  7.09108336e-01  2.18228000e-02  7.00000041e-01  2.18228000e-02  0.00000000e+00 
 2.18328000e-02  7.09134091e-01  2.18328000e-02  7.00000041e-01  2.18328000e-02  0.00000000e+00 
 2.18428000e-02  7.09159486e-01  2.18428000e-02  7.00000041e-01  2.18428000e-02  0.00000000e+00 
 2.18528000e-02  7.09184519e-01  2.18528000e-02  7.00000041e-01  2.18528000e-02  0.00000000e+00 
 2.18628000e-02  7.09209190e-01  2.18628000e-02  7.00000041e-01  2.18628000e-02  0.00000000e+00 
 2.18728000e-02  7.09233497e-01  2.18728000e-02  7.00000041e-01  2.18728000e-02  0.00000000e+00 
 2.18828000e-02  7.09257439e-01  2.18828000e-02  7.00000041e-01  2.18828000e-02  0.00000000e+00 
 2.18928000e-02  7.09281016e-01  2.18928000e-02  7.00000041e-01  2.18928000e-02  0.00000000e+00 
 2.19028000e-02  7.09304227e-01  2.19028000e-02  7.00000041e-01  2.19028000e-02  0.00000000e+00 
 2.19128000e-02  7.09327070e-01  2.19128000e-02  7.00000041e-01  2.19128000e-02  0.00000000e+00 
 2.19228000e-02  7.09349545e-01  2.19228000e-02  7.00000041e-01  2.19228000e-02  0.00000000e+00 
 2.19328000e-02  7.09371651e-01  2.19328000e-02  7.00000041e-01  2.19328000e-02  0.00000000e+00 
 2.19428000e-02  7.09393387e-01  2.19428000e-02  7.00000041e-01  2.19428000e-02  0.00000000e+00 
 2.19528000e-02  7.09414753e-01  2.19528000e-02  7.00000041e-01  2.19528000e-02  0.00000000e+00 
 2.19628000e-02  7.09435746e-01  2.19628000e-02  7.00000041e-01  2.19628000e-02  0.00000000e+00 
 2.19728000e-02  7.09456367e-01  2.19728000e-02  7.00000041e-01  2.19728000e-02  0.00000000e+00 
 2.19828000e-02  7.09476615e-01  2.19828000e-02  7.00000041e-01  2.19828000e-02  0.00000000e+00 
 2.19928000e-02  7.09496488e-01  2.19928000e-02  7.00000041e-01  2.19928000e-02  0.00000000e+00 
 2.20028000e-02  7.09515987e-01  2.20028000e-02  7.00000041e-01  2.20028000e-02  0.00000000e+00 
 2.20128000e-02  7.09535110e-01  2.20128000e-02  7.00000041e-01  2.20128000e-02  0.00000000e+00 
 2.20228000e-02  7.09553856e-01  2.20228000e-02  7.00000041e-01  2.20228000e-02  0.00000000e+00 
 2.20328000e-02  7.09572226e-01  2.20328000e-02  7.00000041e-01  2.20328000e-02  0.00000000e+00 
 2.20428000e-02  7.09590217e-01  2.20428000e-02  7.00000041e-01  2.20428000e-02  0.00000000e+00 
 2.20528000e-02  7.09607830e-01  2.20528000e-02  7.00000041e-01  2.20528000e-02  0.00000000e+00 
 2.20628000e-02  7.09625064e-01  2.20628000e-02  7.00000041e-01  2.20628000e-02  0.00000000e+00 
 2.20728000e-02  7.09641917e-01  2.20728000e-02  7.00000041e-01  2.20728000e-02  0.00000000e+00 
 2.20828000e-02  7.09658390e-01  2.20828000e-02  7.00000041e-01  2.20828000e-02  0.00000000e+00 
 2.20928000e-02  7.09674482e-01  2.20928000e-02  7.00000041e-01  2.20928000e-02  0.00000000e+00 
 2.21028000e-02  7.09690192e-01  2.21028000e-02  7.00000041e-01  2.21028000e-02  0.00000000e+00 
 2.21128000e-02  7.09705519e-01  2.21128000e-02  7.00000041e-01  2.21128000e-02  0.00000000e+00 
 2.21228000e-02  7.09720463e-01  2.21228000e-02  7.00000041e-01  2.21228000e-02  0.00000000e+00 
 2.21328000e-02  7.09735023e-01  2.21328000e-02  7.00000041e-01  2.21328000e-02  0.00000000e+00 
 2.21428000e-02  7.09749199e-01  2.21428000e-02  7.00000041e-01  2.21428000e-02  0.00000000e+00 
 2.21528000e-02  7.09762990e-01  2.21528000e-02  7.00000041e-01  2.21528000e-02  0.00000000e+00 
 2.21628000e-02  7.09776396e-01  2.21628000e-02  7.00000041e-01  2.21628000e-02  0.00000000e+00 
 2.21728000e-02  7.09789416e-01  2.21728000e-02  7.00000041e-01  2.21728000e-02  0.00000000e+00 
 2.21828000e-02  7.09802049e-01  2.21828000e-02  7.00000041e-01  2.21828000e-02  0.00000000e+00 
 2.21928000e-02  7.09814295e-01  2.21928000e-02  7.00000041e-01  2.21928000e-02  0.00000000e+00 
 2.22028000e-02  7.09826154e-01  2.22028000e-02  7.00000041e-01  2.22028000e-02  0.00000000e+00 
 2.22128000e-02  7.09837625e-01  2.22128000e-02  7.00000041e-01  2.22128000e-02  0.00000000e+00 
 2.22228000e-02  7.09848707e-01  2.22228000e-02  7.00000041e-01  2.22228000e-02  0.00000000e+00 
 2.22328000e-02  7.09859401e-01  2.22328000e-02  7.00000041e-01  2.22328000e-02  0.00000000e+00 
 2.22428000e-02  7.09869705e-01  2.22428000e-02  7.00000041e-01  2.22428000e-02  0.00000000e+00 
 2.22528000e-02  7.09879620e-01  2.22528000e-02  7.00000041e-01  2.22528000e-02  0.00000000e+00 
 2.22628000e-02  7.09889145e-01  2.22628000e-02  7.00000041e-01  2.22628000e-02  0.00000000e+00 
 2.22728000e-02  7.09898279e-01  2.22728000e-02  7.00000041e-01  2.22728000e-02  0.00000000e+00 
 2.22828000e-02  7.09907023e-01  2.22828000e-02  7.00000041e-01  2.22828000e-02  0.00000000e+00 
 2.22928000e-02  7.09915376e-01  2.22928000e-02  7.00000041e-01  2.22928000e-02  0.00000000e+00 
 2.23028000e-02  7.09923337e-01  2.23028000e-02  7.00000041e-01  2.23028000e-02  0.00000000e+00 
 2.23128000e-02  7.09930906e-01  2.23128000e-02  7.00000041e-01  2.23128000e-02  0.00000000e+00 
 2.23228000e-02  7.09938083e-01  2.23228000e-02  7.00000041e-01  2.23228000e-02  0.00000000e+00 
 2.23328000e-02  7.09944868e-01  2.23328000e-02  7.00000041e-01  2.23328000e-02  0.00000000e+00 
 2.23428000e-02  7.09951260e-01  2.23428000e-02  7.00000041e-01  2.23428000e-02  0.00000000e+00 
 2.23528000e-02  7.09957260e-01  2.23528000e-02  7.00000041e-01  2.23528000e-02  0.00000000e+00 
 2.23628000e-02  7.09962866e-01  2.23628000e-02  7.00000041e-01  2.23628000e-02  0.00000000e+00 
 2.23728000e-02  7.09968079e-01  2.23728000e-02  7.00000041e-01  2.23728000e-02  0.00000000e+00 
 2.23828000e-02  7.09972899e-01  2.23828000e-02  7.00000041e-01  2.23828000e-02  0.00000000e+00 
 2.23928000e-02  7.09977325e-01  2.23928000e-02  7.00000041e-01  2.23928000e-02  0.00000000e+00 
 2.24028000e-02  7.09981357e-01  2.24028000e-02  7.00000041e-01  2.24028000e-02  0.00000000e+00 
 2.24128000e-02  7.09984994e-01  2.24128000e-02  7.00000041e-01  2.24128000e-02  0.00000000e+00 
 2.24228000e-02  7.09988238e-01  2.24228000e-02  7.00000041e-01  2.24228000e-02  0.00000000e+00 
 2.24328000e-02  7.09991087e-01  2.24328000e-02  7.00000041e-01  2.24328000e-02  0.00000000e+00 
 2.24428000e-02  7.09993542e-01  2.24428000e-02  7.00000041e-01  2.24428000e-02  0.00000000e+00 
 2.24528000e-02  7.09995603e-01  2.24528000e-02  7.00000041e-01  2.24528000e-02  0.00000000e+00 
 2.24628000e-02  7.09997269e-01  2.24628000e-02  7.00000041e-01  2.24628000e-02  0.00000000e+00 
 2.24728000e-02  7.09998540e-01  2.24728000e-02  7.00000041e-01  2.24728000e-02  0.00000000e+00 
 2.24828000e-02  7.09999416e-01  2.24828000e-02  7.00000041e-01  2.24828000e-02  0.00000000e+00 
 2.24928000e-02  7.09999898e-01  2.24928000e-02  7.00000041e-01  2.24928000e-02  0.00000000e+00 
 2.25028000e-02  7.09999985e-01  2.25028000e-02  7.00000041e-01  2.25028000e-02  0.00000000e+00 
 2.25128000e-02  7.09999677e-01  2.25128000e-02  7.00000041e-01  2.25128000e-02  0.00000000e+00 
 2.25228000e-02  7.09998974e-01  2.25228000e-02  7.00000041e-01  2.25228000e-02  0.00000000e+00 
 2.25328000e-02  7.09997876e-01  2.25328000e-02  7.00000041e-01  2.25328000e-02  0.00000000e+00 
 2.25428000e-02  7.09996384e-01  2.25428000e-02  7.00000041e-01  2.25428000e-02  0.00000000e+00 
 2.25528000e-02  7.09994498e-01  2.25528000e-02  7.00000041e-01  2.25528000e-02  0.00000000e+00 
 2.25628000e-02  7.09992216e-01  2.25628000e-02  7.00000041e-01  2.25628000e-02  0.00000000e+00 
 2.25728000e-02  7.09989540e-01  2.25728000e-02  7.00000041e-01  2.25728000e-02  0.00000000e+00 
 2.25828000e-02  7.09986470e-01  2.25828000e-02  7.00000041e-01  2.25828000e-02  0.00000000e+00 
 2.25928000e-02  7.09983006e-01  2.25928000e-02  7.00000041e-01  2.25928000e-02  0.00000000e+00 
 2.26028000e-02  7.09979147e-01  2.26028000e-02  7.00000041e-01  2.26028000e-02  0.00000000e+00 
 2.26128000e-02  7.09974895e-01  2.26128000e-02  7.00000041e-01  2.26128000e-02  0.00000000e+00 
 2.26228000e-02  7.09970248e-01  2.26228000e-02  7.00000041e-01  2.26228000e-02  0.00000000e+00 
 2.26328000e-02  7.09965208e-01  2.26328000e-02  7.00000041e-01  2.26328000e-02  0.00000000e+00 
 2.26428000e-02  7.09959775e-01  2.26428000e-02  7.00000041e-01  2.26428000e-02  0.00000000e+00 
 2.26528000e-02  7.09953949e-01  2.26528000e-02  7.00000041e-01  2.26528000e-02  0.00000000e+00 
 2.26628000e-02  7.09947729e-01  2.26628000e-02  7.00000041e-01  2.26628000e-02  0.00000000e+00 
 2.26728000e-02  7.09941117e-01  2.26728000e-02  7.00000041e-01  2.26728000e-02  0.00000000e+00 
 2.26828000e-02  7.09934112e-01  2.26828000e-02  7.00000041e-01  2.26828000e-02  0.00000000e+00 
 2.26928000e-02  7.09926715e-01  2.26928000e-02  7.00000041e-01  2.26928000e-02  0.00000000e+00 
 2.27028000e-02  7.09918927e-01  2.27028000e-02  7.00000041e-01  2.27028000e-02  0.00000000e+00 
 2.27128000e-02  7.09910746e-01  2.27128000e-02  7.00000041e-01  2.27128000e-02  0.00000000e+00 
 2.27228000e-02  7.09902175e-01  2.27228000e-02  7.00000041e-01  2.27228000e-02  0.00000000e+00 
 2.27328000e-02  7.09893212e-01  2.27328000e-02  7.00000041e-01  2.27328000e-02  0.00000000e+00 
 2.27428000e-02  7.09883859e-01  2.27428000e-02  7.00000041e-01  2.27428000e-02  0.00000000e+00 
 2.27528000e-02  7.09874116e-01  2.27528000e-02  7.00000041e-01  2.27528000e-02  0.00000000e+00 
 2.27628000e-02  7.09863983e-01  2.27628000e-02  7.00000041e-01  2.27628000e-02  0.00000000e+00 
 2.27728000e-02  7.09853460e-01  2.27728000e-02  7.00000041e-01  2.27728000e-02  0.00000000e+00 
 2.27828000e-02  7.09842549e-01  2.27828000e-02  7.00000041e-01  2.27828000e-02  0.00000000e+00 
 2.27928000e-02  7.09831249e-01  2.27928000e-02  7.00000041e-01  2.27928000e-02  0.00000000e+00 
 2.28028000e-02  7.09819561e-01  2.28028000e-02  7.00000041e-01  2.28028000e-02  0.00000000e+00 
 2.28128000e-02  7.09807485e-01  2.28128000e-02  7.00000041e-01  2.28128000e-02  0.00000000e+00 
 2.28228000e-02  7.09795022e-01  2.28228000e-02  7.00000041e-01  2.28228000e-02  0.00000000e+00 
 2.28328000e-02  7.09782172e-01  2.28328000e-02  7.00000041e-01  2.28328000e-02  0.00000000e+00 
 2.28428000e-02  7.09768936e-01  2.28428000e-02  7.00000041e-01  2.28428000e-02  0.00000000e+00 
 2.28528000e-02  7.09755315e-01  2.28528000e-02  7.00000041e-01  2.28528000e-02  0.00000000e+00 
 2.28628000e-02  7.09741308e-01  2.28628000e-02  7.00000041e-01  2.28628000e-02  0.00000000e+00 
 2.28728000e-02  7.09726917e-01  2.28728000e-02  7.00000041e-01  2.28728000e-02  0.00000000e+00 
 2.28828000e-02  7.09712142e-01  2.28828000e-02  7.00000041e-01  2.28828000e-02  0.00000000e+00 
 2.28928000e-02  7.09696983e-01  2.28928000e-02  7.00000041e-01  2.28928000e-02  0.00000000e+00 
 2.29028000e-02  7.09681441e-01  2.29028000e-02  7.00000041e-01  2.29028000e-02  0.00000000e+00 
 2.29128000e-02  7.09665518e-01  2.29128000e-02  7.00000041e-01  2.29128000e-02  0.00000000e+00 
 2.29228000e-02  7.09649212e-01  2.29228000e-02  7.00000041e-01  2.29228000e-02  0.00000000e+00 
 2.29328000e-02  7.09632526e-01  2.29328000e-02  7.00000041e-01  2.29328000e-02  0.00000000e+00 
 2.29428000e-02  7.09615460e-01  2.29428000e-02  7.00000041e-01  2.29428000e-02  0.00000000e+00 
 2.29528000e-02  7.09598014e-01  2.29528000e-02  7.00000041e-01  2.29528000e-02  0.00000000e+00 
 2.29628000e-02  7.09580189e-01  2.29628000e-02  7.00000041e-01  2.29628000e-02  0.00000000e+00 
 2.29728000e-02  7.09561986e-01  2.29728000e-02  7.00000041e-01  2.29728000e-02  0.00000000e+00 
 2.29828000e-02  7.09543405e-01  2.29828000e-02  7.00000041e-01  2.29828000e-02  0.00000000e+00 
 2.29928000e-02  7.09524447e-01  2.29928000e-02  7.00000041e-01  2.29928000e-02  0.00000000e+00 
 2.30028000e-02  7.09505114e-01  2.30028000e-02  7.00000041e-01  2.30028000e-02  0.00000000e+00 
 2.30128000e-02  7.09485405e-01  2.30128000e-02  7.00000041e-01  2.30128000e-02  0.00000000e+00 
 2.30228000e-02  7.09465322e-01  2.30228000e-02  7.00000041e-01  2.30228000e-02  0.00000000e+00 
 2.30328000e-02  7.09444865e-01  2.30328000e-02  7.00000041e-01  2.30328000e-02  0.00000000e+00 
 2.30428000e-02  7.09424036e-01  2.30428000e-02  7.00000041e-01  2.30428000e-02  0.00000000e+00 
 2.30528000e-02  7.09402834e-01  2.30528000e-02  7.00000041e-01  2.30528000e-02  0.00000000e+00 
 2.30628000e-02  7.09381261e-01  2.30628000e-02  7.00000041e-01  2.30628000e-02  0.00000000e+00 
 2.30728000e-02  7.09359317e-01  2.30728000e-02  7.00000041e-01  2.30728000e-02  0.00000000e+00 
 2.30828000e-02  7.09337005e-01  2.30828000e-02  7.00000041e-01  2.30828000e-02  0.00000000e+00 
 2.30928000e-02  7.09314323e-01  2.30928000e-02  7.00000041e-01  2.30928000e-02  0.00000000e+00 
 2.31028000e-02  7.09291274e-01  2.31028000e-02  7.00000041e-01  2.31028000e-02  0.00000000e+00 
 2.31128000e-02  7.09267858e-01  2.31128000e-02  7.00000041e-01  2.31128000e-02  0.00000000e+00 
 2.31228000e-02  7.09244076e-01  2.31228000e-02  7.00000041e-01  2.31228000e-02  0.00000000e+00 
 2.31328000e-02  7.09219930e-01  2.31328000e-02  7.00000041e-01  2.31328000e-02  0.00000000e+00 
 2.31428000e-02  7.09195419e-01  2.31428000e-02  7.00000041e-01  2.31428000e-02  0.00000000e+00 
 2.31528000e-02  7.09170545e-01  2.31528000e-02  7.00000041e-01  2.31528000e-02  0.00000000e+00 
 2.31628000e-02  7.09145309e-01  2.31628000e-02  7.00000041e-01  2.31628000e-02  0.00000000e+00 
 2.31728000e-02  7.09119712e-01  2.31728000e-02  7.00000041e-01  2.31728000e-02  0.00000000e+00 
 2.31828000e-02  7.09093756e-01  2.31828000e-02  7.00000041e-01  2.31828000e-02  0.00000000e+00 
 2.31928000e-02  7.09067440e-01  2.31928000e-02  7.00000041e-01  2.31928000e-02  0.00000000e+00 
 2.32028000e-02  7.09040766e-01  2.32028000e-02  7.00000041e-01  2.32028000e-02  0.00000000e+00 
 2.32128000e-02  7.09013735e-01  2.32128000e-02  7.00000041e-01  2.32128000e-02  0.00000000e+00 
 2.32228000e-02  7.08986348e-01  2.32228000e-02  7.00000041e-01  2.32228000e-02  0.00000000e+00 
 2.32328000e-02  7.08958607e-01  2.32328000e-02  7.00000041e-01  2.32328000e-02  0.00000000e+00 
 2.32428000e-02  7.08930512e-01  2.32428000e-02  7.00000041e-01  2.32428000e-02  0.00000000e+00 
 2.32528000e-02  7.08902064e-01  2.32528000e-02  7.00000041e-01  2.32528000e-02  0.00000000e+00 
 2.32628000e-02  7.08873265e-01  2.32628000e-02  7.00000041e-01  2.32628000e-02  0.00000000e+00 
 2.32728000e-02  7.08844116e-01  2.32728000e-02  7.00000041e-01  2.32728000e-02  0.00000000e+00 
 2.32828000e-02  7.08814618e-01  2.32828000e-02  7.00000041e-01  2.32828000e-02  0.00000000e+00 
 2.32928000e-02  7.08784771e-01  2.32928000e-02  7.00000041e-01  2.32928000e-02  0.00000000e+00 
 2.33028000e-02  7.08754578e-01  2.33028000e-02  7.00000041e-01  2.33028000e-02  0.00000000e+00 
 2.33128000e-02  7.08724039e-01  2.33128000e-02  7.00000041e-01  2.33128000e-02  0.00000000e+00 
 2.33228000e-02  7.08693156e-01  2.33228000e-02  7.00000041e-01  2.33228000e-02  0.00000000e+00 
 2.33328000e-02  7.08661929e-01  2.33328000e-02  7.00000041e-01  2.33328000e-02  0.00000000e+00 
 2.33428000e-02  7.08630361e-01  2.33428000e-02  7.00000041e-01  2.33428000e-02  0.00000000e+00 
 2.33528000e-02  7.08598451e-01  2.33528000e-02  7.00000041e-01  2.33528000e-02  0.00000000e+00 
 2.33628000e-02  7.08566203e-01  2.33628000e-02  7.00000041e-01  2.33628000e-02  0.00000000e+00 
 2.33728000e-02  7.08533616e-01  2.33728000e-02  7.00000041e-01  2.33728000e-02  0.00000000e+00 
 2.33828000e-02  7.08500692e-01  2.33828000e-02  7.00000041e-01  2.33828000e-02  0.00000000e+00 
 2.33928000e-02  7.08467433e-01  2.33928000e-02  7.00000041e-01  2.33928000e-02  0.00000000e+00 
 2.34028000e-02  7.08433839e-01  2.34028000e-02  7.00000041e-01  2.34028000e-02  0.00000000e+00 
 2.34128000e-02  7.08399913e-01  2.34128000e-02  7.00000041e-01  2.34128000e-02  0.00000000e+00 
 2.34228000e-02  7.08365655e-01  2.34228000e-02  7.00000041e-01  2.34228000e-02  0.00000000e+00 
 2.34328000e-02  7.08331066e-01  2.34328000e-02  7.00000041e-01  2.34328000e-02  0.00000000e+00 
 2.34428000e-02  7.08296149e-01  2.34428000e-02  7.00000041e-01  2.34428000e-02  0.00000000e+00 
 2.34528000e-02  7.08260904e-01  2.34528000e-02  7.00000041e-01  2.34528000e-02  0.00000000e+00 
 2.34628000e-02  7.08225333e-01  2.34628000e-02  7.00000041e-01  2.34628000e-02  0.00000000e+00 
 2.34728000e-02  7.08189438e-01  2.34728000e-02  7.00000041e-01  2.34728000e-02  0.00000000e+00 
 2.34828000e-02  7.08153219e-01  2.34828000e-02  7.00000041e-01  2.34828000e-02  0.00000000e+00 
 2.34928000e-02  7.08116678e-01  2.34928000e-02  7.00000041e-01  2.34928000e-02  0.00000000e+00 
 2.35028000e-02  7.08079817e-01  2.35028000e-02  7.00000041e-01  2.35028000e-02  0.00000000e+00 
 2.35128000e-02  7.08042636e-01  2.35128000e-02  7.00000041e-01  2.35128000e-02  0.00000000e+00 
 2.35228000e-02  7.08005139e-01  2.35228000e-02  7.00000041e-01  2.35228000e-02  0.00000000e+00 
 2.35328000e-02  7.07967325e-01  2.35328000e-02  7.00000041e-01  2.35328000e-02  0.00000000e+00 
 2.35428000e-02  7.07929196e-01  2.35428000e-02  7.00000041e-01  2.35428000e-02  0.00000000e+00 
 2.35528000e-02  7.07890755e-01  2.35528000e-02  7.00000041e-01  2.35528000e-02  0.00000000e+00 
 2.35628000e-02  7.07852002e-01  2.35628000e-02  7.00000041e-01  2.35628000e-02  0.00000000e+00 
 2.35728000e-02  7.07812939e-01  2.35728000e-02  7.00000041e-01  2.35728000e-02  0.00000000e+00 
 2.35828000e-02  7.07773568e-01  2.35828000e-02  7.00000041e-01  2.35828000e-02  0.00000000e+00 
 2.35928000e-02  7.07733890e-01  2.35928000e-02  7.00000041e-01  2.35928000e-02  0.00000000e+00 
 2.36028000e-02  7.07693906e-01  2.36028000e-02  7.00000041e-01  2.36028000e-02  0.00000000e+00 
 2.36128000e-02  7.07653619e-01  2.36128000e-02  7.00000041e-01  2.36128000e-02  0.00000000e+00 
 2.36228000e-02  7.07613030e-01  2.36228000e-02  7.00000041e-01  2.36228000e-02  0.00000000e+00 
 2.36328000e-02  7.07572140e-01  2.36328000e-02  7.00000041e-01  2.36328000e-02  0.00000000e+00 
 2.36428000e-02  7.07530951e-01  2.36428000e-02  7.00000041e-01  2.36428000e-02  0.00000000e+00 
 2.36528000e-02  7.07489465e-01  2.36528000e-02  7.00000041e-01  2.36528000e-02  0.00000000e+00 
 2.36628000e-02  7.07447683e-01  2.36628000e-02  7.00000041e-01  2.36628000e-02  0.00000000e+00 
 2.36728000e-02  7.07405607e-01  2.36728000e-02  7.00000041e-01  2.36728000e-02  0.00000000e+00 
 2.36828000e-02  7.07363239e-01  2.36828000e-02  7.00000041e-01  2.36828000e-02  0.00000000e+00 
 2.36928000e-02  7.07320580e-01  2.36928000e-02  7.00000041e-01  2.36928000e-02  0.00000000e+00 
 2.37028000e-02  7.07277632e-01  2.37028000e-02  7.00000041e-01  2.37028000e-02  0.00000000e+00 
 2.37128000e-02  7.07234397e-01  2.37128000e-02  7.00000041e-01  2.37128000e-02  0.00000000e+00 
 2.37228000e-02  7.07190876e-01  2.37228000e-02  7.00000041e-01  2.37228000e-02  0.00000000e+00 
 2.37328000e-02  7.07147071e-01  2.37328000e-02  7.00000041e-01  2.37328000e-02  0.00000000e+00 
 2.37428000e-02  7.07102984e-01  2.37428000e-02  7.00000041e-01  2.37428000e-02  0.00000000e+00 
 2.37528000e-02  7.07058617e-01  2.37528000e-02  7.00000041e-01  2.37528000e-02  0.00000000e+00 
 2.37628000e-02  7.07013971e-01  2.37628000e-02  7.00000041e-01  2.37628000e-02  0.00000000e+00 
 2.37728000e-02  7.06969048e-01  2.37728000e-02  7.00000041e-01  2.37728000e-02  0.00000000e+00 
 2.37828000e-02  7.06923850e-01  2.37828000e-02  7.00000041e-01  2.37828000e-02  0.00000000e+00 
 2.37928000e-02  7.06878379e-01  2.37928000e-02  7.00000041e-01  2.37928000e-02  0.00000000e+00 
 2.38028000e-02  7.06832636e-01  2.38028000e-02  7.00000041e-01  2.38028000e-02  0.00000000e+00 
 2.38128000e-02  7.06786623e-01  2.38128000e-02  7.00000041e-01  2.38128000e-02  0.00000000e+00 
 2.38228000e-02  7.06740343e-01  2.38228000e-02  7.00000041e-01  2.38228000e-02  0.00000000e+00 
 2.38328000e-02  7.06693796e-01  2.38328000e-02  7.00000041e-01  2.38328000e-02  0.00000000e+00 
 2.38428000e-02  7.06646985e-01  2.38428000e-02  7.00000041e-01  2.38428000e-02  0.00000000e+00 
 2.38528000e-02  7.06599912e-01  2.38528000e-02  7.00000041e-01  2.38528000e-02  0.00000000e+00 
 2.38628000e-02  7.06552578e-01  2.38628000e-02  7.00000041e-01  2.38628000e-02  0.00000000e+00 
 2.38728000e-02  7.06504985e-01  2.38728000e-02  7.00000041e-01  2.38728000e-02  0.00000000e+00 
 2.38828000e-02  7.06457136e-01  2.38828000e-02  7.00000041e-01  2.38828000e-02  0.00000000e+00 
 2.38928000e-02  7.06409032e-01  2.38928000e-02  7.00000041e-01  2.38928000e-02  0.00000000e+00 
 2.39028000e-02  7.06360674e-01  2.39028000e-02  7.00000041e-01  2.39028000e-02  0.00000000e+00 
 2.39128000e-02  7.06312066e-01  2.39128000e-02  7.00000041e-01  2.39128000e-02  0.00000000e+00 
 2.39228000e-02  7.06263208e-01  2.39228000e-02  7.00000041e-01  2.39228000e-02  0.00000000e+00 
 2.39328000e-02  7.06214104e-01  2.39328000e-02  7.00000041e-01  2.39328000e-02  0.00000000e+00 
 2.39428000e-02  7.06164753e-01  2.39428000e-02  7.00000041e-01  2.39428000e-02  0.00000000e+00 
 2.39528000e-02  7.06115160e-01  2.39528000e-02  7.00000041e-01  2.39528000e-02  0.00000000e+00 
 2.39628000e-02  7.06065325e-01  2.39628000e-02  7.00000041e-01  2.39628000e-02  0.00000000e+00 
 2.39728000e-02  7.06015251e-01  2.39728000e-02  7.00000041e-01  2.39728000e-02  0.00000000e+00 
 2.39828000e-02  7.05964939e-01  2.39828000e-02  7.00000041e-01  2.39828000e-02  0.00000000e+00 
 2.39928000e-02  7.05914391e-01  2.39928000e-02  7.00000041e-01  2.39928000e-02  0.00000000e+00 
 2.40028000e-02  7.05863610e-01  2.40028000e-02  7.00000041e-01  2.40028000e-02  0.00000000e+00 
 2.40128000e-02  7.05812598e-01  2.40128000e-02  7.00000041e-01  2.40128000e-02  0.00000000e+00 
 2.40228000e-02  7.05761356e-01  2.40228000e-02  7.00000041e-01  2.40228000e-02  0.00000000e+00 
 2.40328000e-02  7.05709887e-01  2.40328000e-02  7.00000041e-01  2.40328000e-02  0.00000000e+00 
 2.40428000e-02  7.05658192e-01  2.40428000e-02  7.00000041e-01  2.40428000e-02  0.00000000e+00 
 2.40528000e-02  7.05606274e-01  2.40528000e-02  7.00000041e-01  2.40528000e-02  0.00000000e+00 
 2.40628000e-02  7.05554135e-01  2.40628000e-02  7.00000041e-01  2.40628000e-02  0.00000000e+00 
 2.40728000e-02  7.05501776e-01  2.40728000e-02  7.00000041e-01  2.40728000e-02  0.00000000e+00 
 2.40828000e-02  7.05449200e-01  2.40828000e-02  7.00000041e-01  2.40828000e-02  0.00000000e+00 
 2.40928000e-02  7.05396409e-01  2.40928000e-02  7.00000041e-01  2.40928000e-02  0.00000000e+00 
 2.41028000e-02  7.05343405e-01  2.41028000e-02  7.00000041e-01  2.41028000e-02  0.00000000e+00 
 2.41128000e-02  7.05290191e-01  2.41128000e-02  7.00000041e-01  2.41128000e-02  0.00000000e+00 
 2.41228000e-02  7.05236767e-01  2.41228000e-02  7.00000041e-01  2.41228000e-02  0.00000000e+00 
 2.41328000e-02  7.05183136e-01  2.41328000e-02  7.00000041e-01  2.41328000e-02  0.00000000e+00 
 2.41428000e-02  7.05129301e-01  2.41428000e-02  7.00000041e-01  2.41428000e-02  0.00000000e+00 
 2.41528000e-02  7.05075263e-01  2.41528000e-02  7.00000041e-01  2.41528000e-02  0.00000000e+00 
 2.41628000e-02  7.05021025e-01  2.41628000e-02  7.00000041e-01  2.41628000e-02  0.00000000e+00 
 2.41728000e-02  7.04966589e-01  2.41728000e-02  7.00000041e-01  2.41728000e-02  0.00000000e+00 
 2.41828000e-02  7.04911957e-01  2.41828000e-02  7.00000041e-01  2.41828000e-02  0.00000000e+00 
 2.41928000e-02  7.04857130e-01  2.41928000e-02  7.00000041e-01  2.41928000e-02  0.00000000e+00 
 2.42028000e-02  7.04802113e-01  2.42028000e-02  7.00000041e-01  2.42028000e-02  0.00000000e+00 
 2.42128000e-02  7.04746905e-01  2.42128000e-02  7.00000041e-01  2.42128000e-02  0.00000000e+00 
 2.42228000e-02  7.04691510e-01  2.42228000e-02  7.00000041e-01  2.42228000e-02  0.00000000e+00 
 2.42328000e-02  7.04635930e-01  2.42328000e-02  7.00000041e-01  2.42328000e-02  0.00000000e+00 
 2.42428000e-02  7.04580167e-01  2.42428000e-02  7.00000041e-01  2.42428000e-02  0.00000000e+00 
 2.42528000e-02  7.04524223e-01  2.42528000e-02  7.00000041e-01  2.42528000e-02  0.00000000e+00 
 2.42628000e-02  7.04468100e-01  2.42628000e-02  7.00000041e-01  2.42628000e-02  0.00000000e+00 
 2.42728000e-02  7.04411801e-01  2.42728000e-02  7.00000041e-01  2.42728000e-02  0.00000000e+00 
 2.42828000e-02  7.04355328e-01  2.42828000e-02  7.00000041e-01  2.42828000e-02  0.00000000e+00 
 2.42928000e-02  7.04298683e-01  2.42928000e-02  7.00000041e-01  2.42928000e-02  0.00000000e+00 
 2.43028000e-02  7.04241868e-01  2.43028000e-02  7.00000041e-01  2.43028000e-02  0.00000000e+00 
 2.43128000e-02  7.04184885e-01  2.43128000e-02  7.00000041e-01  2.43128000e-02  0.00000000e+00 
 2.43228000e-02  7.04127738e-01  2.43228000e-02  7.00000041e-01  2.43228000e-02  0.00000000e+00 
 2.43328000e-02  7.04070428e-01  2.43328000e-02  7.00000041e-01  2.43328000e-02  0.00000000e+00 
 2.43428000e-02  7.04012956e-01  2.43428000e-02  7.00000041e-01  2.43428000e-02  0.00000000e+00 
 2.43528000e-02  7.03955327e-01  2.43528000e-02  7.00000041e-01  2.43528000e-02  0.00000000e+00 
 2.43628000e-02  7.03897541e-01  2.43628000e-02  7.00000041e-01  2.43628000e-02  0.00000000e+00 
 2.43728000e-02  7.03839601e-01  2.43728000e-02  7.00000041e-01  2.43728000e-02  0.00000000e+00 
 2.43828000e-02  7.03781510e-01  2.43828000e-02  7.00000041e-01  2.43828000e-02  0.00000000e+00 
 2.43928000e-02  7.03723270e-01  2.43928000e-02  7.00000041e-01  2.43928000e-02  0.00000000e+00 
 2.44028000e-02  7.03664882e-01  2.44028000e-02  7.00000041e-01  2.44028000e-02  0.00000000e+00 
 2.44128000e-02  7.03606350e-01  2.44128000e-02  7.00000041e-01  2.44128000e-02  0.00000000e+00 
 2.44228000e-02  7.03547676e-01  2.44228000e-02  7.00000041e-01  2.44228000e-02  0.00000000e+00 
 2.44328000e-02  7.03488861e-01  2.44328000e-02  7.00000041e-01  2.44328000e-02  0.00000000e+00 
 2.44428000e-02  7.03429909e-01  2.44428000e-02  7.00000041e-01  2.44428000e-02  0.00000000e+00 
 2.44528000e-02  7.03370821e-01  2.44528000e-02  7.00000041e-01  2.44528000e-02  0.00000000e+00 
 2.44628000e-02  7.03311600e-01  2.44628000e-02  7.00000041e-01  2.44628000e-02  0.00000000e+00 
 2.44728000e-02  7.03252249e-01  2.44728000e-02  7.00000041e-01  2.44728000e-02  0.00000000e+00 
 2.44828000e-02  7.03192769e-01  2.44828000e-02  7.00000041e-01  2.44828000e-02  0.00000000e+00 
 2.44928000e-02  7.03133163e-01  2.44928000e-02  7.00000041e-01  2.44928000e-02  0.00000000e+00 
 2.45028000e-02  7.03073433e-01  2.45028000e-02  7.00000041e-01  2.45028000e-02  0.00000000e+00 
 2.45128000e-02  7.03013582e-01  2.45128000e-02  7.00000041e-01  2.45128000e-02  0.00000000e+00 
 2.45228000e-02  7.02953612e-01  2.45228000e-02  7.00000041e-01  2.45228000e-02  0.00000000e+00 
 2.45328000e-02  7.02893526e-01  2.45328000e-02  7.00000041e-01  2.45328000e-02  0.00000000e+00 
 2.45428000e-02  7.02833325e-01  2.45428000e-02  7.00000041e-01  2.45428000e-02  0.00000000e+00 
 2.45528000e-02  7.02773012e-01  2.45528000e-02  7.00000041e-01  2.45528000e-02  0.00000000e+00 
 2.45628000e-02  7.02712590e-01  2.45628000e-02  7.00000041e-01  2.45628000e-02  0.00000000e+00 
 2.45728000e-02  7.02652061e-01  2.45728000e-02  7.00000041e-01  2.45728000e-02  0.00000000e+00 
 2.45828000e-02  7.02591427e-01  2.45828000e-02  7.00000041e-01  2.45828000e-02  0.00000000e+00 
 2.45928000e-02  7.02530691e-01  2.45928000e-02  7.00000041e-01  2.45928000e-02  0.00000000e+00 
 2.46028000e-02  7.02469855e-01  2.46028000e-02  7.00000041e-01  2.46028000e-02  0.00000000e+00 
 2.46128000e-02  7.02408921e-01  2.46128000e-02  7.00000041e-01  2.46128000e-02  0.00000000e+00 
 2.46228000e-02  7.02347892e-01  2.46228000e-02  7.00000041e-01  2.46228000e-02  0.00000000e+00 
 2.46328000e-02  7.02286771e-01  2.46328000e-02  7.00000041e-01  2.46328000e-02  0.00000000e+00 
 2.46428000e-02  7.02225559e-01  2.46428000e-02  7.00000041e-01  2.46428000e-02  0.00000000e+00 
 2.46528000e-02  7.02164260e-01  2.46528000e-02  7.00000041e-01  2.46528000e-02  0.00000000e+00 
 2.46628000e-02  7.02102875e-01  2.46628000e-02  7.00000041e-01  2.46628000e-02  0.00000000e+00 
 2.46728000e-02  7.02041407e-01  2.46728000e-02  7.00000041e-01  2.46728000e-02  0.00000000e+00 
 2.46828000e-02  7.01979858e-01  2.46828000e-02  7.00000041e-01  2.46828000e-02  0.00000000e+00 
 2.46928000e-02  7.01918231e-01  2.46928000e-02  7.00000041e-01  2.46928000e-02  0.00000000e+00 
 2.47028000e-02  7.01856529e-01  2.47028000e-02  7.00000041e-01  2.47028000e-02  0.00000000e+00 
 2.47128000e-02  7.01794753e-01  2.47128000e-02  7.00000041e-01  2.47128000e-02  0.00000000e+00 
 2.47228000e-02  7.01732907e-01  2.47228000e-02  7.00000041e-01  2.47228000e-02  0.00000000e+00 
 2.47328000e-02  7.01670991e-01  2.47328000e-02  7.00000041e-01  2.47328000e-02  0.00000000e+00 
 2.47428000e-02  7.01609010e-01  2.47428000e-02  7.00000041e-01  2.47428000e-02  0.00000000e+00 
 2.47528000e-02  7.01546966e-01  2.47528000e-02  7.00000041e-01  2.47528000e-02  0.00000000e+00 
 2.47628000e-02  7.01484860e-01  2.47628000e-02  7.00000041e-01  2.47628000e-02  0.00000000e+00 
 2.47728000e-02  7.01422696e-01  2.47728000e-02  7.00000041e-01  2.47728000e-02  0.00000000e+00 
 2.47828000e-02  7.01360476e-01  2.47828000e-02  7.00000041e-01  2.47828000e-02  0.00000000e+00 
 2.47928000e-02  7.01298202e-01  2.47928000e-02  7.00000041e-01  2.47928000e-02  0.00000000e+00 
 2.48028000e-02  7.01235876e-01  2.48028000e-02  7.00000041e-01  2.48028000e-02  0.00000000e+00 
 2.48128000e-02  7.01173502e-01  2.48128000e-02  7.00000041e-01  2.48128000e-02  0.00000000e+00 
 2.48228000e-02  7.01111082e-01  2.48228000e-02  7.00000041e-01  2.48228000e-02  0.00000000e+00 
 2.48328000e-02  7.01048617e-01  2.48328000e-02  7.00000041e-01  2.48328000e-02  0.00000000e+00 
 2.48428000e-02  7.00986112e-01  2.48428000e-02  7.00000041e-01  2.48428000e-02  0.00000000e+00 
 2.48528000e-02  7.00923567e-01  2.48528000e-02  7.00000041e-01  2.48528000e-02  0.00000000e+00 
 2.48628000e-02  7.00860986e-01  2.48628000e-02  7.00000041e-01  2.48628000e-02  0.00000000e+00 
 2.48728000e-02  7.00798371e-01  2.48728000e-02  7.00000041e-01  2.48728000e-02  0.00000000e+00 
 2.48828000e-02  7.00735724e-01  2.48828000e-02  7.00000041e-01  2.48828000e-02  0.00000000e+00 
 2.48928000e-02  7.00673048e-01  2.48928000e-02  7.00000041e-01  2.48928000e-02  0.00000000e+00 
 2.49028000e-02  7.00610346e-01  2.49028000e-02  7.00000041e-01  2.49028000e-02  0.00000000e+00 
 2.49128000e-02  7.00547620e-01  2.49128000e-02  7.00000041e-01  2.49128000e-02  0.00000000e+00 
 2.49228000e-02  7.00484872e-01  2.49228000e-02  7.00000041e-01  2.49228000e-02  0.00000000e+00 
 2.49328000e-02  7.00422105e-01  2.49328000e-02  7.00000041e-01  2.49328000e-02  0.00000000e+00 
 2.49428000e-02  7.00359321e-01  2.49428000e-02  7.00000041e-01  2.49428000e-02  0.00000000e+00 
 2.49528000e-02  7.00296523e-01  2.49528000e-02  7.00000041e-01  2.49528000e-02  0.00000000e+00 
 2.49628000e-02  7.00233713e-01  2.49628000e-02  7.00000041e-01  2.49628000e-02  0.00000000e+00 
 2.49728000e-02  7.00170894e-01  2.49728000e-02  7.00000041e-01  2.49728000e-02  0.00000000e+00 
 2.49828000e-02  7.00108069e-01  2.49828000e-02  7.00000041e-01  2.49828000e-02  0.00000000e+00 
 2.49928000e-02  7.00045239e-01  2.49928000e-02  7.00000041e-01  2.49928000e-02  0.00000000e+00 
 2.50028000e-02  6.99982407e-01  2.50028000e-02  7.00000041e-01  2.50028000e-02  0.00000000e+00 
 2.50128000e-02  6.99919576e-01  2.50128000e-02  7.00000041e-01  2.50128000e-02  0.00000000e+00 
 2.50228000e-02  6.99856748e-01  2.50228000e-02  7.00000041e-01  2.50228000e-02  0.00000000e+00 
 2.50328000e-02  6.99793926e-01  2.50328000e-02  7.00000041e-01  2.50328000e-02  0.00000000e+00 
 2.50428000e-02  6.99731112e-01  2.50428000e-02  7.00000041e-01  2.50428000e-02  0.00000000e+00 
 2.50528000e-02  6.99668309e-01  2.50528000e-02  7.00000041e-01  2.50528000e-02  0.00000000e+00 
 2.50628000e-02  6.99605518e-01  2.50628000e-02  7.00000041e-01  2.50628000e-02  0.00000000e+00 
 2.50728000e-02  6.99542744e-01  2.50728000e-02  7.00000041e-01  2.50728000e-02  0.00000000e+00 
 2.50828000e-02  6.99479987e-01  2.50828000e-02  7.00000041e-01  2.50828000e-02  0.00000000e+00 
 2.50928000e-02  6.99417251e-01  2.50928000e-02  7.00000041e-01  2.50928000e-02  0.00000000e+00 
 2.51028000e-02  6.99354538e-01  2.51028000e-02  7.00000041e-01  2.51028000e-02  0.00000000e+00 
 2.51128000e-02  6.99291850e-01  2.51128000e-02  7.00000041e-01  2.51128000e-02  0.00000000e+00 
 2.51228000e-02  6.99229190e-01  2.51228000e-02  7.00000041e-01  2.51228000e-02  0.00000000e+00 
 2.51328000e-02  6.99166561e-01  2.51328000e-02  7.00000041e-01  2.51328000e-02  0.00000000e+00 
 2.51428000e-02  6.99103965e-01  2.51428000e-02  7.00000041e-01  2.51428000e-02  0.00000000e+00 
 2.51528000e-02  6.99041403e-01  2.51528000e-02  7.00000041e-01  2.51528000e-02  0.00000000e+00 
 2.51628000e-02  6.98978880e-01  2.51628000e-02  7.00000041e-01  2.51628000e-02  0.00000000e+00 
 2.51728000e-02  6.98916397e-01  2.51728000e-02  7.00000041e-01  2.51728000e-02  0.00000000e+00 
 2.51828000e-02  6.98853957e-01  2.51828000e-02  7.00000041e-01  2.51828000e-02  0.00000000e+00 
 2.51928000e-02  6.98791563e-01  2.51928000e-02  7.00000041e-01  2.51928000e-02  0.00000000e+00 
 2.52028000e-02  6.98729215e-01  2.52028000e-02  7.00000041e-01  2.52028000e-02  0.00000000e+00 
 2.52128000e-02  6.98666918e-01  2.52128000e-02  7.00000041e-01  2.52128000e-02  0.00000000e+00 
 2.52228000e-02  6.98604674e-01  2.52228000e-02  7.00000041e-01  2.52228000e-02  0.00000000e+00 
 2.52328000e-02  6.98542485e-01  2.52328000e-02  7.00000041e-01  2.52328000e-02  0.00000000e+00 
 2.52428000e-02  6.98480353e-01  2.52428000e-02  7.00000041e-01  2.52428000e-02  0.00000000e+00 
 2.52528000e-02  6.98418281e-01  2.52528000e-02  7.00000041e-01  2.52528000e-02  0.00000000e+00 
 2.52628000e-02  6.98356272e-01  2.52628000e-02  7.00000041e-01  2.52628000e-02  0.00000000e+00 
 2.52728000e-02  6.98294328e-01  2.52728000e-02  7.00000041e-01  2.52728000e-02  0.00000000e+00 
 2.52828000e-02  6.98232451e-01  2.52828000e-02  7.00000041e-01  2.52828000e-02  0.00000000e+00 
 2.52928000e-02  6.98170644e-01  2.52928000e-02  7.00000041e-01  2.52928000e-02  0.00000000e+00 
 2.53028000e-02  6.98108908e-01  2.53028000e-02  7.00000041e-01  2.53028000e-02  0.00000000e+00 
 2.53128000e-02  6.98047248e-01  2.53128000e-02  7.00000041e-01  2.53128000e-02  0.00000000e+00 
 2.53228000e-02  6.97985665e-01  2.53228000e-02  7.00000041e-01  2.53228000e-02  0.00000000e+00 
 2.53328000e-02  6.97924161e-01  2.53328000e-02  7.00000041e-01  2.53328000e-02  0.00000000e+00 
 2.53428000e-02  6.97862739e-01  2.53428000e-02  7.00000041e-01  2.53428000e-02  0.00000000e+00 
 2.53528000e-02  6.97801402e-01  2.53528000e-02  7.00000041e-01  2.53528000e-02  0.00000000e+00 
 2.53628000e-02  6.97740151e-01  2.53628000e-02  7.00000041e-01  2.53628000e-02  0.00000000e+00 
 2.53728000e-02  6.97678990e-01  2.53728000e-02  7.00000041e-01  2.53728000e-02  0.00000000e+00 
 2.53828000e-02  6.97617920e-01  2.53828000e-02  7.00000041e-01  2.53828000e-02  0.00000000e+00 
 2.53928000e-02  6.97556944e-01  2.53928000e-02  7.00000041e-01  2.53928000e-02  0.00000000e+00 
 2.54028000e-02  6.97496065e-01  2.54028000e-02  7.00000041e-01  2.54028000e-02  0.00000000e+00 
 2.54128000e-02  6.97435284e-01  2.54128000e-02  7.00000041e-01  2.54128000e-02  0.00000000e+00 
 2.54228000e-02  6.97374605e-01  2.54228000e-02  7.00000041e-01  2.54228000e-02  0.00000000e+00 
 2.54328000e-02  6.97314030e-01  2.54328000e-02  7.00000041e-01  2.54328000e-02  0.00000000e+00 
 2.54428000e-02  6.97253560e-01  2.54428000e-02  7.00000041e-01  2.54428000e-02  0.00000000e+00 
 2.54528000e-02  6.97193199e-01  2.54528000e-02  7.00000041e-01  2.54528000e-02  0.00000000e+00 
 2.54628000e-02  6.97132949e-01  2.54628000e-02  7.00000041e-01  2.54628000e-02  0.00000000e+00 
 2.54728000e-02  6.97072811e-01  2.54728000e-02  7.00000041e-01  2.54728000e-02  0.00000000e+00 
 2.54828000e-02  6.97012790e-01  2.54828000e-02  7.00000041e-01  2.54828000e-02  0.00000000e+00 
 2.54928000e-02  6.96952886e-01  2.54928000e-02  7.00000041e-01  2.54928000e-02  0.00000000e+00 
 2.55028000e-02  6.96893103e-01  2.55028000e-02  7.00000041e-01  2.55028000e-02  0.00000000e+00 
 2.55128000e-02  6.96833442e-01  2.55128000e-02  7.00000041e-01  2.55128000e-02  0.00000000e+00 
 2.55228000e-02  6.96773907e-01  2.55228000e-02  7.00000041e-01  2.55228000e-02  0.00000000e+00 
 2.55328000e-02  6.96714498e-01  2.55328000e-02  7.00000041e-01  2.55328000e-02  0.00000000e+00 
 2.55428000e-02  6.96655220e-01  2.55428000e-02  7.00000041e-01  2.55428000e-02  0.00000000e+00 
 2.55528000e-02  6.96596073e-01  2.55528000e-02  7.00000041e-01  2.55528000e-02  0.00000000e+00 
 2.55628000e-02  6.96537061e-01  2.55628000e-02  7.00000041e-01  2.55628000e-02  0.00000000e+00 
 2.55728000e-02  6.96478186e-01  2.55728000e-02  7.00000041e-01  2.55728000e-02  0.00000000e+00 
 2.55828000e-02  6.96419449e-01  2.55828000e-02  7.00000041e-01  2.55828000e-02  0.00000000e+00 
 2.55928000e-02  6.96360854e-01  2.55928000e-02  7.00000041e-01  2.55928000e-02  0.00000000e+00 
 2.56028000e-02  6.96302403e-01  2.56028000e-02  7.00000041e-01  2.56028000e-02  0.00000000e+00 
 2.56128000e-02  6.96244097e-01  2.56128000e-02  7.00000041e-01  2.56128000e-02  0.00000000e+00 
 2.56228000e-02  6.96185940e-01  2.56228000e-02  7.00000041e-01  2.56228000e-02  0.00000000e+00 
 2.56328000e-02  6.96127934e-01  2.56328000e-02  7.00000041e-01  2.56328000e-02  0.00000000e+00 
 2.56428000e-02  6.96070080e-01  2.56428000e-02  7.00000041e-01  2.56428000e-02  0.00000000e+00 
 2.56528000e-02  6.96012381e-01  2.56528000e-02  7.00000041e-01  2.56528000e-02  0.00000000e+00 
 2.56628000e-02  6.95954840e-01  2.56628000e-02  7.00000041e-01  2.56628000e-02  0.00000000e+00 
 2.56728000e-02  6.95897459e-01  2.56728000e-02  7.00000041e-01  2.56728000e-02  0.00000000e+00 
 2.56828000e-02  6.95840239e-01  2.56828000e-02  7.00000041e-01  2.56828000e-02  0.00000000e+00 
 2.56928000e-02  6.95783184e-01  2.56928000e-02  7.00000041e-01  2.56928000e-02  0.00000000e+00 
 2.57028000e-02  6.95726295e-01  2.57028000e-02  7.00000041e-01  2.57028000e-02  0.00000000e+00 
 2.57128000e-02  6.95669575e-01  2.57128000e-02  7.00000041e-01  2.57128000e-02  0.00000000e+00 
 2.57228000e-02  6.95613026e-01  2.57228000e-02  7.00000041e-01  2.57228000e-02  0.00000000e+00 
 2.57328000e-02  6.95556650e-01  2.57328000e-02  7.00000041e-01  2.57328000e-02  0.00000000e+00 
 2.57428000e-02  6.95500450e-01  2.57428000e-02  7.00000041e-01  2.57428000e-02  0.00000000e+00 
 2.57528000e-02  6.95444427e-01  2.57528000e-02  7.00000041e-01  2.57528000e-02  0.00000000e+00 
 2.57628000e-02  6.95388584e-01  2.57628000e-02  7.00000041e-01  2.57628000e-02  0.00000000e+00 
 2.57728000e-02  6.95332923e-01  2.57728000e-02  7.00000041e-01  2.57728000e-02  0.00000000e+00 
 2.57828000e-02  6.95277446e-01  2.57828000e-02  7.00000041e-01  2.57828000e-02  0.00000000e+00 
 2.57928000e-02  6.95222156e-01  2.57928000e-02  7.00000041e-01  2.57928000e-02  0.00000000e+00 
 2.58028000e-02  6.95167054e-01  2.58028000e-02  7.00000041e-01  2.58028000e-02  0.00000000e+00 
 2.58128000e-02  6.95112143e-01  2.58128000e-02  7.00000041e-01  2.58128000e-02  0.00000000e+00 
 2.58228000e-02  6.95057425e-01  2.58228000e-02  7.00000041e-01  2.58228000e-02  0.00000000e+00 
 2.58328000e-02  6.95002902e-01  2.58328000e-02  7.00000041e-01  2.58328000e-02  0.00000000e+00 
 2.58428000e-02  6.94948577e-01  2.58428000e-02  7.00000041e-01  2.58428000e-02  0.00000000e+00 
 2.58528000e-02  6.94894451e-01  2.58528000e-02  7.00000041e-01  2.58528000e-02  0.00000000e+00 
 2.58628000e-02  6.94840526e-01  2.58628000e-02  7.00000041e-01  2.58628000e-02  0.00000000e+00 
 2.58728000e-02  6.94786805e-01  2.58728000e-02  7.00000041e-01  2.58728000e-02  0.00000000e+00 
 2.58828000e-02  6.94733290e-01  2.58828000e-02  7.00000041e-01  2.58828000e-02  0.00000000e+00 
 2.58928000e-02  6.94679983e-01  2.58928000e-02  7.00000041e-01  2.58928000e-02  0.00000000e+00 
 2.59028000e-02  6.94626886e-01  2.59028000e-02  7.00000041e-01  2.59028000e-02  0.00000000e+00 
 2.59128000e-02  6.94574001e-01  2.59128000e-02  7.00000041e-01  2.59128000e-02  0.00000000e+00 
 2.59228000e-02  6.94521330e-01  2.59228000e-02  7.00000041e-01  2.59228000e-02  0.00000000e+00 
 2.59328000e-02  6.94468876e-01  2.59328000e-02  7.00000041e-01  2.59328000e-02  0.00000000e+00 
 2.59428000e-02  6.94416640e-01  2.59428000e-02  7.00000041e-01  2.59428000e-02  0.00000000e+00 
 2.59528000e-02  6.94364624e-01  2.59528000e-02  7.00000041e-01  2.59528000e-02  0.00000000e+00 
 2.59628000e-02  6.94312831e-01  2.59628000e-02  7.00000041e-01  2.59628000e-02  0.00000000e+00 
 2.59728000e-02  6.94261262e-01  2.59728000e-02  7.00000041e-01  2.59728000e-02  0.00000000e+00 
 2.59828000e-02  6.94209920e-01  2.59828000e-02  7.00000041e-01  2.59828000e-02  0.00000000e+00 
 2.59928000e-02  6.94158807e-01  2.59928000e-02  7.00000041e-01  2.59928000e-02  0.00000000e+00 
 2.60028000e-02  6.94107924e-01  2.60028000e-02  7.00000041e-01  2.60028000e-02  0.00000000e+00 
 2.60128000e-02  6.94057273e-01  2.60128000e-02  7.00000041e-01  2.60128000e-02  0.00000000e+00 
 2.60228000e-02  6.94006858e-01  2.60228000e-02  7.00000041e-01  2.60228000e-02  0.00000000e+00 
 2.60328000e-02  6.93956678e-01  2.60328000e-02  7.00000041e-01  2.60328000e-02  0.00000000e+00 
 2.60428000e-02  6.93906738e-01  2.60428000e-02  7.00000041e-01  2.60428000e-02  0.00000000e+00 
 2.60528000e-02  6.93857038e-01  2.60528000e-02  7.00000041e-01  2.60528000e-02  0.00000000e+00 
 2.60628000e-02  6.93807580e-01  2.60628000e-02  7.00000041e-01  2.60628000e-02  0.00000000e+00 
 2.60728000e-02  6.93758367e-01  2.60728000e-02  7.00000041e-01  2.60728000e-02  0.00000000e+00 
 2.60828000e-02  6.93709401e-01  2.60828000e-02  7.00000041e-01  2.60828000e-02  0.00000000e+00 
 2.60928000e-02  6.93660682e-01  2.60928000e-02  7.00000041e-01  2.60928000e-02  0.00000000e+00 
 2.61028000e-02  6.93612214e-01  2.61028000e-02  7.00000041e-01  2.61028000e-02  0.00000000e+00 
 2.61128000e-02  6.93563999e-01  2.61128000e-02  7.00000041e-01  2.61128000e-02  0.00000000e+00 
 2.61228000e-02  6.93516037e-01  2.61228000e-02  7.00000041e-01  2.61228000e-02  0.00000000e+00 
 2.61328000e-02  6.93468331e-01  2.61328000e-02  7.00000041e-01  2.61328000e-02  0.00000000e+00 
 2.61428000e-02  6.93420883e-01  2.61428000e-02  7.00000041e-01  2.61428000e-02  0.00000000e+00 
 2.61528000e-02  6.93373695e-01  2.61528000e-02  7.00000041e-01  2.61528000e-02  0.00000000e+00 
 2.61628000e-02  6.93326768e-01  2.61628000e-02  7.00000041e-01  2.61628000e-02  0.00000000e+00 
 2.61728000e-02  6.93280105e-01  2.61728000e-02  7.00000041e-01  2.61728000e-02  0.00000000e+00 
 2.61828000e-02  6.93233707e-01  2.61828000e-02  7.00000041e-01  2.61828000e-02  0.00000000e+00 
 2.61928000e-02  6.93187577e-01  2.61928000e-02  7.00000041e-01  2.61928000e-02  0.00000000e+00 
 2.62028000e-02  6.93141715e-01  2.62028000e-02  7.00000041e-01  2.62028000e-02  0.00000000e+00 
 2.62128000e-02  6.93096124e-01  2.62128000e-02  7.00000041e-01  2.62128000e-02  0.00000000e+00 
 2.62228000e-02  6.93050805e-01  2.62228000e-02  7.00000041e-01  2.62228000e-02  0.00000000e+00 
 2.62328000e-02  6.93005761e-01  2.62328000e-02  7.00000041e-01  2.62328000e-02  0.00000000e+00 
 2.62428000e-02  6.92960993e-01  2.62428000e-02  7.00000041e-01  2.62428000e-02  0.00000000e+00 
 2.62528000e-02  6.92916503e-01  2.62528000e-02  7.00000041e-01  2.62528000e-02  0.00000000e+00 
 2.62628000e-02  6.92872293e-01  2.62628000e-02  7.00000041e-01  2.62628000e-02  0.00000000e+00 
 2.62728000e-02  6.92828363e-01  2.62728000e-02  7.00000041e-01  2.62728000e-02  0.00000000e+00 
 2.62828000e-02  6.92784718e-01  2.62828000e-02  7.00000041e-01  2.62828000e-02  0.00000000e+00 
 2.62928000e-02  6.92741356e-01  2.62928000e-02  7.00000041e-01  2.62928000e-02  0.00000000e+00 
 2.63028000e-02  6.92698282e-01  2.63028000e-02  7.00000041e-01  2.63028000e-02  0.00000000e+00 
 2.63128000e-02  6.92655496e-01  2.63128000e-02  7.00000041e-01  2.63128000e-02  0.00000000e+00 
 2.63228000e-02  6.92612999e-01  2.63228000e-02  7.00000041e-01  2.63228000e-02  0.00000000e+00 
 2.63328000e-02  6.92570794e-01  2.63328000e-02  7.00000041e-01  2.63328000e-02  0.00000000e+00 
 2.63428000e-02  6.92528883e-01  2.63428000e-02  7.00000041e-01  2.63428000e-02  0.00000000e+00 
 2.63528000e-02  6.92487267e-01  2.63528000e-02  7.00000041e-01  2.63528000e-02  0.00000000e+00 
 2.63628000e-02  6.92445947e-01  2.63628000e-02  7.00000041e-01  2.63628000e-02  0.00000000e+00 
 2.63728000e-02  6.92404925e-01  2.63728000e-02  7.00000041e-01  2.63728000e-02  0.00000000e+00 
 2.63828000e-02  6.92364203e-01  2.63828000e-02  7.00000041e-01  2.63828000e-02  0.00000000e+00 
 2.63928000e-02  6.92323783e-01  2.63928000e-02  7.00000041e-01  2.63928000e-02  0.00000000e+00 
 2.64028000e-02  6.92283665e-01  2.64028000e-02  7.00000041e-01  2.64028000e-02  0.00000000e+00 
 2.64128000e-02  6.92243853e-01  2.64128000e-02  7.00000041e-01  2.64128000e-02  0.00000000e+00 
 2.64228000e-02  6.92204346e-01  2.64228000e-02  7.00000041e-01  2.64228000e-02  0.00000000e+00 
 2.64328000e-02  6.92165147e-01  2.64328000e-02  7.00000041e-01  2.64328000e-02  0.00000000e+00 
 2.64428000e-02  6.92126258e-01  2.64428000e-02  7.00000041e-01  2.64428000e-02  0.00000000e+00 
 2.64528000e-02  6.92087679e-01  2.64528000e-02  7.00000041e-01  2.64528000e-02  0.00000000e+00 
 2.64628000e-02  6.92049413e-01  2.64628000e-02  7.00000041e-01  2.64628000e-02  0.00000000e+00 
 2.64728000e-02  6.92011461e-01  2.64728000e-02  7.00000041e-01  2.64728000e-02  0.00000000e+00 
 2.64828000e-02  6.91973824e-01  2.64828000e-02  7.00000041e-01  2.64828000e-02  0.00000000e+00 
 2.64928000e-02  6.91936504e-01  2.64928000e-02  7.00000041e-01  2.64928000e-02  0.00000000e+00 
 2.65028000e-02  6.91899502e-01  2.65028000e-02  7.00000041e-01  2.65028000e-02  0.00000000e+00 
 2.65128000e-02  6.91862820e-01  2.65128000e-02  7.00000041e-01  2.65128000e-02  0.00000000e+00 
 2.65228000e-02  6.91826459e-01  2.65228000e-02  7.00000041e-01  2.65228000e-02  0.00000000e+00 
 2.65328000e-02  6.91790421e-01  2.65328000e-02  7.00000041e-01  2.65328000e-02  0.00000000e+00 
 2.65428000e-02  6.91754707e-01  2.65428000e-02  7.00000041e-01  2.65428000e-02  0.00000000e+00 
 2.65528000e-02  6.91719318e-01  2.65528000e-02  7.00000041e-01  2.65528000e-02  0.00000000e+00 
 2.65628000e-02  6.91684257e-01  2.65628000e-02  7.00000041e-01  2.65628000e-02  0.00000000e+00 
 2.65728000e-02  6.91649524e-01  2.65728000e-02  7.00000041e-01  2.65728000e-02  0.00000000e+00 
 2.65828000e-02  6.91615120e-01  2.65828000e-02  7.00000041e-01  2.65828000e-02  0.00000000e+00 
 2.65928000e-02  6.91581047e-01  2.65928000e-02  7.00000041e-01  2.65928000e-02  0.00000000e+00 
 2.66028000e-02  6.91547307e-01  2.66028000e-02  7.00000041e-01  2.66028000e-02  0.00000000e+00 
 2.66128000e-02  6.91513901e-01  2.66128000e-02  7.00000041e-01  2.66128000e-02  0.00000000e+00 
 2.66228000e-02  6.91480829e-01  2.66228000e-02  7.00000041e-01  2.66228000e-02  0.00000000e+00 
 2.66328000e-02  6.91448094e-01  2.66328000e-02  7.00000041e-01  2.66328000e-02  0.00000000e+00 
 2.66428000e-02  6.91415696e-01  2.66428000e-02  7.00000041e-01  2.66428000e-02  0.00000000e+00 
 2.66528000e-02  6.91383638e-01  2.66528000e-02  7.00000041e-01  2.66528000e-02  0.00000000e+00 
 2.66628000e-02  6.91351919e-01  2.66628000e-02  7.00000041e-01  2.66628000e-02  0.00000000e+00 
 2.66728000e-02  6.91320542e-01  2.66728000e-02  7.00000041e-01  2.66728000e-02  0.00000000e+00 
 2.66828000e-02  6.91289507e-01  2.66828000e-02  7.00000041e-01  2.66828000e-02  0.00000000e+00 
 2.66928000e-02  6.91258817e-01  2.66928000e-02  7.00000041e-01  2.66928000e-02  0.00000000e+00 
 2.67028000e-02  6.91228471e-01  2.67028000e-02  7.00000041e-01  2.67028000e-02  0.00000000e+00 
 2.67128000e-02  6.91198472e-01  2.67128000e-02  7.00000041e-01  2.67128000e-02  0.00000000e+00 
 2.67228000e-02  6.91168820e-01  2.67228000e-02  7.00000041e-01  2.67228000e-02  0.00000000e+00 
 2.67328000e-02  6.91139517e-01  2.67328000e-02  7.00000041e-01  2.67328000e-02  0.00000000e+00 
 2.67428000e-02  6.91110564e-01  2.67428000e-02  7.00000041e-01  2.67428000e-02  0.00000000e+00 
 2.67528000e-02  6.91081962e-01  2.67528000e-02  7.00000041e-01  2.67528000e-02  0.00000000e+00 
 2.67628000e-02  6.91053711e-01  2.67628000e-02  7.00000041e-01  2.67628000e-02  0.00000000e+00 
 2.67728000e-02  6.91025814e-01  2.67728000e-02  7.00000041e-01  2.67728000e-02  0.00000000e+00 
 2.67828000e-02  6.90998271e-01  2.67828000e-02  7.00000041e-01  2.67828000e-02  0.00000000e+00 
 2.67928000e-02  6.90971084e-01  2.67928000e-02  7.00000041e-01  2.67928000e-02  0.00000000e+00 
 2.68028000e-02  6.90944253e-01  2.68028000e-02  7.00000041e-01  2.68028000e-02  0.00000000e+00 
 2.68128000e-02  6.90917779e-01  2.68128000e-02  7.00000041e-01  2.68128000e-02  0.00000000e+00 
 2.68228000e-02  6.90891664e-01  2.68228000e-02  7.00000041e-01  2.68228000e-02  0.00000000e+00 
 2.68328000e-02  6.90865909e-01  2.68328000e-02  7.00000041e-01  2.68328000e-02  0.00000000e+00 
 2.68428000e-02  6.90840514e-01  2.68428000e-02  7.00000041e-01  2.68428000e-02  0.00000000e+00 
 2.68528000e-02  6.90815481e-01  2.68528000e-02  7.00000041e-01  2.68528000e-02  0.00000000e+00 
 2.68628000e-02  6.90790810e-01  2.68628000e-02  7.00000041e-01  2.68628000e-02  0.00000000e+00 
 2.68728000e-02  6.90766503e-01  2.68728000e-02  7.00000041e-01  2.68728000e-02  0.00000000e+00 
 2.68828000e-02  6.90742561e-01  2.68828000e-02  7.00000041e-01  2.68828000e-02  0.00000000e+00 
 2.68928000e-02  6.90718984e-01  2.68928000e-02  7.00000041e-01  2.68928000e-02  0.00000000e+00 
 2.69028000e-02  6.90695773e-01  2.69028000e-02  7.00000041e-01  2.69028000e-02  0.00000000e+00 
 2.69128000e-02  6.90672930e-01  2.69128000e-02  7.00000041e-01  2.69128000e-02  0.00000000e+00 
 2.69228000e-02  6.90650455e-01  2.69228000e-02  7.00000041e-01  2.69228000e-02  0.00000000e+00 
 2.69328000e-02  6.90628349e-01  2.69328000e-02  7.00000041e-01  2.69328000e-02  0.00000000e+00 
 2.69428000e-02  6.90606613e-01  2.69428000e-02  7.00000041e-01  2.69428000e-02  0.00000000e+00 
 2.69528000e-02  6.90585247e-01  2.69528000e-02  7.00000041e-01  2.69528000e-02  0.00000000e+00 
 2.69628000e-02  6.90564254e-01  2.69628000e-02  7.00000041e-01  2.69628000e-02  0.00000000e+00 
 2.69728000e-02  6.90543633e-01  2.69728000e-02  7.00000041e-01  2.69728000e-02  0.00000000e+00 
 2.69828000e-02  6.90523385e-01  2.69828000e-02  7.00000041e-01  2.69828000e-02  0.00000000e+00 
 2.69928000e-02  6.90503512e-01  2.69928000e-02  7.00000041e-01  2.69928000e-02  0.00000000e+00 
 2.70028000e-02  6.90484013e-01  2.70028000e-02  7.00000041e-01  2.70028000e-02  0.00000000e+00 
 2.70128000e-02  6.90464890e-01  2.70128000e-02  7.00000041e-01  2.70128000e-02  0.00000000e+00 
 2.70228000e-02  6.90446144e-01  2.70228000e-02  7.00000041e-01  2.70228000e-02  0.00000000e+00 
 2.70328000e-02  6.90427774e-01  2.70328000e-02  7.00000041e-01  2.70328000e-02  0.00000000e+00 
 2.70428000e-02  6.90409783e-01  2.70428000e-02  7.00000041e-01  2.70428000e-02  0.00000000e+00 
 2.70528000e-02  6.90392170e-01  2.70528000e-02  7.00000041e-01  2.70528000e-02  0.00000000e+00 
 2.70628000e-02  6.90374936e-01  2.70628000e-02  7.00000041e-01  2.70628000e-02  0.00000000e+00 
 2.70728000e-02  6.90358083e-01  2.70728000e-02  7.00000041e-01  2.70728000e-02  0.00000000e+00 
 2.70828000e-02  6.90341610e-01  2.70828000e-02  7.00000041e-01  2.70828000e-02  0.00000000e+00 
 2.70928000e-02  6.90325518e-01  2.70928000e-02  7.00000041e-01  2.70928000e-02  0.00000000e+00 
 2.71028000e-02  6.90309808e-01  2.71028000e-02  7.00000041e-01  2.71028000e-02  0.00000000e+00 
 2.71128000e-02  6.90294481e-01  2.71128000e-02  7.00000041e-01  2.71128000e-02  0.00000000e+00 
 2.71228000e-02  6.90279537e-01  2.71228000e-02  7.00000041e-01  2.71228000e-02  0.00000000e+00 
 2.71328000e-02  6.90264977e-01  2.71328000e-02  7.00000041e-01  2.71328000e-02  0.00000000e+00 
 2.71428000e-02  6.90250801e-01  2.71428000e-02  7.00000041e-01  2.71428000e-02  0.00000000e+00 
 2.71528000e-02  6.90237010e-01  2.71528000e-02  7.00000041e-01  2.71528000e-02  0.00000000e+00 
 2.71628000e-02  6.90223604e-01  2.71628000e-02  7.00000041e-01  2.71628000e-02  0.00000000e+00 
 2.71728000e-02  6.90210584e-01  2.71728000e-02  7.00000041e-01  2.71728000e-02  0.00000000e+00 
 2.71828000e-02  6.90197951e-01  2.71828000e-02  7.00000041e-01  2.71828000e-02  0.00000000e+00 
 2.71928000e-02  6.90185705e-01  2.71928000e-02  7.00000041e-01  2.71928000e-02  0.00000000e+00 
 2.72028000e-02  6.90173846e-01  2.72028000e-02  7.00000041e-01  2.72028000e-02  0.00000000e+00 
 2.72128000e-02  6.90162375e-01  2.72128000e-02  7.00000041e-01  2.72128000e-02  0.00000000e+00 
 2.72228000e-02  6.90151293e-01  2.72228000e-02  7.00000041e-01  2.72228000e-02  0.00000000e+00 
 2.72328000e-02  6.90140599e-01  2.72328000e-02  7.00000041e-01  2.72328000e-02  0.00000000e+00 
 2.72428000e-02  6.90130295e-01  2.72428000e-02  7.00000041e-01  2.72428000e-02  0.00000000e+00 
 2.72528000e-02  6.90120380e-01  2.72528000e-02  7.00000041e-01  2.72528000e-02  0.00000000e+00 
 2.72628000e-02  6.90110855e-01  2.72628000e-02  7.00000041e-01  2.72628000e-02  0.00000000e+00 
 2.72728000e-02  6.90101721e-01  2.72728000e-02  7.00000041e-01  2.72728000e-02  0.00000000e+00 
 2.72828000e-02  6.90092977e-01  2.72828000e-02  7.00000041e-01  2.72828000e-02  0.00000000e+00 
 2.72928000e-02  6.90084624e-01  2.72928000e-02  7.00000041e-01  2.72928000e-02  0.00000000e+00 
 2.73028000e-02  6.90076663e-01  2.73028000e-02  7.00000041e-01  2.73028000e-02  0.00000000e+00 
 2.73128000e-02  6.90069094e-01  2.73128000e-02  7.00000041e-01  2.73128000e-02  0.00000000e+00 
 2.73228000e-02  6.90061917e-01  2.73228000e-02  7.00000041e-01  2.73228000e-02  0.00000000e+00 
 2.73328000e-02  6.90055132e-01  2.73328000e-02  7.00000041e-01  2.73328000e-02  0.00000000e+00 
 2.73428000e-02  6.90048740e-01  2.73428000e-02  7.00000041e-01  2.73428000e-02  0.00000000e+00 
 2.73528000e-02  6.90042740e-01  2.73528000e-02  7.00000041e-01  2.73528000e-02  0.00000000e+00 
 2.73628000e-02  6.90037134e-01  2.73628000e-02  7.00000041e-01  2.73628000e-02  0.00000000e+00 
 2.73728000e-02  6.90031921e-01  2.73728000e-02  7.00000041e-01  2.73728000e-02  0.00000000e+00 
 2.73828000e-02  6.90027101e-01  2.73828000e-02  7.00000041e-01  2.73828000e-02  0.00000000e+00 
 2.73928000e-02  6.90022675e-01  2.73928000e-02  7.00000041e-01  2.73928000e-02  0.00000000e+00 
 2.74028000e-02  6.90018643e-01  2.74028000e-02  7.00000041e-01  2.74028000e-02  0.00000000e+00 
 2.74128000e-02  6.90015006e-01  2.74128000e-02  7.00000041e-01  2.74128000e-02  0.00000000e+00 
 2.74228000e-02  6.90011762e-01  2.74228000e-02  7.00000041e-01  2.74228000e-02  0.00000000e+00 
 2.74328000e-02  6.90008913e-01  2.74328000e-02  7.00000041e-01  2.74328000e-02  0.00000000e+00 
 2.74428000e-02  6.90006458e-01  2.74428000e-02  7.00000041e-01  2.74428000e-02  0.00000000e+00 
 2.74528000e-02  6.90004397e-01  2.74528000e-02  7.00000041e-01  2.74528000e-02  0.00000000e+00 
 2.74628000e-02  6.90002731e-01  2.74628000e-02  7.00000041e-01  2.74628000e-02  0.00000000e+00 
 2.74728000e-02  6.90001460e-01  2.74728000e-02  7.00000041e-01  2.74728000e-02  0.00000000e+00 
 2.74828000e-02  6.90000584e-01  2.74828000e-02  7.00000041e-01  2.74828000e-02  0.00000000e+00 
 2.74928000e-02  6.90000102e-01  2.74928000e-02  7.00000041e-01  2.74928000e-02  0.00000000e+00 
 2.75028000e-02  6.90000015e-01  2.75028000e-02  7.00000041e-01  2.75028000e-02  0.00000000e+00 
 2.75128000e-02  6.90000323e-01  2.75128000e-02  7.00000041e-01  2.75128000e-02  0.00000000e+00 
 2.75228000e-02  6.90001026e-01  2.75228000e-02  7.00000041e-01  2.75228000e-02  0.00000000e+00 
 2.75328000e-02  6.90002124e-01  2.75328000e-02  7.00000041e-01  2.75328000e-02  0.00000000e+00 
 2.75428000e-02  6.90003616e-01  2.75428000e-02  7.00000041e-01  2.75428000e-02  0.00000000e+00 
 2.75528000e-02  6.90005502e-01  2.75528000e-02  7.00000041e-01  2.75528000e-02  0.00000000e+00 
 2.75628000e-02  6.90007784e-01  2.75628000e-02  7.00000041e-01  2.75628000e-02  0.00000000e+00 
 2.75728000e-02  6.90010460e-01  2.75728000e-02  7.00000041e-01  2.75728000e-02  0.00000000e+00 
 2.75828000e-02  6.90013530e-01  2.75828000e-02  7.00000041e-01  2.75828000e-02  0.00000000e+00 
 2.75928000e-02  6.90016994e-01  2.75928000e-02  7.00000041e-01  2.75928000e-02  0.00000000e+00 
 2.76028000e-02  6.90020853e-01  2.76028000e-02  7.00000041e-01  2.76028000e-02  0.00000000e+00 
 2.76128000e-02  6.90025105e-01  2.76128000e-02  7.00000041e-01  2.76128000e-02  0.00000000e+00 
 2.76228000e-02  6.90029752e-01  2.76228000e-02  7.00000041e-01  2.76228000e-02  0.00000000e+00 
 2.76328000e-02  6.90034792e-01  2.76328000e-02  7.00000041e-01  2.76328000e-02  0.00000000e+00 
 2.76428000e-02  6.90040225e-01  2.76428000e-02  7.00000041e-01  2.76428000e-02  0.00000000e+00 
 2.76528000e-02  6.90046051e-01  2.76528000e-02  7.00000041e-01  2.76528000e-02  0.00000000e+00 
 2.76628000e-02  6.90052271e-01  2.76628000e-02  7.00000041e-01  2.76628000e-02  0.00000000e+00 
 2.76728000e-02  6.90058883e-01  2.76728000e-02  7.00000041e-01  2.76728000e-02  0.00000000e+00 
 2.76828000e-02  6.90065888e-01  2.76828000e-02  7.00000041e-01  2.76828000e-02  0.00000000e+00 
 2.76928000e-02  6.90073285e-01  2.76928000e-02  7.00000041e-01  2.76928000e-02  0.00000000e+00 
 2.77028000e-02  6.90081073e-01  2.77028000e-02  7.00000041e-01  2.77028000e-02  0.00000000e+00 
 2.77128000e-02  6.90089254e-01  2.77128000e-02  7.00000041e-01  2.77128000e-02  0.00000000e+00 
 2.77228000e-02  6.90097825e-01  2.77228000e-02  7.00000041e-01  2.77228000e-02  0.00000000e+00 
 2.77328000e-02  6.90106788e-01  2.77328000e-02  7.00000041e-01  2.77328000e-02  0.00000000e+00 
 2.77428000e-02  6.90116141e-01  2.77428000e-02  7.00000041e-01  2.77428000e-02  0.00000000e+00 
 2.77528000e-02  6.90125884e-01  2.77528000e-02  7.00000041e-01  2.77528000e-02  0.00000000e+00 
 2.77628000e-02  6.90136017e-01  2.77628000e-02  7.00000041e-01  2.77628000e-02  0.00000000e+00 
 2.77728000e-02  6.90146540e-01  2.77728000e-02  7.00000041e-01  2.77728000e-02  0.00000000e+00 
 2.77828000e-02  6.90157451e-01  2.77828000e-02  7.00000041e-01  2.77828000e-02  0.00000000e+00 
 2.77928000e-02  6.90168751e-01  2.77928000e-02  7.00000041e-01  2.77928000e-02  0.00000000e+00 
 2.78028000e-02  6.90180439e-01  2.78028000e-02  7.00000041e-01  2.78028000e-02  0.00000000e+00 
 2.78128000e-02  6.90192515e-01  2.78128000e-02  7.00000041e-01  2.78128000e-02  0.00000000e+00 
 2.78228000e-02  6.90204978e-01  2.78228000e-02  7.00000041e-01  2.78228000e-02  0.00000000e+00 
 2.78328000e-02  6.90217828e-01  2.78328000e-02  7.00000041e-01  2.78328000e-02  0.00000000e+00 
 2.78428000e-02  6.90231064e-01  2.78428000e-02  7.00000041e-01  2.78428000e-02  0.00000000e+00 
 2.78528000e-02  6.90244685e-01  2.78528000e-02  7.00000041e-01  2.78528000e-02  0.00000000e+00 
 2.78628000e-02  6.90258692e-01  2.78628000e-02  7.00000041e-01  2.78628000e-02  0.00000000e+00 
 2.78728000e-02  6.90273083e-01  2.78728000e-02  7.00000041e-01  2.78728000e-02  0.00000000e+00 
 2.78828000e-02  6.90287858e-01  2.78828000e-02  7.00000041e-01  2.78828000e-02  0.00000000e+00 
 2.78928000e-02  6.90303017e-01  2.78928000e-02  7.00000041e-01  2.78928000e-02  0.00000000e+00 
 2.79028000e-02  6.90318559e-01  2.79028000e-02  7.00000041e-01  2.79028000e-02  0.00000000e+00 
 2.79128000e-02  6.90334482e-01  2.79128000e-02  7.00000041e-01  2.79128000e-02  0.00000000e+00 
 2.79228000e-02  6.90350788e-01  2.79228000e-02  7.00000041e-01  2.79228000e-02  0.00000000e+00 
 2.79328000e-02  6.90367474e-01  2.79328000e-02  7.00000041e-01  2.79328000e-02  0.00000000e+00 
 2.79428000e-02  6.90384540e-01  2.79428000e-02  7.00000041e-01  2.79428000e-02  0.00000000e+00 
 2.79528000e-02  6.90401986e-01  2.79528000e-02  7.00000041e-01  2.79528000e-02  0.00000000e+00 
 2.79628000e-02  6.90419811e-01  2.79628000e-02  7.00000041e-01  2.79628000e-02  0.00000000e+00 
 2.79728000e-02  6.90438014e-01  2.79728000e-02  7.00000041e-01  2.79728000e-02  0.00000000e+00 
 2.79828000e-02  6.90456595e-01  2.79828000e-02  7.00000041e-01  2.79828000e-02  0.00000000e+00 
 2.79928000e-02  6.90475553e-01  2.79928000e-02  7.00000041e-01  2.79928000e-02  0.00000000e+00 
 2.80028000e-02  6.90494886e-01  2.80028000e-02  7.00000041e-01  2.80028000e-02  0.00000000e+00 
 2.80128000e-02  6.90514595e-01  2.80128000e-02  7.00000041e-01  2.80128000e-02  0.00000000e+00 
 2.80228000e-02  6.90534678e-01  2.80228000e-02  7.00000041e-01  2.80228000e-02  0.00000000e+00 
 2.80328000e-02  6.90555135e-01  2.80328000e-02  7.00000041e-01  2.80328000e-02  0.00000000e+00 
 2.80428000e-02  6.90575964e-01  2.80428000e-02  7.00000041e-01  2.80428000e-02  0.00000000e+00 
 2.80528000e-02  6.90597166e-01  2.80528000e-02  7.00000041e-01  2.80528000e-02  0.00000000e+00 
 2.80628000e-02  6.90618739e-01  2.80628000e-02  7.00000041e-01  2.80628000e-02  0.00000000e+00 
 2.80728000e-02  6.90640683e-01  2.80728000e-02  7.00000041e-01  2.80728000e-02  0.00000000e+00 
 2.80828000e-02  6.90662995e-01  2.80828000e-02  7.00000041e-01  2.80828000e-02  0.00000000e+00 
 2.80928000e-02  6.90685677e-01  2.80928000e-02  7.00000041e-01  2.80928000e-02  0.00000000e+00 
 2.81028000e-02  6.90708726e-01  2.81028000e-02  7.00000041e-01  2.81028000e-02  0.00000000e+00 
 2.81128000e-02  6.90732142e-01  2.81128000e-02  7.00000041e-01  2.81128000e-02  0.00000000e+00 
 2.81228000e-02  6.90755924e-01  2.81228000e-02  7.00000041e-01  2.81228000e-02  0.00000000e+00 
 2.81328000e-02  6.90780070e-01  2.81328000e-02  7.00000041e-01  2.81328000e-02  0.00000000e+00 
 2.81428000e-02  6.90804581e-01  2.81428000e-02  7.00000041e-01  2.81428000e-02  0.00000000e+00 
 2.81528000e-02  6.90829455e-01  2.81528000e-02  7.00000041e-01  2.81528000e-02  0.00000000e+00 
 2.81628000e-02  6.90854691e-01  2.81628000e-02  7.00000041e-01  2.81628000e-02  0.00000000e+00 
 2.81728000e-02  6.90880288e-01  2.81728000e-02  7.00000041e-01  2.81728000e-02  0.00000000e+00 
 2.81828000e-02  6.90906244e-01  2.81828000e-02  7.00000041e-01  2.81828000e-02  0.00000000e+00 
 2.81928000e-02  6.90932560e-01  2.81928000e-02  7.00000041e-01  2.81928000e-02  0.00000000e+00 
 2.82028000e-02  6.90959234e-01  2.82028000e-02  7.00000041e-01  2.82028000e-02  0.00000000e+00 
 2.82128000e-02  6.90986265e-01  2.82128000e-02  7.00000041e-01  2.82128000e-02  0.00000000e+00 
 2.82228000e-02  6.91013652e-01  2.82228000e-02  7.00000041e-01  2.82228000e-02  0.00000000e+00 
 2.82328000e-02  6.91041393e-01  2.82328000e-02  7.00000041e-01  2.82328000e-02  0.00000000e+00 
 2.82428000e-02  6.91069488e-01  2.82428000e-02  7.00000041e-01  2.82428000e-02  0.00000000e+00 
 2.82528000e-02  6.91097936e-01  2.82528000e-02  7.00000041e-01  2.82528000e-02  0.00000000e+00 
 2.82628000e-02  6.91126735e-01  2.82628000e-02  7.00000041e-01  2.82628000e-02  0.00000000e+00 
 2.82728000e-02  6.91155884e-01  2.82728000e-02  7.00000041e-01  2.82728000e-02  0.00000000e+00 
 2.82828000e-02  6.91185382e-01  2.82828000e-02  7.00000041e-01  2.82828000e-02  0.00000000e+00 
 2.82928000e-02  6.91215229e-01  2.82928000e-02  7.00000041e-01  2.82928000e-02  0.00000000e+00 
 2.83028000e-02  6.91245422e-01  2.83028000e-02  7.00000041e-01  2.83028000e-02  0.00000000e+00 
 2.83128000e-02  6.91275961e-01  2.83128000e-02  7.00000041e-01  2.83128000e-02  0.00000000e+00 
 2.83228000e-02  6.91306844e-01  2.83228000e-02  7.00000041e-01  2.83228000e-02  0.00000000e+00 
 2.83328000e-02  6.91338071e-01  2.83328000e-02  7.00000041e-01  2.83328000e-02  0.00000000e+00 
 2.83428000e-02  6.91369639e-01  2.83428000e-02  7.00000041e-01  2.83428000e-02  0.00000000e+00 
 2.83528000e-02  6.91401549e-01  2.83528000e-02  7.00000041e-01  2.83528000e-02  0.00000000e+00 
 2.83628000e-02  6.91433797e-01  2.83628000e-02  7.00000041e-01  2.83628000e-02  0.00000000e+00 
 2.83728000e-02  6.91466384e-01  2.83728000e-02  7.00000041e-01  2.83728000e-02  0.00000000e+00 
 2.83828000e-02  6.91499308e-01  2.83828000e-02  7.00000041e-01  2.83828000e-02  0.00000000e+00 
 2.83928000e-02  6.91532567e-01  2.83928000e-02  7.00000041e-01  2.83928000e-02  0.00000000e+00 
 2.84028000e-02  6.91566161e-01  2.84028000e-02  7.00000041e-01  2.84028000e-02  0.00000000e+00 
 2.84128000e-02  6.91600087e-01  2.84128000e-02  7.00000041e-01  2.84128000e-02  0.00000000e+00 
 2.84228000e-02  6.91634345e-01  2.84228000e-02  7.00000041e-01  2.84228000e-02  0.00000000e+00 
 2.84328000e-02  6.91668934e-01  2.84328000e-02  7.00000041e-01  2.84328000e-02  0.00000000e+00 
 2.84428000e-02  6.91703851e-01  2.84428000e-02  7.00000041e-01  2.84428000e-02  0.00000000e+00 
 2.84528000e-02  6.91739096e-01  2.84528000e-02  7.00000041e-01  2.84528000e-02  0.00000000e+00 
 2.84628000e-02  6.91774667e-01  2.84628000e-02  7.00000041e-01  2.84628000e-02  0.00000000e+00 
 2.84728000e-02  6.91810562e-01  2.84728000e-02  7.00000041e-01  2.84728000e-02  0.00000000e+00 
 2.84828000e-02  6.91846781e-01  2.84828000e-02  7.00000041e-01  2.84828000e-02  0.00000000e+00 
 2.84928000e-02  6.91883322e-01  2.84928000e-02  7.00000041e-01  2.84928000e-02  0.00000000e+00 
 2.85028000e-02  6.91920183e-01  2.85028000e-02  7.00000041e-01  2.85028000e-02  0.00000000e+00 
 2.85128000e-02  6.91957364e-01  2.85128000e-02  7.00000041e-01  2.85128000e-02  0.00000000e+00 
 2.85228000e-02  6.91994861e-01  2.85228000e-02  7.00000041e-01  2.85228000e-02  0.00000000e+00 
 2.85328000e-02  6.92032675e-01  2.85328000e-02  7.00000041e-01  2.85328000e-02  0.00000000e+00 
 2.85428000e-02  6.92070804e-01  2.85428000e-02  7.00000041e-01  2.85428000e-02  0.00000000e+00 
 2.85528000e-02  6.92109245e-01  2.85528000e-02  7.00000041e-01  2.85528000e-02  0.00000000e+00 
 2.85628000e-02  6.92147998e-01  2.85628000e-02  7.00000041e-01  2.85628000e-02  0.00000000e+00 
 2.85728000e-02  6.92187061e-01  2.85728000e-02  7.00000041e-01  2.85728000e-02  0.00000000e+00 
 2.85828000e-02  6.92226432e-01  2.85828000e-02  7.00000041e-01  2.85828000e-02  0.00000000e+00 
 2.85928000e-02  6.92266110e-01  2.85928000e-02  7.00000041e-01  2.85928000e-02  0.00000000e+00 
 2.86028000e-02  6.92306094e-01  2.86028000e-02  7.00000041e-01  2.86028000e-02  0.00000000e+00 
 2.86128000e-02  6.92346381e-01  2.86128000e-02  7.00000041e-01  2.86128000e-02  0.00000000e+00 
 2.86228000e-02  6.92386970e-01  2.86228000e-02  7.00000041e-01  2.86228000e-02  0.00000000e+00 
 2.86328000e-02  6.92427860e-01  2.86328000e-02  7.00000041e-01  2.86328000e-02  0.00000000e+00 
 2.86428000e-02  6.92469049e-01  2.86428000e-02  7.00000041e-01  2.86428000e-02  0.00000000e+00 
 2.86528000e-02  6.92510535e-01  2.86528000e-02  7.00000041e-01  2.86528000e-02  0.00000000e+00 
 2.86628000e-02  6.92552317e-01  2.86628000e-02  7.00000041e-01  2.86628000e-02  0.00000000e+00 
 2.86728000e-02  6.92594393e-01  2.86728000e-02  7.00000041e-01  2.86728000e-02  0.00000000e+00 
 2.86828000e-02  6.92636761e-01  2.86828000e-02  7.00000041e-01  2.86828000e-02  0.00000000e+00 
 2.86928000e-02  6.92679420e-01  2.86928000e-02  7.00000041e-01  2.86928000e-02  0.00000000e+00 
 2.87028000e-02  6.92722368e-01  2.87028000e-02  7.00000041e-01  2.87028000e-02  0.00000000e+00 
 2.87128000e-02  6.92765603e-01  2.87128000e-02  7.00000041e-01  2.87128000e-02  0.00000000e+00 
 2.87228000e-02  6.92809124e-01  2.87228000e-02  7.00000041e-01  2.87228000e-02  0.00000000e+00 
 2.87328000e-02  6.92852929e-01  2.87328000e-02  7.00000041e-01  2.87328000e-02  0.00000000e+00 
 2.87428000e-02  6.92897016e-01  2.87428000e-02  7.00000041e-01  2.87428000e-02  0.00000000e+00 
 2.87528000e-02  6.92941383e-01  2.87528000e-02  7.00000041e-01  2.87528000e-02  0.00000000e+00 
 2.87628000e-02  6.92986029e-01  2.87628000e-02  7.00000041e-01  2.87628000e-02  0.00000000e+00 
 2.87728000e-02  6.93030952e-01  2.87728000e-02  7.00000041e-01  2.87728000e-02  0.00000000e+00 
 2.87828000e-02  6.93076150e-01  2.87828000e-02  7.00000041e-01  2.87828000e-02  0.00000000e+00 
 2.87928000e-02  6.93121621e-01  2.87928000e-02  7.00000041e-01  2.87928000e-02  0.00000000e+00 
 2.88028000e-02  6.93167364e-01  2.88028000e-02  7.00000041e-01  2.88028000e-02  0.00000000e+00 
 2.88128000e-02  6.93213377e-01  2.88128000e-02  7.00000041e-01  2.88128000e-02  0.00000000e+00 
 2.88228000e-02  6.93259657e-01  2.88228000e-02  7.00000041e-01  2.88228000e-02  0.00000000e+00 
 2.88328000e-02  6.93306204e-01  2.88328000e-02  7.00000041e-01  2.88328000e-02  0.00000000e+00 
 2.88428000e-02  6.93353015e-01  2.88428000e-02  7.00000041e-01  2.88428000e-02  0.00000000e+00 
 2.88528000e-02  6.93400088e-01  2.88528000e-02  7.00000041e-01  2.88528000e-02  0.00000000e+00 
 2.88628000e-02  6.93447422e-01  2.88628000e-02  7.00000041e-01  2.88628000e-02  0.00000000e+00 
 2.88728000e-02  6.93495015e-01  2.88728000e-02  7.00000041e-01  2.88728000e-02  0.00000000e+00 
 2.88828000e-02  6.93542864e-01  2.88828000e-02  7.00000041e-01  2.88828000e-02  0.00000000e+00 
 2.88928000e-02  6.93590968e-01  2.88928000e-02  7.00000041e-01  2.88928000e-02  0.00000000e+00 
 2.89028000e-02  6.93639326e-01  2.89028000e-02  7.00000041e-01  2.89028000e-02  0.00000000e+00 
 2.89128000e-02  6.93687934e-01  2.89128000e-02  7.00000041e-01  2.89128000e-02  0.00000000e+00 
 2.89228000e-02  6.93736792e-01  2.89228000e-02  7.00000041e-01  2.89228000e-02  0.00000000e+00 
 2.89328000e-02  6.93785896e-01  2.89328000e-02  7.00000041e-01  2.89328000e-02  0.00000000e+00 
 2.89428000e-02  6.93835247e-01  2.89428000e-02  7.00000041e-01  2.89428000e-02  0.00000000e+00 
 2.89528000e-02  6.93884840e-01  2.89528000e-02  7.00000041e-01  2.89528000e-02  0.00000000e+00 
 2.89628000e-02  6.93934675e-01  2.89628000e-02  7.00000041e-01  2.89628000e-02  0.00000000e+00 
 2.89728000e-02  6.93984749e-01  2.89728000e-02  7.00000041e-01  2.89728000e-02  0.00000000e+00 
 2.89828000e-02  6.94035061e-01  2.89828000e-02  7.00000041e-01  2.89828000e-02  0.00000000e+00 
 2.89928000e-02  6.94085609e-01  2.89928000e-02  7.00000041e-01  2.89928000e-02  0.00000000e+00 
 2.90028000e-02  6.94136390e-01  2.90028000e-02  7.00000041e-01  2.90028000e-02  0.00000000e+00 
 2.90128000e-02  6.94187402e-01  2.90128000e-02  7.00000041e-01  2.90128000e-02  0.00000000e+00 
 2.90228000e-02  6.94238644e-01  2.90228000e-02  7.00000041e-01  2.90228000e-02  0.00000000e+00 
 2.90328000e-02  6.94290113e-01  2.90328000e-02  7.00000041e-01  2.90328000e-02  0.00000000e+00 
 2.90428000e-02  6.94341808e-01  2.90428000e-02  7.00000041e-01  2.90428000e-02  0.00000000e+00 
 2.90528000e-02  6.94393726e-01  2.90528000e-02  7.00000041e-01  2.90528000e-02  0.00000000e+00 
 2.90628000e-02  6.94445865e-01  2.90628000e-02  7.00000041e-01  2.90628000e-02  0.00000000e+00 
 2.90728000e-02  6.94498224e-01  2.90728000e-02  7.00000041e-01  2.90728000e-02  0.00000000e+00 
 2.90828000e-02  6.94550800e-01  2.90828000e-02  7.00000041e-01  2.90828000e-02  0.00000000e+00 
 2.90928000e-02  6.94603591e-01  2.90928000e-02  7.00000041e-01  2.90928000e-02  0.00000000e+00 
 2.91028000e-02  6.94656595e-01  2.91028000e-02  7.00000041e-01  2.91028000e-02  0.00000000e+00 
 2.91128000e-02  6.94709809e-01  2.91128000e-02  7.00000041e-01  2.91128000e-02  0.00000000e+00 
 2.91228000e-02  6.94763233e-01  2.91228000e-02  7.00000041e-01  2.91228000e-02  0.00000000e+00 
 2.91328000e-02  6.94816864e-01  2.91328000e-02  7.00000041e-01  2.91328000e-02  0.00000000e+00 
 2.91428000e-02  6.94870699e-01  2.91428000e-02  7.00000041e-01  2.91428000e-02  0.00000000e+00 
 2.91528000e-02  6.94924737e-01  2.91528000e-02  7.00000041e-01  2.91528000e-02  0.00000000e+00 
 2.91628000e-02  6.94978975e-01  2.91628000e-02  7.00000041e-01  2.91628000e-02  0.00000000e+00 
 2.91728000e-02  6.95033411e-01  2.91728000e-02  7.00000041e-01  2.91728000e-02  0.00000000e+00 
 2.91828000e-02  6.95088043e-01  2.91828000e-02  7.00000041e-01  2.91828000e-02  0.00000000e+00 
 2.91928000e-02  6.95142870e-01  2.91928000e-02  7.00000041e-01  2.91928000e-02  0.00000000e+00 
 2.92028000e-02  6.95197887e-01  2.92028000e-02  7.00000041e-01  2.92028000e-02  0.00000000e+00 
 2.92128000e-02  6.95253095e-01  2.92128000e-02  7.00000041e-01  2.92128000e-02  0.00000000e+00 
 2.92228000e-02  6.95308490e-01  2.92228000e-02  7.00000041e-01  2.92228000e-02  0.00000000e+00 
 2.92328000e-02  6.95364070e-01  2.92328000e-02  7.00000041e-01  2.92328000e-02  0.00000000e+00 
 2.92428000e-02  6.95419833e-01  2.92428000e-02  7.00000041e-01  2.92428000e-02  0.00000000e+00 
 2.92528000e-02  6.95475777e-01  2.92528000e-02  7.00000041e-01  2.92528000e-02  0.00000000e+00 
 2.92628000e-02  6.95531900e-01  2.92628000e-02  7.00000041e-01  2.92628000e-02  0.00000000e+00 
 2.92728000e-02  6.95588199e-01  2.92728000e-02  7.00000041e-01  2.92728000e-02  0.00000000e+00 
 2.92828000e-02  6.95644672e-01  2.92828000e-02  7.00000041e-01  2.92828000e-02  0.00000000e+00 
 2.92928000e-02  6.95701317e-01  2.92928000e-02  7.00000041e-01  2.92928000e-02  0.00000000e+00 
 2.93028000e-02  6.95758132e-01  2.93028000e-02  7.00000041e-01  2.93028000e-02  0.00000000e+00 
 2.93128000e-02  6.95815115e-01  2.93128000e-02  7.00000041e-01  2.93128000e-02  0.00000000e+00 
 2.93228000e-02  6.95872262e-01  2.93228000e-02  7.00000041e-01  2.93228000e-02  0.00000000e+00 
 2.93328000e-02  6.95929572e-01  2.93328000e-02  7.00000041e-01  2.93328000e-02  0.00000000e+00 
 2.93428000e-02  6.95987044e-01  2.93428000e-02  7.00000041e-01  2.93428000e-02  0.00000000e+00 
 2.93528000e-02  6.96044673e-01  2.93528000e-02  7.00000041e-01  2.93528000e-02  0.00000000e+00 
 2.93628000e-02  6.96102459e-01  2.93628000e-02  7.00000041e-01  2.93628000e-02  0.00000000e+00 
 2.93728000e-02  6.96160399e-01  2.93728000e-02  7.00000041e-01  2.93728000e-02  0.00000000e+00 
 2.93828000e-02  6.96218490e-01  2.93828000e-02  7.00000041e-01  2.93828000e-02  0.00000000e+00 
 2.93928000e-02  6.96276730e-01  2.93928000e-02  7.00000041e-01  2.93928000e-02  0.00000000e+00 
 2.94028000e-02  6.96335118e-01  2.94028000e-02  7.00000041e-01  2.94028000e-02  0.00000000e+00 
 2.94128000e-02  6.96393650e-01  2.94128000e-02  7.00000041e-01  2.94128000e-02  0.00000000e+00 
 2.94228000e-02  6.96452324e-01  2.94228000e-02  7.00000041e-01  2.94228000e-02  0.00000000e+00 
 2.94328000e-02  6.96511139e-01  2.94328000e-02  7.00000041e-01  2.94328000e-02  0.00000000e+00 
 2.94428000e-02  6.96570091e-01  2.94428000e-02  7.00000041e-01  2.94428000e-02  0.00000000e+00 
 2.94528000e-02  6.96629179e-01  2.94528000e-02  7.00000041e-01  2.94528000e-02  0.00000000e+00 
 2.94628000e-02  6.96688400e-01  2.94628000e-02  7.00000041e-01  2.94628000e-02  0.00000000e+00 
 2.94728000e-02  6.96747751e-01  2.94728000e-02  7.00000041e-01  2.94728000e-02  0.00000000e+00 
 2.94828000e-02  6.96807231e-01  2.94828000e-02  7.00000041e-01  2.94828000e-02  0.00000000e+00 
 2.94928000e-02  6.96866837e-01  2.94928000e-02  7.00000041e-01  2.94928000e-02  0.00000000e+00 
 2.95028000e-02  6.96926567e-01  2.95028000e-02  7.00000041e-01  2.95028000e-02  0.00000000e+00 
 2.95128000e-02  6.96986418e-01  2.95128000e-02  7.00000041e-01  2.95128000e-02  0.00000000e+00 
 2.95228000e-02  6.97046388e-01  2.95228000e-02  7.00000041e-01  2.95228000e-02  0.00000000e+00 
 2.95328000e-02  6.97106474e-01  2.95328000e-02  7.00000041e-01  2.95328000e-02  0.00000000e+00 
 2.95428000e-02  6.97166675e-01  2.95428000e-02  7.00000041e-01  2.95428000e-02  0.00000000e+00 
 2.95528000e-02  6.97226988e-01  2.95528000e-02  7.00000041e-01  2.95528000e-02  0.00000000e+00 
 2.95628000e-02  6.97287410e-01  2.95628000e-02  7.00000041e-01  2.95628000e-02  0.00000000e+00 
 2.95728000e-02  6.97347939e-01  2.95728000e-02  7.00000041e-01  2.95728000e-02  0.00000000e+00 
 2.95828000e-02  6.97408573e-01  2.95828000e-02  7.00000041e-01  2.95828000e-02  0.00000000e+00 
 2.95928000e-02  6.97469309e-01  2.95928000e-02  7.00000041e-01  2.95928000e-02  0.00000000e+00 
 2.96028000e-02  6.97530145e-01  2.96028000e-02  7.00000041e-01  2.96028000e-02  0.00000000e+00 
 2.96128000e-02  6.97591079e-01  2.96128000e-02  7.00000041e-01  2.96128000e-02  0.00000000e+00 
 2.96228000e-02  6.97652108e-01  2.96228000e-02  7.00000041e-01  2.96228000e-02  0.00000000e+00 
 2.96328000e-02  6.97713229e-01  2.96328000e-02  7.00000041e-01  2.96328000e-02  0.00000000e+00 
 2.96428000e-02  6.97774441e-01  2.96428000e-02  7.00000041e-01  2.96428000e-02  0.00000000e+00 
 2.96528000e-02  6.97835740e-01  2.96528000e-02  7.00000041e-01  2.96528000e-02  0.00000000e+00 
 2.96628000e-02  6.97897125e-01  2.96628000e-02  7.00000041e-01  2.96628000e-02  0.00000000e+00 
 2.96728000e-02  6.97958593e-01  2.96728000e-02  7.00000041e-01  2.96728000e-02  0.00000000e+00 
 2.96828000e-02  6.98020142e-01  2.96828000e-02  7.00000041e-01  2.96828000e-02  0.00000000e+00 
 2.96928000e-02  6.98081769e-01  2.96928000e-02  7.00000041e-01  2.96928000e-02  0.00000000e+00 
 2.97028000e-02  6.98143471e-01  2.97028000e-02  7.00000041e-01  2.97028000e-02  0.00000000e+00 
 2.97128000e-02  6.98205247e-01  2.97128000e-02  7.00000041e-01  2.97128000e-02  0.00000000e+00 
 2.97228000e-02  6.98267093e-01  2.97228000e-02  7.00000041e-01  2.97228000e-02  0.00000000e+00 
 2.97328000e-02  6.98329009e-01  2.97328000e-02  7.00000041e-01  2.97328000e-02  0.00000000e+00 
 2.97428000e-02  6.98390990e-01  2.97428000e-02  7.00000041e-01  2.97428000e-02  0.00000000e+00 
 2.97528000e-02  6.98453034e-01  2.97528000e-02  7.00000041e-01  2.97528000e-02  0.00000000e+00 
 2.97628000e-02  6.98515140e-01  2.97628000e-02  7.00000041e-01  2.97628000e-02  0.00000000e+00 
 2.97728000e-02  6.98577304e-01  2.97728000e-02  7.00000041e-01  2.97728000e-02  0.00000000e+00 
 2.97828000e-02  6.98639524e-01  2.97828000e-02  7.00000041e-01  2.97828000e-02  0.00000000e+00 
 2.97928000e-02  6.98701798e-01  2.97928000e-02  7.00000041e-01  2.97928000e-02  0.00000000e+00 
 2.98028000e-02  6.98764124e-01  2.98028000e-02  7.00000041e-01  2.98028000e-02  0.00000000e+00 
 2.98128000e-02  6.98826498e-01  2.98128000e-02  7.00000041e-01  2.98128000e-02  0.00000000e+00 
 2.98228000e-02  6.98888918e-01  2.98228000e-02  7.00000041e-01  2.98228000e-02  0.00000000e+00 
 2.98328000e-02  6.98951383e-01  2.98328000e-02  7.00000041e-01  2.98328000e-02  0.00000000e+00 
 2.98428000e-02  6.99013888e-01  2.98428000e-02  7.00000041e-01  2.98428000e-02  0.00000000e+00 
 2.98528000e-02  6.99076433e-01  2.98528000e-02  7.00000041e-01  2.98528000e-02  0.00000000e+00 
 2.98628000e-02  6.99139014e-01  2.98628000e-02  7.00000041e-01  2.98628000e-02  0.00000000e+00 
 2.98728000e-02  6.99201629e-01  2.98728000e-02  7.00000041e-01  2.98728000e-02  0.00000000e+00 
 2.98828000e-02  6.99264276e-01  2.98828000e-02  7.00000041e-01  2.98828000e-02  0.00000000e+00 
 2.98928000e-02  6.99326952e-01  2.98928000e-02  7.00000041e-01  2.98928000e-02  0.00000000e+00 
 2.99028000e-02  6.99389654e-01  2.99028000e-02  7.00000041e-01  2.99028000e-02  0.00000000e+00 
 2.99128000e-02  6.99452380e-01  2.99128000e-02  7.00000041e-01  2.99128000e-02  0.00000000e+00 
 2.99228000e-02  6.99515128e-01  2.99228000e-02  7.00000041e-01  2.99228000e-02  0.00000000e+00 
 2.99328000e-02  6.99577895e-01  2.99328000e-02  7.00000041e-01  2.99328000e-02  0.00000000e+00 
 2.99428000e-02  6.99640679e-01  2.99428000e-02  7.00000041e-01  2.99428000e-02  0.00000000e+00 
 2.99528000e-02  6.99703477e-01  2.99528000e-02  7.00000041e-01  2.99528000e-02  0.00000000e+00 
 2.99628000e-02  6.99766287e-01  2.99628000e-02  7.00000041e-01  2.99628000e-02  0.00000000e+00 
 2.99728000e-02  6.99829106e-01  2.99728000e-02  7.00000041e-01  2.99728000e-02  0.00000000e+00 
 2.99828000e-02  6.99891931e-01  2.99828000e-02  7.00000041e-01  2.99828000e-02  0.00000000e+00 
 2.99914000e-02  6.99945965e-01  2.99914000e-02  7.00000041e-01  2.99914000e-02  0.00000000e+00 
 3.00000000e-02  7.00000000e-01  3.00000000e-02  7.00000041e-01  3.00000000e-02  0.00000000e+00 
