 0.00000000e+00  0.00000000e+00  0.00000000e+00  6.96211453e-01  0.00000000e+00  1.79999998e+00 
 1.00000000e-07  3.14159265e-07  1.00000000e-07  6.96195501e-01  1.00000000e-07  1.79999998e+00 
 2.00000000e-07  6.28318529e-07  2.00000000e-07  6.96171996e-01  2.00000000e-07  1.79999998e+00 
 4.00000000e-07  1.25663705e-06  4.00000000e-07  6.96119303e-01  4.00000000e-07  1.79999998e+00 
 8.00000000e-07  2.51327402e-06  8.00000000e-07  6.96006672e-01  8.00000000e-07  1.79999998e+00 
 1.60000000e-06  5.02654740e-06  1.60000000e-06  6.95784478e-01  1.60000000e-06  1.79999998e+00 
 3.20000000e-06  1.00530897e-05  3.20000000e-06  6.95337978e-01  3.20000000e-06  1.79999998e+00 
 6.40000000e-06  2.01061388e-05  6.40000000e-06  6.94446773e-01  6.40000000e-06  1.79999998e+00 
 1.28000000e-05  4.02119525e-05  1.28000000e-05  6.92662825e-01  1.28000000e-05  1.79999998e+00 
 2.28000000e-05  7.16258625e-05  2.28000000e-05  6.89877040e-01  2.28000000e-05  1.79999998e+00 
 3.28000000e-05  1.03036945e-04  3.28000000e-05  6.87090717e-01  3.28000000e-05  1.79999998e+00 
 4.28000000e-05  1.34443960e-04  4.28000000e-05  6.84305963e-01  4.28000000e-05  1.79999998e+00 
 5.28000000e-05  1.65845667e-04  5.28000000e-05  6.81520938e-01  5.28000000e-05  1.79999999e+00 
 6.28000000e-05  1.97240826e-04  6.28000000e-05  6.78737665e-01  6.28000000e-05  1.79999999e+00 
 7.28000000e-05  2.28628200e-04  7.28000000e-05  6.75954385e-01  7.28000000e-05  1.79999999e+00 
 8.28000000e-05  2.60006547e-04  8.28000000e-05  6.73173042e-01  8.28000000e-05  1.79999999e+00 
 9.28000000e-05  2.91374629e-04  9.28000000e-05  6.70391952e-01  9.28000000e-05  1.79999999e+00 
 1.02800000e-04  3.22731209e-04  1.02800000e-04  6.67612987e-01  1.02800000e-04  1.79999999e+00 
 1.12800000e-04  3.54075048e-04  1.12800000e-04  6.64834536e-01  1.12800000e-04  1.79999999e+00 
 1.22800000e-04  3.85404908e-04  1.22800000e-04  6.62058395e-01  1.22800000e-04  1.79999999e+00 
 1.32800000e-04  4.16719553e-04  1.32800000e-04  6.59283029e-01  1.32800000e-04  1.79999999e+00 
 1.42800000e-04  4.48017747e-04  1.42800000e-04  6.56510162e-01  1.42800000e-04  1.79999999e+00 
 1.52800000e-04  4.79298254e-04  1.52800000e-04  6.53738326e-01  1.52800000e-04  1.79999999e+00 
 1.62800000e-04  5.10559839e-04  1.62800000e-04  6.50969176e-01  1.62800000e-04  1.79999999e+00 
 1.72800000e-04  5.41801268e-04  1.72800000e-04  6.48201318e-01  1.72800000e-04  1.79999999e+00 
 1.82800000e-04  5.73021308e-04  1.82800000e-04  6.45436333e-01  1.82800000e-04  1.79999999e+00 
 1.92800000e-04  6.04218726e-04  1.92800000e-04  6.42672894e-01  1.92800000e-04  1.79999999e+00 
 2.02800000e-04  6.35392290e-04  2.02800000e-04  6.39912523e-01  2.02800000e-04  1.79999999e+00 
 2.12800000e-04  6.66540770e-04  2.12800000e-04  6.37153948e-01  2.12800000e-04  1.79999999e+00 
 2.22800000e-04  6.97662936e-04  2.22800000e-04  6.34398630e-01  2.22800000e-04  1.79999999e+00 
 2.32800000e-04  7.28757560e-04  2.32800000e-04  6.31645363e-01  2.32800000e-04  1.79999999e+00 
 2.42800000e-04  7.59823414e-04  2.42800000e-04  6.28895547e-01  2.42800000e-04  1.79999999e+00 
 2.52800000e-04  7.90859271e-04  2.52800000e-04  6.26148030e-01  2.52800000e-04  1.79999999e+00 
 2.62800000e-04  8.21863906e-04  2.62800000e-04  6.23404157e-01  2.62800000e-04  1.79999999e+00 
 2.72800000e-04  8.52836095e-04  2.72800000e-04  6.20662831e-01  2.72800000e-04  1.79999999e+00 
 2.82800000e-04  8.83774616e-04  2.82800000e-04  6.17925344e-01  2.82800000e-04  1.79999999e+00 
 2.92800000e-04  9.14678247e-04  2.92800000e-04  6.15190651e-01  2.92800000e-04  1.79999999e+00 
 3.02800000e-04  9.45545769e-04  3.02800000e-04  6.12459989e-01  3.02800000e-04  1.79999999e+00 
 3.12800000e-04  9.76375961e-04  3.12800000e-04  6.09732368e-01  3.12800000e-04  1.79999999e+00 
 3.22800000e-04  1.00716761e-03  3.22800000e-04  6.07008975e-01  3.22800000e-04  1.79999999e+00 
 3.32800000e-04  1.03791949e-03  3.32800000e-04  6.04288863e-01  3.32800000e-04  1.79999999e+00 
 3.42800000e-04  1.06863040e-03  3.42800000e-04  6.01573178e-01  3.42800000e-04  1.79999999e+00 
 3.52800000e-04  1.09929913e-03  3.52800000e-04  5.98861013e-01  3.52800000e-04  1.79999999e+00 
 3.62800000e-04  1.12992445e-03  3.62800000e-04  5.96153472e-01  3.62800000e-04  1.79999999e+00 
 3.72800000e-04  1.16050517e-03  3.72800000e-04  5.93449693e-01  3.72800000e-04  1.79999999e+00 
 3.82800000e-04  1.19104007e-03  3.82800000e-04  5.90750731e-01  3.82800000e-04  1.79999999e+00 
 3.92800000e-04  1.22152795e-03  3.92800000e-04  5.88055771e-01  3.92800000e-04  1.79999999e+00 
 4.02800000e-04  1.25196761e-03  4.02800000e-04  5.85365825e-01  4.02800000e-04  1.79999999e+00 
 4.12800000e-04  1.28235784e-03  4.12800000e-04  5.82680120e-01  4.12800000e-04  1.79999999e+00 
 4.22800000e-04  1.31269745e-03  4.22800000e-04  5.79999623e-01  4.22800000e-04  1.79999999e+00 
 4.32800000e-04  1.34298523e-03  4.32800000e-04  5.77323604e-01  4.32800000e-04  1.80000000e+00 
 4.42800000e-04  1.37322000e-03  4.42800000e-04  5.74652991e-01  4.42800000e-04  1.80000000e+00 
 4.52800000e-04  1.40340055e-03  4.52800000e-04  5.71987086e-01  4.52800000e-04  1.80000000e+00 
 4.62800000e-04  1.43352570e-03  4.62800000e-04  5.69326787e-01  4.62800000e-04  1.80000000e+00 
 4.72800000e-04  1.46359426e-03  4.72800000e-04  5.66671430e-01  4.72800000e-04  1.80000000e+00 
 4.82800000e-04  1.49360503e-03  4.82800000e-04  5.64021873e-01  4.82800000e-04  1.80000000e+00 
 4.92800000e-04  1.52355684e-03  4.92800000e-04  5.61377488e-01  4.92800000e-04  1.80000000e+00 
 5.02800000e-04  1.55344851e-03  5.02800000e-04  5.58739103e-01  5.02800000e-04  1.80000000e+00 
 5.12800000e-04  1.58327884e-03  5.12800000e-04  5.56106119e-01  5.12800000e-04  1.80000000e+00 
 5.22800000e-04  1.61304667e-03  5.22800000e-04  5.53479330e-01  5.22800000e-04  1.80000000e+00 
 5.32800000e-04  1.64275082e-03  5.32800000e-04  5.50858171e-01  5.32800000e-04  1.80000000e+00 
 5.42800000e-04  1.67239012e-03  5.42800000e-04  5.48243402e-01  5.42800000e-04  1.80000000e+00 
 5.52800000e-04  1.70196340e-03  5.52800000e-04  5.45634491e-01  5.52800000e-04  1.80000000e+00 
 5.62800000e-04  1.73146948e-03  5.62800000e-04  5.43032164e-01  5.62800000e-04  1.80000000e+00 
 5.72800000e-04  1.76090721e-03  5.72800000e-04  5.40435922e-01  5.72800000e-04  1.80000000e+00 
 5.82800000e-04  1.79027542e-03  5.82800000e-04  5.37846462e-01  5.82800000e-04  1.80000000e+00 
 5.92800000e-04  1.81957295e-03  5.92800000e-04  5.35263307e-01  5.92800000e-04  1.80000000e+00 
 6.02800000e-04  1.84879865e-03  6.02800000e-04  5.32687129e-01  6.02800000e-04  1.80000000e+00 
 6.12800000e-04  1.87795136e-03  6.12800000e-04  5.30117478e-01  6.12800000e-04  1.80000000e+00 
 6.22800000e-04  1.90702994e-03  6.22800000e-04  5.27554999e-01  6.22800000e-04  1.80000000e+00 
 6.32800000e-04  1.93603323e-03  6.32800000e-04  5.24999269e-01  6.32800000e-04  1.80000000e+00 
 6.42800000e-04  1.96496008e-03  6.42800000e-04  5.22450905e-01  6.42800000e-04  1.80000000e+00 
 6.52800000e-04  1.99380937e-03  6.52800000e-04  5.19909506e-01  6.52800000e-04  1.80000000e+00 
 6.62800000e-04  2.02257994e-03  6.62800000e-04  5.17375671e-01  6.62800000e-04  1.80000000e+00 
 6.72800000e-04  2.05127066e-03  6.72800000e-04  5.14849017e-01  6.72800000e-04  1.80000000e+00 
 6.82800000e-04  2.07988040e-03  6.82800000e-04  5.12330118e-01  6.82800000e-04  1.80000000e+00 
 6.92800000e-04  2.10840804e-03  6.92800000e-04  5.09818616e-01  6.92800000e-04  1.80000000e+00 
 7.02800000e-04  2.13685243e-03  7.02800000e-04  5.07315064e-01  7.02800000e-04  1.80000000e+00 
 7.12800000e-04  2.16521247e-03  7.12800000e-04  5.04819122e-01  7.12800000e-04  1.80000000e+00 
 7.22800000e-04  2.19348703e-03  7.22800000e-04  5.02331320e-01  7.22800000e-04  1.80000000e+00 
 7.32800000e-04  2.22167499e-03  7.32800000e-04  4.99851343e-01  7.32800000e-04  1.80000000e+00 
 7.42800000e-04  2.24977525e-03  7.42800000e-04  4.97379697e-01  7.42800000e-04  1.80000000e+00 
 7.52800000e-04  2.27778668e-03  7.52800000e-04  4.94916086e-01  7.52800000e-04  1.80000000e+00 
 7.62800000e-04  2.30570820e-03  7.62800000e-04  4.92460998e-01  7.62800000e-04  1.80000000e+00 
 7.72800000e-04  2.33353869e-03  7.72800000e-04  4.90014153e-01  7.72800000e-04  1.80000000e+00 
 7.82800000e-04  2.36127705e-03  7.82800000e-04  4.87576018e-01  7.82800000e-04  1.80000000e+00 
 7.92800000e-04  2.38892220e-03  7.92800000e-04  4.85146336e-01  7.92800000e-04  1.80000000e+00 
 8.02800000e-04  2.41647303e-03  8.02800000e-04  4.82725554e-01  8.02800000e-04  1.80000000e+00 
 8.12800000e-04  2.44392847e-03  8.12800000e-04  4.80313431e-01  8.12800000e-04  1.80000000e+00 
 8.22800000e-04  2.47128743e-03  8.22800000e-04  4.77910395e-01  8.22800000e-04  1.80000000e+00 
 8.32800000e-04  2.49854882e-03  8.32800000e-04  4.75516221e-01  8.32800000e-04  1.80000000e+00 
 8.42800000e-04  2.52571157e-03  8.42800000e-04  4.73131322e-01  8.42800000e-04  1.80000000e+00 
 8.52800000e-04  2.55277462e-03  8.52800000e-04  4.70755490e-01  8.52800000e-04  1.80000000e+00 
 8.62800000e-04  2.57973688e-03  8.62800000e-04  4.68389116e-01  8.62800000e-04  1.80000000e+00 
 8.72800000e-04  2.60659730e-03  8.72800000e-04  4.66032010e-01  8.72800000e-04  1.80000000e+00 
 8.82800000e-04  2.63335482e-03  8.82800000e-04  4.63684548e-01  8.82800000e-04  1.80000000e+00 
 8.92800000e-04  2.66000838e-03  8.92800000e-04  4.61346553e-01  8.92800000e-04  1.80000000e+00 
 9.02800000e-04  2.68655692e-03  9.02800000e-04  4.59018390e-01  9.02800000e-04  1.80000000e+00 
 9.12800000e-04  2.71299940e-03  9.12800000e-04  4.56699887e-01  9.12800000e-04  1.80000000e+00 
 9.22800000e-04  2.73933478e-03  9.22800000e-04  4.54391397e-01  9.22800000e-04  1.80000000e+00 
 9.32800000e-04  2.76556202e-03  9.32800000e-04  4.52092765e-01  9.32800000e-04  1.80000000e+00 
 9.42800000e-04  2.79168007e-03  9.42800000e-04  4.49804330e-01  9.42800000e-04  1.80000000e+00 
 9.52800000e-04  2.81768792e-03  9.52800000e-04  4.47525947e-01  9.52800000e-04  1.80000000e+00 
 9.62800000e-04  2.84358452e-03  9.62800000e-04  4.45257940e-01  9.62800000e-04  1.80000000e+00 
 9.72800000e-04  2.86936887e-03  9.72800000e-04  4.43000176e-01  9.72800000e-04  1.80000000e+00 
 9.82800000e-04  2.89503994e-03  9.82800000e-04  4.40752970e-01  9.82800000e-04  1.80000000e+00 
 9.92800000e-04  2.92059672e-03  9.92800000e-04  4.38516197e-01  9.92800000e-04  1.80000000e+00 
 1.00280000e-03  2.94603819e-03  1.00280000e-03  4.36290158e-01  1.00280000e-03  1.80000000e+00 
 1.01280000e-03  2.97136337e-03  1.01280000e-03  4.34074741e-01  1.01280000e-03  1.80000000e+00 
 1.02280000e-03  2.99657124e-03  1.02280000e-03  4.31870238e-01  1.02280000e-03  1.80000000e+00 
 1.03280000e-03  3.02166081e-03  1.03280000e-03  4.29676545e-01  1.03280000e-03  1.80000000e+00 
 1.04280000e-03  3.04663109e-03  1.04280000e-03  4.27493938e-01  1.04280000e-03  1.80000000e+00 
 1.05280000e-03  3.07148109e-03  1.05280000e-03  4.25322327e-01  1.05280000e-03  1.80000000e+00 
 1.06280000e-03  3.09620984e-03  1.06280000e-03  4.23161975e-01  1.06280000e-03  1.80000000e+00 
 1.07280000e-03  3.12081635e-03  1.07280000e-03  4.21012805e-01  1.07280000e-03  1.80000000e+00 
 1.08280000e-03  3.14529966e-03  1.08280000e-03  4.18875066e-01  1.08280000e-03  1.80000000e+00 
 1.09280000e-03  3.16965880e-03  1.09280000e-03  4.16748688e-01  1.09280000e-03  1.80000000e+00 
 1.10280000e-03  3.19389280e-03  1.10280000e-03  4.14633915e-01  1.10280000e-03  1.80000000e+00 
 1.11280000e-03  3.21800072e-03  1.11280000e-03  4.12530683e-01  1.11280000e-03  1.80000000e+00 
 1.12280000e-03  3.24198159e-03  1.12280000e-03  4.10439225e-01  1.12280000e-03  1.80000000e+00 
 1.13280000e-03  3.26583448e-03  1.13280000e-03  4.08359485e-01  1.13280000e-03  1.80000000e+00 
 1.14280000e-03  3.28955844e-03  1.14280000e-03  4.06291688e-01  1.14280000e-03  1.80000000e+00 
 1.15280000e-03  3.31315253e-03  1.15280000e-03  4.04235784e-01  1.15280000e-03  1.80000000e+00 
 1.16280000e-03  3.33661582e-03  1.16280000e-03  4.02191991e-01  1.16280000e-03  1.80000000e+00 
 1.17280000e-03  3.35994739e-03  1.17280000e-03  4.00160264e-01  1.17280000e-03  1.80000000e+00 
 1.18280000e-03  3.38314632e-03  1.18280000e-03  3.98140813e-01  1.18280000e-03  1.80000000e+00 
 1.19280000e-03  3.40621168e-03  1.19280000e-03  3.96133599e-01  1.19280000e-03  1.80000000e+00 
 1.20280000e-03  3.42914257e-03  1.20280000e-03  3.94138826e-01  1.20280000e-03  1.80000000e+00 
 1.21280000e-03  3.45193809e-03  1.21280000e-03  3.92156460e-01  1.21280000e-03  1.80000000e+00 
 1.22280000e-03  3.47459733e-03  1.22280000e-03  3.90186693e-01  1.22280000e-03  1.80000000e+00 
 1.23280000e-03  3.49711940e-03  1.23280000e-03  3.88229503e-01  1.23280000e-03  1.80000000e+00 
 1.24280000e-03  3.51950340e-03  1.24280000e-03  3.86285075e-01  1.24280000e-03  1.80000000e+00 
 1.25280000e-03  3.54174847e-03  1.25280000e-03  3.84353386e-01  1.25280000e-03  1.80000000e+00 
 1.26280000e-03  3.56385371e-03  1.26280000e-03  3.82434616e-01  1.26280000e-03  1.80000000e+00 
 1.27280000e-03  3.58581826e-03  1.27280000e-03  3.80528750e-01  1.27280000e-03  1.80000000e+00 
 1.28280000e-03  3.60764124e-03  1.28280000e-03  3.78635959e-01  1.28280000e-03  1.80000000e+00 
 1.29280000e-03  3.62932180e-03  1.29280000e-03  3.76756232e-01  1.29280000e-03  1.80000000e+00 
 1.30280000e-03  3.65085908e-03  1.30280000e-03  3.74889735e-01  1.30280000e-03  1.80000000e+00 
 1.31280000e-03  3.67225224e-03  1.31280000e-03  3.73036461e-01  1.31280000e-03  1.80000000e+00 
 1.32280000e-03  3.69350041e-03  1.32280000e-03  3.71196569e-01  1.32280000e-03  1.80000000e+00 
 1.33280000e-03  3.71460278e-03  1.33280000e-03  3.69370054e-01  1.33280000e-03  1.80000000e+00 
 1.34280000e-03  3.73555850e-03  1.34280000e-03  3.67557072e-01  1.34280000e-03  1.80000000e+00 
 1.35280000e-03  3.75636674e-03  1.35280000e-03  3.65757624e-01  1.35280000e-03  1.80000000e+00 
 1.36280000e-03  3.77702669e-03  1.36280000e-03  3.63971854e-01  1.36280000e-03  1.80000000e+00 
 1.37280000e-03  3.79753753e-03  1.37280000e-03  3.62199769e-01  1.37280000e-03  1.80000000e+00 
 1.38280000e-03  3.81789845e-03  1.38280000e-03  3.60441506e-01  1.38280000e-03  1.80000000e+00 
 1.39280000e-03  3.83810865e-03  1.39280000e-03  3.58697077e-01  1.39280000e-03  1.80000000e+00 
 1.40280000e-03  3.85816732e-03  1.40280000e-03  3.56966615e-01  1.40280000e-03  1.80000000e+00 
 1.41280000e-03  3.87807368e-03  1.41280000e-03  3.55250133e-01  1.41280000e-03  1.80000000e+00 
 1.42280000e-03  3.89782694e-03  1.42280000e-03  3.53547757e-01  1.42280000e-03  1.80000000e+00 
 1.43280000e-03  3.91742632e-03  1.43280000e-03  3.51859503e-01  1.43280000e-03  1.80000000e+00 
 1.44280000e-03  3.93687105e-03  1.44280000e-03  3.50185494e-01  1.44280000e-03  1.80000000e+00 
 1.45280000e-03  3.95616036e-03  1.45280000e-03  3.48525746e-01  1.45280000e-03  1.80000000e+00 
 1.46280000e-03  3.97529348e-03  1.46280000e-03  3.46880378e-01  1.46280000e-03  1.80000000e+00 
 1.47280000e-03  3.99426967e-03  1.47280000e-03  3.45249411e-01  1.47280000e-03  1.80000000e+00 
 1.48280000e-03  4.01308817e-03  1.48280000e-03  3.43632953e-01  1.48280000e-03  1.80000000e+00 
 1.49280000e-03  4.03174824e-03  1.49280000e-03  3.42031028e-01  1.49280000e-03  1.80000000e+00 
 1.50280000e-03  4.05024914e-03  1.50280000e-03  3.40443743e-01  1.50280000e-03  1.80000000e+00 
 1.51280000e-03  4.06859014e-03  1.51280000e-03  3.38871122e-01  1.51280000e-03  1.80000000e+00 
 1.52280000e-03  4.08677053e-03  1.52280000e-03  3.37313267e-01  1.52280000e-03  1.80000000e+00 
 1.53280000e-03  4.10478958e-03  1.53280000e-03  3.35770202e-01  1.53280000e-03  1.80000000e+00 
 1.54280000e-03  4.12264657e-03  1.54280000e-03  3.34242022e-01  1.54280000e-03  1.80000000e+00 
 1.55280000e-03  4.14034081e-03  1.55280000e-03  3.32728757e-01  1.55280000e-03  1.80000000e+00 
 1.56280000e-03  4.15787160e-03  1.56280000e-03  3.31230499e-01  1.56280000e-03  1.80000000e+00 
 1.57280000e-03  4.17523824e-03  1.57280000e-03  3.29747273e-01  1.57280000e-03  1.80000000e+00 
 1.58280000e-03  4.19244005e-03  1.58280000e-03  3.28279166e-01  1.58280000e-03  1.80000000e+00 
 1.59280000e-03  4.20947635e-03  1.59280000e-03  3.26826210e-01  1.59280000e-03  1.80000000e+00 
 1.60280000e-03  4.22634647e-03  1.60280000e-03  3.25388483e-01  1.60280000e-03  1.80000000e+00 
 1.61280000e-03  4.24304974e-03  1.61280000e-03  3.23966016e-01  1.61280000e-03  1.80000000e+00 
 1.62280000e-03  4.25958550e-03  1.62280000e-03  3.22558885e-01  1.62280000e-03  1.80000000e+00 
 1.63280000e-03  4.27595310e-03  1.63280000e-03  3.21167122e-01  1.63280000e-03  1.80000000e+00 
 1.64280000e-03  4.29215189e-03  1.64280000e-03  3.19790797e-01  1.64280000e-03  1.80000000e+00 
 1.65280000e-03  4.30818123e-03  1.65280000e-03  3.18429940e-01  1.65280000e-03  1.80000000e+00 
 1.66280000e-03  4.32404050e-03  1.66280000e-03  3.17084619e-01  1.66280000e-03  1.80000000e+00 
 1.67280000e-03  4.33972906e-03  1.67280000e-03  3.15754865e-01  1.67280000e-03  1.80000000e+00 
 1.68280000e-03  4.35524629e-03  1.68280000e-03  3.14440737e-01  1.68280000e-03  1.80000000e+00 
 1.69280000e-03  4.37059159e-03  1.69280000e-03  3.13142269e-01  1.69280000e-03  1.80000000e+00 
 1.70280000e-03  4.38576434e-03  1.70280000e-03  3.11859514e-01  1.70280000e-03  1.80000000e+00 
 1.71280000e-03  4.40076395e-03  1.71280000e-03  3.10592507e-01  1.71280000e-03  1.80000000e+00 
 1.72280000e-03  4.41558983e-03  1.72280000e-03  3.09341296e-01  1.72280000e-03  1.80000000e+00 
 1.73280000e-03  4.43024139e-03  1.73280000e-03  3.08105911e-01  1.73280000e-03  1.80000000e+00 
 1.74280000e-03  4.44471805e-03  1.74280000e-03  3.06886402e-01  1.74280000e-03  1.80000000e+00 
 1.75280000e-03  4.45901923e-03  1.75280000e-03  3.05682792e-01  1.75280000e-03  1.80000000e+00 
 1.76280000e-03  4.47314439e-03  1.76280000e-03  3.04495128e-01  1.76280000e-03  1.80000000e+00 
 1.77280000e-03  4.48709295e-03  1.77280000e-03  3.03323436e-01  1.77280000e-03  1.80000000e+00 
 1.78280000e-03  4.50086437e-03  1.78280000e-03  3.02167755e-01  1.78280000e-03  1.80000000e+00 
 1.79280000e-03  4.51445810e-03  1.79280000e-03  3.01028106e-01  1.79280000e-03  1.80000000e+00 
 1.80280000e-03  4.52787361e-03  1.80280000e-03  2.99904527e-01  1.80280000e-03  1.80000000e+00 
 1.81280000e-03  4.54111037e-03  1.81280000e-03  2.98797041e-01  1.81280000e-03  1.80000000e+00 
 1.82280000e-03  4.55416785e-03  1.82280000e-03  2.97705678e-01  1.82280000e-03  1.80000000e+00 
 1.83280000e-03  4.56704554e-03  1.83280000e-03  2.96630457e-01  1.83280000e-03  1.80000000e+00 
 1.84280000e-03  4.57974293e-03  1.84280000e-03  2.95571405e-01  1.84280000e-03  1.80000000e+00 
 1.85280000e-03  4.59225952e-03  1.85280000e-03  2.94528542e-01  1.85280000e-03  1.80000000e+00 
 1.86280000e-03  4.60459482e-03  1.86280000e-03  2.93501887e-01  1.86280000e-03  1.80000000e+00 
 1.87280000e-03  4.61674833e-03  1.87280000e-03  2.92491459e-01  1.87280000e-03  1.80000000e+00 
 1.88280000e-03  4.62871959e-03  1.88280000e-03  2.91497273e-01  1.88280000e-03  1.80000000e+00 
 1.89280000e-03  4.64050811e-03  1.89280000e-03  2.90519346e-01  1.89280000e-03  1.80000000e+00 
 1.90280000e-03  4.65211343e-03  1.90280000e-03  2.89557686e-01  1.90280000e-03  1.80000000e+00 
 1.91280000e-03  4.66353509e-03  1.91280000e-03  2.88612312e-01  1.91280000e-03  1.80000000e+00 
 1.92280000e-03  4.67477264e-03  1.92280000e-03  2.87683230e-01  1.92280000e-03  1.80000000e+00 
 1.93280000e-03  4.68582565e-03  1.93280000e-03  2.86770447e-01  1.93280000e-03  1.80000000e+00 
 1.94280000e-03  4.69669366e-03  1.94280000e-03  2.85873972e-01  1.94280000e-03  1.80000000e+00 
 1.95280000e-03  4.70737626e-03  1.95280000e-03  2.84993811e-01  1.95280000e-03  1.80000000e+00 
 1.96280000e-03  4.71787301e-03  1.96280000e-03  2.84129964e-01  1.96280000e-03  1.80000000e+00 
 1.97280000e-03  4.72818352e-03  1.97280000e-03  2.83282439e-01  1.97280000e-03  1.80000000e+00 
 1.98280000e-03  4.73830736e-03  1.98280000e-03  2.82451230e-01  1.98280000e-03  1.80000000e+00 
 1.99280000e-03  4.74824415e-03  1.99280000e-03  2.81636342e-01  1.99280000e-03  1.80000000e+00 
 2.00280000e-03  4.75799348e-03  2.00280000e-03  2.80837771e-01  2.00280000e-03  1.80000000e+00 
 2.01280000e-03  4.76755497e-03  2.01280000e-03  2.80055512e-01  2.01280000e-03  1.80000000e+00 
 2.02280000e-03  4.77692825e-03  2.02280000e-03  2.79289561e-01  2.02280000e-03  1.80000000e+00 
 2.03280000e-03  4.78611294e-03  2.03280000e-03  2.78539916e-01  2.03280000e-03  1.80000000e+00 
 2.04280000e-03  4.79510869e-03  2.04280000e-03  2.77806562e-01  2.04280000e-03  1.80000000e+00 
 2.05280000e-03  4.80391513e-03  2.05280000e-03  2.77089498e-01  2.05280000e-03  1.80000000e+00 
 2.06280000e-03  4.81253192e-03  2.06280000e-03  2.76388708e-01  2.06280000e-03  1.80000000e+00 
 2.07280000e-03  4.82095873e-03  2.07280000e-03  2.75704189e-01  2.07280000e-03  1.80000000e+00 
 2.08280000e-03  4.82919520e-03  2.08280000e-03  2.75035919e-01  2.08280000e-03  1.80000000e+00 
 2.09280000e-03  4.83724104e-03  2.09280000e-03  2.74383896e-01  2.09280000e-03  1.80000000e+00 
 2.10280000e-03  4.84509590e-03  2.10280000e-03  2.73748097e-01  2.10280000e-03  1.80000000e+00 
 2.11280000e-03  4.85275949e-03  2.11280000e-03  2.73128518e-01  2.11280000e-03  1.80000000e+00 
 2.12280000e-03  4.86023150e-03  2.12280000e-03  2.72525132e-01  2.12280000e-03  1.80000000e+00 
 2.13280000e-03  4.86751164e-03  2.13280000e-03  2.71937933e-01  2.13280000e-03  1.80000000e+00 
 2.14280000e-03  4.87459961e-03  2.14280000e-03  2.71366895e-01  2.14280000e-03  1.80000000e+00 
 2.15280000e-03  4.88149515e-03  2.15280000e-03  2.70812011e-01  2.15280000e-03  1.80000000e+00 
 2.16280000e-03  4.88819797e-03  2.16280000e-03  2.70273255e-01  2.16280000e-03  1.80000000e+00 
 2.17280000e-03  4.89470781e-03  2.17280000e-03  2.69750614e-01  2.17280000e-03  1.80000000e+00 
 2.18280000e-03  4.90102442e-03  2.18280000e-03  2.69244063e-01  2.18280000e-03  1.80000000e+00 
 2.19280000e-03  4.90714754e-03  2.19280000e-03  2.68753593e-01  2.19280000e-03  1.80000000e+00 
 2.20280000e-03  4.91307694e-03  2.20280000e-03  2.68279175e-01  2.20280000e-03  1.80000000e+00 
 2.21280000e-03  4.91881238e-03  2.21280000e-03  2.67820798e-01  2.21280000e-03  1.80000000e+00 
 2.22280000e-03  4.92435364e-03  2.22280000e-03  2.67378434e-01  2.22280000e-03  1.80000000e+00 
 2.23280000e-03  4.92970048e-03  2.23280000e-03  2.66952073e-01  2.23280000e-03  1.80000000e+00 
 2.24280000e-03  4.93485272e-03  2.24280000e-03  2.66541684e-01  2.24280000e-03  1.80000000e+00 
 2.25280000e-03  4.93981013e-03  2.25280000e-03  2.66147262e-01  2.25280000e-03  1.80000000e+00 
 2.26280000e-03  4.94457253e-03  2.26280000e-03  2.65768774e-01  2.26280000e-03  1.80000000e+00 
 2.27280000e-03  4.94913972e-03  2.27280000e-03  2.65406210e-01  2.27280000e-03  1.80000000e+00 
 2.28280000e-03  4.95351153e-03  2.28280000e-03  2.65059545e-01  2.28280000e-03  1.80000000e+00 
 2.29280000e-03  4.95768778e-03  2.29280000e-03  2.64728768e-01  2.29280000e-03  1.80000000e+00 
 2.30280000e-03  4.96166832e-03  2.30280000e-03  2.64413854e-01  2.30280000e-03  1.80000000e+00 
 2.31280000e-03  4.96545297e-03  2.31280000e-03  2.64114791e-01  2.31280000e-03  1.80000000e+00 
 2.32280000e-03  4.96904160e-03  2.32280000e-03  2.63831556e-01  2.32280000e-03  1.80000000e+00 
 2.33280000e-03  4.97243406e-03  2.33280000e-03  2.63564140e-01  2.33280000e-03  1.80000000e+00 
 2.34280000e-03  4.97563021e-03  2.34280000e-03  2.63312517e-01  2.34280000e-03  1.80000000e+00 
 2.35280000e-03  4.97862994e-03  2.35280000e-03  2.63076686e-01  2.35280000e-03  1.80000000e+00 
 2.36280000e-03  4.98143312e-03  2.36280000e-03  2.62856618e-01  2.36280000e-03  1.80000000e+00 
 2.37280000e-03  4.98403964e-03  2.37280000e-03  2.62652312e-01  2.37280000e-03  1.80000000e+00 
 2.38280000e-03  4.98644939e-03  2.38280000e-03  2.62463743e-01  2.38280000e-03  1.80000000e+00 
 2.39280000e-03  4.98866230e-03  2.39280000e-03  2.62290910e-01  2.39280000e-03  1.80000000e+00 
 2.40280000e-03  4.99067825e-03  2.40280000e-03  2.62133794e-01  2.40280000e-03  1.80000000e+00 
 2.41280000e-03  4.99249719e-03  2.41280000e-03  2.61992391e-01  2.41280000e-03  1.80000000e+00 
 2.42280000e-03  4.99411903e-03  2.42280000e-03  2.61866684e-01  2.42280000e-03  1.80000000e+00 
 2.43280000e-03  4.99554371e-03  2.43280000e-03  2.61756674e-01  2.43280000e-03  1.80000000e+00 
 2.44280000e-03  4.99677117e-03  2.44280000e-03  2.61662344e-01  2.44280000e-03  1.80000000e+00 
 2.45280000e-03  4.99780137e-03  2.45280000e-03  2.61583698e-01  2.45280000e-03  1.80000000e+00 
 2.46280000e-03  4.99863427e-03  2.46280000e-03  2.61520720e-01  2.46280000e-03  1.80000000e+00 
 2.47280000e-03  4.99926982e-03  2.47280000e-03  2.61473415e-01  2.47280000e-03  1.80000000e+00 
 2.48280000e-03  4.99970802e-03  2.48280000e-03  2.61441772e-01  2.48280000e-03  1.80000000e+00 
 2.49280000e-03  4.99994884e-03  2.49280000e-03  2.61425796e-01  2.49280000e-03  1.80000000e+00 
 2.50280000e-03  4.99999226e-03  2.50280000e-03  2.61425480e-01  2.50280000e-03  1.80000000e+00 
 2.51280000e-03  4.99983830e-03  2.51280000e-03  2.61440832e-01  2.51280000e-03  1.80000000e+00 
 2.52280000e-03  4.99948695e-03  2.52280000e-03  2.61471841e-01  2.52280000e-03  1.80000000e+00 
 2.53280000e-03  4.99893823e-03  2.53280000e-03  2.61518522e-01  2.53280000e-03  1.80000000e+00 
 2.54280000e-03  4.99819216e-03  2.54280000e-03  2.61580867e-01  2.54280000e-03  1.80000000e+00 
 2.55280000e-03  4.99724876e-03  2.55280000e-03  2.61658891e-01  2.55280000e-03  1.80000000e+00 
 2.56280000e-03  4.99610809e-03  2.56280000e-03  2.61752589e-01  2.56280000e-03  1.80000000e+00 
 2.57280000e-03  4.99477018e-03  2.57280000e-03  2.61861976e-01  2.57280000e-03  1.80000000e+00 
 2.58280000e-03  4.99323508e-03  2.58280000e-03  2.61987052e-01  2.58280000e-03  1.80000000e+00 
 2.59280000e-03  4.99150286e-03  2.59280000e-03  2.62127835e-01  2.59280000e-03  1.80000000e+00 
 2.60280000e-03  4.98957359e-03  2.60280000e-03  2.62284322e-01  2.60280000e-03  1.80000000e+00 
 2.61280000e-03  4.98744733e-03  2.61280000e-03  2.62456536e-01  2.61280000e-03  1.80000000e+00 
 2.62280000e-03  4.98512418e-03  2.62280000e-03  2.62644477e-01  2.62280000e-03  1.80000000e+00 
 2.63280000e-03  4.98260422e-03  2.63280000e-03  2.62848166e-01  2.63280000e-03  1.80000000e+00 
 2.64280000e-03  4.97988756e-03  2.64280000e-03  2.63067609e-01  2.64280000e-03  1.80000000e+00 
 2.65280000e-03  4.97697430e-03  2.65280000e-03  2.63302827e-01  2.65280000e-03  1.80000000e+00 
 2.66280000e-03  4.97386456e-03  2.66280000e-03  2.63553826e-01  2.66280000e-03  1.80000000e+00 
 2.67280000e-03  4.97055846e-03  2.67280000e-03  2.63820629e-01  2.67280000e-03  1.80000000e+00 
 2.68280000e-03  4.96705613e-03  2.68280000e-03  2.64103245e-01  2.68280000e-03  1.80000000e+00 
 2.69280000e-03  4.96335771e-03  2.69280000e-03  2.64401698e-01  2.69280000e-03  1.80000000e+00 
 2.70280000e-03  4.95946334e-03  2.70280000e-03  2.64715996e-01  2.70280000e-03  1.80000000e+00 
 2.71280000e-03  4.95537318e-03  2.71280000e-03  2.65046167e-01  2.71280000e-03  1.80000000e+00 
 2.72280000e-03  4.95108740e-03  2.72280000e-03  2.65392218e-01  2.72280000e-03  1.80000000e+00 
 2.73280000e-03  4.94660615e-03  2.73280000e-03  2.65754179e-01  2.73280000e-03  1.80000000e+00 
 2.74280000e-03  4.94192962e-03  2.74280000e-03  2.66132058e-01  2.74280000e-03  1.80000000e+00 
 2.75280000e-03  4.93705799e-03  2.75280000e-03  2.66525884e-01  2.75280000e-03  1.80000000e+00 
 2.76280000e-03  4.93199146e-03  2.76280000e-03  2.66935665e-01  2.76280000e-03  1.80000000e+00 
 2.77280000e-03  4.92673021e-03  2.77280000e-03  2.67361432e-01  2.77280000e-03  1.80000000e+00 
 2.78280000e-03  4.92127447e-03  2.78280000e-03  2.67803195e-01  2.78280000e-03  1.80000000e+00 
 2.79280000e-03  4.91562445e-03  2.79280000e-03  2.68260982e-01  2.79280000e-03  1.80000000e+00 
 2.80280000e-03  4.90978036e-03  2.80280000e-03  2.68734803e-01  2.80280000e-03  1.80000000e+00 
 2.81280000e-03  4.90374245e-03  2.81280000e-03  2.69224689e-01  2.81280000e-03  1.80000000e+00 
 2.82280000e-03  4.89751094e-03  2.82280000e-03  2.69730647e-01  2.82280000e-03  1.80000000e+00 
 2.83280000e-03  4.89108609e-03  2.83280000e-03  2.70252706e-01  2.83280000e-03  1.80000000e+00 
 2.84280000e-03  4.88446814e-03  2.84280000e-03  2.70790876e-01  2.84280000e-03  1.80000000e+00 
 2.85280000e-03  4.87765737e-03  2.85280000e-03  2.71345186e-01  2.85280000e-03  1.80000000e+00 
 2.86280000e-03  4.87065404e-03  2.86280000e-03  2.71915640e-01  2.86280000e-03  1.80000000e+00 
 2.87280000e-03  4.86345842e-03  2.87280000e-03  2.72502269e-01  2.87280000e-03  1.80000000e+00 
 2.88280000e-03  4.85607079e-03  2.88280000e-03  2.73105078e-01  2.88280000e-03  1.80000000e+00 
 2.89280000e-03  4.84849146e-03  2.89280000e-03  2.73724096e-01  2.89280000e-03  1.80000000e+00 
 2.90280000e-03  4.84072072e-03  2.90280000e-03  2.74359322e-01  2.90280000e-03  1.80000000e+00 
 2.91280000e-03  4.83275888e-03  2.91280000e-03  2.75010786e-01  2.91280000e-03  1.80000000e+00 
 2.92280000e-03  4.82460624e-03  2.92280000e-03  2.75678490e-01  2.92280000e-03  1.80000000e+00 
 2.93280000e-03  4.81626314e-03  2.93280000e-03  2.76362457e-01  2.93280000e-03  1.80000000e+00 
 2.94280000e-03  4.80772990e-03  2.94280000e-03  2.77062688e-01  2.94280000e-03  1.80000000e+00 
 2.95280000e-03  4.79900687e-03  2.95280000e-03  2.77779204e-01  2.95280000e-03  1.80000000e+00 
 2.96280000e-03  4.79009437e-03  2.96280000e-03  2.78512004e-01  2.96280000e-03  1.80000000e+00 
 2.97280000e-03  4.78099277e-03  2.97280000e-03  2.79261107e-01  2.97280000e-03  1.80000000e+00 
 2.98280000e-03  4.77170242e-03  2.98280000e-03  2.80026513e-01  2.98280000e-03  1.80000000e+00 
 2.99280000e-03  4.76222370e-03  2.99280000e-03  2.80808234e-01  2.99280000e-03  1.80000000e+00 
 3.00280000e-03  4.75255697e-03  3.00280000e-03  2.81606266e-01  3.00280000e-03  1.80000000e+00 
 3.01280000e-03  4.74270262e-03  3.01280000e-03  2.82420625e-01  3.01280000e-03  1.80000000e+00 
 3.02280000e-03  4.73266103e-03  3.02280000e-03  2.83251300e-01  3.02280000e-03  1.80000000e+00 
 3.03280000e-03  4.72243261e-03  3.03280000e-03  2.84098303e-01  3.03280000e-03  1.80000000e+00 
 3.04280000e-03  4.71201775e-03  3.04280000e-03  2.84961620e-01  3.04280000e-03  1.80000000e+00 
 3.05280000e-03  4.70141687e-03  3.05280000e-03  2.85841265e-01  3.05280000e-03  1.80000000e+00 
 3.06280000e-03  4.69063039e-03  3.06280000e-03  2.86737220e-01  3.06280000e-03  1.80000000e+00 
 3.07280000e-03  4.67965873e-03  3.07280000e-03  2.87649490e-01  3.07280000e-03  1.80000000e+00 
 3.08280000e-03  4.66850232e-03  3.08280000e-03  2.88578060e-01  3.08280000e-03  1.80000000e+00 
 3.09280000e-03  4.65716161e-03  3.09280000e-03  2.89522929e-01  3.09280000e-03  1.80000000e+00 
 3.10280000e-03  4.64563704e-03  3.10280000e-03  2.90484077e-01  3.10280000e-03  1.80000000e+00 
 3.11280000e-03  4.63392908e-03  3.11280000e-03  2.91461508e-01  3.11280000e-03  1.80000000e+00 
 3.12280000e-03  4.62203817e-03  3.12280000e-03  2.92455192e-01  3.12280000e-03  1.80000000e+00 
 3.13280000e-03  4.60996479e-03  3.13280000e-03  2.93465127e-01  3.13280000e-03  1.80000000e+00 
 3.14280000e-03  4.59770942e-03  3.14280000e-03  2.94491287e-01  3.14280000e-03  1.80000000e+00 
 3.15280000e-03  4.58527253e-03  3.15280000e-03  2.95533663e-01  3.15280000e-03  1.80000000e+00 
 3.16280000e-03  4.57265463e-03  3.16280000e-03  2.96592226e-01  3.16280000e-03  1.80000000e+00 
 3.17280000e-03  4.55985621e-03  3.17280000e-03  2.97666965e-01  3.17280000e-03  1.80000000e+00 
 3.18280000e-03  4.54687778e-03  3.18280000e-03  2.98757849e-01  3.18280000e-03  1.80000000e+00 
 3.19280000e-03  4.53371984e-03  3.19280000e-03  2.99864859e-01  3.19280000e-03  1.80000000e+00 
 3.20280000e-03  4.52038291e-03  3.20280000e-03  3.00987961e-01  3.20280000e-03  1.80000000e+00 
 3.21280000e-03  4.50686753e-03  3.21280000e-03  3.02127139e-01  3.21280000e-03  1.80000000e+00 
 3.22280000e-03  4.49317423e-03  3.22280000e-03  3.03282352e-01  3.22280000e-03  1.80000000e+00 
 3.23280000e-03  4.47930354e-03  3.23280000e-03  3.04453579e-01  3.23280000e-03  1.80000000e+00 
 3.24280000e-03  4.46525602e-03  3.24280000e-03  3.05640781e-01  3.24280000e-03  1.80000000e+00 
 3.25280000e-03  4.45103222e-03  3.25280000e-03  3.06843930e-01  3.25280000e-03  1.80000000e+00 
 3.26280000e-03  4.43663270e-03  3.26280000e-03  3.08062985e-01  3.26280000e-03  1.80000000e+00 
 3.27280000e-03  4.42205803e-03  3.27280000e-03  3.09297917e-01  3.27280000e-03  1.80000000e+00 
 3.28280000e-03  4.40730878e-03  3.28280000e-03  3.10548677e-01  3.28280000e-03  1.80000000e+00 
 3.29280000e-03  4.39238554e-03  3.29280000e-03  3.11815236e-01  3.29280000e-03  1.80000000e+00 
 3.30280000e-03  4.37728890e-03  3.30280000e-03  3.13097546e-01  3.30280000e-03  1.80000000e+00 
 3.31280000e-03  4.36201944e-03  3.31280000e-03  3.14395571e-01  3.31280000e-03  1.80000000e+00 
 3.32280000e-03  4.34657779e-03  3.32280000e-03  3.15709260e-01  3.32280000e-03  1.80000000e+00 
 3.33280000e-03  4.33096453e-03  3.33280000e-03  3.17038576e-01  3.33280000e-03  1.80000000e+00 
 3.34280000e-03  4.31518030e-03  3.34280000e-03  3.18383465e-01  3.34280000e-03  1.80000000e+00 
 3.35280000e-03  4.29922571e-03  3.35280000e-03  3.19743889e-01  3.35280000e-03  1.80000000e+00 
 3.36280000e-03  4.28310140e-03  3.36280000e-03  3.21119788e-01  3.36280000e-03  1.80000000e+00 
 3.37280000e-03  4.26680800e-03  3.37280000e-03  3.22511123e-01  3.37280000e-03  1.80000000e+00 
 3.38280000e-03  4.25034615e-03  3.38280000e-03  3.23917835e-01  3.38280000e-03  1.80000000e+00 
 3.39280000e-03  4.23371650e-03  3.39280000e-03  3.25339877e-01  3.39280000e-03  1.80000000e+00 
 3.40280000e-03  4.21691972e-03  3.40280000e-03  3.26777190e-01  3.40280000e-03  1.80000000e+00 
 3.41280000e-03  4.19995646e-03  3.41280000e-03  3.28229728e-01  3.41280000e-03  1.80000000e+00 
 3.42280000e-03  4.18282739e-03  3.42280000e-03  3.29697427e-01  3.42280000e-03  1.80000000e+00 
 3.43280000e-03  4.16553319e-03  3.43280000e-03  3.31180239e-01  3.43280000e-03  1.80000000e+00 
 3.44280000e-03  4.14807454e-03  3.44280000e-03  3.32678097e-01  3.44280000e-03  1.80000000e+00 
 3.45280000e-03  4.13045213e-03  3.45280000e-03  3.34190950e-01  3.45280000e-03  1.80000000e+00 
 3.46280000e-03  4.11266666e-03  3.46280000e-03  3.35718732e-01  3.46280000e-03  1.80000000e+00 
 3.47280000e-03  4.09471883e-03  3.47280000e-03  3.37261391e-01  3.47280000e-03  1.80000000e+00 
 3.48280000e-03  4.07660934e-03  3.48280000e-03  3.38818858e-01  3.48280000e-03  1.80000000e+00 
 3.49280000e-03  4.05833892e-03  3.49280000e-03  3.40391077e-01  3.49280000e-03  1.80000000e+00 
 3.50280000e-03  4.03990829e-03  3.50280000e-03  3.41977976e-01  3.50280000e-03  1.80000000e+00 
 3.51280000e-03  4.02131816e-03  3.51280000e-03  3.43579504e-01  3.51280000e-03  1.80000000e+00 
 3.52280000e-03  4.00256928e-03  3.52280000e-03  3.45195584e-01  3.52280000e-03  1.80000000e+00 
 3.53280000e-03  3.98366238e-03  3.53280000e-03  3.46826158e-01  3.53280000e-03  1.80000000e+00 
 3.54280000e-03  3.96459822e-03  3.54280000e-03  3.48471153e-01  3.54280000e-03  1.80000000e+00 
 3.55280000e-03  3.94537754e-03  3.55280000e-03  3.50130512e-01  3.55280000e-03  1.80000000e+00 
 3.56280000e-03  3.92600110e-03  3.56280000e-03  3.51804154e-01  3.56280000e-03  1.80000000e+00 
 3.57280000e-03  3.90646967e-03  3.57280000e-03  3.53492022e-01  3.57280000e-03  1.80000000e+00 
 3.58280000e-03  3.88678403e-03  3.58280000e-03  3.55194037e-01  3.58280000e-03  1.80000000e+00 
 3.59280000e-03  3.86694493e-03  3.59280000e-03  3.56910139e-01  3.59280000e-03  1.80000000e+00 
 3.60280000e-03  3.84695318e-03  3.60280000e-03  3.58640246e-01  3.60280000e-03  1.80000000e+00 
 3.61280000e-03  3.82680956e-03  3.61280000e-03  3.60384296e-01  3.61280000e-03  1.80000000e+00 
 3.62280000e-03  3.80651486e-03  3.62280000e-03  3.62142210e-01  3.62280000e-03  1.80000000e+00 
 3.63280000e-03  3.78606988e-03  3.63280000e-03  3.63913922e-01  3.63280000e-03  1.80000000e+00 
 3.64280000e-03  3.76547544e-03  3.64280000e-03  3.65699349e-01  3.64280000e-03  1.80000000e+00 
 3.65280000e-03  3.74473234e-03  3.65280000e-03  3.67498428e-01  3.65280000e-03  1.80000000e+00 
 3.66280000e-03  3.72384141e-03  3.66280000e-03  3.69311073e-01  3.66280000e-03  1.80000000e+00 
 3.67280000e-03  3.70280347e-03  3.67280000e-03  3.71137221e-01  3.67280000e-03  1.80000000e+00 
 3.68280000e-03  3.68161935e-03  3.68280000e-03  3.72976783e-01  3.68280000e-03  1.80000000e+00 
 3.69280000e-03  3.66028988e-03  3.69280000e-03  3.74829695e-01  3.69280000e-03  1.80000000e+00 
 3.70280000e-03  3.63881591e-03  3.70280000e-03  3.76695866e-01  3.70280000e-03  1.80000000e+00 
 3.71280000e-03  3.61719829e-03  3.71280000e-03  3.78575233e-01  3.71280000e-03  1.80000000e+00 
 3.72280000e-03  3.59543786e-03  3.72280000e-03  3.80467707e-01  3.72280000e-03  1.80000000e+00 
 3.73280000e-03  3.57353549e-03  3.73280000e-03  3.82373218e-01  3.73280000e-03  1.80000000e+00 
 3.74280000e-03  3.55149205e-03  3.74280000e-03  3.84291674e-01  3.74280000e-03  1.80000000e+00 
 3.75280000e-03  3.52930840e-03  3.75280000e-03  3.86223011e-01  3.75280000e-03  1.80000000e+00 
 3.76280000e-03  3.50698542e-03  3.76280000e-03  3.88167136e-01  3.76280000e-03  1.80000000e+00 
 3.77280000e-03  3.48452399e-03  3.77280000e-03  3.90123976e-01  3.77280000e-03  1.80000000e+00 
 3.78280000e-03  3.46192500e-03  3.78280000e-03  3.92093442e-01  3.78280000e-03  1.80000000e+00 
 3.79280000e-03  3.43918933e-03  3.79280000e-03  3.94075462e-01  3.79280000e-03  1.80000000e+00 
 3.80280000e-03  3.41631789e-03  3.80280000e-03  3.96069944e-01  3.80280000e-03  1.80000000e+00 
 3.81280000e-03  3.39331158e-03  3.81280000e-03  3.98076815e-01  3.81280000e-03  1.80000000e+00 
 3.82280000e-03  3.37017131e-03  3.82280000e-03  4.00095981e-01  3.82280000e-03  1.80000000e+00 
 3.83280000e-03  3.34689800e-03  3.83280000e-03  4.02127367e-01  3.83280000e-03  1.80000000e+00 
 3.84280000e-03  3.32349255e-03  3.84280000e-03  4.04170881e-01  3.84280000e-03  1.80000000e+00 
 3.85280000e-03  3.29995589e-03  3.85280000e-03  4.06226450e-01  3.85280000e-03  1.80000000e+00 
 3.86280000e-03  3.27628896e-03  3.86280000e-03  4.08293974e-01  3.86280000e-03  1.80000000e+00 
 3.87280000e-03  3.25249269e-03  3.87280000e-03  4.10373380e-01  3.87280000e-03  1.80000000e+00 
 3.88280000e-03  3.22856801e-03  3.88280000e-03  4.12464574e-01  3.88280000e-03  1.80000000e+00 
 3.89280000e-03  3.20451588e-03  3.89280000e-03  4.14567474e-01  3.89280000e-03  1.80000000e+00 
 3.90280000e-03  3.18033723e-03  3.90280000e-03  4.16681989e-01  3.90280000e-03  1.80000000e+00 
 3.91280000e-03  3.15603303e-03  3.91280000e-03  4.18808040e-01  3.91280000e-03  1.80000000e+00 
 3.92280000e-03  3.13160424e-03  3.92280000e-03  4.20945527e-01  3.92280000e-03  1.80000000e+00 
 3.93280000e-03  3.10705182e-03  3.93280000e-03  4.23094372e-01  3.93280000e-03  1.80000000e+00 
 3.94280000e-03  3.08237673e-03  3.94280000e-03  4.25254480e-01  3.94280000e-03  1.80000000e+00 
 3.95280000e-03  3.05757996e-03  3.95280000e-03  4.27425769e-01  3.95280000e-03  1.80000000e+00 
 3.96280000e-03  3.03266248e-03  3.96280000e-03  4.29608140e-01  3.96280000e-03  1.80000000e+00 
 3.97280000e-03  3.00762528e-03  3.97280000e-03  4.31801515e-01  3.97280000e-03  1.80000000e+00 
 3.98280000e-03  2.98246934e-03  3.98280000e-03  4.34005790e-01  3.98280000e-03  1.80000000e+00 
 3.99280000e-03  2.95719566e-03  3.99280000e-03  4.36220887e-01  3.99280000e-03  1.80000000e+00 
 4.00280000e-03  2.93180523e-03  4.00280000e-03  4.38446706e-01  4.00280000e-03  1.80000000e+00 
 4.01280000e-03  2.90629906e-03  4.01280000e-03  4.40683163e-01  4.01280000e-03  1.80000000e+00 
 4.02280000e-03  2.88067816e-03  4.02280000e-03  4.42930157e-01  4.02280000e-03  1.80000000e+00 
 4.03280000e-03  2.85494353e-03  4.03280000e-03  4.45187605e-01  4.03280000e-03  1.80000000e+00 
 4.04280000e-03  2.82909619e-03  4.04280000e-03  4.47455409e-01  4.04280000e-03  1.80000000e+00 
 4.05280000e-03  2.80313716e-03  4.05280000e-03  4.49733482e-01  4.05280000e-03  1.80000000e+00 
 4.06280000e-03  2.77706747e-03  4.06280000e-03  4.52021720e-01  4.06280000e-03  1.80000000e+00 
 4.07280000e-03  2.75088815e-03  4.07280000e-03  4.54320042e-01  4.07280000e-03  1.80000000e+00 
 4.08280000e-03  2.72460023e-03  4.08280000e-03  4.56628343e-01  4.08280000e-03  1.80000000e+00 
 4.09280000e-03  2.69820474e-03  4.09280000e-03  4.58946538e-01  4.09280000e-03  1.80000000e+00 
 4.10280000e-03  2.67170274e-03  4.10280000e-03  4.61274524e-01  4.10280000e-03  1.80000000e+00 
 4.11280000e-03  2.64509526e-03  4.11280000e-03  4.63612213e-01  4.11280000e-03  1.80000000e+00 
 4.12280000e-03  2.61838335e-03  4.12280000e-03  4.65959502e-01  4.12280000e-03  1.80000000e+00 
 4.13280000e-03  2.59156808e-03  4.13280000e-03  4.68316304e-01  4.13280000e-03  1.80000000e+00 
 4.14280000e-03  2.56465049e-03  4.14280000e-03  4.70682514e-01  4.14280000e-03  1.80000000e+00 
 4.15280000e-03  2.53763166e-03  4.15280000e-03  4.73058046e-01  4.15280000e-03  1.80000000e+00 
 4.16280000e-03  2.51051265e-03  4.16280000e-03  4.75442791e-01  4.16280000e-03  1.80000000e+00 
 4.17280000e-03  2.48329452e-03  4.17280000e-03  4.77836662e-01  4.17280000e-03  1.80000000e+00 
 4.18280000e-03  2.45597836e-03  4.18280000e-03  4.80239553e-01  4.18280000e-03  1.80000000e+00 
 4.19280000e-03  2.42856524e-03  4.19280000e-03  4.82651377e-01  4.19280000e-03  1.80000000e+00 
 4.20280000e-03  2.40105625e-03  4.20280000e-03  4.85072024e-01  4.20280000e-03  1.80000000e+00 
 4.21280000e-03  2.37345247e-03  4.21280000e-03  4.87501406e-01  4.21280000e-03  1.80000000e+00 
 4.22280000e-03  2.34575498e-03  4.22280000e-03  4.89939414e-01  4.22280000e-03  1.80000000e+00 
 4.23280000e-03  2.31796489e-03  4.23280000e-03  4.92385960e-01  4.23280000e-03  1.80000000e+00 
 4.24280000e-03  2.29008329e-03  4.24280000e-03  4.94840933e-01  4.24280000e-03  1.80000000e+00 
 4.25280000e-03  2.26211129e-03  4.25280000e-03  4.97304245e-01  4.25280000e-03  1.80000000e+00 
 4.26280000e-03  2.23404998e-03  4.26280000e-03  4.99775787e-01  4.26280000e-03  1.80000000e+00 
 4.27280000e-03  2.20590047e-03  4.27280000e-03  5.02255466e-01  4.27280000e-03  1.80000000e+00 
 4.28280000e-03  2.17766387e-03  4.28280000e-03  5.04743172e-01  4.28280000e-03  1.80000000e+00 
 4.29280000e-03  2.14934131e-03  4.29280000e-03  5.07238815e-01  4.29280000e-03  1.80000000e+00 
 4.30280000e-03  2.12093389e-03  4.30280000e-03  5.09742285e-01  4.30280000e-03  1.80000000e+00 
 4.31280000e-03  2.09244275e-03  4.31280000e-03  5.12253487e-01  4.31280000e-03  1.80000000e+00 
 4.32280000e-03  2.06386899e-03  4.32280000e-03  5.14772313e-01  4.32280000e-03  1.80000000e+00 
 4.33280000e-03  2.03521376e-03  4.33280000e-03  5.17298668e-01  4.33280000e-03  1.80000000e+00 
 4.34280000e-03  2.00647818e-03  4.34280000e-03  5.19832442e-01  4.34280000e-03  1.80000000e+00 
 4.35280000e-03  1.97766339e-03  4.35280000e-03  5.22373540e-01  4.35280000e-03  1.80000000e+00 
 4.36280000e-03  1.94877053e-03  4.36280000e-03  5.24921853e-01  4.36280000e-03  1.80000000e+00 
 4.37280000e-03  1.91980073e-03  4.37280000e-03  5.27477283e-01  4.37280000e-03  1.80000000e+00 
 4.38280000e-03  1.89075514e-03  4.38280000e-03  5.30039722e-01  4.38280000e-03  1.80000000e+00 
 4.39280000e-03  1.86163491e-03  4.39280000e-03  5.32609073e-01  4.39280000e-03  1.80000000e+00 
 4.40280000e-03  1.83244118e-03  4.40280000e-03  5.35185221e-01  4.40280000e-03  1.80000000e+00 
 4.41280000e-03  1.80317511e-03  4.41280000e-03  5.37768075e-01  4.41280000e-03  1.80000000e+00 
 4.42280000e-03  1.77383785e-03  4.42280000e-03  5.40357519e-01  4.42280000e-03  1.80000000e+00 
 4.43280000e-03  1.74443057e-03  4.43280000e-03  5.42953458e-01  4.43280000e-03  1.80000000e+00 
 4.44280000e-03  1.71495442e-03  4.44280000e-03  5.45555781e-01  4.44280000e-03  1.80000000e+00 
 4.45280000e-03  1.68541056e-03  4.45280000e-03  5.48164386e-01  4.45280000e-03  1.80000000e+00 
 4.46280000e-03  1.65580017e-03  4.46280000e-03  5.50779162e-01  4.46280000e-03  1.80000000e+00 
 4.47280000e-03  1.62612441e-03  4.47280000e-03  5.53400015e-01  4.47280000e-03  1.80000000e+00 
 4.48280000e-03  1.59638446e-03  4.48280000e-03  5.56026825e-01  4.48280000e-03  1.80000000e+00 
 4.49280000e-03  1.56658148e-03  4.49280000e-03  5.58659499e-01  4.49280000e-03  1.80000000e+00 
 4.50280000e-03  1.53671666e-03  4.50280000e-03  5.61297920e-01  4.50280000e-03  1.80000000e+00 
 4.51280000e-03  1.50679116e-03  4.51280000e-03  5.63941992e-01  4.51280000e-03  1.80000000e+00 
 4.52280000e-03  1.47680619e-03  4.52280000e-03  5.66591597e-01  4.52280000e-03  1.80000000e+00 
 4.53280000e-03  1.44676291e-03  4.53280000e-03  5.69246639e-01  4.53280000e-03  1.80000000e+00 
 4.54280000e-03  1.41666251e-03  4.54280000e-03  5.71907001e-01  4.54280000e-03  1.80000000e+00 
 4.55280000e-03  1.38650619e-03  4.55280000e-03  5.74572586e-01  4.55280000e-03  1.80000000e+00 
 4.56280000e-03  1.35629513e-03  4.56280000e-03  5.77243276e-01  4.56280000e-03  1.80000000e+00 
 4.57280000e-03  1.32603053e-03  4.57280000e-03  5.79918971e-01  4.57280000e-03  1.80000000e+00 
 4.58280000e-03  1.29571358e-03  4.58280000e-03  5.82599561e-01  4.58280000e-03  1.80000000e+00 
 4.59280000e-03  1.26534547e-03  4.59280000e-03  5.85284939e-01  4.59280000e-03  1.80000000e+00 
 4.60280000e-03  1.23492741e-03  4.60280000e-03  5.87974991e-01  4.60280000e-03  1.80000000e+00 
 4.61280000e-03  1.20446060e-03  4.61280000e-03  5.90669618e-01  4.61280000e-03  1.80000000e+00 
 4.62280000e-03  1.17394624e-03  4.62280000e-03  5.93368703e-01  4.62280000e-03  1.80000000e+00 
 4.63280000e-03  1.14338553e-03  4.63280000e-03  5.96072145e-01  4.63280000e-03  1.80000000e+00 
 4.64280000e-03  1.11277969e-03  4.64280000e-03  5.98779826e-01  4.64280000e-03  1.80000000e+00 
 4.65280000e-03  1.08212991e-03  4.65280000e-03  6.01491646e-01  4.65280000e-03  1.80000000e+00 
 4.66280000e-03  1.05143741e-03  4.66280000e-03  6.04207489e-01  4.66280000e-03  1.80000000e+00 
 4.67280000e-03  1.02070341e-03  4.67280000e-03  6.06927250e-01  4.67280000e-03  1.80000000e+00 
 4.68280000e-03  9.89929106e-04  4.68280000e-03  6.09650817e-01  4.68280000e-03  1.80000000e+00 
 4.69280000e-03  9.59115724e-04  4.69280000e-03  6.12378082e-01  4.69280000e-03  1.80000000e+00 
 4.70280000e-03  9.28264478e-04  4.70280000e-03  6.15108934e-01  4.70280000e-03  1.79999999e+00 
 4.71280000e-03  8.97376585e-04  4.71280000e-03  6.17843264e-01  4.71280000e-03  1.79999999e+00 
 4.72280000e-03  8.66453265e-04  4.72280000e-03  6.20580958e-01  4.72280000e-03  1.79999999e+00 
 4.73280000e-03  8.35495739e-04  4.73280000e-03  6.23321916e-01  4.73280000e-03  1.79999999e+00 
 4.74280000e-03  8.04505229e-04  4.74280000e-03  6.26066016e-01  4.74280000e-03  1.79999999e+00 
 4.75280000e-03  7.73482959e-04  4.75280000e-03  6.28813154e-01  4.75280000e-03  1.79999999e+00 
 4.76280000e-03  7.42430153e-04  4.76280000e-03  6.31563216e-01  4.76280000e-03  1.79999999e+00 
 4.77280000e-03  7.11348037e-04  4.77280000e-03  6.34316098e-01  4.77280000e-03  1.79999999e+00 
 4.78280000e-03  6.80237838e-04  4.78280000e-03  6.37071680e-01  4.78280000e-03  1.79999999e+00 
 4.79280000e-03  6.49100785e-04  4.79280000e-03  6.39829858e-01  4.79280000e-03  1.79999999e+00 
 4.80280000e-03  6.17938106e-04  4.80280000e-03  6.42590518e-01  4.80280000e-03  1.79999999e+00 
 4.81280000e-03  5.86751032e-04  4.81280000e-03  6.45353550e-01  4.81280000e-03  1.79999999e+00 
 4.82280000e-03  5.55540794e-04  4.82280000e-03  6.48118841e-01  4.82280000e-03  1.79999999e+00 
 4.83280000e-03  5.24308624e-04  4.83280000e-03  6.50886284e-01  4.83280000e-03  1.79999999e+00 
 4.84280000e-03  4.93055756e-04  4.84280000e-03  6.53655762e-01  4.84280000e-03  1.79999999e+00 
 4.85280000e-03  4.61783422e-04  4.85280000e-03  6.56427171e-01  4.85280000e-03  1.79999999e+00 
 4.86280000e-03  4.30492859e-04  4.86280000e-03  6.59200391e-01  4.86280000e-03  1.79999999e+00 
 4.87280000e-03  3.99185300e-04  4.87280000e-03  6.61975315e-01  4.87280000e-03  1.79999999e+00 
 4.88280000e-03  3.67861981e-04  4.88280000e-03  6.64751829e-01  4.88280000e-03  1.79999999e+00 
 4.89280000e-03  3.36524141e-04  4.89280000e-03  6.67529828e-01  4.89280000e-03  1.79999999e+00 
 4.90280000e-03  3.05173015e-04  4.90280000e-03  6.70309189e-01  4.90280000e-03  1.79999999e+00 
 4.91280000e-03  2.73809841e-04  4.91280000e-03  6.73089814e-01  4.91280000e-03  1.79999999e+00 
 4.92280000e-03  2.42435858e-04  4.92280000e-03  6.75871578e-01  4.92280000e-03  1.79999999e+00 
 4.93280000e-03  2.11052303e-04  4.93280000e-03  6.78654380e-01  4.93280000e-03  1.79999999e+00 
 4.94280000e-03  1.79660417e-04  4.94280000e-03  6.81438097e-01  4.94280000e-03  1.79999999e+00 
 4.95280000e-03  1.48261438e-04  4.95280000e-03  6.84222628e-01  4.95280000e-03  1.79999999e+00 
 4.96280000e-03  1.16856606e-04  4.96280000e-03  6.87007852e-01  4.96280000e-03  1.79999999e+00 
 4.97280000e-03  8.54471605e-05  4.97280000e-03  6.89793665e-01  4.97280000e-03  1.79999998e+00 
 4.98280000e-03  5.40343418e-05  4.98280000e-03  6.92579949e-01  4.98280000e-03  1.79999998e+00 
 4.99280000e-03  2.26193900e-05  4.99280000e-03  6.95366594e-01  4.99280000e-03  1.79999998e+00 
 5.00280000e-03 -8.79645489e-06  5.00280000e-03  6.98153486e-01  5.00280000e-03  1.79999998e+00 
 5.01280000e-03 -4.02119525e-05  5.01280000e-03  7.00940520e-01  5.01280000e-03  1.79999998e+00 
 5.02280000e-03 -7.16258625e-05  5.02280000e-03  7.03727573e-01  5.02280000e-03  1.79999998e+00 
 5.03280000e-03 -1.03036945e-04  5.03280000e-03  7.06514543e-01  5.03280000e-03  1.79999998e+00 
 5.04280000e-03 -1.34443960e-04  5.04280000e-03  7.09301309e-01  5.04280000e-03  1.79999997e+00 
 5.05280000e-03 -1.65845667e-04  5.05280000e-03  7.12087768e-01  5.05280000e-03  1.79999997e+00 
 5.06280000e-03 -1.97240826e-04  5.06280000e-03  7.14873799e-01  5.06280000e-03  1.79999997e+00 
 5.07280000e-03 -2.28628200e-04  5.07280000e-03  7.17659298e-01  5.07280000e-03  1.79999997e+00 
 5.08280000e-03 -2.60006547e-04  5.08280000e-03  7.20444144e-01  5.08280000e-03  1.79999996e+00 
 5.09280000e-03 -2.91374629e-04  5.09280000e-03  7.23228235e-01  5.09280000e-03  1.79999996e+00 
 5.10280000e-03 -3.22731209e-04  5.10280000e-03  7.26011452e-01  5.10280000e-03  1.79999995e+00 
 5.11280000e-03 -3.54075048e-04  5.11280000e-03  7.28793686e-01  5.11280000e-03  1.79999994e+00 
 5.12280000e-03 -3.85404908e-04  5.12280000e-03  7.31574820e-01  5.12280000e-03  1.79999993e+00 
 5.13280000e-03 -4.16719553e-04  5.13280000e-03  7.34354750e-01  5.13280000e-03  1.79999992e+00 
 5.14280000e-03 -4.48017747e-04  5.14280000e-03  7.37133356e-01  5.14280000e-03  1.79999991e+00 
 5.15280000e-03 -4.79298254e-04  5.15280000e-03  7.39910535e-01  5.15280000e-03  1.79999989e+00 
 5.16280000e-03 -5.10559839e-04  5.16280000e-03  7.42686166e-01  5.16280000e-03  1.79999986e+00 
 5.17280000e-03 -5.41801268e-04  5.17280000e-03  7.45460147e-01  5.17280000e-03  1.79999982e+00 
 5.18280000e-03 -5.73021308e-04  5.18280000e-03  7.48232360e-01  5.18280000e-03  1.79999976e+00 
 5.19280000e-03 -6.04218726e-04  5.19280000e-03  7.51002699e-01  5.19280000e-03  1.79999967e+00 
 5.20280000e-03 -6.35392290e-04  5.20280000e-03  7.53771052e-01  5.20280000e-03  1.79999954e+00 
 5.21280000e-03 -6.66540770e-04  5.21280000e-03  7.56537308e-01  5.21280000e-03  1.79999936e+00 
 5.22280000e-03 -6.97662936e-04  5.22280000e-03  7.59301350e-01  5.22280000e-03  1.79999909e+00 
 5.23280000e-03 -7.28757560e-04  5.23280000e-03  7.62063075e-01  5.23280000e-03  1.79999870e+00 
 5.24280000e-03 -7.59823414e-04  5.24280000e-03  7.64822364e-01  5.24280000e-03  1.79999813e+00 
 5.25280000e-03 -7.90859271e-04  5.25280000e-03  7.67579113e-01  5.25280000e-03  1.79999728e+00 
 5.26280000e-03 -8.21863906e-04  5.26280000e-03  7.70333204e-01  5.26280000e-03  1.79999603e+00 
 5.27280000e-03 -8.52836095e-04  5.27280000e-03  7.73084534e-01  5.27280000e-03  1.79999417e+00 
 5.28280000e-03 -8.83774616e-04  5.28280000e-03  7.75832984e-01  5.28280000e-03  1.79999141e+00 
 5.29280000e-03 -9.14678247e-04  5.29280000e-03  7.78578451e-01  5.29280000e-03  1.79998730e+00 
 5.30280000e-03 -9.45545769e-04  5.30280000e-03  7.81320819e-01  5.30280000e-03  1.79998118e+00 
 5.31280000e-03 -9.76375961e-04  5.31280000e-03  7.84059981e-01  5.31280000e-03  1.79997202e+00 
 5.32280000e-03 -1.00716761e-03  5.32280000e-03  7.86795823e-01  5.32280000e-03  1.79995832e+00 
 5.33280000e-03 -1.03791949e-03  5.33280000e-03  7.89528242e-01  5.33280000e-03  1.79993781e+00 
 5.34280000e-03 -1.06863040e-03  5.34280000e-03  7.92257119e-01  5.34280000e-03  1.79990712e+00 
 5.35280000e-03 -1.09929913e-03  5.35280000e-03  7.94982353e-01  5.35280000e-03  1.79986120e+00 
 5.36280000e-03 -1.12992445e-03  5.36280000e-03  7.97703831e-01  5.36280000e-03  1.79979259e+00 
 5.37280000e-03 -1.16050517e-03  5.37280000e-03  8.00421442e-01  5.37280000e-03  1.79969030e+00 
 5.38280000e-03 -1.19104007e-03  5.38280000e-03  8.03135077e-01  5.38280000e-03  1.79953823e+00 
 5.39280000e-03 -1.22152795e-03  5.39280000e-03  8.05844628e-01  5.39280000e-03  1.79931310e+00 
 5.40280000e-03 -1.25196761e-03  5.40280000e-03  8.08549985e-01  5.40280000e-03  1.79898148e+00 
 5.41280000e-03 -1.28235784e-03  5.41280000e-03  8.11251044e-01  5.41280000e-03  1.79849610e+00 
 5.42280000e-03 -1.31269745e-03  5.42280000e-03  8.13947689e-01  5.42280000e-03  1.79779094e+00 
 5.43280000e-03 -1.34298523e-03  5.43280000e-03  8.16639817e-01  5.43280000e-03  1.79677534e+00 
 5.44280000e-03 -1.37322000e-03  5.44280000e-03  8.19327316e-01  5.44280000e-03  1.79532671e+00 
 5.45280000e-03 -1.40340055e-03  5.45280000e-03  8.22010083e-01  5.45280000e-03  1.79328197e+00 
 5.46280000e-03 -1.43352570e-03  5.46280000e-03  8.24688004e-01  5.46280000e-03  1.79042736e+00 
 5.47280000e-03 -1.46359426e-03  5.47280000e-03  8.27360977e-01  5.47280000e-03  1.78648571e+00 
 5.48280000e-03 -1.49360503e-03  5.48280000e-03  8.30028890e-01  5.48280000e-03  1.78109938e+00 
 5.49280000e-03 -1.52355684e-03  5.49280000e-03  8.32691642e-01  5.49280000e-03  1.77380485e+00 
 5.50280000e-03 -1.55344851e-03  5.50280000e-03  8.35349116e-01  5.50280000e-03  1.76399030e+00 
 5.51280000e-03 -1.58327884e-03  5.51280000e-03  8.38001216e-01  5.51280000e-03  1.75081812e+00 
 5.52280000e-03 -1.61304667e-03  5.52280000e-03  8.40647829e-01  5.52280000e-03  1.73306878e+00 
 5.53280000e-03 -1.64275082e-03  5.53280000e-03  8.43288852e-01  5.53280000e-03  1.70878814e+00 
 5.54280000e-03 -1.67239012e-03  5.54280000e-03  8.45924173e-01  5.54280000e-03  1.67434311e+00 
 5.55280000e-03 -1.70196340e-03  5.55280000e-03  8.48553695e-01  5.55280000e-03  1.62112015e+00 
 5.56280000e-03 -1.73146948e-03  5.56280000e-03  8.51177303e-01  5.56280000e-03  1.51312603e+00 
 5.57280000e-03 -1.76090721e-03  5.57280000e-03  8.53794900e-01  5.57280000e-03  1.32884415e+00 
 5.58280000e-03 -1.79027542e-03  5.58280000e-03  8.56406374e-01  5.58280000e-03  1.12661983e+00 
 5.59280000e-03 -1.81957295e-03  5.59280000e-03  8.59011625e-01  5.59280000e-03  9.23924383e-01 
 5.60280000e-03 -1.84879865e-03  5.60280000e-03  8.61610545e-01  5.60280000e-03  7.24431220e-01 
 5.61280000e-03 -1.87795136e-03  5.61280000e-03  8.64203033e-01  5.61280000e-03  5.31183542e-01 
 5.62280000e-03 -1.90702994e-03  5.62280000e-03  8.66788980e-01  5.62280000e-03  3.49963377e-01 
 5.63280000e-03 -1.93603323e-03  5.63280000e-03  8.69368289e-01  5.63280000e-03  2.03764757e-01 
 5.64280000e-03 -1.96496008e-03  5.64280000e-03  8.71940850e-01  5.64280000e-03  1.31843275e-01 
 5.65280000e-03 -1.99380937e-03  5.65280000e-03  8.74506564e-01  5.65280000e-03  9.83493020e-02 
 5.66280000e-03 -2.02257994e-03  5.66280000e-03  8.77065324e-01  5.66280000e-03  7.74193167e-02 
 5.67280000e-03 -2.05127066e-03  5.67280000e-03  8.79617031e-01  5.67280000e-03  6.23267871e-02 
 5.68280000e-03 -2.07988040e-03  5.68280000e-03  8.82161580e-01  5.68280000e-03  5.07562205e-02 
 5.69280000e-03 -2.10840804e-03  5.69280000e-03  8.84698873e-01  5.69280000e-03  4.16396792e-02 
 5.70280000e-03 -2.13685243e-03  5.70280000e-03  8.87228800e-01  5.70280000e-03  3.42505119e-02 
 5.71280000e-03 -2.16521247e-03  5.71280000e-03  8.89751269e-01  5.71280000e-03  2.81780227e-02 
 5.72280000e-03 -2.19348703e-03  5.72280000e-03  8.92266172e-01  5.72280000e-03  2.31424941e-02 
 5.73280000e-03 -2.22167499e-03  5.73280000e-03  8.94773412e-01  5.73280000e-03  1.89456647e-02 
 5.74280000e-03 -2.24977525e-03  5.74280000e-03  8.97272884e-01  5.74280000e-03  1.54392016e-02 
 5.75280000e-03 -2.27778668e-03  5.75280000e-03  8.99764495e-01  5.75280000e-03  1.25109681e-02 
 5.76280000e-03 -2.30570820e-03  5.76280000e-03  9.02248135e-01  5.76280000e-03  1.00712823e-02 
 5.77280000e-03 -2.33353869e-03  5.77280000e-03  9.04723714e-01  5.77280000e-03  8.04836486e-03 
 5.78280000e-03 -2.36127705e-03  5.78280000e-03  9.07191125e-01  5.78280000e-03  6.38135974e-03 
 5.79280000e-03 -2.38892220e-03  5.79280000e-03  9.09650276e-01  5.79280000e-03  5.01899309e-03 
 5.80280000e-03 -2.41647303e-03  5.80280000e-03  9.12101062e-01  5.80280000e-03  3.91572244e-03 
 5.81280000e-03 -2.44392847e-03  5.81280000e-03  9.14543390e-01  5.81280000e-03  3.03177094e-03 
 5.82280000e-03 -2.47128743e-03  5.82280000e-03  9.16977158e-01  5.82280000e-03  2.33105936e-03 
 5.83280000e-03 -2.49854882e-03  5.83280000e-03  9.19402271e-01  5.83280000e-03  1.78188208e-03 
 5.84280000e-03 -2.52571157e-03  5.84280000e-03  9.21818628e-01  5.84280000e-03  1.35582694e-03 
 5.85280000e-03 -2.55277462e-03  5.85280000e-03  9.24226140e-01  5.85280000e-03  1.02855371e-03 
 5.86280000e-03 -2.57973688e-03  5.86280000e-03  9.26624700e-01  5.86280000e-03  7.79044950e-04 
 5.87280000e-03 -2.60659730e-03  5.87280000e-03  9.29014223e-01  5.87280000e-03  5.90091378e-04 
 5.88280000e-03 -2.63335482e-03  5.88280000e-03  9.31394602e-01  5.88280000e-03  4.47489913e-04 
 5.89280000e-03 -2.66000838e-03  5.89280000e-03  9.33765752e-01  5.89280000e-03  3.40176662e-04 
 5.90280000e-03 -2.68655692e-03  5.90280000e-03  9.36127570e-01  5.90280000e-03  2.59357317e-04 
 5.91280000e-03 -2.71299940e-03  5.91280000e-03  9.38479966e-01  5.91280000e-03  1.98478520e-04 
 5.92280000e-03 -2.73933478e-03  5.92280000e-03  9.40822844e-01  5.92280000e-03  1.52431650e-04 
 5.93280000e-03 -2.76556202e-03  5.93280000e-03  9.43156111e-01  5.93280000e-03  1.17546614e-04 
 5.94280000e-03 -2.79168007e-03  5.94280000e-03  9.45479671e-01  5.94280000e-03  9.09498923e-05 
 5.95280000e-03 -2.81768792e-03  5.95280000e-03  9.47793435e-01  5.95280000e-03  7.06467462e-05 
 5.96280000e-03 -2.84358452e-03  5.96280000e-03  9.50097307e-01  5.96280000e-03  5.50244702e-05 
 5.97280000e-03 -2.86936887e-03  5.97280000e-03  9.52391200e-01  5.97280000e-03  4.30120335e-05 
 5.98280000e-03 -2.89503994e-03  5.98280000e-03  9.54675013e-01  5.98280000e-03  3.36851570e-05 
 5.99280000e-03 -2.92059672e-03  5.99280000e-03  9.56948665e-01  5.99280000e-03  2.64729221e-05 
 6.00280000e-03 -2.94603819e-03  6.00280000e-03  9.59212055e-01  6.00280000e-03  2.08257105e-05 
 6.01280000e-03 -2.97136337e-03  6.01280000e-03  9.61465101e-01  6.01280000e-03  1.64447989e-05 
 6.02280000e-03 -2.99657124e-03  6.02280000e-03  9.63707708e-01  6.02280000e-03  1.29875778e-05 
 6.03280000e-03 -3.02166081e-03  6.03280000e-03  9.65939790e-01  6.03280000e-03  1.03061249e-05 
 6.04280000e-03 -3.04663109e-03  6.04280000e-03  9.68161251e-01  6.04280000e-03  8.17514870e-06 
 6.05280000e-03 -3.07148109e-03  6.05280000e-03  9.70372013e-01  6.05280000e-03  6.53229420e-06 
 6.06280000e-03 -3.09620984e-03  6.06280000e-03  9.72571977e-01  6.06280000e-03  5.22079979e-06 
 6.07280000e-03 -3.12081635e-03  6.07280000e-03  9.74761068e-01  6.07280000e-03  4.22793153e-06 
 6.08280000e-03 -3.14529966e-03  6.08280000e-03  9.76939187e-01  6.08280000e-03  3.43719193e-06 
 6.09280000e-03 -3.16965880e-03  6.09280000e-03  9.79106257e-01  6.09280000e-03  2.86243657e-06 
 6.10280000e-03 -3.19389280e-03  6.10280000e-03  9.81262182e-01  6.10280000e-03  2.40648991e-06 
 6.11280000e-03 -3.21800072e-03  6.11280000e-03  9.83406882e-01  6.11280000e-03  2.09298546e-06 
 6.12280000e-03 -3.24198159e-03  6.12280000e-03  9.85540261e-01  6.12280000e-03  1.83421901e-06 
 6.13280000e-03 -3.26583448e-03  6.13280000e-03  9.87662241e-01  6.13280000e-03  1.66336505e-06 
 6.14280000e-03 -3.28955844e-03  6.14280000e-03  9.89772730e-01  6.14280000e-03  1.50565009e-06 
 6.15280000e-03 -3.31315253e-03  6.15280000e-03  9.91871650e-01  6.15280000e-03  1.40581148e-06 
 6.16280000e-03 -3.33661582e-03  6.16280000e-03  9.93958914e-01  6.16280000e-03  1.29896266e-06 
 6.17280000e-03 -3.35994739e-03  6.17280000e-03  9.96034443e-01  6.17280000e-03  1.23619137e-06 
 6.18280000e-03 -3.38314632e-03  6.18280000e-03  9.98098149e-01  6.18280000e-03  1.15721388e-06 
 6.19280000e-03 -3.40621168e-03  6.19280000e-03  1.00014996e+00  6.19280000e-03  1.11573509e-06 
 6.20280000e-03 -3.42914257e-03  6.20280000e-03  1.00218978e+00  6.20280000e-03  1.05353432e-06 
 6.21280000e-03 -3.45193809e-03  6.21280000e-03  1.00421753e+00  6.21280000e-03  1.02539205e-06 
 6.22280000e-03 -3.47459733e-03  6.22280000e-03  1.00623314e+00  6.22280000e-03  9.74107320e-07 
 6.23280000e-03 -3.49711940e-03  6.23280000e-03  1.00823653e+00  6.23280000e-03  9.54913996e-07 
 6.24280000e-03 -3.51950340e-03  6.24280000e-03  1.01022760e+00  6.24280000e-03  9.11176376e-07 
 6.25280000e-03 -3.54174847e-03  6.25280000e-03  1.01220630e+00  6.25280000e-03  8.98316686e-07 
 6.26280000e-03 -3.56385371e-03  6.26280000e-03  1.01417253e+00  6.26280000e-03  8.60047478e-07 
 6.27280000e-03 -3.58581826e-03  6.27280000e-03  1.01612621e+00  6.27280000e-03  8.51859640e-07 
 6.28280000e-03 -3.60764124e-03  6.28280000e-03  1.01806728e+00  6.28280000e-03  8.17700247e-07 
 6.29280000e-03 -3.62932180e-03  6.29280000e-03  1.01999565e+00  6.29280000e-03  8.13072364e-07 
 6.30280000e-03 -3.65085908e-03  6.30280000e-03  1.02191124e+00  6.30280000e-03  7.82092529e-07 
 6.31280000e-03 -3.67225224e-03  6.31280000e-03  1.02381399e+00  6.31280000e-03  7.80248661e-07 
 6.32280000e-03 -3.69350041e-03  6.32280000e-03  1.02570380e+00  6.32280000e-03  7.51786675e-07 
 6.33280000e-03 -3.71460278e-03  6.33280000e-03  1.02758062e+00  6.33280000e-03  7.52166392e-07 
 6.34280000e-03 -3.73555850e-03  6.34280000e-03  1.02944436e+00  6.34280000e-03  7.25736573e-07 
 6.35280000e-03 -3.75636674e-03  6.35280000e-03  1.03129495e+00  6.35280000e-03  7.27923326e-07 
 6.36280000e-03 -3.77702669e-03  6.36280000e-03  1.03313232e+00  6.36280000e-03  7.03159745e-07 
 6.37280000e-03 -3.79753753e-03  6.37280000e-03  1.03495639e+00  6.37280000e-03  7.06836407e-07 
 6.38280000e-03 -3.81789845e-03  6.38280000e-03  1.03676709e+00  6.38280000e-03  6.83457198e-07 
 6.39280000e-03 -3.83810865e-03  6.39280000e-03  1.03856435e+00  6.39280000e-03  6.88377359e-07 
 6.40280000e-03 -3.85816732e-03  6.40280000e-03  1.04034809e+00  6.40280000e-03  6.66161276e-07 
 6.41280000e-03 -3.87807368e-03  6.41280000e-03  1.04211826e+00  6.41280000e-03  6.72130120e-07 
 6.42280000e-03 -3.89782694e-03  6.42280000e-03  1.04387477e+00  6.42280000e-03  6.50900674e-07 
 6.43280000e-03 -3.91742632e-03  6.43280000e-03  1.04561755e+00  6.43280000e-03  6.57761826e-07 
 6.44280000e-03 -3.93687105e-03  6.44280000e-03  1.04734654e+00  6.44280000e-03  6.37376242e-07 
 6.45280000e-03 -3.95616036e-03  6.45280000e-03  1.04906168e+00  6.45280000e-03  6.45002536e-07 
 6.46280000e-03 -3.97529348e-03  6.46280000e-03  1.05076288e+00  6.46280000e-03  6.25343877e-07 
 6.47280000e-03 -3.99426967e-03  6.47280000e-03  1.05245009e+00  6.47280000e-03  6.33630707e-07 
 6.48280000e-03 -4.01308817e-03  6.48280000e-03  1.05412323e+00  6.48280000e-03  6.14602186e-07 
 6.49280000e-03 -4.03174824e-03  6.49280000e-03  1.05578224e+00  6.49280000e-03  6.23462625e-07 
 6.50280000e-03 -4.05024914e-03  6.50280000e-03  1.05742705e+00  6.50280000e-03  6.04983362e-07 
 6.51280000e-03 -4.06859014e-03  6.51280000e-03  1.05905761e+00  6.51280000e-03  6.14344534e-07 
 6.52280000e-03 -4.08677053e-03  6.52280000e-03  1.06067384e+00  6.52280000e-03  5.96346363e-07 
 6.53280000e-03 -4.10478958e-03  6.53280000e-03  1.06227568e+00  6.53280000e-03  6.06146685e-07 
 6.54280000e-03 -4.12264657e-03  6.54280000e-03  1.06386307e+00  6.54280000e-03  5.88571737e-07 
 6.55280000e-03 -4.14034081e-03  6.55280000e-03  1.06543594e+00  6.55280000e-03  5.98758798e-07 
 6.56280000e-03 -4.15787160e-03  6.56280000e-03  1.06699423e+00  6.56280000e-03  5.81557614e-07 
 6.57280000e-03 -4.17523824e-03  6.57280000e-03  1.06853789e+00  6.57280000e-03  5.92086526e-07 
 6.58280000e-03 -4.19244005e-03  6.58280000e-03  1.07006684e+00  6.58280000e-03  5.75216596e-07 
 6.59280000e-03 -4.20947635e-03  6.59280000e-03  1.07158103e+00  6.59280000e-03  5.86048693e-07 
 6.60280000e-03 -4.22634647e-03  6.60280000e-03  1.07308040e+00  6.60280000e-03  5.69473260e-07 
 6.61280000e-03 -4.24304974e-03  6.61280000e-03  1.07456489e+00  6.61280000e-03  5.80575075e-07 
 6.62280000e-03 -4.25958550e-03  6.62280000e-03  1.07603444e+00  6.62280000e-03  5.64262220e-07 
 6.63280000e-03 -4.27595310e-03  6.63280000e-03  1.07748899e+00  6.63280000e-03  5.75604643e-07 
 6.64280000e-03 -4.29215189e-03  6.64280000e-03  1.07892849e+00  6.64280000e-03  5.59526529e-07 
 6.65280000e-03 -4.30818123e-03  6.65280000e-03  1.08035287e+00  6.65280000e-03  5.71084141e-07 
 6.66280000e-03 -4.32404050e-03  6.66280000e-03  1.08176209e+00  6.66280000e-03  5.55216384e-07 
 6.67280000e-03 -4.33972906e-03  6.67280000e-03  1.08315609e+00  6.67280000e-03  5.66966899e-07 
 6.68280000e-03 -4.35524629e-03  6.68280000e-03  1.08453481e+00  6.68280000e-03  5.51288076e-07 
 6.69280000e-03 -4.37059159e-03  6.69280000e-03  1.08589819e+00  6.69280000e-03  5.63211903e-07 
 6.70280000e-03 -4.38576434e-03  6.70280000e-03  1.08724619e+00  6.70280000e-03  5.47703129e-07 
 6.71280000e-03 -4.40076395e-03  6.71280000e-03  1.08857875e+00  6.71280000e-03  5.59782968e-07 
 6.72280000e-03 -4.41558983e-03  6.72280000e-03  1.08989581e+00  6.72280000e-03  5.44427536e-07 
 6.73280000e-03 -4.43024139e-03  6.73280000e-03  1.09119734e+00  6.73280000e-03  5.56648094e-07 
 6.74280000e-03 -4.44471805e-03  6.74280000e-03  1.09248326e+00  6.74280000e-03  5.41431203e-07 
 6.75280000e-03 -4.45901923e-03  6.75280000e-03  1.09375354e+00  6.75280000e-03  5.53778909e-07 
 6.76280000e-03 -4.47314439e-03  6.76280000e-03  1.09500813e+00  6.76280000e-03  5.38687398e-07 
 6.77280000e-03 -4.48709295e-03  6.77280000e-03  1.09624697e+00  6.77280000e-03  5.51150188e-07 
 6.78280000e-03 -4.50086437e-03  6.78280000e-03  1.09747001e+00  6.78280000e-03  5.36172334e-07 
 6.79280000e-03 -4.51445810e-03  6.79280000e-03  1.09867722e+00  6.79280000e-03  5.48739458e-07 
 6.80280000e-03 -4.52787361e-03  6.80280000e-03  1.09986853e+00  6.80280000e-03  5.33864803e-07 
 6.81280000e-03 -4.54111037e-03  6.81280000e-03  1.10104391e+00  6.81280000e-03  5.46526662e-07 
 6.82280000e-03 -4.55416785e-03  6.82280000e-03  1.10220330e+00  6.82280000e-03  5.31745852e-07 
 6.83280000e-03 -4.56704554e-03  6.83280000e-03  1.10334667e+00  6.83280000e-03  5.44493863e-07 
 6.84280000e-03 -4.57974293e-03  6.84280000e-03  1.10447396e+00  6.84280000e-03  5.29798517e-07 
 6.85280000e-03 -4.59225952e-03  6.85280000e-03  1.10558513e+00  6.85280000e-03  5.42624991e-07 
 6.86280000e-03 -4.60459482e-03  6.86280000e-03  1.10668015e+00  6.86280000e-03  5.28007592e-07 
 6.87280000e-03 -4.61674833e-03  6.87280000e-03  1.10775896e+00  6.87280000e-03  5.40905629e-07 
 6.88280000e-03 -4.62871959e-03  6.88280000e-03  1.10882152e+00  6.88280000e-03  5.26359425e-07 
 6.89280000e-03 -4.64050811e-03  6.89280000e-03  1.10986779e+00  6.89280000e-03  5.39322827e-07 
 6.90280000e-03 -4.65211343e-03  6.90280000e-03  1.11089774e+00  6.90280000e-03  5.24841742e-07 
 6.91280000e-03 -4.66353509e-03  6.91280000e-03  1.11191131e+00  6.91280000e-03  5.37864931e-07 
 6.92280000e-03 -4.67477264e-03  6.92280000e-03  1.11290848e+00  6.92280000e-03  5.23443491e-07 
 6.93280000e-03 -4.68582565e-03  6.93280000e-03  1.11388920e+00  6.93280000e-03  5.36521445e-07 
 6.94280000e-03 -4.69669366e-03  6.94280000e-03  1.11485343e+00  6.94280000e-03  5.22154716e-07 
 6.95280000e-03 -4.70737626e-03  6.95280000e-03  1.11580114e+00  6.95280000e-03  5.35282908e-07 
 6.96280000e-03 -4.71787301e-03  6.96280000e-03  1.11673228e+00  6.96280000e-03  5.20966435e-07 
 6.97280000e-03 -4.72818352e-03  6.97280000e-03  1.11764683e+00  6.97280000e-03  5.34140779e-07 
 6.98280000e-03 -4.73830736e-03  6.98280000e-03  1.11854474e+00  6.98280000e-03  5.19870537e-07 
 6.99280000e-03 -4.74824415e-03  6.99280000e-03  1.11942598e+00  6.99280000e-03  5.33087342e-07 
 7.00280000e-03 -4.75799348e-03  7.00280000e-03  1.12029052e+00  7.00280000e-03  5.18859693e-07 
 7.01280000e-03 -4.76755497e-03  7.01280000e-03  1.12113832e+00  7.01280000e-03  5.32115626e-07 
 7.02280000e-03 -4.77692825e-03  7.02280000e-03  1.12196935e+00  7.02280000e-03  5.17927277e-07 
 7.03280000e-03 -4.78611294e-03  7.03280000e-03  1.12278358e+00  7.03280000e-03  5.31219320e-07 
 7.04280000e-03 -4.79510869e-03  7.04280000e-03  1.12358097e+00  7.04280000e-03  5.17067292e-07 
 7.05280000e-03 -4.80391513e-03  7.05280000e-03  1.12436150e+00  7.05280000e-03  5.30392718e-07 
 7.06280000e-03 -4.81253192e-03  7.06280000e-03  1.12512513e+00  7.06280000e-03  5.16274310e-07 
 7.07280000e-03 -4.82095873e-03  7.07280000e-03  1.12587183e+00  7.07280000e-03  5.29630651e-07 
 7.08280000e-03 -4.82919520e-03  7.08280000e-03  1.12660157e+00  7.08280000e-03  5.15543419e-07 
 7.09280000e-03 -4.83724104e-03  7.09280000e-03  1.12731434e+00  7.09280000e-03  5.28928439e-07 
 7.10280000e-03 -4.84509590e-03  7.10280000e-03  1.12801009e+00  7.10280000e-03  5.14870168e-07 
 7.11280000e-03 -4.85275949e-03  7.11280000e-03  1.12868880e+00  7.11280000e-03  5.28281846e-07 
 7.12280000e-03 -4.86023150e-03  7.12280000e-03  1.12935044e+00  7.12280000e-03  5.14250528e-07 
 7.13280000e-03 -4.86751164e-03  7.13280000e-03  1.12999500e+00  7.13280000e-03  5.27687033e-07 
 7.14280000e-03 -4.87459961e-03  7.14280000e-03  1.13062243e+00  7.14280000e-03  5.13680850e-07 
 7.15280000e-03 -4.88149515e-03  7.15280000e-03  1.13123273e+00  7.15280000e-03  5.27140530e-07 
 7.16280000e-03 -4.88819797e-03  7.16280000e-03  1.13182586e+00  7.16280000e-03  5.13157835e-07 
 7.17280000e-03 -4.89470781e-03  7.17280000e-03  1.13240181e+00  7.17280000e-03  5.26639193e-07 
 7.18280000e-03 -4.90102442e-03  7.18280000e-03  1.13296054e+00  7.18280000e-03  5.12678498e-07 
 7.19280000e-03 -4.90714754e-03  7.19280000e-03  1.13350204e+00  7.19280000e-03  5.26180186e-07 
 7.20280000e-03 -4.91307694e-03  7.20280000e-03  1.13402628e+00  7.20280000e-03  5.12240144e-07 
 7.21280000e-03 -4.91881238e-03  7.21280000e-03  1.13453326e+00  7.21280000e-03  5.25760945e-07 
 7.22280000e-03 -4.92435364e-03  7.22280000e-03  1.13502294e+00  7.22280000e-03  5.11840342e-07 
 7.23280000e-03 -4.92970048e-03  7.23280000e-03  1.13549530e+00  7.23280000e-03  5.25379162e-07 
 7.24280000e-03 -4.93485272e-03  7.24280000e-03  1.13595034e+00  7.24280000e-03  5.11476905e-07 
 7.25280000e-03 -4.93981013e-03  7.25280000e-03  1.13638802e+00  7.25280000e-03  5.25032763e-07 
 7.26280000e-03 -4.94457253e-03  7.26280000e-03  1.13680834e+00  7.26280000e-03  5.11147867e-07 
 7.27280000e-03 -4.94913972e-03  7.27280000e-03  1.13721128e+00  7.27280000e-03  5.24719886e-07 
 7.28280000e-03 -4.95351153e-03  7.28280000e-03  1.13759682e+00  7.28280000e-03  5.10851474e-07 
 7.29280000e-03 -4.95768778e-03  7.29280000e-03  1.13796495e+00  7.29280000e-03  5.24438871e-07 
 7.30280000e-03 -4.96166832e-03  7.30280000e-03  1.13831565e+00  7.30280000e-03  5.10586157e-07 
 7.31280000e-03 -4.96545297e-03  7.31280000e-03  1.13864891e+00  7.31280000e-03  5.24188242e-07 
 7.32280000e-03 -4.96904160e-03  7.32280000e-03  1.13896471e+00  7.32280000e-03  5.10350530e-07 
 7.33280000e-03 -4.97243406e-03  7.33280000e-03  1.13926305e+00  7.33280000e-03  5.23966694e-07 
 7.34280000e-03 -4.97563021e-03  7.34280000e-03  1.13954392e+00  7.34280000e-03  5.10143371e-07 
 7.35280000e-03 -4.97862994e-03  7.35280000e-03  1.13980729e+00  7.35280000e-03  5.23773085e-07 
 7.36280000e-03 -4.98143312e-03  7.36280000e-03  1.14005316e+00  7.36280000e-03  5.09963617e-07 
 7.37280000e-03 -4.98403964e-03  7.37280000e-03  1.14028153e+00  7.37280000e-03  5.23606427e-07 
 7.38280000e-03 -4.98644939e-03  7.38280000e-03  1.14049238e+00  7.38280000e-03  5.09810351e-07 
 7.39280000e-03 -4.98866230e-03  7.39280000e-03  1.14068570e+00  7.39280000e-03  5.23465871e-07 
 7.40280000e-03 -4.99067825e-03  7.40280000e-03  1.14086149e+00  7.40280000e-03  5.09682797e-07 
 7.41280000e-03 -4.99249719e-03  7.41280000e-03  1.14101974e+00  7.41280000e-03  5.23350708e-07 
 7.42280000e-03 -4.99411903e-03  7.42280000e-03  1.14116044e+00  7.42280000e-03  5.09580310e-07 
 7.43280000e-03 -4.99554371e-03  7.43280000e-03  1.14128360e+00  7.43280000e-03  5.23260361e-07 
 7.44280000e-03 -4.99677117e-03  7.44280000e-03  1.14138919e+00  7.44280000e-03  5.09502379e-07 
 7.45280000e-03 -4.99780137e-03  7.45280000e-03  1.14147723e+00  7.45280000e-03  5.23194378e-07 
 7.46280000e-03 -4.99863427e-03  7.46280000e-03  1.14154770e+00  7.46280000e-03  5.09448613e-07 
 7.47280000e-03 -4.99926982e-03  7.47280000e-03  1.14160060e+00  7.47280000e-03  5.23152429e-07 
 7.48280000e-03 -4.99970802e-03  7.48280000e-03  1.14163594e+00  7.48280000e-03  5.09418744e-07 
 7.49280000e-03 -4.99994884e-03  7.49280000e-03  1.14165371e+00  7.49280000e-03  5.23134307e-07 
 7.50280000e-03 -4.99999226e-03  7.50280000e-03  1.14165390e+00  7.50280000e-03  5.09412623e-07 
 7.51280000e-03 -4.99983830e-03  7.51280000e-03  1.14163653e+00  7.51280000e-03  5.23139923e-07 
 7.52280000e-03 -4.99948695e-03  7.52280000e-03  1.14160158e+00  7.52280000e-03  5.09430221e-07 
 7.53280000e-03 -4.99893823e-03  7.53280000e-03  1.14154907e+00  7.53280000e-03  5.23169304e-07 
 7.54280000e-03 -4.99819216e-03  7.54280000e-03  1.14147899e+00  7.54280000e-03  5.09471624e-07 
 7.55280000e-03 -4.99724876e-03  7.55280000e-03  1.14139134e+00  7.55280000e-03  5.23222596e-07 
 7.56280000e-03 -4.99610809e-03  7.56280000e-03  1.14128614e+00  7.56280000e-03  5.09537037e-07 
 7.57280000e-03 -4.99477018e-03  7.57280000e-03  1.14116338e+00  7.57280000e-03  5.23300066e-07 
 7.58280000e-03 -4.99323508e-03  7.58280000e-03  1.14102306e+00  7.58280000e-03  5.09626788e-07 
 7.59280000e-03 -4.99150286e-03  7.59280000e-03  1.14086521e+00  7.59280000e-03  5.23402100e-07 
 7.60280000e-03 -4.98957359e-03  7.60280000e-03  1.14068981e+00  7.60280000e-03  5.09741323e-07 
 7.61280000e-03 -4.98744733e-03  7.61280000e-03  1.14049687e+00  7.61280000e-03  5.23529211e-07 
 7.62280000e-03 -4.98512418e-03  7.62280000e-03  1.14028642e+00  7.62280000e-03  5.09881218e-07 
 7.63280000e-03 -4.98260422e-03  7.63280000e-03  1.14005844e+00  7.63280000e-03  5.23682038e-07 
 7.64280000e-03 -4.97988756e-03  7.64280000e-03  1.13981296e+00  7.64280000e-03  5.10047180e-07 
 7.65280000e-03 -4.97697430e-03  7.65280000e-03  1.13954997e+00  7.65280000e-03  5.23861356e-07 
 7.66280000e-03 -4.97386456e-03  7.66280000e-03  1.13926950e+00  7.66280000e-03  5.10240051e-07 
 7.67280000e-03 -4.97055846e-03  7.67280000e-03  1.13897155e+00  7.67280000e-03  5.24068079e-07 
 7.68280000e-03 -4.96705613e-03  7.68280000e-03  1.13865613e+00  7.68280000e-03  5.10460818e-07 
 7.69280000e-03 -4.96335771e-03  7.69280000e-03  1.13832326e+00  7.69280000e-03  5.24303269e-07 
 7.70280000e-03 -4.95946334e-03  7.70280000e-03  1.13797295e+00  7.70280000e-03  5.10710617e-07 
 7.71280000e-03 -4.95537318e-03  7.71280000e-03  1.13760521e+00  7.71280000e-03  5.24568145e-07 
 7.72280000e-03 -4.95108740e-03  7.72280000e-03  1.13722006e+00  7.72280000e-03  5.10990751e-07 
 7.73280000e-03 -4.94660615e-03  7.73280000e-03  1.13681751e+00  7.73280000e-03  5.24864091e-07 
 7.74280000e-03 -4.94192962e-03  7.74280000e-03  1.13639757e+00  7.74280000e-03  5.11302689e-07 
 7.75280000e-03 -4.93705799e-03  7.75280000e-03  1.13596027e+00  7.75280000e-03  5.25192672e-07 
 7.76280000e-03 -4.93199146e-03  7.76280000e-03  1.13550562e+00  7.76280000e-03  5.11648087e-07 
 7.77280000e-03 -4.92673021e-03  7.77280000e-03  1.13503364e+00  7.77280000e-03  5.25555640e-07 
 7.78280000e-03 -4.92127447e-03  7.78280000e-03  1.13454435e+00  7.78280000e-03  5.12028799e-07 
 7.79280000e-03 -4.91562445e-03  7.79280000e-03  1.13403776e+00  7.79280000e-03  5.25954958e-07 
 7.80280000e-03 -4.90978036e-03  7.80280000e-03  1.13351390e+00  7.80280000e-03  5.12446896e-07 
 7.81280000e-03 -4.90374245e-03  7.81280000e-03  1.13297278e+00  7.81280000e-03  5.26392810e-07 
 7.82280000e-03 -4.89751094e-03  7.82280000e-03  1.13241443e+00  7.82280000e-03  5.12904679e-07 
 7.83280000e-03 -4.89108609e-03  7.83280000e-03  1.13183887e+00  7.83280000e-03  5.26871623e-07 
 7.84280000e-03 -4.88446814e-03  7.84280000e-03  1.13124612e+00  7.84280000e-03  5.13404701e-07 
 7.85280000e-03 -4.87765737e-03  7.85280000e-03  1.13063621e+00  7.85280000e-03  5.27394089e-07 
 7.86280000e-03 -4.87065404e-03  7.86280000e-03  1.13000915e+00  7.86280000e-03  5.13949795e-07 
 7.87280000e-03 -4.86345842e-03  7.87280000e-03  1.12936498e+00  7.87280000e-03  5.27963188e-07 
 7.88280000e-03 -4.85607079e-03  7.88280000e-03  1.12870371e+00  7.88280000e-03  5.14543093e-07 
 7.89280000e-03 -4.84849146e-03  7.89280000e-03  1.12802538e+00  7.89280000e-03  5.28582217e-07 
 7.90280000e-03 -4.84072072e-03  7.90280000e-03  1.12733001e+00  7.90280000e-03  5.15188056e-07 
 7.91280000e-03 -4.83275888e-03  7.91280000e-03  1.12661763e+00  7.91280000e-03  5.29254819e-07 
 7.92280000e-03 -4.82460624e-03  7.92280000e-03  1.12588826e+00  7.92280000e-03  5.15888512e-07 
 7.93280000e-03 -4.81626314e-03  7.93280000e-03  1.12514193e+00  7.93280000e-03  5.29985017e-07 
 7.94280000e-03 -4.80772990e-03  7.94280000e-03  1.12437868e+00  7.94280000e-03  5.16648686e-07 
 7.95280000e-03 -4.79900687e-03  7.95280000e-03  1.12359853e+00  7.95280000e-03  5.30777256e-07 
 7.96280000e-03 -4.79009437e-03  7.96280000e-03  1.12280151e+00  7.96280000e-03  5.17473246e-07 
 7.97280000e-03 -4.78099277e-03  7.97280000e-03  1.12198766e+00  7.97280000e-03  5.31636444e-07 
 7.98280000e-03 -4.77170242e-03  7.98280000e-03  1.12115700e+00  7.98280000e-03  5.18367346e-07 
 7.99280000e-03 -4.76222370e-03  7.99280000e-03  1.12030957e+00  7.99280000e-03  5.32568001e-07 
 8.00280000e-03 -4.75255697e-03  8.00280000e-03  1.11944541e+00  8.00280000e-03  5.19336675e-07 
 8.01280000e-03 -4.74270262e-03  8.01280000e-03  1.11856453e+00  8.01280000e-03  5.33577915e-07 
 8.02280000e-03 -4.73266103e-03  8.02280000e-03  1.11766699e+00  8.02280000e-03  5.20387529e-07 
 8.03280000e-03 -4.72243261e-03  8.03280000e-03  1.11675281e+00  8.03280000e-03  5.34672806e-07 
 8.04280000e-03 -4.71201775e-03  8.04280000e-03  1.11582204e+00  8.04280000e-03  5.21526861e-07 
 8.05280000e-03 -4.70141687e-03  8.05280000e-03  1.11487470e+00  8.05280000e-03  5.35859993e-07 
 8.06280000e-03 -4.69063039e-03  8.06280000e-03  1.11391084e+00  8.06280000e-03  5.22762362e-07 
 8.07280000e-03 -4.67965873e-03  8.07280000e-03  1.11293048e+00  8.07280000e-03  5.37147575e-07 
 8.08280000e-03 -4.66850232e-03  8.08280000e-03  1.11193368e+00  8.08280000e-03  5.24102554e-07 
 8.09280000e-03 -4.65716161e-03  8.09280000e-03  1.11092047e+00  8.09280000e-03  5.38544523e-07 
 8.10280000e-03 -4.64563704e-03  8.10280000e-03  1.10989089e+00  8.10280000e-03  5.25556869e-07 
 8.11280000e-03 -4.63392908e-03  8.11280000e-03  1.10884498e+00  8.11280000e-03  5.40060781e-07 
 8.12280000e-03 -4.62203817e-03  8.12280000e-03  1.10778278e+00  8.12280000e-03  5.27135776e-07 
 8.13280000e-03 -4.60996479e-03  8.13280000e-03  1.10670433e+00  8.13280000e-03  5.41707384e-07 
 8.14280000e-03 -4.59770942e-03  8.14280000e-03  1.10560967e+00  8.14280000e-03  5.28850897e-07 
 8.15280000e-03 -4.58527253e-03  8.15280000e-03  1.10449886e+00  8.15280000e-03  5.43496590e-07 
 8.16280000e-03 -4.57265463e-03  8.16280000e-03  1.10337192e+00  8.16280000e-03  5.30715146e-07 
 8.17280000e-03 -4.55985621e-03  8.17280000e-03  1.10222891e+00  8.17280000e-03  5.45442035e-07 
 8.18280000e-03 -4.54687778e-03  8.18280000e-03  1.10106988e+00  8.18280000e-03  5.32742901e-07 
 8.19280000e-03 -4.53371984e-03  8.19280000e-03  1.09989485e+00  8.19280000e-03  5.47558901e-07 
 8.20280000e-03 -4.52038291e-03  8.20280000e-03  1.09870389e+00  8.20280000e-03  5.34950186e-07 
 8.21280000e-03 -4.50686753e-03  8.21280000e-03  1.09749704e+00  8.21280000e-03  5.49864131e-07 
 8.22280000e-03 -4.49317423e-03  8.22280000e-03  1.09627435e+00  8.22280000e-03  5.37354890e-07 
 8.23280000e-03 -4.47930354e-03  8.23280000e-03  1.09503586e+00  8.23280000e-03  5.52376646e-07 
 8.24280000e-03 -4.46525602e-03  8.24280000e-03  1.09378162e+00  8.24280000e-03  5.39977015e-07 
 8.25280000e-03 -4.45103222e-03  8.25280000e-03  1.09251169e+00  8.25280000e-03  5.55117628e-07 
 8.26280000e-03 -4.43663270e-03  8.26280000e-03  1.09122611e+00  8.26280000e-03  5.42838970e-07 
 8.27280000e-03 -4.42205803e-03  8.27280000e-03  1.08992494e+00  8.27280000e-03  5.58110826e-07 
 8.28280000e-03 -4.40730878e-03  8.28280000e-03  1.08860821e+00  8.28280000e-03  5.45965905e-07 
 8.29280000e-03 -4.39238554e-03  8.29280000e-03  1.08727600e+00  8.29280000e-03  5.61382928e-07 
 8.30280000e-03 -4.37728890e-03  8.30280000e-03  1.08592834e+00  8.30280000e-03  5.49386121e-07 
 8.31280000e-03 -4.36201944e-03  8.31280000e-03  1.08456530e+00  8.31280000e-03  5.64963996e-07 
 8.32280000e-03 -4.34657779e-03  8.32280000e-03  1.08318692e+00  8.32280000e-03  5.53131522e-07 
 8.33280000e-03 -4.33096453e-03  8.33280000e-03  1.08179327e+00  8.33280000e-03  5.68887962e-07 
 8.34280000e-03 -4.31518030e-03  8.34280000e-03  1.08038439e+00  8.34280000e-03  5.57238186e-07 
 8.35280000e-03 -4.29922571e-03  8.35280000e-03  1.07896034e+00  8.35280000e-03  5.73193256e-07 
 8.36280000e-03 -4.28310140e-03  8.36280000e-03  1.07752117e+00  8.36280000e-03  5.61747019e-07 
 8.37280000e-03 -4.26680800e-03  8.37280000e-03  1.07606695e+00  8.37280000e-03  5.77923505e-07 
 8.38280000e-03 -4.25034615e-03  8.38280000e-03  1.07459774e+00  8.38280000e-03  5.66704548e-07 
 8.39280000e-03 -4.23371650e-03  8.39280000e-03  1.07311358e+00  8.39280000e-03  5.83128430e-07 
 8.40280000e-03 -4.21691972e-03  8.40280000e-03  1.07161454e+00  8.40280000e-03  5.72163875e-07 
 8.41280000e-03 -4.19995646e-03  8.41280000e-03  1.07010068e+00  8.41280000e-03  5.88864874e-07 
 8.42280000e-03 -4.18282739e-03  8.42280000e-03  1.06857205e+00  8.42280000e-03  5.78185846e-07 
 8.43280000e-03 -4.16553319e-03  8.43280000e-03  1.06702873e+00  8.43280000e-03  5.95198110e-07 
 8.44280000e-03 -4.14807454e-03  8.44280000e-03  1.06547076e+00  8.44280000e-03  5.84840475e-07 
 8.45280000e-03 -4.13045213e-03  8.45280000e-03  1.06389821e+00  8.45280000e-03  6.02203409e-07 
 8.46280000e-03 -4.11266666e-03  8.46280000e-03  1.06231115e+00  8.46280000e-03  5.92208692e-07 
 8.47280000e-03 -4.09471883e-03  8.47280000e-03  1.06070963e+00  8.47280000e-03  6.09968000e-07 
 8.48280000e-03 -4.07660934e-03  8.48280000e-03  1.05909371e+00  8.48280000e-03  6.00384557e-07 
 8.49280000e-03 -4.05833892e-03  8.49280000e-03  1.05746348e+00  8.49280000e-03  6.18593545e-07 
 8.50280000e-03 -4.03990829e-03  8.50280000e-03  1.05581898e+00  8.50280000e-03  6.09477987e-07 
 8.51280000e-03 -4.02131816e-03  8.51280000e-03  1.05416028e+00  8.51280000e-03  6.28199238e-07 
 8.52280000e-03 -4.00256928e-03  8.52280000e-03  1.05248746e+00  8.52280000e-03  6.19618320e-07 
 8.53280000e-03 -3.98366238e-03  8.53280000e-03  1.05080056e+00  8.53280000e-03  6.38925808e-07 
 8.54280000e-03 -3.96459822e-03  8.54280000e-03  1.04909967e+00  8.54280000e-03  6.30958809e-07 
 8.55280000e-03 -3.94537754e-03  8.55280000e-03  1.04738485e+00  8.55280000e-03  6.50940652e-07 
 8.56280000e-03 -3.92600110e-03  8.56280000e-03  1.04565616e+00  8.56280000e-03  6.43682542e-07 
 8.57280000e-03 -3.90646967e-03  8.57280000e-03  1.04391368e+00  8.57280000e-03  6.64444667e-07 
 8.58280000e-03 -3.88678403e-03  8.58280000e-03  1.04215748e+00  8.58280000e-03  6.58010279e-07 
 8.59280000e-03 -3.86694493e-03  8.59280000e-03  1.04038762e+00  8.59280000e-03  6.79681310e-07 
 8.60280000e-03 -3.84695318e-03  8.60280000e-03  1.03860417e+00  8.60280000e-03  6.74210987e-07 
 8.61280000e-03 -3.82680956e-03  8.61280000e-03  1.03680722e+00  8.61280000e-03  6.96948874e-07 
 8.62280000e-03 -3.80651486e-03  8.62280000e-03  1.03499681e+00  8.62280000e-03  6.92616274e-07 
 8.63280000e-03 -3.78606988e-03  8.63280000e-03  1.03317304e+00  8.63280000e-03  7.16617576e-07 
 8.64280000e-03 -3.76547544e-03  8.64280000e-03  1.03133597e+00  8.64280000e-03  7.13640556e-07 
 8.65280000e-03 -3.74473234e-03  8.65280000e-03  1.02948568e+00  8.65280000e-03  7.39153520e-07 
 8.66280000e-03 -3.72384141e-03  8.66280000e-03  1.02762223e+00  8.66280000e-03  7.37809926e-07 
 8.67280000e-03 -3.70280347e-03  8.67280000e-03  1.02574570e+00  8.67280000e-03  7.65153655e-07 
 8.68280000e-03 -3.68161935e-03  8.68280000e-03  1.02385617e+00  8.68280000e-03  7.65804430e-07 
 8.69280000e-03 -3.66028988e-03  8.69280000e-03  1.02195372e+00  8.69280000e-03  7.95397479e-07 
 8.70280000e-03 -3.63881591e-03  8.70280000e-03  1.02003841e+00  8.70280000e-03  7.98522120e-07 
 8.71280000e-03 -3.61719829e-03  8.71280000e-03  1.01811033e+00  8.71280000e-03  8.30926817e-07 
 8.72280000e-03 -3.59543786e-03  8.72280000e-03  1.01616954e+00  8.72280000e-03  8.37179083e-07 
 8.73280000e-03 -3.57353549e-03  8.73280000e-03  1.01421614e+00  8.73280000e-03  8.73172859e-07 
 8.74280000e-03 -3.55149205e-03  8.74280000e-03  1.01225019e+00  8.74280000e-03  8.83472390e-07 
 8.75280000e-03 -3.52930840e-03  8.75280000e-03  1.01027178e+00  8.75280000e-03  9.24167698e-07 
 8.76280000e-03 -3.50698542e-03  8.76280000e-03  1.00828098e+00  8.76280000e-03  9.39858321e-07 
 8.77280000e-03 -3.48452399e-03  8.77280000e-03  1.00627787e+00  8.77280000e-03  9.86915347e-07 
 8.78280000e-03 -3.46192500e-03  8.78280000e-03  1.00426254e+00  8.78280000e-03  1.01005427e-06 
 8.79280000e-03 -3.43918933e-03  8.79280000e-03  1.00223506e+00  8.79280000e-03  1.06608230e-06 
 8.80280000e-03 -3.41631789e-03  8.80280000e-03  1.00019551e+00  8.80280000e-03  1.10000518e-06 
 8.81280000e-03 -3.39331158e-03  8.81280000e-03  9.98143978e-01  8.81280000e-03  1.16937643e-06 
 8.82280000e-03 -3.37017131e-03  8.82280000e-03  9.96080542e-01  8.82280000e-03  1.21989021e-06 
 8.83280000e-03 -3.34689800e-03  8.83280000e-03  9.94005288e-01  8.83280000e-03  1.31052767e-06 
 8.84280000e-03 -3.32349255e-03  8.84280000e-03  9.91918295e-01  8.84280000e-03  1.38863495e-06 
 8.85280000e-03 -3.29995589e-03  8.85280000e-03  9.89819651e-01  8.85280000e-03  1.51623552e-06 
 8.86280000e-03 -3.27628896e-03  8.86280000e-03  9.87709438e-01  8.86280000e-03  1.64470492e-06 
 8.87280000e-03 -3.25249269e-03  8.87280000e-03  9.85587740e-01  8.87280000e-03  1.84283896e-06 
 8.88280000e-03 -3.22856801e-03  8.88280000e-03  9.83454643e-01  8.88280000e-03  2.07094924e-06 
 8.89280000e-03 -3.20451588e-03  8.89280000e-03  9.81310231e-01  8.89280000e-03  2.41025852e-06 
 8.90280000e-03 -3.18033723e-03  8.90280000e-03  9.79154589e-01  8.90280000e-03  2.83340627e-06 
 8.91280000e-03 -3.15603303e-03  8.91280000e-03  9.76987799e-01  8.91280000e-03  3.43304211e-06 
 8.92280000e-03 -3.13160424e-03  8.92280000e-03  9.74809946e-01  8.92280000e-03  4.18925315e-06 
 8.93280000e-03 -3.10705182e-03  8.93280000e-03  9.72621119e-01  8.93280000e-03  5.20592994e-06 
 8.94280000e-03 -3.08237673e-03  8.94280000e-03  9.70421406e-01  8.94280000e-03  6.47971500e-06 
 8.95280000e-03 -3.05757996e-03  8.95280000e-03  9.68210896e-01  8.95280000e-03  8.14369482e-06 
 8.96280000e-03 -3.03266248e-03  8.96280000e-03  9.65989676e-01  8.96280000e-03  1.02316972e-05 
 8.97280000e-03 -3.00762528e-03  8.97280000e-03  9.63757838e-01  8.97280000e-03  1.29293207e-05 
 8.98280000e-03 -2.98246934e-03  8.98280000e-03  9.61515469e-01  8.98280000e-03  1.63350866e-05 
 8.99280000e-03 -2.95719566e-03  8.99280000e-03  9.59262660e-01  8.99280000e-03  2.07233289e-05 
 9.00280000e-03 -2.93180523e-03  9.00280000e-03  9.56999500e-01  9.00280000e-03  2.63050930e-05 
 9.01280000e-03 -2.90629906e-03  9.01280000e-03  9.54726084e-01  9.01280000e-03  3.35089163e-05 
 9.02280000e-03 -2.88067816e-03  9.02280000e-03  9.52442495e-01  9.02280000e-03  4.27466152e-05 
 9.03280000e-03 -2.85494353e-03  9.03280000e-03  9.50148833e-01  9.03280000e-03  5.47224635e-05 
 9.04280000e-03 -2.82909619e-03  9.04280000e-03  9.47845184e-01  9.04280000e-03  7.02141999e-05 
 9.05280000e-03 -2.80313716e-03  9.05280000e-03  9.45531643e-01  9.05280000e-03  9.04297327e-05 
 9.06280000e-03 -2.77706747e-03  9.06280000e-03  9.43208302e-01  9.06280000e-03  1.16822277e-04 
 9.07280000e-03 -2.75088815e-03  9.07280000e-03  9.40875254e-01  9.07280000e-03  1.51526418e-04 
 9.08280000e-03 -2.72460023e-03  9.08280000e-03  9.38532590e-01  9.08280000e-03  1.97236493e-04 
 9.09280000e-03 -2.69820474e-03  9.09280000e-03  9.36180410e-01  9.09280000e-03  2.57764733e-04 
 9.10280000e-03 -2.67170274e-03  9.10280000e-03  9.33818801e-01  9.10280000e-03  3.38010368e-04 
 9.11280000e-03 -2.64509526e-03  9.11280000e-03  9.31447863e-01  9.11280000e-03  4.44672344e-04 
 9.12280000e-03 -2.61838335e-03  9.12280000e-03  9.29067688e-01  9.12280000e-03  5.86292039e-04 
 9.13280000e-03 -2.59156808e-03  9.13280000e-03  9.26678373e-01  9.13280000e-03  7.74089597e-04 
 9.14280000e-03 -2.56465049e-03  9.14280000e-03  9.24280013e-01  9.14280000e-03  1.02195779e-03 
 9.15280000e-03 -2.53763166e-03  9.15280000e-03  9.21872706e-01  9.15280000e-03  1.34729360e-03 
 9.16280000e-03 -2.51051265e-03  9.16280000e-03  9.19456546e-01  9.16280000e-03  1.77073335e-03 
 9.17280000e-03 -2.48329452e-03  9.17280000e-03  9.17031630e-01  9.17280000e-03  2.31687253e-03 
 9.18280000e-03 -2.45597836e-03  9.18280000e-03  9.14598055e-01  9.18280000e-03  3.01365091e-03 
 9.19280000e-03 -2.42856524e-03  9.19280000e-03  9.12155921e-01  9.19280000e-03  3.89313323e-03 
 9.20280000e-03 -2.40105625e-03  9.20280000e-03  9.09705323e-01  9.20280000e-03  4.99079661e-03 
 9.21280000e-03 -2.37345247e-03  9.21280000e-03  9.07246361e-01  9.21280000e-03  6.34690539e-03 
 9.22280000e-03 -2.34575498e-03  9.22280000e-03  9.04779134e-01  9.22280000e-03  8.00619547e-03 
 9.23280000e-03 -2.31796489e-03  9.23280000e-03  9.02303741e-01  9.23280000e-03  1.00205629e-02 
 9.24280000e-03 -2.29008329e-03  9.24280000e-03  8.99820280e-01  9.24280000e-03  1.24497451e-02 
 9.25280000e-03 -2.26211129e-03  9.25280000e-03  8.97328851e-01  9.25280000e-03  1.53662644e-02 
 9.26280000e-03 -2.23404998e-03  9.26280000e-03  8.94829554e-01  9.26280000e-03  1.88582127e-02 
 9.27280000e-03 -2.20590047e-03  9.27280000e-03  8.92322490e-01  9.27280000e-03  2.30385631e-02 
 9.28280000e-03 -2.17766387e-03  9.28280000e-03  8.89807756e-01  9.28280000e-03  2.80533685e-02 
 9.29280000e-03 -2.14934131e-03  9.29280000e-03  8.87285462e-01  9.29280000e-03  3.41019226e-02 
 9.30280000e-03 -2.12093389e-03  9.30280000e-03  8.84755699e-01  9.30280000e-03  4.14623902e-02 
 9.31280000e-03 -2.09244275e-03  9.31280000e-03  8.82218574e-01  9.31280000e-03  5.05484638e-02 
 9.32280000e-03 -2.06386899e-03  9.32280000e-03  8.79674185e-01  9.32280000e-03  6.20099026e-02 
 9.33280000e-03 -2.03521376e-03  9.33280000e-03  8.77122642e-01  9.33280000e-03  7.69780141e-02 
 9.34280000e-03 -2.00647818e-03  9.34280000e-03  8.74564039e-01  9.34280000e-03  9.78584730e-02 
 9.35280000e-03 -1.97766339e-03  9.35280000e-03  8.71998484e-01  9.35280000e-03  1.30829977e-01 
 9.36280000e-03 -1.94877053e-03  9.36280000e-03  8.69426074e-01  9.36280000e-03  2.01202102e-01 
 9.37280000e-03 -1.91980073e-03  9.37280000e-03  8.66846921e-01  9.37280000e-03  3.46068511e-01 
 9.38280000e-03 -1.89075514e-03  9.38280000e-03  8.64261120e-01  9.38280000e-03  5.26625548e-01 
 9.39280000e-03 -1.86163491e-03  9.39280000e-03  8.61668782e-01  9.39280000e-03  7.19847045e-01 
 9.40280000e-03 -1.83244118e-03  9.40280000e-03  8.59070005e-01  9.40280000e-03  9.19234311e-01 
 9.41280000e-03 -1.80317511e-03  9.41280000e-03  8.56464898e-01  9.41280000e-03  1.12192479e+00 
 9.42280000e-03 -1.77383785e-03  9.42280000e-03  8.53853562e-01  9.42280000e-03  1.32377827e+00 
 9.43280000e-03 -1.74443057e-03  9.43280000e-03  8.51236106e-01  9.43280000e-03  1.50985087e+00 
 9.44280000e-03 -1.71495442e-03  9.44280000e-03  8.48612630e-01  9.44280000e-03  1.61889643e+00 
 9.45280000e-03 -1.68541056e-03  9.45280000e-03  8.45983245e-01  9.45280000e-03  1.67320573e+00 
 9.46280000e-03 -1.65580017e-03  9.46280000e-03  8.43348052e-01  9.46280000e-03  1.70875278e+00 
 9.47280000e-03 -1.62612441e-03  9.47280000e-03  8.40707160e-01  9.47280000e-03  1.73279411e+00 
 9.48280000e-03 -1.59638446e-03  9.48280000e-03  8.38060672e-01  9.48280000e-03  1.75051471e+00 
 9.49280000e-03 -1.56658148e-03  9.49280000e-03  8.35408699e-01  9.49280000e-03  1.76375044e+00 
 9.50280000e-03 -1.53671666e-03  9.50280000e-03  8.32751342e-01  9.50280000e-03  1.77362179e+00 
 9.51280000e-03 -1.50679116e-03  9.51280000e-03  8.30088714e-01  9.51280000e-03  1.78096143e+00 
 9.52280000e-03 -1.47680619e-03  9.52280000e-03  8.27420913e-01  9.52280000e-03  1.78638326e+00 
 9.53280000e-03 -1.44676291e-03  9.53280000e-03  8.24748056e-01  9.53280000e-03  1.79035222e+00 
 9.54280000e-03 -1.41666251e-03  9.54280000e-03  8.22070245e-01  9.54280000e-03  1.79322758e+00 
 9.55280000e-03 -1.38650619e-03  9.55280000e-03  8.19387590e-01  9.55280000e-03  1.79528779e+00 
 9.56280000e-03 -1.35629513e-03  9.56280000e-03  8.16700197e-01  9.56280000e-03  1.79674784e+00 
 9.57280000e-03 -1.32603053e-03  9.57280000e-03  8.14008174e-01  9.57280000e-03  1.79777170e+00 
 9.58280000e-03 -1.29571358e-03  9.58280000e-03  8.11311629e-01  9.58280000e-03  1.79848277e+00 
 9.59280000e-03 -1.26534547e-03  9.59280000e-03  8.08610674e-01  9.59280000e-03  1.79897232e+00 
 9.60280000e-03 -1.23492741e-03  9.60280000e-03  8.05905409e-01  9.60280000e-03  1.79930685e+00 
 9.61280000e-03 -1.20446060e-03  9.61280000e-03  8.03195954e-01  9.61280000e-03  1.79953399e+00 
 9.62280000e-03 -1.17394624e-03  9.62280000e-03  8.00482410e-01  9.62280000e-03  1.79968744e+00 
 9.63280000e-03 -1.14338553e-03  9.63280000e-03  7.97764891e-01  9.63280000e-03  1.79979066e+00 
 9.64280000e-03 -1.11277969e-03  9.64280000e-03  7.95043499e-01  9.64280000e-03  1.79985991e+00 
 9.65280000e-03 -1.08212991e-03  9.65280000e-03  7.92318352e-01  9.65280000e-03  1.79990625e+00 
 9.66280000e-03 -1.05143741e-03  9.66280000e-03  7.89589555e-01  9.66280000e-03  1.79993723e+00 
 9.67280000e-03 -1.02070341e-03  9.67280000e-03  7.86857218e-01  9.67280000e-03  1.79995792e+00 
 9.68280000e-03 -9.89929106e-04  9.68280000e-03  7.84121450e-01  9.68280000e-03  1.79997175e+00 
 9.69280000e-03 -9.59115724e-04  9.69280000e-03  7.81382363e-01  9.69280000e-03  1.79998099e+00 
 9.70280000e-03 -9.28264478e-04  9.70280000e-03  7.78640065e-01  9.70280000e-03  1.79998718e+00 
 9.71280000e-03 -8.97376585e-04  9.71280000e-03  7.75894669e-01  9.71280000e-03  1.79999132e+00 
 9.72280000e-03 -8.66453265e-04  9.72280000e-03  7.73146283e-01  9.72280000e-03  1.79999411e+00 
 9.73280000e-03 -8.35495739e-04  9.73280000e-03  7.70395018e-01  9.73280000e-03  1.79999598e+00 
 9.74280000e-03 -8.04505229e-04  9.74280000e-03  7.67640986e-01  9.74280000e-03  1.79999725e+00 
 9.75280000e-03 -7.73482959e-04  9.75280000e-03  7.64884296e-01  9.75280000e-03  1.79999810e+00 
 9.76280000e-03 -7.42430153e-04  9.76280000e-03  7.62125058e-01  9.76280000e-03  1.79999868e+00 
 9.77280000e-03 -7.11348037e-04  9.77280000e-03  7.59363385e-01  9.77280000e-03  1.79999907e+00 
 9.78280000e-03 -6.80237838e-04  9.78280000e-03  7.56599385e-01  9.78280000e-03  1.79999935e+00 
 9.79280000e-03 -6.49100785e-04  9.79280000e-03  7.53833172e-01  9.79280000e-03  1.79999953e+00 
 9.80280000e-03 -6.17938106e-04  9.80280000e-03  7.51064856e-01  9.80280000e-03  1.79999966e+00 
 9.81280000e-03 -5.86751032e-04  9.81280000e-03  7.48294547e-01  9.81280000e-03  1.79999974e+00 
 9.82280000e-03 -5.55540794e-04  9.82280000e-03  7.45522358e-01  9.82280000e-03  1.79999981e+00 
 9.83280000e-03 -5.24308624e-04  9.83280000e-03  7.42748399e-01  9.83280000e-03  1.79999985e+00 
 9.84280000e-03 -4.93055756e-04  9.84280000e-03  7.39972785e-01  9.84280000e-03  1.79999988e+00 
 9.85280000e-03 -4.61783422e-04  9.85280000e-03  7.37195627e-01  9.85280000e-03  1.79999990e+00 
 9.86280000e-03 -4.30492859e-04  9.86280000e-03  7.34417037e-01  9.86280000e-03  1.79999992e+00 
 9.87280000e-03 -3.99185300e-04  9.87280000e-03  7.31637126e-01  9.87280000e-03  1.79999993e+00 
 9.88280000e-03 -3.67861981e-04  9.88280000e-03  7.28856006e-01  9.88280000e-03  1.79999994e+00 
 9.89280000e-03 -3.36524141e-04  9.89280000e-03  7.26073791e-01  9.89280000e-03  1.79999995e+00 
 9.90280000e-03 -3.05173015e-04  9.90280000e-03  7.23290590e-01  9.90280000e-03  1.79999995e+00 
 9.91280000e-03 -2.73809841e-04  9.91280000e-03  7.20506515e-01  9.91280000e-03  1.79999996e+00 
 9.92280000e-03 -2.42435858e-04  9.92280000e-03  7.17721680e-01  9.92280000e-03  1.79999996e+00 
 9.93280000e-03 -2.11052303e-04  9.93280000e-03  7.14936193e-01  9.93280000e-03  1.79999996e+00 
 9.94280000e-03 -1.79660417e-04  9.94280000e-03  7.12150171e-01  9.94280000e-03  1.79999997e+00 
 9.95280000e-03 -1.48261438e-04  9.95280000e-03  7.09363721e-01  9.95280000e-03  1.79999997e+00 
 9.96280000e-03 -1.16856606e-04  9.96280000e-03  7.06576957e-01  9.96280000e-03  1.79999997e+00 
 9.97280000e-03 -8.54471605e-05  9.97280000e-03  7.03789994e-01  9.97280000e-03  1.79999997e+00 
 9.98280000e-03 -5.40343418e-05  9.98280000e-03  7.01002938e-01  9.98280000e-03  1.79999998e+00 
 9.99280000e-03 -2.26193900e-05  9.99280000e-03  6.98215906e-01  9.99280000e-03  1.79999998e+00 
 1.00028000e-02  8.79645489e-06  1.00028000e-02  6.95429009e-01  1.00028000e-02  1.79999998e+00 
 1.00128000e-02  4.02119525e-05  1.00128000e-02  6.92642357e-01  1.00128000e-02  1.79999998e+00 
 1.00228000e-02  7.16258625e-05  1.00228000e-02  6.89856064e-01  1.00228000e-02  1.79999998e+00 
 1.00328000e-02  1.03036945e-04  1.00328000e-02  6.87070241e-01  1.00328000e-02  1.79999998e+00 
 1.00428000e-02  1.34443960e-04  1.00428000e-02  6.84285003e-01  1.00428000e-02  1.79999999e+00 
 1.00528000e-02  1.65845667e-04  1.00528000e-02  6.81500457e-01  1.00528000e-02  1.79999998e+00 
 1.00628000e-02  1.97240826e-04  1.00628000e-02  6.78716718e-01  1.00628000e-02  1.79999999e+00 
 1.00728000e-02  2.28628200e-04  1.00728000e-02  6.75933897e-01  1.00728000e-02  1.79999999e+00 
 1.00828000e-02  2.60006547e-04  1.00828000e-02  6.73152107e-01  1.00828000e-02  1.79999999e+00 
 1.00928000e-02  2.91374629e-04  1.00928000e-02  6.70371458e-01  1.00928000e-02  1.79999999e+00 
 1.01028000e-02  3.22731209e-04  1.01028000e-02  6.67592065e-01  1.01028000e-02  1.79999999e+00 
 1.01128000e-02  3.54075048e-04  1.01128000e-02  6.64814037e-01  1.01128000e-02  1.79999999e+00 
 1.01228000e-02  3.85404908e-04  1.01228000e-02  6.62037486e-01  1.01228000e-02  1.79999999e+00 
 1.01328000e-02  4.16719553e-04  1.01328000e-02  6.59262524e-01  1.01328000e-02  1.79999999e+00 
 1.01428000e-02  4.48017747e-04  1.01428000e-02  6.56489264e-01  1.01428000e-02  1.79999999e+00 
 1.01528000e-02  4.79298254e-04  1.01528000e-02  6.53717817e-01  1.01528000e-02  1.79999999e+00 
 1.01628000e-02  5.10559839e-04  1.01628000e-02  6.50948291e-01  1.01628000e-02  1.79999999e+00 
 1.01728000e-02  5.41801268e-04  1.01728000e-02  6.48180804e-01  1.01728000e-02  1.79999999e+00 
 1.01828000e-02  5.73021308e-04  1.01828000e-02  6.45415460e-01  1.01828000e-02  1.79999999e+00 
 1.01928000e-02  6.04218726e-04  1.01928000e-02  6.42652376e-01  1.01928000e-02  1.79999999e+00 
 1.02028000e-02  6.35392290e-04  1.02028000e-02  6.39891660e-01  1.02028000e-02  1.79999999e+00 
 1.02128000e-02  6.66540770e-04  1.02128000e-02  6.37133426e-01  1.02128000e-02  1.79999999e+00 
 1.02228000e-02  6.97662936e-04  1.02228000e-02  6.34377780e-01  1.02228000e-02  1.79999999e+00 
 1.02328000e-02  7.28757560e-04  1.02328000e-02  6.31624838e-01  1.02328000e-02  1.79999999e+00 
 1.02428000e-02  7.59823414e-04  1.02428000e-02  6.28874709e-01  1.02428000e-02  1.79999999e+00 
 1.02528000e-02  7.90859271e-04  1.02528000e-02  6.26127502e-01  1.02528000e-02  1.79999999e+00 
 1.02628000e-02  8.21863906e-04  1.02628000e-02  6.23383329e-01  1.02628000e-02  1.79999999e+00 
 1.02728000e-02  8.52836095e-04  1.02728000e-02  6.20642301e-01  1.02728000e-02  1.79999999e+00 
 1.02828000e-02  8.83774616e-04  1.02828000e-02  6.17904526e-01  1.02828000e-02  1.79999999e+00 
 1.02928000e-02  9.14678247e-04  1.02928000e-02  6.15170117e-01  1.02928000e-02  1.79999999e+00 
 1.03028000e-02  9.45545769e-04  1.03028000e-02  6.12439182e-01  1.03028000e-02  1.79999999e+00 
 1.03128000e-02  9.76375961e-04  1.03128000e-02  6.09711834e-01  1.03128000e-02  1.79999999e+00 
 1.03228000e-02  1.00716761e-03  1.03228000e-02  6.06988178e-01  1.03228000e-02  1.80000000e+00 
 1.03328000e-02  1.03791949e-03  1.03328000e-02  6.04268329e-01  1.03328000e-02  1.79999999e+00 
 1.03428000e-02  1.06863040e-03  1.03428000e-02  6.01552392e-01  1.03428000e-02  1.80000000e+00 
 1.03528000e-02  1.09929913e-03  1.03528000e-02  5.98840477e-01  1.03528000e-02  1.79999999e+00 
 1.03628000e-02  1.12992445e-03  1.03628000e-02  5.96132696e-01  1.03628000e-02  1.80000000e+00 
 1.03728000e-02  1.16050517e-03  1.03728000e-02  5.93429155e-01  1.03728000e-02  1.79999999e+00 
 1.03828000e-02  1.19104007e-03  1.03828000e-02  5.90729965e-01  1.03828000e-02  1.80000000e+00 
 1.03928000e-02  1.22152795e-03  1.03928000e-02  5.88035233e-01  1.03928000e-02  1.79999999e+00 
 1.04028000e-02  1.25196761e-03  1.04028000e-02  5.85345069e-01  1.04028000e-02  1.80000000e+00 
 1.04128000e-02  1.28235784e-03  1.04128000e-02  5.82659581e-01  1.04128000e-02  1.79999999e+00 
 1.04228000e-02  1.31269745e-03  1.04228000e-02  5.79978877e-01  1.04228000e-02  1.80000000e+00 
 1.04328000e-02  1.34298523e-03  1.04328000e-02  5.77303066e-01  1.04328000e-02  1.79999999e+00 
 1.04428000e-02  1.37322000e-03  1.04428000e-02  5.74632252e-01  1.04428000e-02  1.80000000e+00 
 1.04528000e-02  1.40340055e-03  1.04528000e-02  5.71966549e-01  1.04528000e-02  1.79999999e+00 
 1.04628000e-02  1.43352570e-03  1.04628000e-02  5.69306060e-01  1.04628000e-02  1.80000000e+00 
 1.04728000e-02  1.46359426e-03  1.04728000e-02  5.66650892e-01  1.04728000e-02  1.79999999e+00 
 1.04828000e-02  1.49360503e-03  1.04828000e-02  5.64001154e-01  1.04828000e-02  1.80000000e+00 
 1.04928000e-02  1.52355684e-03  1.04928000e-02  5.61356953e-01  1.04928000e-02  1.79999999e+00 
 1.05028000e-02  1.55344851e-03  1.05028000e-02  5.58718393e-01  1.05028000e-02  1.80000000e+00 
 1.05128000e-02  1.58327884e-03  1.05128000e-02  5.56085583e-01  1.05128000e-02  1.79999999e+00 
 1.05228000e-02  1.61304667e-03  1.05228000e-02  5.53458629e-01  1.05228000e-02  1.80000000e+00 
 1.05328000e-02  1.64275082e-03  1.05328000e-02  5.50837637e-01  1.05328000e-02  1.79999999e+00 
 1.05428000e-02  1.67239012e-03  1.05428000e-02  5.48222711e-01  1.05428000e-02  1.80000000e+00 
 1.05528000e-02  1.70196340e-03  1.05528000e-02  5.45613958e-01  1.05528000e-02  1.79999999e+00 
 1.05628000e-02  1.73146948e-03  1.05628000e-02  5.43011484e-01  1.05628000e-02  1.80000000e+00 
 1.05728000e-02  1.76090721e-03  1.05728000e-02  5.40415392e-01  1.05728000e-02  1.79999999e+00 
 1.05828000e-02  1.79027542e-03  1.05828000e-02  5.37825789e-01  1.05828000e-02  1.80000000e+00 
 1.05928000e-02  1.81957295e-03  1.05928000e-02  5.35242778e-01  1.05928000e-02  1.79999999e+00 
 1.06028000e-02  1.84879865e-03  1.06028000e-02  5.32666465e-01  1.06028000e-02  1.80000000e+00 
 1.06128000e-02  1.87795136e-03  1.06128000e-02  5.30096952e-01  1.06128000e-02  1.79999999e+00 
 1.06228000e-02  1.90702994e-03  1.06228000e-02  5.27534345e-01  1.06228000e-02  1.80000000e+00 
 1.06328000e-02  1.93603323e-03  1.06328000e-02  5.24978746e-01  1.06328000e-02  1.79999999e+00 
 1.06428000e-02  1.96496008e-03  1.06428000e-02  5.22430260e-01  1.06428000e-02  1.80000000e+00 
 1.06528000e-02  1.99380937e-03  1.06528000e-02  5.19888988e-01  1.06528000e-02  1.79999999e+00 
 1.06628000e-02  2.02257994e-03  1.06628000e-02  5.17355033e-01  1.06628000e-02  1.80000000e+00 
 1.06728000e-02  2.05127066e-03  1.06728000e-02  5.14828500e-01  1.06728000e-02  1.79999999e+00 
 1.06828000e-02  2.07988040e-03  1.06828000e-02  5.12309490e-01  1.06828000e-02  1.80000000e+00 
 1.06928000e-02  2.10840804e-03  1.06928000e-02  5.09798104e-01  1.06928000e-02  1.79999999e+00 
 1.07028000e-02  2.13685243e-03  1.07028000e-02  5.07294445e-01  1.07028000e-02  1.80000000e+00 
 1.07128000e-02  2.16521247e-03  1.07128000e-02  5.04798613e-01  1.07128000e-02  1.79999999e+00 
 1.07228000e-02  2.19348703e-03  1.07228000e-02  5.02310711e-01  1.07228000e-02  1.80000000e+00 
 1.07328000e-02  2.22167499e-03  1.07328000e-02  4.99830840e-01  1.07328000e-02  1.79999999e+00 
 1.07428000e-02  2.24977525e-03  1.07428000e-02  4.97359097e-01  1.07428000e-02  1.80000000e+00 
 1.07528000e-02  2.27778668e-03  1.07528000e-02  4.94895586e-01  1.07528000e-02  1.79999999e+00 
 1.07628000e-02  2.30570820e-03  1.07628000e-02  4.92440406e-01  1.07628000e-02  1.80000000e+00 
 1.07728000e-02  2.33353869e-03  1.07728000e-02  4.89993657e-01  1.07728000e-02  1.80000000e+00 
 1.07828000e-02  2.36127705e-03  1.07828000e-02  4.87555437e-01  1.07828000e-02  1.80000000e+00 
 1.07928000e-02  2.38892220e-03  1.07928000e-02  4.85125847e-01  1.07928000e-02  1.80000000e+00 
 1.08028000e-02  2.41647303e-03  1.08028000e-02  4.82704983e-01  1.08028000e-02  1.80000000e+00 
 1.08128000e-02  2.44392847e-03  1.08128000e-02  4.80292946e-01  1.08128000e-02  1.80000000e+00 
 1.08228000e-02  2.47128743e-03  1.08228000e-02  4.77889833e-01  1.08228000e-02  1.80000000e+00 
 1.08328000e-02  2.49854882e-03  1.08328000e-02  4.75495743e-01  1.08328000e-02  1.80000000e+00 
 1.08428000e-02  2.52571157e-03  1.08428000e-02  4.73110772e-01  1.08428000e-02  1.80000000e+00 
 1.08528000e-02  2.55277462e-03  1.08528000e-02  4.70735017e-01  1.08528000e-02  1.80000000e+00 
 1.08628000e-02  2.57973688e-03  1.08628000e-02  4.68368575e-01  1.08628000e-02  1.80000000e+00 
 1.08728000e-02  2.60659730e-03  1.08728000e-02  4.66011543e-01  1.08728000e-02  1.80000000e+00 
 1.08828000e-02  2.63335482e-03  1.08828000e-02  4.63664018e-01  1.08828000e-02  1.80000000e+00 
 1.08928000e-02  2.66000838e-03  1.08928000e-02  4.61326094e-01  1.08928000e-02  1.80000000e+00 
 1.09028000e-02  2.68655692e-03  1.09028000e-02  4.58997868e-01  1.09028000e-02  1.80000000e+00 
 1.09128000e-02  2.71299940e-03  1.09128000e-02  4.56679433e-01  1.09128000e-02  1.80000000e+00 
 1.09228000e-02  2.73933478e-03  1.09228000e-02  4.54370886e-01  1.09228000e-02  1.80000000e+00 
 1.09328000e-02  2.76556202e-03  1.09328000e-02  4.52072319e-01  1.09328000e-02  1.80000000e+00 
 1.09428000e-02  2.79168007e-03  1.09428000e-02  4.49783829e-01  1.09428000e-02  1.80000000e+00 
 1.09528000e-02  2.81768792e-03  1.09528000e-02  4.47505509e-01  1.09528000e-02  1.80000000e+00 
 1.09628000e-02  2.84358452e-03  1.09628000e-02  4.45237449e-01  1.09628000e-02  1.80000000e+00 
 1.09728000e-02  2.86936887e-03  1.09728000e-02  4.42979745e-01  1.09728000e-02  1.80000000e+00 
 1.09828000e-02  2.89503994e-03  1.09828000e-02  4.40732490e-01  1.09828000e-02  1.80000000e+00 
 1.09928000e-02  2.92059672e-03  1.09928000e-02  4.38495774e-01  1.09928000e-02  1.80000000e+00 
 1.10028000e-02  2.94603819e-03  1.10028000e-02  4.36269690e-01  1.10028000e-02  1.80000000e+00 
 1.10128000e-02  2.97136337e-03  1.10128000e-02  4.34054328e-01  1.10128000e-02  1.80000000e+00 
 1.10228000e-02  2.99657124e-03  1.10228000e-02  4.31849781e-01  1.10228000e-02  1.80000000e+00 
 1.10328000e-02  3.02166081e-03  1.10328000e-02  4.29656140e-01  1.10328000e-02  1.80000000e+00 
 1.10428000e-02  3.04663109e-03  1.10428000e-02  4.27473494e-01  1.10428000e-02  1.80000000e+00 
 1.10528000e-02  3.07148109e-03  1.10528000e-02  4.25301931e-01  1.10528000e-02  1.80000000e+00 
 1.10628000e-02  3.09620984e-03  1.10628000e-02  4.23141541e-01  1.10628000e-02  1.80000000e+00 
 1.10728000e-02  3.12081635e-03  1.10728000e-02  4.20992418e-01  1.10728000e-02  1.80000000e+00 
 1.10828000e-02  3.14529966e-03  1.10828000e-02  4.18854645e-01  1.10828000e-02  1.80000000e+00 
 1.10928000e-02  3.16965880e-03  1.10928000e-02  4.16728313e-01  1.10928000e-02  1.80000000e+00 
 1.11028000e-02  3.19389280e-03  1.11028000e-02  4.14613507e-01  1.11028000e-02  1.80000000e+00 
 1.11128000e-02  3.21800072e-03  1.11128000e-02  4.12510317e-01  1.11128000e-02  1.80000000e+00 
 1.11228000e-02  3.24198159e-03  1.11228000e-02  4.10418830e-01  1.11228000e-02  1.80000000e+00 
 1.11328000e-02  3.26583448e-03  1.11328000e-02  4.08339130e-01  1.11328000e-02  1.80000000e+00 
 1.11428000e-02  3.28955844e-03  1.11428000e-02  4.06271304e-01  1.11428000e-02  1.80000000e+00 
 1.11528000e-02  3.31315253e-03  1.11528000e-02  4.04215441e-01  1.11528000e-02  1.80000000e+00 
 1.11628000e-02  3.33661582e-03  1.11628000e-02  4.02171622e-01  1.11628000e-02  1.80000000e+00 
 1.11728000e-02  3.35994739e-03  1.11728000e-02  4.00139933e-01  1.11728000e-02  1.80000000e+00 
 1.11828000e-02  3.38314632e-03  1.11828000e-02  3.98120458e-01  1.11828000e-02  1.80000000e+00 
 1.11928000e-02  3.40621168e-03  1.11928000e-02  3.96113281e-01  1.11928000e-02  1.80000000e+00 
 1.12028000e-02  3.42914257e-03  1.12028000e-02  3.94118485e-01  1.12028000e-02  1.80000000e+00 
 1.12128000e-02  3.45193809e-03  1.12128000e-02  3.92136155e-01  1.12128000e-02  1.80000000e+00 
 1.12228000e-02  3.47459733e-03  1.12228000e-02  3.90166369e-01  1.12228000e-02  1.80000000e+00 
 1.12328000e-02  3.49711940e-03  1.12328000e-02  3.88209211e-01  1.12328000e-02  1.80000000e+00 
 1.12428000e-02  3.51950340e-03  1.12428000e-02  3.86264765e-01  1.12428000e-02  1.80000000e+00 
 1.12528000e-02  3.54174847e-03  1.12528000e-02  3.84333107e-01  1.12528000e-02  1.80000000e+00 
 1.12628000e-02  3.56385371e-03  1.12628000e-02  3.82414322e-01  1.12628000e-02  1.80000000e+00 
 1.12728000e-02  3.58581826e-03  1.12728000e-02  3.80508486e-01  1.12728000e-02  1.80000000e+00 
 1.12828000e-02  3.60764124e-03  1.12828000e-02  3.78615680e-01  1.12828000e-02  1.80000000e+00 
 1.12928000e-02  3.62932180e-03  1.12928000e-02  3.76735984e-01  1.12928000e-02  1.80000000e+00 
 1.13028000e-02  3.65085908e-03  1.13028000e-02  3.74869475e-01  1.13028000e-02  1.80000000e+00 
 1.13128000e-02  3.67225224e-03  1.13128000e-02  3.73016229e-01  1.13128000e-02  1.80000000e+00 
 1.13228000e-02  3.69350041e-03  1.13228000e-02  3.71176325e-01  1.13228000e-02  1.80000000e+00 
 1.13328000e-02  3.71460278e-03  1.13328000e-02  3.69349839e-01  1.13328000e-02  1.80000000e+00 
 1.13428000e-02  3.73555850e-03  1.13428000e-02  3.67536848e-01  1.13428000e-02  1.80000000e+00 
 1.13528000e-02  3.75636674e-03  1.13528000e-02  3.65737425e-01  1.13528000e-02  1.80000000e+00 
 1.13628000e-02  3.77702669e-03  1.13628000e-02  3.63951647e-01  1.13628000e-02  1.80000000e+00 
 1.13728000e-02  3.79753753e-03  1.13728000e-02  3.62179588e-01  1.13728000e-02  1.80000000e+00 
 1.13828000e-02  3.81789845e-03  1.13828000e-02  3.60421318e-01  1.13828000e-02  1.80000000e+00 
 1.13928000e-02  3.83810865e-03  1.13928000e-02  3.58676914e-01  1.13928000e-02  1.80000000e+00 
 1.14028000e-02  3.85816732e-03  1.14028000e-02  3.56946448e-01  1.14028000e-02  1.80000000e+00 
 1.14128000e-02  3.87807368e-03  1.14128000e-02  3.55229990e-01  1.14128000e-02  1.80000000e+00 
 1.14228000e-02  3.89782694e-03  1.14228000e-02  3.53527611e-01  1.14228000e-02  1.80000000e+00 
 1.14328000e-02  3.91742632e-03  1.14328000e-02  3.51839381e-01  1.14328000e-02  1.80000000e+00 
 1.14428000e-02  3.93687105e-03  1.14428000e-02  3.50165369e-01  1.14428000e-02  1.80000000e+00 
 1.14528000e-02  3.95616036e-03  1.14528000e-02  3.48505644e-01  1.14528000e-02  1.80000000e+00 
 1.14628000e-02  3.97529348e-03  1.14628000e-02  3.46860277e-01  1.14628000e-02  1.80000000e+00 
 1.14728000e-02  3.99426967e-03  1.14728000e-02  3.45229330e-01  1.14728000e-02  1.80000000e+00 
 1.14828000e-02  4.01308817e-03  1.14828000e-02  3.43612875e-01  1.14828000e-02  1.80000000e+00 
 1.14928000e-02  4.03174824e-03  1.14928000e-02  3.42010971e-01  1.14928000e-02  1.80000000e+00 
 1.15028000e-02  4.05024914e-03  1.15028000e-02  3.40423689e-01  1.15028000e-02  1.80000000e+00 
 1.15128000e-02  4.06859014e-03  1.15128000e-02  3.38851089e-01  1.15128000e-02  1.80000000e+00 
 1.15228000e-02  4.08677053e-03  1.15228000e-02  3.37293236e-01  1.15228000e-02  1.80000000e+00 
 1.15328000e-02  4.10478958e-03  1.15328000e-02  3.35750193e-01  1.15328000e-02  1.80000000e+00 
 1.15428000e-02  4.12264657e-03  1.15428000e-02  3.34222018e-01  1.15428000e-02  1.80000000e+00 
 1.15528000e-02  4.14034081e-03  1.15528000e-02  3.32708775e-01  1.15528000e-02  1.80000000e+00 
 1.15628000e-02  4.15787160e-03  1.15628000e-02  3.31210520e-01  1.15628000e-02  1.80000000e+00 
 1.15728000e-02  4.17523824e-03  1.15728000e-02  3.29727316e-01  1.15728000e-02  1.80000000e+00 
 1.15828000e-02  4.19244005e-03  1.15828000e-02  3.28259217e-01  1.15828000e-02  1.80000000e+00 
 1.15928000e-02  4.20947635e-03  1.15928000e-02  3.26806280e-01  1.15928000e-02  1.80000000e+00 
 1.16028000e-02  4.22634647e-03  1.16028000e-02  3.25368560e-01  1.16028000e-02  1.80000000e+00 
 1.16128000e-02  4.24304974e-03  1.16128000e-02  3.23946114e-01  1.16128000e-02  1.80000000e+00 
 1.16228000e-02  4.25958550e-03  1.16228000e-02  3.22538993e-01  1.16228000e-02  1.80000000e+00 
 1.16328000e-02  4.27595310e-03  1.16328000e-02  3.21147250e-01  1.16328000e-02  1.80000000e+00 
 1.16428000e-02  4.29215189e-03  1.16428000e-02  3.19770935e-01  1.16428000e-02  1.80000000e+00 
 1.16528000e-02  4.30818123e-03  1.16528000e-02  3.18410099e-01  1.16528000e-02  1.80000000e+00 
 1.16628000e-02  4.32404050e-03  1.16628000e-02  3.17064788e-01  1.16628000e-02  1.80000000e+00 
 1.16728000e-02  4.33972906e-03  1.16728000e-02  3.15735056e-01  1.16728000e-02  1.80000000e+00 
 1.16828000e-02  4.35524629e-03  1.16828000e-02  3.14420940e-01  1.16828000e-02  1.80000000e+00 
 1.16928000e-02  4.37059159e-03  1.16928000e-02  3.13122491e-01  1.16928000e-02  1.80000000e+00 
 1.17028000e-02  4.38576434e-03  1.17028000e-02  3.11839751e-01  1.17028000e-02  1.80000000e+00 
 1.17128000e-02  4.40076395e-03  1.17128000e-02  3.10572763e-01  1.17128000e-02  1.80000000e+00 
 1.17228000e-02  4.41558983e-03  1.17228000e-02  3.09321567e-01  1.17228000e-02  1.80000000e+00 
 1.17328000e-02  4.43024139e-03  1.17328000e-02  3.08086202e-01  1.17328000e-02  1.80000000e+00 
 1.17428000e-02  4.44471805e-03  1.17428000e-02  3.06866706e-01  1.17428000e-02  1.80000000e+00 
 1.17528000e-02  4.45901923e-03  1.17528000e-02  3.05663119e-01  1.17528000e-02  1.80000000e+00 
 1.17628000e-02  4.47314439e-03  1.17628000e-02  3.04475470e-01  1.17628000e-02  1.80000000e+00 
 1.17728000e-02  4.48709295e-03  1.17728000e-02  3.03303798e-01  1.17728000e-02  1.80000000e+00 
 1.17828000e-02  4.50086437e-03  1.17828000e-02  3.02148131e-01  1.17828000e-02  1.80000000e+00 
 1.17928000e-02  4.51445810e-03  1.17928000e-02  3.01008505e-01  1.17928000e-02  1.80000000e+00 
 1.18028000e-02  4.52787361e-03  1.18028000e-02  2.99884944e-01  1.18028000e-02  1.80000000e+00 
 1.18128000e-02  4.54111037e-03  1.18128000e-02  2.98777480e-01  1.18128000e-02  1.80000000e+00 
 1.18228000e-02  4.55416785e-03  1.18228000e-02  2.97686135e-01  1.18228000e-02  1.80000000e+00 
 1.18328000e-02  4.56704554e-03  1.18328000e-02  2.96610934e-01  1.18328000e-02  1.80000000e+00 
 1.18428000e-02  4.57974293e-03  1.18428000e-02  2.95551903e-01  1.18428000e-02  1.80000000e+00 
 1.18528000e-02  4.59225952e-03  1.18528000e-02  2.94509058e-01  1.18528000e-02  1.80000000e+00 
 1.18628000e-02  4.60459482e-03  1.18628000e-02  2.93482424e-01  1.18628000e-02  1.80000000e+00 
 1.18728000e-02  4.61674833e-03  1.18728000e-02  2.92472014e-01  1.18728000e-02  1.80000000e+00 
 1.18828000e-02  4.62871959e-03  1.18828000e-02  2.91477850e-01  1.18828000e-02  1.80000000e+00 
 1.18928000e-02  4.64050811e-03  1.18928000e-02  2.90499942e-01  1.18928000e-02  1.80000000e+00 
 1.19028000e-02  4.65211343e-03  1.19028000e-02  2.89538304e-01  1.19028000e-02  1.80000000e+00 
 1.19128000e-02  4.66353509e-03  1.19128000e-02  2.88592951e-01  1.19128000e-02  1.80000000e+00 
 1.19228000e-02  4.67477264e-03  1.19228000e-02  2.87663890e-01  1.19228000e-02  1.80000000e+00 
 1.19328000e-02  4.68582565e-03  1.19328000e-02  2.86751128e-01  1.19328000e-02  1.80000000e+00 
 1.19428000e-02  4.69669366e-03  1.19428000e-02  2.85854675e-01  1.19428000e-02  1.80000000e+00 
 1.19528000e-02  4.70737626e-03  1.19528000e-02  2.84974533e-01  1.19528000e-02  1.80000000e+00 
 1.19628000e-02  4.71787301e-03  1.19628000e-02  2.84110709e-01  1.19628000e-02  1.80000000e+00 
 1.19728000e-02  4.72818352e-03  1.19728000e-02  2.83263205e-01  1.19728000e-02  1.80000000e+00 
 1.19828000e-02  4.73830736e-03  1.19828000e-02  2.82432018e-01  1.19828000e-02  1.80000000e+00 
 1.19928000e-02  4.74824415e-03  1.19928000e-02  2.81617150e-01  1.19928000e-02  1.80000000e+00 
 1.20028000e-02  4.75799348e-03  1.20028000e-02  2.80818601e-01  1.20028000e-02  1.80000000e+00 
 1.20128000e-02  4.76755497e-03  1.20128000e-02  2.80036363e-01  1.20128000e-02  1.80000000e+00 
 1.20228000e-02  4.77692825e-03  1.20228000e-02  2.79270433e-01  1.20228000e-02  1.80000000e+00 
 1.20328000e-02  4.78611294e-03  1.20328000e-02  2.78520808e-01  1.20328000e-02  1.80000000e+00 
 1.20428000e-02  4.79510869e-03  1.20428000e-02  2.77787477e-01  1.20428000e-02  1.80000000e+00 
 1.20528000e-02  4.80391513e-03  1.20528000e-02  2.77070433e-01  1.20528000e-02  1.80000000e+00 
 1.20628000e-02  4.81253192e-03  1.20628000e-02  2.76369665e-01  1.20628000e-02  1.80000000e+00 
 1.20728000e-02  4.82095873e-03  1.20728000e-02  2.75685165e-01  1.20728000e-02  1.80000000e+00 
 1.20828000e-02  4.82919520e-03  1.20828000e-02  2.75016918e-01  1.20828000e-02  1.80000000e+00 
 1.20928000e-02  4.83724104e-03  1.20928000e-02  2.74364913e-01  1.20928000e-02  1.80000000e+00 
 1.21028000e-02  4.84509590e-03  1.21028000e-02  2.73729138e-01  1.21028000e-02  1.80000000e+00 
 1.21128000e-02  4.85275949e-03  1.21128000e-02  2.73109575e-01  1.21128000e-02  1.80000000e+00 
 1.21228000e-02  4.86023150e-03  1.21228000e-02  2.72506211e-01  1.21228000e-02  1.80000000e+00 
 1.21328000e-02  4.86751164e-03  1.21328000e-02  2.71919028e-01  1.21328000e-02  1.80000000e+00 
 1.21428000e-02  4.87459961e-03  1.21428000e-02  2.71348014e-01  1.21428000e-02  1.80000000e+00 
 1.21528000e-02  4.88149515e-03  1.21528000e-02  2.70793146e-01  1.21528000e-02  1.80000000e+00 
 1.21628000e-02  4.88819797e-03  1.21628000e-02  2.70254409e-01  1.21628000e-02  1.80000000e+00 
 1.21728000e-02  4.89470781e-03  1.21728000e-02  2.69731786e-01  1.21728000e-02  1.80000000e+00 
 1.21828000e-02  4.90102442e-03  1.21828000e-02  2.69225256e-01  1.21828000e-02  1.80000000e+00 
 1.21928000e-02  4.90714754e-03  1.21928000e-02  2.68734800e-01  1.21928000e-02  1.80000000e+00 
 1.22028000e-02  4.91307694e-03  1.22028000e-02  2.68260401e-01  1.22028000e-02  1.80000000e+00 
 1.22128000e-02  4.91881238e-03  1.22128000e-02  2.67802040e-01  1.22128000e-02  1.80000000e+00 
 1.22228000e-02  4.92435364e-03  1.22228000e-02  2.67359695e-01  1.22228000e-02  1.80000000e+00 
 1.22328000e-02  4.92970048e-03  1.22328000e-02  2.66933346e-01  1.22328000e-02  1.80000000e+00 
 1.22428000e-02  4.93485272e-03  1.22428000e-02  2.66522977e-01  1.22428000e-02  1.80000000e+00 
 1.22528000e-02  4.93981013e-03  1.22528000e-02  2.66128565e-01  1.22528000e-02  1.80000000e+00 
 1.22628000e-02  4.94457253e-03  1.22628000e-02  2.65750093e-01  1.22628000e-02  1.80000000e+00 
 1.22728000e-02  4.94913972e-03  1.22728000e-02  2.65387542e-01  1.22728000e-02  1.80000000e+00 
 1.22828000e-02  4.95351153e-03  1.22828000e-02  2.65040893e-01  1.22828000e-02  1.80000000e+00 
 1.22928000e-02  4.95768778e-03  1.22928000e-02  2.64710129e-01  1.22928000e-02  1.80000000e+00 
 1.23028000e-02  4.96166832e-03  1.23028000e-02  2.64395228e-01  1.23028000e-02  1.80000000e+00 
 1.23128000e-02  4.96545297e-03  1.23128000e-02  2.64096174e-01  1.23128000e-02  1.80000000e+00 
 1.23228000e-02  4.96904160e-03  1.23228000e-02  2.63812954e-01  1.23228000e-02  1.80000000e+00 
 1.23328000e-02  4.97243406e-03  1.23328000e-02  2.63545546e-01  1.23328000e-02  1.80000000e+00 
 1.23428000e-02  4.97563021e-03  1.23428000e-02  2.63293938e-01  1.23428000e-02  1.80000000e+00 
 1.23528000e-02  4.97862994e-03  1.23528000e-02  2.63058112e-01  1.23528000e-02  1.80000000e+00 
 1.23628000e-02  4.98143312e-03  1.23628000e-02  2.62838056e-01  1.23628000e-02  1.80000000e+00 
 1.23728000e-02  4.98403964e-03  1.23728000e-02  2.62633756e-01  1.23728000e-02  1.80000000e+00 
 1.23828000e-02  4.98644939e-03  1.23828000e-02  2.62445197e-01  1.23828000e-02  1.80000000e+00 
 1.23928000e-02  4.98866230e-03  1.23928000e-02  2.62272370e-01  1.23928000e-02  1.80000000e+00 
 1.24028000e-02  4.99067825e-03  1.24028000e-02  2.62115262e-01  1.24028000e-02  1.80000000e+00 
 1.24128000e-02  4.99249719e-03  1.24128000e-02  2.61973863e-01  1.24128000e-02  1.80000000e+00 
 1.24228000e-02  4.99411903e-03  1.24228000e-02  2.61848164e-01  1.24228000e-02  1.80000000e+00 
 1.24328000e-02  4.99554371e-03  1.24328000e-02  2.61738157e-01  1.24328000e-02  1.80000000e+00 
 1.24428000e-02  4.99677117e-03  1.24428000e-02  2.61643833e-01  1.24428000e-02  1.80000000e+00 
 1.24528000e-02  4.99780137e-03  1.24528000e-02  2.61565188e-01  1.24528000e-02  1.80000000e+00 
 1.24628000e-02  4.99863427e-03  1.24628000e-02  2.61502216e-01  1.24628000e-02  1.80000000e+00 
 1.24728000e-02  4.99926982e-03  1.24728000e-02  2.61454911e-01  1.24728000e-02  1.80000000e+00 
 1.24828000e-02  4.99970802e-03  1.24828000e-02  2.61423270e-01  1.24828000e-02  1.80000000e+00 
 1.24928000e-02  4.99994884e-03  1.24928000e-02  2.61407294e-01  1.24928000e-02  1.80000000e+00 
 1.25028000e-02  4.99999226e-03  1.25028000e-02  2.61406981e-01  1.25028000e-02  1.80000000e+00 
 1.25128000e-02  4.99983830e-03  1.25128000e-02  2.61422328e-01  1.25128000e-02  1.80000000e+00 
 1.25228000e-02  4.99948695e-03  1.25228000e-02  2.61453340e-01  1.25228000e-02  1.80000000e+00 
 1.25328000e-02  4.99893823e-03  1.25328000e-02  2.61500017e-01  1.25328000e-02  1.80000000e+00 
 1.25428000e-02  4.99819216e-03  1.25428000e-02  2.61562361e-01  1.25428000e-02  1.80000000e+00 
 1.25528000e-02  4.99724876e-03  1.25528000e-02  2.61640378e-01  1.25528000e-02  1.80000000e+00 
 1.25628000e-02  4.99610809e-03  1.25628000e-02  2.61734075e-01  1.25628000e-02  1.80000000e+00 
 1.25728000e-02  4.99477018e-03  1.25728000e-02  2.61843457e-01  1.25728000e-02  1.80000000e+00 
 1.25828000e-02  4.99323508e-03  1.25828000e-02  2.61968530e-01  1.25828000e-02  1.80000000e+00 
 1.25928000e-02  4.99150286e-03  1.25928000e-02  2.62109304e-01  1.25928000e-02  1.80000000e+00 
 1.26028000e-02  4.98957359e-03  1.26028000e-02  2.62265788e-01  1.26028000e-02  1.80000000e+00 
 1.26128000e-02  4.98744733e-03  1.26128000e-02  2.62437991e-01  1.26128000e-02  1.80000000e+00 
 1.26228000e-02  4.98512418e-03  1.26228000e-02  2.62625926e-01  1.26228000e-02  1.80000000e+00 
 1.26328000e-02  4.98260422e-03  1.26328000e-02  2.62829606e-01  1.26328000e-02  1.80000000e+00 
 1.26428000e-02  4.97988756e-03  1.26428000e-02  2.63049041e-01  1.26428000e-02  1.80000000e+00 
 1.26528000e-02  4.97697430e-03  1.26528000e-02  2.63284248e-01  1.26528000e-02  1.80000000e+00 
 1.26628000e-02  4.97386456e-03  1.26628000e-02  2.63535238e-01  1.26628000e-02  1.80000000e+00 
 1.26728000e-02  4.97055846e-03  1.26728000e-02  2.63802029e-01  1.26728000e-02  1.80000000e+00 
 1.26828000e-02  4.96705613e-03  1.26828000e-02  2.64084637e-01  1.26828000e-02  1.80000000e+00 
 1.26928000e-02  4.96335771e-03  1.26928000e-02  2.64383075e-01  1.26928000e-02  1.80000000e+00 
 1.27028000e-02  4.95946334e-03  1.27028000e-02  2.64697364e-01  1.27028000e-02  1.80000000e+00 
 1.27128000e-02  4.95537318e-03  1.27128000e-02  2.65027519e-01  1.27128000e-02  1.80000000e+00 
 1.27228000e-02  4.95108740e-03  1.27228000e-02  2.65373560e-01  1.27228000e-02  1.80000000e+00 
 1.27328000e-02  4.94660615e-03  1.27328000e-02  2.65735505e-01  1.27328000e-02  1.80000000e+00 
 1.27428000e-02  4.94192962e-03  1.27428000e-02  2.66113371e-01  1.27428000e-02  1.80000000e+00 
 1.27528000e-02  4.93705799e-03  1.27528000e-02  2.66507179e-01  1.27528000e-02  1.80000000e+00 
 1.27628000e-02  4.93199146e-03  1.27628000e-02  2.66916948e-01  1.27628000e-02  1.80000000e+00 
 1.27728000e-02  4.92673021e-03  1.27728000e-02  2.67342698e-01  1.27728000e-02  1.80000000e+00 
 1.27828000e-02  4.92127447e-03  1.27828000e-02  2.67784445e-01  1.27828000e-02  1.80000000e+00 
 1.27928000e-02  4.91562445e-03  1.27928000e-02  2.68242216e-01  1.27928000e-02  1.80000000e+00 
 1.28028000e-02  4.90978036e-03  1.28028000e-02  2.68716022e-01  1.28028000e-02  1.80000000e+00 
 1.28128000e-02  4.90374245e-03  1.28128000e-02  2.69205887e-01  1.28128000e-02  1.80000000e+00 
 1.28228000e-02  4.89751094e-03  1.28228000e-02  2.69711830e-01  1.28228000e-02  1.80000000e+00 
 1.28328000e-02  4.89108609e-03  1.28328000e-02  2.70233868e-01  1.28328000e-02  1.80000000e+00 
 1.28428000e-02  4.88446814e-03  1.28428000e-02  2.70772022e-01  1.28428000e-02  1.80000000e+00 
 1.28528000e-02  4.87765737e-03  1.28528000e-02  2.71326310e-01  1.28528000e-02  1.80000000e+00 
 1.28628000e-02  4.87065404e-03  1.28628000e-02  2.71896750e-01  1.28628000e-02  1.80000000e+00 
 1.28728000e-02  4.86345842e-03  1.28728000e-02  2.72483356e-01  1.28728000e-02  1.80000000e+00 
 1.28828000e-02  4.85607079e-03  1.28828000e-02  2.73086149e-01  1.28828000e-02  1.80000000e+00 
 1.28928000e-02  4.84849146e-03  1.28928000e-02  2.73705142e-01  1.28928000e-02  1.80000000e+00 
 1.29028000e-02  4.84072072e-03  1.29028000e-02  2.74340352e-01  1.29028000e-02  1.80000000e+00 
 1.29128000e-02  4.83275888e-03  1.29128000e-02  2.74991794e-01  1.29128000e-02  1.80000000e+00 
 1.29228000e-02  4.82460624e-03  1.29228000e-02  2.75659480e-01  1.29228000e-02  1.80000000e+00 
 1.29328000e-02  4.81626314e-03  1.29328000e-02  2.76343423e-01  1.29328000e-02  1.80000000e+00 
 1.29428000e-02  4.80772990e-03  1.29428000e-02  2.77043637e-01  1.29428000e-02  1.80000000e+00 
 1.29528000e-02  4.79900687e-03  1.29528000e-02  2.77760128e-01  1.29528000e-02  1.80000000e+00 
 1.29628000e-02  4.79009437e-03  1.29628000e-02  2.78492911e-01  1.29628000e-02  1.80000000e+00 
 1.29728000e-02  4.78099277e-03  1.29728000e-02  2.79241993e-01  1.29728000e-02  1.80000000e+00 
 1.29828000e-02  4.77170242e-03  1.29828000e-02  2.80007380e-01  1.29828000e-02  1.80000000e+00 
 1.29928000e-02  4.76222370e-03  1.29928000e-02  2.80789077e-01  1.29928000e-02  1.80000000e+00 
 1.30028000e-02  4.75255697e-03  1.30028000e-02  2.81587092e-01  1.30028000e-02  1.80000000e+00 
 1.30128000e-02  4.74270262e-03  1.30128000e-02  2.82401426e-01  1.30128000e-02  1.80000000e+00 
 1.30228000e-02  4.73266103e-03  1.30228000e-02  2.83232083e-01  1.30228000e-02  1.80000000e+00 
 1.30328000e-02  4.72243261e-03  1.30328000e-02  2.84079059e-01  1.30328000e-02  1.80000000e+00 
 1.30428000e-02  4.71201775e-03  1.30428000e-02  2.84942362e-01  1.30428000e-02  1.80000000e+00 
 1.30528000e-02  4.70141687e-03  1.30528000e-02  2.85821981e-01  1.30528000e-02  1.80000000e+00 
 1.30628000e-02  4.69063039e-03  1.30628000e-02  2.86717918e-01  1.30628000e-02  1.80000000e+00 
 1.30728000e-02  4.67965873e-03  1.30728000e-02  2.87630165e-01  1.30728000e-02  1.80000000e+00 
 1.30828000e-02  4.66850232e-03  1.30828000e-02  2.88558716e-01  1.30828000e-02  1.80000000e+00 
 1.30928000e-02  4.65716161e-03  1.30928000e-02  2.89503562e-01  1.30928000e-02  1.80000000e+00 
 1.31028000e-02  4.64563704e-03  1.31028000e-02  2.90464694e-01  1.31028000e-02  1.80000000e+00 
 1.31128000e-02  4.63392908e-03  1.31128000e-02  2.91442102e-01  1.31128000e-02  1.80000000e+00 
 1.31228000e-02  4.62203817e-03  1.31228000e-02  2.92435767e-01  1.31228000e-02  1.80000000e+00 
 1.31328000e-02  4.60996479e-03  1.31328000e-02  2.93445680e-01  1.31328000e-02  1.80000000e+00 
 1.31428000e-02  4.59770942e-03  1.31428000e-02  2.94471823e-01  1.31428000e-02  1.80000000e+00 
 1.31528000e-02  4.58527253e-03  1.31528000e-02  2.95514177e-01  1.31528000e-02  1.80000000e+00 
 1.31628000e-02  4.57265463e-03  1.31628000e-02  2.96572723e-01  1.31628000e-02  1.80000000e+00 
 1.31728000e-02  4.55985621e-03  1.31728000e-02  2.97647442e-01  1.31728000e-02  1.80000000e+00 
 1.31828000e-02  4.54687778e-03  1.31828000e-02  2.98738306e-01  1.31828000e-02  1.80000000e+00 
 1.31928000e-02  4.53371984e-03  1.31928000e-02  2.99845295e-01  1.31928000e-02  1.80000000e+00 
 1.32028000e-02  4.52038291e-03  1.32028000e-02  3.00968381e-01  1.32028000e-02  1.80000000e+00 
 1.32128000e-02  4.50686753e-03  1.32128000e-02  3.02107538e-01  1.32128000e-02  1.80000000e+00 
 1.32228000e-02  4.49317423e-03  1.32228000e-02  3.03262736e-01  1.32228000e-02  1.80000000e+00 
 1.32328000e-02  4.47930354e-03  1.32328000e-02  3.04433944e-01  1.32328000e-02  1.80000000e+00 
 1.32428000e-02  4.46525602e-03  1.32428000e-02  3.05621129e-01  1.32428000e-02  1.80000000e+00 
 1.32528000e-02  4.45103222e-03  1.32528000e-02  3.06824258e-01  1.32528000e-02  1.80000000e+00 
 1.32628000e-02  4.43663270e-03  1.32628000e-02  3.08043299e-01  1.32628000e-02  1.80000000e+00 
 1.32728000e-02  4.42205803e-03  1.32728000e-02  3.09278209e-01  1.32728000e-02  1.80000000e+00 
 1.32828000e-02  4.40730878e-03  1.32828000e-02  3.10528956e-01  1.32828000e-02  1.80000000e+00 
 1.32928000e-02  4.39238554e-03  1.32928000e-02  3.11795496e-01  1.32928000e-02  1.80000000e+00 
 1.33028000e-02  4.37728890e-03  1.33028000e-02  3.13077791e-01  1.33028000e-02  1.80000000e+00 
 1.33128000e-02  4.36201944e-03  1.33128000e-02  3.14375800e-01  1.33128000e-02  1.80000000e+00 
 1.33228000e-02  4.34657779e-03  1.33228000e-02  3.15689474e-01  1.33228000e-02  1.80000000e+00 
 1.33328000e-02  4.33096453e-03  1.33328000e-02  3.17018772e-01  1.33328000e-02  1.80000000e+00 
 1.33428000e-02  4.31518030e-03  1.33428000e-02  3.18363648e-01  1.33428000e-02  1.80000000e+00 
 1.33528000e-02  4.29922571e-03  1.33528000e-02  3.19724053e-01  1.33528000e-02  1.80000000e+00 
 1.33628000e-02  4.28310140e-03  1.33628000e-02  3.21099941e-01  1.33628000e-02  1.80000000e+00 
 1.33728000e-02  4.26680800e-03  1.33728000e-02  3.22491259e-01  1.33728000e-02  1.80000000e+00 
 1.33828000e-02  4.25034615e-03  1.33828000e-02  3.23897958e-01  1.33828000e-02  1.80000000e+00 
 1.33928000e-02  4.23371650e-03  1.33928000e-02  3.25319984e-01  1.33928000e-02  1.80000000e+00 
 1.34028000e-02  4.21691972e-03  1.34028000e-02  3.26757287e-01  1.34028000e-02  1.80000000e+00 
 1.34128000e-02  4.19995646e-03  1.34128000e-02  3.28209809e-01  1.34128000e-02  1.80000000e+00 
 1.34228000e-02  4.18282739e-03  1.34228000e-02  3.29677495e-01  1.34228000e-02  1.80000000e+00 
 1.34328000e-02  4.16553319e-03  1.34328000e-02  3.31160291e-01  1.34328000e-02  1.80000000e+00 
 1.34428000e-02  4.14807454e-03  1.34428000e-02  3.32658139e-01  1.34428000e-02  1.80000000e+00 
 1.34528000e-02  4.13045213e-03  1.34528000e-02  3.34170977e-01  1.34528000e-02  1.80000000e+00 
 1.34628000e-02  4.11266666e-03  1.34628000e-02  3.35698751e-01  1.34628000e-02  1.80000000e+00 
 1.34728000e-02  4.09471883e-03  1.34728000e-02  3.37241394e-01  1.34728000e-02  1.80000000e+00 
 1.34828000e-02  4.07660934e-03  1.34828000e-02  3.38798850e-01  1.34828000e-02  1.80000000e+00 
 1.34928000e-02  4.05833892e-03  1.34928000e-02  3.40371055e-01  1.34928000e-02  1.80000000e+00 
 1.35028000e-02  4.03990829e-03  1.35028000e-02  3.41957947e-01  1.35028000e-02  1.80000000e+00 
 1.35128000e-02  4.02131816e-03  1.35128000e-02  3.43559461e-01  1.35128000e-02  1.80000000e+00 
 1.35228000e-02  4.00256928e-03  1.35228000e-02  3.45175531e-01  1.35228000e-02  1.80000000e+00 
 1.35328000e-02  3.98366238e-03  1.35328000e-02  3.46806094e-01  1.35328000e-02  1.80000000e+00 
 1.35428000e-02  3.96459822e-03  1.35428000e-02  3.48451080e-01  1.35428000e-02  1.80000000e+00 
 1.35528000e-02  3.94537754e-03  1.35528000e-02  3.50110424e-01  1.35528000e-02  1.80000000e+00 
 1.35628000e-02  3.92600110e-03  1.35628000e-02  3.51784060e-01  1.35628000e-02  1.80000000e+00 
 1.35728000e-02  3.90646967e-03  1.35728000e-02  3.53471916e-01  1.35728000e-02  1.80000000e+00 
 1.35828000e-02  3.88678403e-03  1.35828000e-02  3.55173924e-01  1.35828000e-02  1.80000000e+00 
 1.35928000e-02  3.86694493e-03  1.35928000e-02  3.56890013e-01  1.35928000e-02  1.80000000e+00 
 1.36028000e-02  3.84695318e-03  1.36028000e-02  3.58620112e-01  1.36028000e-02  1.80000000e+00 
 1.36128000e-02  3.82680956e-03  1.36128000e-02  3.60364152e-01  1.36128000e-02  1.80000000e+00 
 1.36228000e-02  3.80651486e-03  1.36228000e-02  3.62122057e-01  1.36228000e-02  1.80000000e+00 
 1.36328000e-02  3.78606988e-03  1.36328000e-02  3.63893758e-01  1.36328000e-02  1.80000000e+00 
 1.36428000e-02  3.76547544e-03  1.36428000e-02  3.65679181e-01  1.36428000e-02  1.80000000e+00 
 1.36528000e-02  3.74473234e-03  1.36528000e-02  3.67478247e-01  1.36528000e-02  1.80000000e+00 
 1.36628000e-02  3.72384141e-03  1.36628000e-02  3.69290887e-01  1.36628000e-02  1.80000000e+00 
 1.36728000e-02  3.70280347e-03  1.36728000e-02  3.71117023e-01  1.36728000e-02  1.80000000e+00 
 1.36828000e-02  3.68161935e-03  1.36828000e-02  3.72956580e-01  1.36828000e-02  1.80000000e+00 
 1.36928000e-02  3.66028988e-03  1.36928000e-02  3.74809481e-01  1.36928000e-02  1.80000000e+00 
 1.37028000e-02  3.63881591e-03  1.37028000e-02  3.76675648e-01  1.37028000e-02  1.80000000e+00 
 1.37128000e-02  3.61719829e-03  1.37128000e-02  3.78555005e-01  1.37128000e-02  1.80000000e+00 
 1.37228000e-02  3.59543786e-03  1.37228000e-02  3.80447472e-01  1.37228000e-02  1.80000000e+00 
 1.37328000e-02  3.57353549e-03  1.37328000e-02  3.82352973e-01  1.37328000e-02  1.80000000e+00 
 1.37428000e-02  3.55149205e-03  1.37428000e-02  3.84271426e-01  1.37428000e-02  1.80000000e+00 
 1.37528000e-02  3.52930840e-03  1.37528000e-02  3.86202753e-01  1.37528000e-02  1.80000000e+00 
 1.37628000e-02  3.50698542e-03  1.37628000e-02  3.88146871e-01  1.37628000e-02  1.80000000e+00 
 1.37728000e-02  3.48452399e-03  1.37728000e-02  3.90103703e-01  1.37728000e-02  1.80000000e+00 
 1.37828000e-02  3.46192500e-03  1.37828000e-02  3.92073165e-01  1.37828000e-02  1.80000000e+00 
 1.37928000e-02  3.43918933e-03  1.37928000e-02  3.94055178e-01  1.37928000e-02  1.80000000e+00 
 1.38028000e-02  3.41631789e-03  1.38028000e-02  3.96049654e-01  1.38028000e-02  1.80000000e+00 
 1.38128000e-02  3.39331158e-03  1.38128000e-02  3.98056516e-01  1.38128000e-02  1.80000000e+00 
 1.38228000e-02  3.37017131e-03  1.38228000e-02  4.00075677e-01  1.38228000e-02  1.80000000e+00 
 1.38328000e-02  3.34689800e-03  1.38328000e-02  4.02107058e-01  1.38328000e-02  1.80000000e+00 
 1.38428000e-02  3.32349255e-03  1.38428000e-02  4.04150568e-01  1.38428000e-02  1.80000000e+00 
 1.38528000e-02  3.29995589e-03  1.38528000e-02  4.06206126e-01  1.38528000e-02  1.80000000e+00 
 1.38628000e-02  3.27628896e-03  1.38628000e-02  4.08273647e-01  1.38628000e-02  1.80000000e+00 
 1.38728000e-02  3.25249269e-03  1.38728000e-02  4.10353046e-01  1.38728000e-02  1.80000000e+00 
 1.38828000e-02  3.22856801e-03  1.38828000e-02  4.12444234e-01  1.38828000e-02  1.80000000e+00 
 1.38928000e-02  3.20451588e-03  1.38928000e-02  4.14547129e-01  1.38928000e-02  1.80000000e+00 
 1.39028000e-02  3.18033723e-03  1.39028000e-02  4.16661642e-01  1.39028000e-02  1.80000000e+00 
 1.39128000e-02  3.15603303e-03  1.39128000e-02  4.18787684e-01  1.39128000e-02  1.80000000e+00 
 1.39228000e-02  3.13160424e-03  1.39228000e-02  4.20925168e-01  1.39228000e-02  1.80000000e+00 
 1.39328000e-02  3.10705182e-03  1.39328000e-02  4.23074005e-01  1.39328000e-02  1.80000000e+00 
 1.39428000e-02  3.08237673e-03  1.39428000e-02  4.25234111e-01  1.39428000e-02  1.80000000e+00 
 1.39528000e-02  3.05757996e-03  1.39528000e-02  4.27405393e-01  1.39528000e-02  1.80000000e+00 
 1.39628000e-02  3.03266248e-03  1.39628000e-02  4.29587761e-01  1.39628000e-02  1.80000000e+00 
 1.39728000e-02  3.00762528e-03  1.39728000e-02  4.31781128e-01  1.39728000e-02  1.80000000e+00 
 1.39828000e-02  2.98246934e-03  1.39828000e-02  4.33985401e-01  1.39828000e-02  1.80000000e+00 
 1.39928000e-02  2.95719566e-03  1.39928000e-02  4.36200490e-01  1.39928000e-02  1.80000000e+00 
 1.40028000e-02  2.93180523e-03  1.40028000e-02  4.38426308e-01  1.40028000e-02  1.80000000e+00 
 1.40128000e-02  2.90629906e-03  1.40128000e-02  4.40662757e-01  1.40128000e-02  1.80000000e+00 
 1.40228000e-02  2.88067816e-03  1.40228000e-02  4.42909750e-01  1.40228000e-02  1.80000000e+00 
 1.40328000e-02  2.85494353e-03  1.40328000e-02  4.45167193e-01  1.40328000e-02  1.80000000e+00 
 1.40428000e-02  2.82909619e-03  1.40428000e-02  4.47434992e-01  1.40428000e-02  1.80000000e+00 
 1.40528000e-02  2.80313716e-03  1.40528000e-02  4.49713059e-01  1.40528000e-02  1.80000000e+00 
 1.40628000e-02  2.77706747e-03  1.40628000e-02  4.52001297e-01  1.40628000e-02  1.80000000e+00 
 1.40728000e-02  2.75088815e-03  1.40728000e-02  4.54299613e-01  1.40728000e-02  1.80000000e+00 
 1.40828000e-02  2.72460023e-03  1.40828000e-02  4.56607910e-01  1.40828000e-02  1.80000000e+00 
 1.40928000e-02  2.69820474e-03  1.40928000e-02  4.58926101e-01  1.40928000e-02  1.80000000e+00 
 1.41028000e-02  2.67170274e-03  1.41028000e-02  4.61254084e-01  1.41028000e-02  1.80000000e+00 
 1.41128000e-02  2.64509526e-03  1.41128000e-02  4.63591766e-01  1.41128000e-02  1.80000000e+00 
 1.41228000e-02  2.61838335e-03  1.41228000e-02  4.65939054e-01  1.41228000e-02  1.80000000e+00 
 1.41328000e-02  2.59156808e-03  1.41328000e-02  4.68295851e-01  1.41328000e-02  1.80000000e+00 
 1.41428000e-02  2.56465049e-03  1.41428000e-02  4.70662060e-01  1.41428000e-02  1.80000000e+00 
 1.41528000e-02  2.53763166e-03  1.41528000e-02  4.73037585e-01  1.41528000e-02  1.80000000e+00 
 1.41628000e-02  2.51051265e-03  1.41628000e-02  4.75422329e-01  1.41628000e-02  1.80000000e+00 
 1.41728000e-02  2.48329452e-03  1.41728000e-02  4.77816194e-01  1.41728000e-02  1.80000000e+00 
 1.41828000e-02  2.45597836e-03  1.41828000e-02  4.80219084e-01  1.41828000e-02  1.80000000e+00 
 1.41928000e-02  2.42856524e-03  1.41928000e-02  4.82630903e-01  1.41928000e-02  1.80000000e+00 
 1.42028000e-02  2.40105625e-03  1.42028000e-02  4.85051549e-01  1.42028000e-02  1.80000000e+00 
 1.42128000e-02  2.37345247e-03  1.42128000e-02  4.87480923e-01  1.42128000e-02  1.80000000e+00 
 1.42228000e-02  2.34575498e-03  1.42228000e-02  4.89918932e-01  1.42228000e-02  1.80000000e+00 
 1.42328000e-02  2.31796489e-03  1.42328000e-02  4.92365471e-01  1.42328000e-02  1.80000000e+00 
 1.42428000e-02  2.29008329e-03  1.42428000e-02  4.94820446e-01  1.42428000e-02  1.80000000e+00 
 1.42528000e-02  2.26211129e-03  1.42528000e-02  4.97283753e-01  1.42528000e-02  1.80000000e+00 
 1.42628000e-02  2.23404998e-03  1.42628000e-02  4.99755292e-01  1.42628000e-02  1.80000000e+00 
 1.42728000e-02  2.20590047e-03  1.42728000e-02  5.02234965e-01  1.42728000e-02  1.80000000e+00 
 1.42828000e-02  2.17766387e-03  1.42828000e-02  5.04722672e-01  1.42828000e-02  1.80000000e+00 
 1.42928000e-02  2.14934131e-03  1.42928000e-02  5.07218310e-01  1.42928000e-02  1.80000000e+00 
 1.43028000e-02  2.12093389e-03  1.43028000e-02  5.09721778e-01  1.43028000e-02  1.80000000e+00 
 1.43128000e-02  2.09244275e-03  1.43128000e-02  5.12232975e-01  1.43128000e-02  1.80000000e+00 
 1.43228000e-02  2.06386899e-03  1.43228000e-02  5.14751801e-01  1.43228000e-02  1.80000000e+00 
 1.43328000e-02  2.03521376e-03  1.43328000e-02  5.17278151e-01  1.43328000e-02  1.80000000e+00 
 1.43428000e-02  2.00647818e-03  1.43428000e-02  5.19811923e-01  1.43428000e-02  1.80000000e+00 
 1.43528000e-02  1.97766339e-03  1.43528000e-02  5.22353017e-01  1.43528000e-02  1.80000000e+00 
 1.43628000e-02  1.94877053e-03  1.43628000e-02  5.24901329e-01  1.43628000e-02  1.80000000e+00 
 1.43728000e-02  1.91980073e-03  1.43728000e-02  5.27456756e-01  1.43728000e-02  1.80000000e+00 
 1.43828000e-02  1.89075514e-03  1.43828000e-02  5.30019194e-01  1.43828000e-02  1.80000000e+00 
 1.43928000e-02  1.86163491e-03  1.43928000e-02  5.32588539e-01  1.43928000e-02  1.80000000e+00 
 1.44028000e-02  1.83244118e-03  1.44028000e-02  5.35164688e-01  1.44028000e-02  1.80000000e+00 
 1.44128000e-02  1.80317511e-03  1.44128000e-02  5.37747536e-01  1.44128000e-02  1.80000000e+00 
 1.44228000e-02  1.77383785e-03  1.44228000e-02  5.40336980e-01  1.44228000e-02  1.80000000e+00 
 1.44328000e-02  1.74443057e-03  1.44328000e-02  5.42932914e-01  1.44328000e-02  1.80000000e+00 
 1.44428000e-02  1.71495442e-03  1.44428000e-02  5.45535237e-01  1.44428000e-02  1.80000000e+00 
 1.44528000e-02  1.68541056e-03  1.44528000e-02  5.48143838e-01  1.44528000e-02  1.80000000e+00 
 1.44628000e-02  1.65580017e-03  1.44628000e-02  5.50758614e-01  1.44628000e-02  1.80000000e+00 
 1.44728000e-02  1.62612441e-03  1.44728000e-02  5.53379461e-01  1.44728000e-02  1.80000000e+00 
 1.44828000e-02  1.59638446e-03  1.44828000e-02  5.56006273e-01  1.44828000e-02  1.80000000e+00 
 1.44928000e-02  1.56658148e-03  1.44928000e-02  5.58638941e-01  1.44928000e-02  1.80000000e+00 
 1.45028000e-02  1.53671666e-03  1.45028000e-02  5.61277363e-01  1.45028000e-02  1.80000000e+00 
 1.45128000e-02  1.50679116e-03  1.45128000e-02  5.63921429e-01  1.45128000e-02  1.80000000e+00 
 1.45228000e-02  1.47680619e-03  1.45228000e-02  5.66571034e-01  1.45228000e-02  1.80000000e+00 
 1.45328000e-02  1.44676291e-03  1.45328000e-02  5.69226072e-01  1.45328000e-02  1.79999999e+00 
 1.45428000e-02  1.41666251e-03  1.45428000e-02  5.71886435e-01  1.45428000e-02  1.80000000e+00 
 1.45528000e-02  1.38650619e-03  1.45528000e-02  5.74552014e-01  1.45528000e-02  1.79999999e+00 
 1.45628000e-02  1.35629513e-03  1.45628000e-02  5.77222705e-01  1.45628000e-02  1.80000000e+00 
 1.45728000e-02  1.32603053e-03  1.45728000e-02  5.79898396e-01  1.45728000e-02  1.79999999e+00 
 1.45828000e-02  1.29571358e-03  1.45828000e-02  5.82578986e-01  1.45828000e-02  1.80000000e+00 
 1.45928000e-02  1.26534547e-03  1.45928000e-02  5.85264359e-01  1.45928000e-02  1.79999999e+00 
 1.46028000e-02  1.23492741e-03  1.46028000e-02  5.87954413e-01  1.46028000e-02  1.80000000e+00 
 1.46128000e-02  1.20446060e-03  1.46128000e-02  5.90649035e-01  1.46128000e-02  1.79999999e+00 
 1.46228000e-02  1.17394624e-03  1.46228000e-02  5.93348120e-01  1.46228000e-02  1.80000000e+00 
 1.46328000e-02  1.14338553e-03  1.46328000e-02  5.96051558e-01  1.46328000e-02  1.79999999e+00 
 1.46428000e-02  1.11277969e-03  1.46428000e-02  5.98759240e-01  1.46428000e-02  1.80000000e+00 
 1.46528000e-02  1.08212991e-03  1.46528000e-02  6.01471056e-01  1.46528000e-02  1.79999999e+00 
 1.46628000e-02  1.05143741e-03  1.46628000e-02  6.04186899e-01  1.46628000e-02  1.80000000e+00 
 1.46728000e-02  1.02070341e-03  1.46728000e-02  6.06906657e-01  1.46728000e-02  1.79999999e+00 
 1.46828000e-02  9.89929106e-04  1.46828000e-02  6.09630222e-01  1.46828000e-02  1.80000000e+00 
 1.46928000e-02  9.59115724e-04  1.46928000e-02  6.12357484e-01  1.46928000e-02  1.79999999e+00 
 1.47028000e-02  9.28264478e-04  1.47028000e-02  6.15088335e-01  1.47028000e-02  1.80000000e+00 
 1.47128000e-02  8.97376585e-04  1.47128000e-02  6.17822663e-01  1.47128000e-02  1.79999999e+00 
 1.47228000e-02  8.66453265e-04  1.47228000e-02  6.20560358e-01  1.47228000e-02  1.80000000e+00 
 1.47328000e-02  8.35495739e-04  1.47328000e-02  6.23301312e-01  1.47328000e-02  1.79999999e+00 
 1.47428000e-02  8.04505229e-04  1.47428000e-02  6.26045411e-01  1.47428000e-02  1.80000000e+00 
 1.47528000e-02  7.73482959e-04  1.47528000e-02  6.28792547e-01  1.47528000e-02  1.79999999e+00 
 1.47628000e-02  7.42430153e-04  1.47628000e-02  6.31542610e-01  1.47628000e-02  1.80000000e+00 
 1.47728000e-02  7.11348037e-04  1.47728000e-02  6.34295486e-01  1.47728000e-02  1.79999999e+00 
 1.47828000e-02  6.80237838e-04  1.47828000e-02  6.37051069e-01  1.47828000e-02  1.79999999e+00 
 1.47928000e-02  6.49100785e-04  1.47928000e-02  6.39809244e-01  1.47928000e-02  1.79999999e+00 
 1.48028000e-02  6.17938106e-04  1.48028000e-02  6.42569903e-01  1.48028000e-02  1.79999999e+00 
 1.48128000e-02  5.86751032e-04  1.48128000e-02  6.45332933e-01  1.48128000e-02  1.79999999e+00 
 1.48228000e-02  5.55540794e-04  1.48228000e-02  6.48098225e-01  1.48228000e-02  1.79999999e+00 
 1.48328000e-02  5.24308624e-04  1.48328000e-02  6.50865664e-01  1.48328000e-02  1.79999999e+00 
 1.48428000e-02  4.93055756e-04  1.48428000e-02  6.53635142e-01  1.48428000e-02  1.79999999e+00 
 1.48528000e-02  4.61783422e-04  1.48528000e-02  6.56406547e-01  1.48528000e-02  1.79999999e+00 
 1.48628000e-02  4.30492859e-04  1.48628000e-02  6.59179766e-01  1.48628000e-02  1.79999999e+00 
 1.48728000e-02  3.99185300e-04  1.48728000e-02  6.61954689e-01  1.48728000e-02  1.79999999e+00 
 1.48828000e-02  3.67861981e-04  1.48828000e-02  6.64731203e-01  1.48828000e-02  1.79999999e+00 
 1.48928000e-02  3.36524141e-04  1.48928000e-02  6.67509198e-01  1.48928000e-02  1.79999999e+00 
 1.49028000e-02  3.05173015e-04  1.49028000e-02  6.70288562e-01  1.49028000e-02  1.79999999e+00 
 1.49128000e-02  2.73809841e-04  1.49128000e-02  6.73069181e-01  1.49128000e-02  1.79999999e+00 
 1.49228000e-02  2.42435858e-04  1.49228000e-02  6.75850946e-01  1.49228000e-02  1.79999999e+00 
 1.49328000e-02  2.11052303e-04  1.49328000e-02  6.78633745e-01  1.49328000e-02  1.79999999e+00 
 1.49428000e-02  1.79660417e-04  1.49428000e-02  6.81417464e-01  1.49428000e-02  1.79999999e+00 
 1.49528000e-02  1.48261438e-04  1.49528000e-02  6.84201990e-01  1.49528000e-02  1.79999999e+00 
 1.49628000e-02  1.16856606e-04  1.49628000e-02  6.86987216e-01  1.49628000e-02  1.79999999e+00 
 1.49728000e-02  8.54471605e-05  1.49728000e-02  6.89773026e-01  1.49728000e-02  1.79999998e+00 
 1.49828000e-02  5.40343418e-05  1.49828000e-02  6.92559309e-01  1.49828000e-02  1.79999998e+00 
 1.49928000e-02  2.26193900e-05  1.49928000e-02  6.95345952e-01  1.49928000e-02  1.79999998e+00 
 1.50028000e-02 -8.79645489e-06  1.50028000e-02  6.98132845e-01  1.50028000e-02  1.79999998e+00 
 1.50128000e-02 -4.02119525e-05  1.50128000e-02  7.00919875e-01  1.50128000e-02  1.79999998e+00 
 1.50228000e-02 -7.16258625e-05  1.50228000e-02  7.03706927e-01  1.50228000e-02  1.79999998e+00 
 1.50328000e-02 -1.03036945e-04  1.50328000e-02  7.06493895e-01  1.50328000e-02  1.79999997e+00 
 1.50428000e-02 -1.34443960e-04  1.50428000e-02  7.09280663e-01  1.50428000e-02  1.79999997e+00 
 1.50528000e-02 -1.65845667e-04  1.50528000e-02  7.12067118e-01  1.50528000e-02  1.79999997e+00 
 1.50628000e-02 -1.97240826e-04  1.50628000e-02  7.14853149e-01  1.50628000e-02  1.79999997e+00 
 1.50728000e-02 -2.28628200e-04  1.50728000e-02  7.17638646e-01  1.50728000e-02  1.79999996e+00 
 1.50828000e-02 -2.60006547e-04  1.50828000e-02  7.20423494e-01  1.50828000e-02  1.79999996e+00 
 1.50928000e-02 -2.91374629e-04  1.50928000e-02  7.23207582e-01  1.50928000e-02  1.79999996e+00 
 1.51028000e-02 -3.22731209e-04  1.51028000e-02  7.25990796e-01  1.51028000e-02  1.79999995e+00 
 1.51128000e-02 -3.54075048e-04  1.51128000e-02  7.28773029e-01  1.51128000e-02  1.79999994e+00 
 1.51228000e-02 -3.85404908e-04  1.51228000e-02  7.31554165e-01  1.51228000e-02  1.79999994e+00 
 1.51328000e-02 -4.16719553e-04  1.51328000e-02  7.34334093e-01  1.51328000e-02  1.79999992e+00 
 1.51428000e-02 -4.48017747e-04  1.51428000e-02  7.37112699e-01  1.51428000e-02  1.79999991e+00 
 1.51528000e-02 -4.79298254e-04  1.51528000e-02  7.39889874e-01  1.51528000e-02  1.79999989e+00 
 1.51628000e-02 -5.10559839e-04  1.51628000e-02  7.42665506e-01  1.51628000e-02  1.79999986e+00 
 1.51728000e-02 -5.41801268e-04  1.51728000e-02  7.45439484e-01  1.51728000e-02  1.79999982e+00 
 1.51828000e-02 -5.73021308e-04  1.51828000e-02  7.48211697e-01  1.51828000e-02  1.79999976e+00 
 1.51928000e-02 -6.04218726e-04  1.51928000e-02  7.50982037e-01  1.51928000e-02  1.79999967e+00 
 1.52028000e-02 -6.35392290e-04  1.52028000e-02  7.53750387e-01  1.52028000e-02  1.79999955e+00 
 1.52128000e-02 -6.66540770e-04  1.52128000e-02  7.56516640e-01  1.52128000e-02  1.79999936e+00 
 1.52228000e-02 -6.97662936e-04  1.52228000e-02  7.59280685e-01  1.52228000e-02  1.79999910e+00 
 1.52328000e-02 -7.28757560e-04  1.52328000e-02  7.62042407e-01  1.52328000e-02  1.79999870e+00 
 1.52428000e-02 -7.59823414e-04  1.52428000e-02  7.64801697e-01  1.52428000e-02  1.79999813e+00 
 1.52528000e-02 -7.90859271e-04  1.52528000e-02  7.67558443e-01  1.52528000e-02  1.79999729e+00 
 1.52628000e-02 -8.21863906e-04  1.52628000e-02  7.70312535e-01  1.52628000e-02  1.79999604e+00 
 1.52728000e-02 -8.52836095e-04  1.52728000e-02  7.73063861e-01  1.52728000e-02  1.79999419e+00 
 1.52828000e-02 -8.83774616e-04  1.52828000e-02  7.75812314e-01  1.52828000e-02  1.79999144e+00 
 1.52928000e-02 -9.14678247e-04  1.52928000e-02  7.78557777e-01  1.52928000e-02  1.79998734e+00 
 1.53028000e-02 -9.45545769e-04  1.53028000e-02  7.81300145e-01  1.53028000e-02  1.79998123e+00 
 1.53128000e-02 -9.76375961e-04  1.53128000e-02  7.84039305e-01  1.53128000e-02  1.79997210e+00 
 1.53228000e-02 -1.00716761e-03  1.53228000e-02  7.86775149e-01  1.53228000e-02  1.79995845e+00 
 1.53328000e-02 -1.03791949e-03  1.53328000e-02  7.89507565e-01  1.53328000e-02  1.79993800e+00 
 1.53428000e-02 -1.06863040e-03  1.53428000e-02  7.92236444e-01  1.53428000e-02  1.79990740e+00 
 1.53528000e-02 -1.09929913e-03  1.53528000e-02  7.94961675e-01  1.53528000e-02  1.79986162e+00 
 1.53628000e-02 -1.12992445e-03  1.53628000e-02  7.97683152e-01  1.53628000e-02  1.79979323e+00 
 1.53728000e-02 -1.16050517e-03  1.53728000e-02  8.00400762e-01  1.53728000e-02  1.79969124e+00 
 1.53828000e-02 -1.19104007e-03  1.53828000e-02  8.03114397e-01  1.53828000e-02  1.79953964e+00 
 1.53928000e-02 -1.22152795e-03  1.53928000e-02  8.05823947e-01  1.53928000e-02  1.79931517e+00 
 1.54028000e-02 -1.25196761e-03  1.54028000e-02  8.08529306e-01  1.54028000e-02  1.79898453e+00 
 1.54128000e-02 -1.28235784e-03  1.54128000e-02  8.11230361e-01  1.54128000e-02  1.79850055e+00 
 1.54228000e-02 -1.31269745e-03  1.54228000e-02  8.13927006e-01  1.54228000e-02  1.79779741e+00 
 1.54328000e-02 -1.34298523e-03  1.54328000e-02  8.16619134e-01  1.54328000e-02  1.79678462e+00 
 1.54428000e-02 -1.37322000e-03  1.54428000e-02  8.19306633e-01  1.54428000e-02  1.79533991e+00 
 1.54528000e-02 -1.40340055e-03  1.54528000e-02  8.21989398e-01  1.54528000e-02  1.79330052e+00 
 1.54628000e-02 -1.43352570e-03  1.54628000e-02  8.24667320e-01  1.54628000e-02  1.79045321e+00 
 1.54728000e-02 -1.46359426e-03  1.54728000e-02  8.27340291e-01  1.54728000e-02  1.78652125e+00 
 1.54828000e-02 -1.49360503e-03  1.54828000e-02  8.30008204e-01  1.54828000e-02  1.78114788e+00 
 1.54928000e-02 -1.52355684e-03  1.54928000e-02  8.32670953e-01  1.54928000e-02  1.77387036e+00 
 1.55028000e-02 -1.55344851e-03  1.55028000e-02  8.35328430e-01  1.55028000e-02  1.76407852e+00 
 1.55128000e-02 -1.58327884e-03  1.55128000e-02  8.37980528e-01  1.55128000e-02  1.75093672e+00 
 1.55228000e-02 -1.61304667e-03  1.55228000e-02  8.40627140e-01  1.55228000e-02  1.73322984e+00 
 1.55328000e-02 -1.64275082e-03  1.55328000e-02  8.43268162e-01  1.55328000e-02  1.70901147e+00 
 1.55428000e-02 -1.67239012e-03  1.55428000e-02  8.45903484e-01  1.55428000e-02  1.67466979e+00 
 1.55528000e-02 -1.70196340e-03  1.55528000e-02  8.48533003e-01  1.55528000e-02  1.62166048e+00 
 1.55628000e-02 -1.73146948e-03  1.55628000e-02  8.51156612e-01  1.55628000e-02  1.51435460e+00 
 1.55728000e-02 -1.76090721e-03  1.55728000e-02  8.53774208e-01  1.55728000e-02  1.33044229e+00 
 1.55828000e-02 -1.79027542e-03  1.55828000e-02  8.56385682e-01  1.55828000e-02  1.12823190e+00 
 1.55928000e-02 -1.81957295e-03  1.55928000e-02  8.58990931e-01  1.55928000e-02  9.25526970e-01 
 1.56028000e-02 -1.84879865e-03  1.56028000e-02  8.61589853e-01  1.56028000e-02  7.26001963e-01 
 1.56128000e-02 -1.87795136e-03  1.56128000e-02  8.64182339e-01  1.56128000e-02  5.32691869e-01 
 1.56228000e-02 -1.90702994e-03  1.56228000e-02  8.66768287e-01  1.56228000e-02  3.51333177e-01 
 1.56328000e-02 -1.93603323e-03  1.56328000e-02  8.69347593e-01  1.56328000e-02  2.04659340e-01 
 1.56428000e-02 -1.96496008e-03  1.56428000e-02  8.71920155e-01  1.56428000e-02  1.32205598e-01 
 1.56528000e-02 -1.99380937e-03  1.56528000e-02  8.74485867e-01  1.56528000e-02  9.85515168e-02 
 1.56628000e-02 -2.02257994e-03  1.56628000e-02  8.77044628e-01  1.56628000e-02  7.75612039e-02 
 1.56728000e-02 -2.05127066e-03  1.56728000e-02  8.79596335e-01  1.56728000e-02  6.24329123e-02 
 1.56828000e-02 -2.07988040e-03  1.56828000e-02  8.82140884e-01  1.56828000e-02  5.08391220e-02 
 1.56928000e-02 -2.10840804e-03  1.56928000e-02  8.84678175e-01  1.56928000e-02  4.17064413e-02 
 1.57028000e-02 -2.13685243e-03  1.57028000e-02  8.87208104e-01  1.57028000e-02  3.43052753e-02 
 1.57128000e-02 -2.16521247e-03  1.57128000e-02  8.89730571e-01  1.57128000e-02  2.82233601e-02 
 1.57228000e-02 -2.19348703e-03  1.57228000e-02  8.92245474e-01  1.57228000e-02  2.31803579e-02 
 1.57328000e-02 -2.22167499e-03  1.57328000e-02  8.94752714e-01  1.57328000e-02  1.89773422e-02 
 1.57428000e-02 -2.24977525e-03  1.57428000e-02  8.97252186e-01  1.57428000e-02  1.54657817e-02 
 1.57528000e-02 -2.27778668e-03  1.57528000e-02  8.99743796e-01  1.57528000e-02  1.25331950e-02 
 1.57628000e-02 -2.30570820e-03  1.57628000e-02  9.02227437e-01  1.57628000e-02  1.00898405e-02 
 1.57728000e-02 -2.33353869e-03  1.57728000e-02  9.04703013e-01  1.57728000e-02  8.06374392e-03 
 1.57828000e-02 -2.36127705e-03  1.57828000e-02  9.07170426e-01  1.57828000e-02  6.39403783e-03 
 1.57928000e-02 -2.38892220e-03  1.57928000e-02  9.09629575e-01  1.57928000e-02  5.02933169e-03 
 1.58028000e-02 -2.41647303e-03  1.58028000e-02  9.12080363e-01  1.58028000e-02  3.92408829e-03 
 1.58128000e-02 -2.44392847e-03  1.58128000e-02  9.14522689e-01  1.58128000e-02  3.03845281e-03 
 1.58228000e-02 -2.47128743e-03  1.58228000e-02  9.16956456e-01  1.58228000e-02  2.33635073e-03 
 1.58328000e-02 -2.49854882e-03  1.58328000e-02  9.19381570e-01  1.58328000e-02  1.78601584e-03 
 1.58428000e-02 -2.52571157e-03  1.58428000e-02  9.21797927e-01  1.58428000e-02  1.35903340e-03 
 1.58528000e-02 -2.55277462e-03  1.58528000e-02  9.24205438e-01  1.58528000e-02  1.03101162e-03 
 1.58628000e-02 -2.57973688e-03  1.58628000e-02  9.26604001e-01  1.58628000e-02  7.80921783e-04 
 1.58728000e-02 -2.60659730e-03  1.58728000e-02  9.28993519e-01  1.58728000e-02  5.91512571e-04 
 1.58828000e-02 -2.63335482e-03  1.58828000e-02  9.31373900e-01  1.58828000e-02  4.48567014e-04 
 1.58928000e-02 -2.66000838e-03  1.58928000e-02  9.33745048e-01  1.58928000e-02  3.40988449e-04 
 1.59028000e-02 -2.68655692e-03  1.59028000e-02  9.36106868e-01  1.59028000e-02  2.59972865e-04 
 1.59128000e-02 -2.71299940e-03  1.59128000e-02  9.38459263e-01  1.59128000e-02  1.98943350e-04 
 1.59228000e-02 -2.73933478e-03  1.59228000e-02  9.40802141e-01  1.59228000e-02  1.52786418e-04 
 1.59328000e-02 -2.76556202e-03  1.59328000e-02  9.43135407e-01  1.59328000e-02  1.17816007e-04 
 1.59428000e-02 -2.79168007e-03  1.59428000e-02  9.45458969e-01  1.59428000e-02  9.11575564e-05 
 1.59528000e-02 -2.81768792e-03  1.59528000e-02  9.47772734e-01  1.59528000e-02  7.08053710e-05 
 1.59628000e-02 -2.84358452e-03  1.59628000e-02  9.50076605e-01  1.59628000e-02  5.51481885e-05 
 1.59728000e-02 -2.86936887e-03  1.59728000e-02  9.52370495e-01  1.59728000e-02  4.31069592e-05 
 1.59828000e-02 -2.89503994e-03  1.59828000e-02  9.54654310e-01  1.59828000e-02  3.37601095e-05 
 1.59928000e-02 -2.92059672e-03  1.59928000e-02  9.56927962e-01  1.59928000e-02  2.65304775e-05 
 1.60028000e-02 -2.94603819e-03  1.60028000e-02  9.59191352e-01  1.60028000e-02  2.08717865e-05 
 1.60128000e-02 -2.97136337e-03  1.60128000e-02  9.61444397e-01  1.60128000e-02  1.64800379e-05 
 1.60228000e-02 -2.99657124e-03  1.60228000e-02  9.63687003e-01  1.60228000e-02  1.30162446e-05 
 1.60328000e-02 -3.02166081e-03  1.60328000e-02  9.65919085e-01  1.60328000e-02  1.03277975e-05 
 1.60428000e-02 -3.04663109e-03  1.60428000e-02  9.68140548e-01  1.60428000e-02  8.19312393e-06 
 1.60528000e-02 -3.07148109e-03  1.60528000e-02  9.70351309e-01  1.60528000e-02  6.54555771e-06 
 1.60628000e-02 -3.09620984e-03  1.60628000e-02  9.72551274e-01  1.60628000e-02  5.23206370e-06 
 1.60728000e-02 -3.12081635e-03  1.60728000e-02  9.74740362e-01  1.60728000e-02  4.23584362e-06 
 1.60828000e-02 -3.14529966e-03  1.60828000e-02  9.76918484e-01  1.60828000e-02  3.44411056e-06 
 1.60928000e-02 -3.16965880e-03  1.60928000e-02  9.79085553e-01  1.60928000e-02  2.86685708e-06 
 1.61028000e-02 -3.19389280e-03  1.61028000e-02  9.81241479e-01  1.61028000e-02  2.41060735e-06 
 1.61128000e-02 -3.21800072e-03  1.61128000e-02  9.83386178e-01  1.61128000e-02  2.09525780e-06 
 1.61228000e-02 -3.24198159e-03  1.61228000e-02  9.85519557e-01  1.61228000e-02  1.83673302e-06 
 1.61328000e-02 -3.26583448e-03  1.61328000e-02  9.87641537e-01  1.61328000e-02  1.66449760e-06 
 1.61428000e-02 -3.28955844e-03  1.61428000e-02  9.89752027e-01  1.61428000e-02  1.50735370e-06 
 1.61528000e-02 -3.31315253e-03  1.61528000e-02  9.91850947e-01  1.61528000e-02  1.40637345e-06 
 1.61628000e-02 -3.33661582e-03  1.61628000e-02  9.93938209e-01  1.61628000e-02  1.30024898e-06 
 1.61728000e-02 -3.35994739e-03  1.61728000e-02  9.96013738e-01  1.61728000e-02  1.23644727e-06 
 1.61828000e-02 -3.38314632e-03  1.61828000e-02  9.98077445e-01  1.61828000e-02  1.15826420e-06 
 1.61928000e-02 -3.40621168e-03  1.61928000e-02  1.00012925e+00  1.61928000e-02  1.11581038e-06 
 1.62028000e-02 -3.42914257e-03  1.62028000e-02  1.00216907e+00  1.62028000e-02  1.05443866e-06 
 1.62128000e-02 -3.45193809e-03  1.62128000e-02  1.00419683e+00  1.62128000e-02  1.02535172e-06 
 1.62228000e-02 -3.47459733e-03  1.62228000e-02  1.00621244e+00  1.62228000e-02  9.74914451e-07 
 1.62328000e-02 -3.49711940e-03  1.62328000e-02  1.00821582e+00  1.62328000e-02  9.54794748e-07 
 1.62428000e-02 -3.51950340e-03  1.62428000e-02  1.01020690e+00  1.62428000e-02  9.11915045e-07 
 1.62528000e-02 -3.54174847e-03  1.62528000e-02  1.01218559e+00  1.62528000e-02  8.98140814e-07 
 1.62628000e-02 -3.56385371e-03  1.62628000e-02  1.01415182e+00  1.62628000e-02  8.60735705e-07 
 1.62728000e-02 -3.58581826e-03  1.62728000e-02  1.01610551e+00  1.62728000e-02  8.51641476e-07 
 1.62828000e-02 -3.60764124e-03  1.62828000e-02  1.01804658e+00  1.62828000e-02  8.18350046e-07 
 1.62928000e-02 -3.62932180e-03  1.62928000e-02  1.01997495e+00  1.62928000e-02  8.12821660e-07 
 1.63028000e-02 -3.65085908e-03  1.63028000e-02  1.02189054e+00  1.63028000e-02  7.82712198e-07 
 1.63128000e-02 -3.67225224e-03  1.63128000e-02  1.02379328e+00  1.63128000e-02  7.79972289e-07 
 1.63228000e-02 -3.69350041e-03  1.63228000e-02  1.02568310e+00  1.63228000e-02  7.52382225e-07 
 1.63328000e-02 -3.71460278e-03  1.63328000e-02  1.02755992e+00  1.63328000e-02  7.51869336e-07 
 1.63428000e-02 -3.73555850e-03  1.63428000e-02  1.02942366e+00  1.63428000e-02  7.26312429e-07 
 1.63528000e-02 -3.75636674e-03  1.63528000e-02  1.03127425e+00  1.63528000e-02  7.27609339e-07 
 1.63628000e-02 -3.77702669e-03  1.63628000e-02  1.03311162e+00  1.63628000e-02  7.03719295e-07 
 1.63728000e-02 -3.79753753e-03  1.63728000e-02  1.03493569e+00  1.63728000e-02  7.06508339e-07 
 1.63828000e-02 -3.81789845e-03  1.63828000e-02  1.03674639e+00  1.63828000e-02  6.84003045e-07 
 1.63928000e-02 -3.83810865e-03  1.63928000e-02  1.03854365e+00  1.63928000e-02  6.88037451e-07 
 1.64028000e-02 -3.85816732e-03  1.64028000e-02  1.04032739e+00  1.64028000e-02  6.66695509e-07 
 1.64128000e-02 -3.87807368e-03  1.64128000e-02  1.04209756e+00  1.64128000e-02  6.71780159e-07 
 1.64228000e-02 -3.89782694e-03  1.64228000e-02  1.04385407e+00  1.64228000e-02  6.51424956e-07 
 1.64328000e-02 -3.91742632e-03  1.64328000e-02  1.04559685e+00  1.64328000e-02  6.57403252e-07 
 1.64428000e-02 -3.93687105e-03  1.64428000e-02  1.04732585e+00  1.64428000e-02  6.37891920e-07 
 1.64528000e-02 -3.95616036e-03  1.64528000e-02  1.04904098e+00  1.64528000e-02  6.44636510e-07 
 1.64628000e-02 -3.97529348e-03  1.64628000e-02  1.05074218e+00  1.64628000e-02  6.25852086e-07 
 1.64728000e-02 -3.99426967e-03  1.64728000e-02  1.05242939e+00  1.64728000e-02  6.33258208e-07 
 1.64828000e-02 -4.01308817e-03  1.64828000e-02  1.05410253e+00  1.64828000e-02  6.15103849e-07 
 1.64928000e-02 -4.03174824e-03  1.64928000e-02  1.05576154e+00  1.64928000e-02  6.23084455e-07 
 1.65028000e-02 -4.05024914e-03  1.65028000e-02  1.05740636e+00  1.65028000e-02  6.05479265e-07 
 1.65128000e-02 -4.06859014e-03  1.65128000e-02  1.05903691e+00  1.65128000e-02  6.13961376e-07 
 1.65228000e-02 -4.08677053e-03  1.65228000e-02  1.06065314e+00  1.65228000e-02  5.96837172e-07 
 1.65328000e-02 -4.10478958e-03  1.65328000e-02  1.06225498e+00  1.65328000e-02  6.05759116e-07 
 1.65428000e-02 -4.12264657e-03  1.65428000e-02  1.06384237e+00  1.65428000e-02  5.89058024e-07 
 1.65528000e-02 -4.14034081e-03  1.65528000e-02  1.06541524e+00  1.65528000e-02  5.98367313e-07 
 1.65628000e-02 -4.15787160e-03  1.65628000e-02  1.06697353e+00  1.65628000e-02  5.82039875e-07 
 1.65728000e-02 -4.17523824e-03  1.65728000e-02  1.06851719e+00  1.65728000e-02  5.91691555e-07 
 1.65828000e-02 -4.19244005e-03  1.65828000e-02  1.07004614e+00  1.65828000e-02  5.75695244e-07 
 1.65928000e-02 -4.20947635e-03  1.65928000e-02  1.07156033e+00  1.65928000e-02  5.85650600e-07 
 1.66028000e-02 -4.22634647e-03  1.66028000e-02  1.07305970e+00  1.66028000e-02  5.69948672e-07 
 1.66128000e-02 -4.24304974e-03  1.66128000e-02  1.07454419e+00  1.66128000e-02  5.80174181e-07 
 1.66228000e-02 -4.25958550e-03  1.66228000e-02  1.07601374e+00  1.66228000e-02  5.64734716e-07 
 1.66328000e-02 -4.27595310e-03  1.66328000e-02  1.07746829e+00  1.66328000e-02  5.75201233e-07 
 1.66428000e-02 -4.29215189e-03  1.66428000e-02  1.07890779e+00  1.66428000e-02  5.59996393e-07 
 1.66528000e-02 -4.30818123e-03  1.66528000e-02  1.08033218e+00  1.66528000e-02  5.70678461e-07 
 1.66628000e-02 -4.32404050e-03  1.66628000e-02  1.08174140e+00  1.66628000e-02  5.55683864e-07 
 1.66728000e-02 -4.33972906e-03  1.66728000e-02  1.08313539e+00  1.66728000e-02  5.66559168e-07 
 1.66828000e-02 -4.35524629e-03  1.66828000e-02  1.08451411e+00  1.66828000e-02  5.51753402e-07 
 1.66928000e-02 -4.37059159e-03  1.66928000e-02  1.08587750e+00  1.66928000e-02  5.62802311e-07 
 1.67028000e-02 -4.38576434e-03  1.67028000e-02  1.08722549e+00  1.67028000e-02  5.48166489e-07 
 1.67128000e-02 -4.40076395e-03  1.67128000e-02  1.08855805e+00  1.67128000e-02  5.59371688e-07 
 1.67228000e-02 -4.41558983e-03  1.67228000e-02  1.08987512e+00  1.67228000e-02  5.44889114e-07 
 1.67328000e-02 -4.43024139e-03  1.67328000e-02  1.09117664e+00  1.67328000e-02  5.56235283e-07 
 1.67428000e-02 -4.44471805e-03  1.67428000e-02  1.09246257e+00  1.67428000e-02  5.41891152e-07 
 1.67528000e-02 -4.45901923e-03  1.67528000e-02  1.09373285e+00  1.67528000e-02  5.53364700e-07 
 1.67628000e-02 -4.47314439e-03  1.67628000e-02  1.09498744e+00  1.67628000e-02  5.39145861e-07 
 1.67728000e-02 -4.48709295e-03  1.67728000e-02  1.09622628e+00  1.67728000e-02  5.50734704e-07 
 1.67828000e-02 -4.50086437e-03  1.67828000e-02  1.09744932e+00  1.67828000e-02  5.36629436e-07 
 1.67928000e-02 -4.51445810e-03  1.67928000e-02  1.09865653e+00  1.67928000e-02  5.48322811e-07 
 1.68028000e-02 -4.52787361e-03  1.68028000e-02  1.09984784e+00  1.68028000e-02  5.34320660e-07 
 1.68128000e-02 -4.54111037e-03  1.68128000e-02  1.10102322e+00  1.68128000e-02  5.46108950e-07 
 1.68228000e-02 -4.55416785e-03  1.68228000e-02  1.10218261e+00  1.68228000e-02  5.32200567e-07 
 1.68328000e-02 -4.56704554e-03  1.68328000e-02  1.10332598e+00  1.68328000e-02  5.44075176e-07 
 1.68428000e-02 -4.57974293e-03  1.68428000e-02  1.10445327e+00  1.68428000e-02  5.30252184e-07 
 1.68528000e-02 -4.59225952e-03  1.68528000e-02  1.10556444e+00  1.68528000e-02  5.42205411e-07 
 1.68628000e-02 -4.60459482e-03  1.68628000e-02  1.10665946e+00  1.68628000e-02  5.28460297e-07 
 1.68728000e-02 -4.61674833e-03  1.68728000e-02  1.10773827e+00  1.68728000e-02  5.40485230e-07 
 1.68828000e-02 -4.62871959e-03  1.68828000e-02  1.10880083e+00  1.68828000e-02  5.26811244e-07 
 1.68928000e-02 -4.64050811e-03  1.68928000e-02  1.10984711e+00  1.68928000e-02  5.38901677e-07 
 1.69028000e-02 -4.65211343e-03  1.69028000e-02  1.11087705e+00  1.69028000e-02  5.25292744e-07 
 1.69128000e-02 -4.66353509e-03  1.69128000e-02  1.11189063e+00  1.69128000e-02  5.37443088e-07 
 1.69228000e-02 -4.67477264e-03  1.69228000e-02  1.11288779e+00  1.69228000e-02  5.23893743e-07 
 1.69328000e-02 -4.68582565e-03  1.69328000e-02  1.11386851e+00  1.69328000e-02  5.36098968e-07 
 1.69428000e-02 -4.69669366e-03  1.69428000e-02  1.11483274e+00  1.69428000e-02  5.22604275e-07 
 1.69528000e-02 -4.70737626e-03  1.69528000e-02  1.11578045e+00  1.69528000e-02  5.34859846e-07 
 1.69628000e-02 -4.71787301e-03  1.69628000e-02  1.11671160e+00  1.69628000e-02  5.21415354e-07 
 1.69728000e-02 -4.72818352e-03  1.69728000e-02  1.11762614e+00  1.69728000e-02  5.33717180e-07 
 1.69828000e-02 -4.73830736e-03  1.69828000e-02  1.11852406e+00  1.69828000e-02  5.20318866e-07 
 1.69928000e-02 -4.74824415e-03  1.69928000e-02  1.11940530e+00  1.69928000e-02  5.32663248e-07 
 1.70028000e-02 -4.75799348e-03  1.70028000e-02  1.12026984e+00  1.70028000e-02  5.19307479e-07 
 1.70128000e-02 -4.76755497e-03  1.70128000e-02  1.12111764e+00  1.70128000e-02  5.31691077e-07 
 1.70228000e-02 -4.77692825e-03  1.70228000e-02  1.12194867e+00  1.70228000e-02  5.18374560e-07 
 1.70328000e-02 -4.78611294e-03  1.70328000e-02  1.12276290e+00  1.70328000e-02  5.30794353e-07 
 1.70428000e-02 -4.79510869e-03  1.70428000e-02  1.12356029e+00  1.70428000e-02  5.17514111e-07 
 1.70528000e-02 -4.80391513e-03  1.70528000e-02  1.12434081e+00  1.70528000e-02  5.29967365e-07 
 1.70628000e-02 -4.81253192e-03  1.70628000e-02  1.12510444e+00  1.70628000e-02  5.16720701e-07 
 1.70728000e-02 -4.82095873e-03  1.70728000e-02  1.12585115e+00  1.70728000e-02  5.29204945e-07 
 1.70828000e-02 -4.82919520e-03  1.70828000e-02  1.12658089e+00  1.70828000e-02  5.15989414e-07 
 1.70928000e-02 -4.83724104e-03  1.70928000e-02  1.12729366e+00  1.70928000e-02  5.28502407e-07 
 1.71028000e-02 -4.84509590e-03  1.71028000e-02  1.12798941e+00  1.71028000e-02  5.15315796e-07 
 1.71128000e-02 -4.85275949e-03  1.71128000e-02  1.12866812e+00  1.71128000e-02  5.27855514e-07 
 1.71228000e-02 -4.86023150e-03  1.71228000e-02  1.12932977e+00  1.71228000e-02  5.14695819e-07 
 1.71328000e-02 -4.86751164e-03  1.71328000e-02  1.12997432e+00  1.71328000e-02  5.27260428e-07 
 1.71428000e-02 -4.87459961e-03  1.71428000e-02  1.13060176e+00  1.71428000e-02  5.14125832e-07 
 1.71528000e-02 -4.88149515e-03  1.71528000e-02  1.13121205e+00  1.71528000e-02  5.26713673e-07 
 1.71628000e-02 -4.88819797e-03  1.71628000e-02  1.13180518e+00  1.71628000e-02  5.13602531e-07 
 1.71728000e-02 -4.89470781e-03  1.71728000e-02  1.13238113e+00  1.71728000e-02  5.26212108e-07 
 1.71828000e-02 -4.90102442e-03  1.71828000e-02  1.13293986e+00  1.71828000e-02  5.13122930e-07 
 1.71928000e-02 -4.90714754e-03  1.71928000e-02  1.13348136e+00  1.71928000e-02  5.25752890e-07 
 1.72028000e-02 -4.91307694e-03  1.72028000e-02  1.13400561e+00  1.72028000e-02  5.12684336e-07 
 1.72128000e-02 -4.91881238e-03  1.72128000e-02  1.13451258e+00  1.72128000e-02  5.25333459e-07 
 1.72228000e-02 -4.92435364e-03  1.72228000e-02  1.13500226e+00  1.72228000e-02  5.12284313e-07 
 1.72328000e-02 -4.92970048e-03  1.72328000e-02  1.13547463e+00  1.72328000e-02  5.24951504e-07 
 1.72428000e-02 -4.93485272e-03  1.72428000e-02  1.13592966e+00  1.72428000e-02  5.11920674e-07 
 1.72528000e-02 -4.93981013e-03  1.72528000e-02  1.13636735e+00  1.72528000e-02  5.24604949e-07 
 1.72628000e-02 -4.94457253e-03  1.72628000e-02  1.13678767e+00  1.72628000e-02  5.11591453e-07 
 1.72728000e-02 -4.94913972e-03  1.72728000e-02  1.13719061e+00  1.72728000e-02  5.24291933e-07 
 1.72828000e-02 -4.95351153e-03  1.72828000e-02  1.13757615e+00  1.72828000e-02  5.11294893e-07 
 1.72928000e-02 -4.95768778e-03  1.72928000e-02  1.13794428e+00  1.72928000e-02  5.24010794e-07 
 1.73028000e-02 -4.96166832e-03  1.73028000e-02  1.13829498e+00  1.73028000e-02  5.11029426e-07 
 1.73128000e-02 -4.96545297e-03  1.73128000e-02  1.13862824e+00  1.73128000e-02  5.23760054e-07 
 1.73228000e-02 -4.96904160e-03  1.73228000e-02  1.13894404e+00  1.73228000e-02  5.10793665e-07 
 1.73328000e-02 -4.97243406e-03  1.73328000e-02  1.13924238e+00  1.73328000e-02  5.23538411e-07 
 1.73428000e-02 -4.97563021e-03  1.73428000e-02  1.13952324e+00  1.73428000e-02  5.10586387e-07 
 1.73528000e-02 -4.97862994e-03  1.73528000e-02  1.13978662e+00  1.73528000e-02  5.23344720e-07 
 1.73628000e-02 -4.98143312e-03  1.73628000e-02  1.14003249e+00  1.73628000e-02  5.10406529e-07 
 1.73728000e-02 -4.98403964e-03  1.73728000e-02  1.14026086e+00  1.73728000e-02  5.23177992e-07 
 1.73828000e-02 -4.98644939e-03  1.73828000e-02  1.14047171e+00  1.73828000e-02  5.10253172e-07 
 1.73928000e-02 -4.98866230e-03  1.73928000e-02  1.14066503e+00  1.73928000e-02  5.23037378e-07 
 1.74028000e-02 -4.99067825e-03  1.74028000e-02  1.14084082e+00  1.74028000e-02  5.10125540e-07 
 1.74128000e-02 -4.99249719e-03  1.74128000e-02  1.14099907e+00  1.74128000e-02  5.22922170e-07 
 1.74228000e-02 -4.99411903e-03  1.74228000e-02  1.14113977e+00  1.74228000e-02  5.10022990e-07 
 1.74328000e-02 -4.99554371e-03  1.74328000e-02  1.14126293e+00  1.74328000e-02  5.22831789e-07 
 1.74428000e-02 -4.99677117e-03  1.74428000e-02  1.14136852e+00  1.74428000e-02  5.09945008e-07 
 1.74528000e-02 -4.99780137e-03  1.74528000e-02  1.14145656e+00  1.74528000e-02  5.22765784e-07 
 1.74628000e-02 -4.99863427e-03  1.74628000e-02  1.14152703e+00  1.74628000e-02  5.09891203e-07 
 1.74728000e-02 -4.99926982e-03  1.74728000e-02  1.14157993e+00  1.74728000e-02  5.22723826e-07 
 1.74828000e-02 -4.99970802e-03  1.74828000e-02  1.14161527e+00  1.74828000e-02  5.09861309e-07 
 1.74928000e-02 -4.99994884e-03  1.74928000e-02  1.14163304e+00  1.74928000e-02  5.22705705e-07 
 1.75028000e-02 -4.99999226e-03  1.75028000e-02  1.14163323e+00  1.75028000e-02  5.09855175e-07 
 1.75128000e-02 -4.99983830e-03  1.75128000e-02  1.14161586e+00  1.75128000e-02  5.22711333e-07 
 1.75228000e-02 -4.99948695e-03  1.75228000e-02  1.14158091e+00  1.75228000e-02  5.09872772e-07 
 1.75328000e-02 -4.99893823e-03  1.75328000e-02  1.14152840e+00  1.75328000e-02  5.22740737e-07 
 1.75428000e-02 -4.99819216e-03  1.75428000e-02  1.14145832e+00  1.75428000e-02  5.09914187e-07 
 1.75528000e-02 -4.99724876e-03  1.75528000e-02  1.14137067e+00  1.75528000e-02  5.22794065e-07 
 1.75628000e-02 -4.99610809e-03  1.75628000e-02  1.14126547e+00  1.75628000e-02  5.09979625e-07 
 1.75728000e-02 -4.99477018e-03  1.75728000e-02  1.14114271e+00  1.75728000e-02  5.22871581e-07 
 1.75828000e-02 -4.99323508e-03  1.75828000e-02  1.14100240e+00  1.75828000e-02  5.10069413e-07 
 1.75928000e-02 -4.99150286e-03  1.75928000e-02  1.14084454e+00  1.75928000e-02  5.22973674e-07 
 1.76028000e-02 -4.98957359e-03  1.76028000e-02  1.14066914e+00  1.76028000e-02  5.10183999e-07 
 1.76128000e-02 -4.98744733e-03  1.76128000e-02  1.14047621e+00  1.76128000e-02  5.23100854e-07 
 1.76228000e-02 -4.98512418e-03  1.76228000e-02  1.14026575e+00  1.76228000e-02  5.10323958e-07 
 1.76328000e-02 -4.98260422e-03  1.76328000e-02  1.14003777e+00  1.76328000e-02  5.23253764e-07 
 1.76428000e-02 -4.97988756e-03  1.76428000e-02  1.13979229e+00  1.76428000e-02  5.10489998e-07 
 1.76528000e-02 -4.97697430e-03  1.76528000e-02  1.13952931e+00  1.76528000e-02  5.23433177e-07 
 1.76628000e-02 -4.97386456e-03  1.76628000e-02  1.13924883e+00  1.76628000e-02  5.10682960e-07 
 1.76728000e-02 -4.97055846e-03  1.76728000e-02  1.13895088e+00  1.76728000e-02  5.23640008e-07 
 1.76828000e-02 -4.96705613e-03  1.76828000e-02  1.13863547e+00  1.76828000e-02  5.10903833e-07 
 1.76928000e-02 -4.96335771e-03  1.76928000e-02  1.13830260e+00  1.76928000e-02  5.23875320e-07 
 1.77028000e-02 -4.95946334e-03  1.77028000e-02  1.13795228e+00  1.77028000e-02  5.11153755e-07 
 1.77128000e-02 -4.95537318e-03  1.77128000e-02  1.13758454e+00  1.77128000e-02  5.24140332e-07 
 1.77228000e-02 -4.95108740e-03  1.77228000e-02  1.13719939e+00  1.77228000e-02  5.11434026e-07 
 1.77328000e-02 -4.94660615e-03  1.77328000e-02  1.13679684e+00  1.77328000e-02  5.24436429e-07 
 1.77428000e-02 -4.94192962e-03  1.77428000e-02  1.13637690e+00  1.77428000e-02  5.11746119e-07 
 1.77528000e-02 -4.93705799e-03  1.77528000e-02  1.13593961e+00  1.77528000e-02  5.24765175e-07 
 1.77628000e-02 -4.93199146e-03  1.77628000e-02  1.13548496e+00  1.77628000e-02  5.12091689e-07 
 1.77728000e-02 -4.92673021e-03  1.77728000e-02  1.13501298e+00  1.77728000e-02  5.25128327e-07 
 1.77828000e-02 -4.92127447e-03  1.77828000e-02  1.13452368e+00  1.77828000e-02  5.12472592e-07 
 1.77928000e-02 -4.91562445e-03  1.77928000e-02  1.13401709e+00  1.77928000e-02  5.25527844e-07 
 1.78028000e-02 -4.90978036e-03  1.78028000e-02  1.13349323e+00  1.78028000e-02  5.12890899e-07 
 1.78128000e-02 -4.90374245e-03  1.78128000e-02  1.13295212e+00  1.78128000e-02  5.25965914e-07 
 1.78228000e-02 -4.89751094e-03  1.78228000e-02  1.13239377e+00  1.78228000e-02  5.13348913e-07 
 1.78328000e-02 -4.89108609e-03  1.78328000e-02  1.13181821e+00  1.78328000e-02  5.26444966e-07 
 1.78428000e-02 -4.88446814e-03  1.78428000e-02  1.13122546e+00  1.78428000e-02  5.13849190e-07 
 1.78528000e-02 -4.87765737e-03  1.78528000e-02  1.13061554e+00  1.78528000e-02  5.26967690e-07 
 1.78628000e-02 -4.87065404e-03  1.78628000e-02  1.12998849e+00  1.78628000e-02  5.14394561e-07 
 1.78728000e-02 -4.86345842e-03  1.78728000e-02  1.12934431e+00  1.78728000e-02  5.27537071e-07 
 1.78828000e-02 -4.85607079e-03  1.78828000e-02  1.12868305e+00  1.78828000e-02  5.14988161e-07 
 1.78928000e-02 -4.84849146e-03  1.78928000e-02  1.12800472e+00  1.78928000e-02  5.28156404e-07 
 1.79028000e-02 -4.84072072e-03  1.79028000e-02  1.12730934e+00  1.79028000e-02  5.15633455e-07 
 1.79128000e-02 -4.83275888e-03  1.79128000e-02  1.12659696e+00  1.79128000e-02  5.28829337e-07 
 1.79228000e-02 -4.82460624e-03  1.79228000e-02  1.12586759e+00  1.79228000e-02  5.16334270e-07 
 1.79328000e-02 -4.81626314e-03  1.79328000e-02  1.12512127e+00  1.79328000e-02  5.29559894e-07 
 1.79428000e-02 -4.80772990e-03  1.79428000e-02  1.12435801e+00  1.79428000e-02  5.17094834e-07 
 1.79528000e-02 -4.79900687e-03  1.79528000e-02  1.12357786e+00  1.79528000e-02  5.30352520e-07 
 1.79628000e-02 -4.79009437e-03  1.79628000e-02  1.12278084e+00  1.79628000e-02  5.17919819e-07 
 1.79728000e-02 -4.78099277e-03  1.79728000e-02  1.12196699e+00  1.79728000e-02  5.31212129e-07 
 1.79828000e-02 -4.77170242e-03  1.79828000e-02  1.12113634e+00  1.79828000e-02  5.18814379e-07 
 1.79928000e-02 -4.76222370e-03  1.79928000e-02  1.12028891e+00  1.79928000e-02  5.32144141e-07 
 1.80028000e-02 -4.75255697e-03  1.80028000e-02  1.11942474e+00  1.80028000e-02  5.19784212e-07 
 1.80128000e-02 -4.74270262e-03  1.80128000e-02  1.11854387e+00  1.80128000e-02  5.33154547e-07 
 1.80228000e-02 -4.73266103e-03  1.80228000e-02  1.11764632e+00  1.80228000e-02  5.20835611e-07 
 1.80328000e-02 -4.72243261e-03  1.80328000e-02  1.11673215e+00  1.80328000e-02  5.34249973e-07 
 1.80428000e-02 -4.71201775e-03  1.80428000e-02  1.11580137e+00  1.80428000e-02  5.21975533e-07 
 1.80528000e-02 -4.70141687e-03  1.80528000e-02  1.11485404e+00  1.80528000e-02  5.35437737e-07 
 1.80628000e-02 -4.69063039e-03  1.80628000e-02  1.11389017e+00  1.80628000e-02  5.23211678e-07 
 1.80728000e-02 -4.67965873e-03  1.80728000e-02  1.11290982e+00  1.80728000e-02  5.36725946e-07 
 1.80828000e-02 -4.66850232e-03  1.80828000e-02  1.11191302e+00  1.80828000e-02  5.24552568e-07 
 1.80928000e-02 -4.65716161e-03  1.80928000e-02  1.11089981e+00  1.80928000e-02  5.38123574e-07 
 1.81028000e-02 -4.64563704e-03  1.81028000e-02  1.10987023e+00  1.81028000e-02  5.26007643e-07 
 1.81128000e-02 -4.63392908e-03  1.81128000e-02  1.10882431e+00  1.81128000e-02  5.39640571e-07 
 1.81228000e-02 -4.62203817e-03  1.81228000e-02  1.10776211e+00  1.81228000e-02  5.27587378e-07 
 1.81328000e-02 -4.60996479e-03  1.81328000e-02  1.10668366e+00  1.81328000e-02  5.41287978e-07 
 1.81428000e-02 -4.59770942e-03  1.81428000e-02  1.10558901e+00  1.81428000e-02  5.29303397e-07 
 1.81528000e-02 -4.58527253e-03  1.81528000e-02  1.10447819e+00  1.81528000e-02  5.43078058e-07 
 1.81628000e-02 -4.57265463e-03  1.81628000e-02  1.10335126e+00  1.81628000e-02  5.31168628e-07 
 1.81728000e-02 -4.55985621e-03  1.81728000e-02  1.10220825e+00  1.81728000e-02  5.45024451e-07 
 1.81828000e-02 -4.54687778e-03  1.81828000e-02  1.10104921e+00  1.81828000e-02  5.33197452e-07 
 1.81928000e-02 -4.53371984e-03  1.81928000e-02  1.09987419e+00  1.81928000e-02  5.47142353e-07 
 1.82028000e-02 -4.52038291e-03  1.82028000e-02  1.09868323e+00  1.82028000e-02  5.35405905e-07 
 1.82128000e-02 -4.50686753e-03  1.82128000e-02  1.09747638e+00  1.82128000e-02  5.49448712e-07 
 1.82228000e-02 -4.49317423e-03  1.82228000e-02  1.09625369e+00  1.82228000e-02  5.37811884e-07 
 1.82328000e-02 -4.47930354e-03  1.82328000e-02  1.09501520e+00  1.82328000e-02  5.51962463e-07 
 1.82428000e-02 -4.46525602e-03  1.82428000e-02  1.09376096e+00  1.82428000e-02  5.40435404e-07 
 1.82528000e-02 -4.45103222e-03  1.82528000e-02  1.09249103e+00  1.82528000e-02  5.54704794e-07 
 1.82628000e-02 -4.43663270e-03  1.82628000e-02  1.09120545e+00  1.82628000e-02  5.43298888e-07 
 1.82728000e-02 -4.42205803e-03  1.82728000e-02  1.08990427e+00  1.82728000e-02  5.57699473e-07 
 1.82828000e-02 -4.40730878e-03  1.82828000e-02  1.08858755e+00  1.82828000e-02  5.46427501e-07 
 1.82928000e-02 -4.39238554e-03  1.82928000e-02  1.08725534e+00  1.82928000e-02  5.60973199e-07 
 1.83028000e-02 -4.37728890e-03  1.83028000e-02  1.08590768e+00  1.83028000e-02  5.49849559e-07 
 1.83128000e-02 -4.36201944e-03  1.83128000e-02  1.08454464e+00  1.83128000e-02  5.64556050e-07 
 1.83228000e-02 -4.34657779e-03  1.83228000e-02  1.08316626e+00  1.83228000e-02  5.53596989e-07 
 1.83328000e-02 -4.33096453e-03  1.83328000e-02  1.08177260e+00  1.83328000e-02  5.68481987e-07 
 1.83428000e-02 -4.31518030e-03  1.83428000e-02  1.08036372e+00  1.83428000e-02  5.57705891e-07 
 1.83528000e-02 -4.29922571e-03  1.83528000e-02  1.07893967e+00  1.83528000e-02  5.72789449e-07 
 1.83628000e-02 -4.28310140e-03  1.83628000e-02  1.07750051e+00  1.83628000e-02  5.62217196e-07 
 1.83728000e-02 -4.26680800e-03  1.83728000e-02  1.07604629e+00  1.83728000e-02  5.77522103e-07 
 1.83828000e-02 -4.25034615e-03  1.83828000e-02  1.07457707e+00  1.83828000e-02  5.67177459e-07 
 1.83928000e-02 -4.23371650e-03  1.83928000e-02  1.07309292e+00  1.83928000e-02  5.82729691e-07 
 1.84028000e-02 -4.21691972e-03  1.84028000e-02  1.07159388e+00  1.84028000e-02  5.72639822e-07 
 1.84128000e-02 -4.19995646e-03  1.84128000e-02  1.07008001e+00  1.84128000e-02  5.88469104e-07 
 1.84228000e-02 -4.18282739e-03  1.84228000e-02  1.06855139e+00  1.84228000e-02  5.78665176e-07 
 1.84328000e-02 -4.16553319e-03  1.84328000e-02  1.06700806e+00  1.84328000e-02  5.94805646e-07 
 1.84428000e-02 -4.14807454e-03  1.84428000e-02  1.06545009e+00  1.84428000e-02  5.85323579e-07 
 1.84528000e-02 -4.13045213e-03  1.84528000e-02  1.06387755e+00  1.84528000e-02  6.01814641e-07 
 1.84628000e-02 -4.11266666e-03  1.84628000e-02  1.06229048e+00  1.84628000e-02  5.92696027e-07 
 1.84728000e-02 -4.09471883e-03  1.84728000e-02  1.06068896e+00  1.84728000e-02  6.09583394e-07 
 1.84828000e-02 -4.07660934e-03  1.84828000e-02  1.05907305e+00  1.84828000e-02  6.00876643e-07 
 1.84928000e-02 -4.05833892e-03  1.84928000e-02  1.05744282e+00  1.84928000e-02  6.18213633e-07 
 1.85028000e-02 -4.03990829e-03  1.85028000e-02  1.05579832e+00  1.85028000e-02  6.09975433e-07 
 1.85128000e-02 -4.02131816e-03  1.85128000e-02  1.05413962e+00  1.85128000e-02  6.27824642e-07 
 1.85228000e-02 -4.00256928e-03  1.85228000e-02  1.05246679e+00  1.85228000e-02  6.20121860e-07 
 1.85328000e-02 -3.98366238e-03  1.85328000e-02  1.05077990e+00  1.85328000e-02  6.38557259e-07 
 1.85428000e-02 -3.96459822e-03  1.85428000e-02  1.04907901e+00  1.85428000e-02  6.31469279e-07 
 1.85528000e-02 -3.94537754e-03  1.85528000e-02  1.04736418e+00  1.85528000e-02  6.50579039e-07 
 1.85628000e-02 -3.92600110e-03  1.85628000e-02  1.04563550e+00  1.85628000e-02  6.44200962e-07 
 1.85728000e-02 -3.90646967e-03  1.85728000e-02  1.04389302e+00  1.85728000e-02  6.64091053e-07 
 1.85828000e-02 -3.88678403e-03  1.85828000e-02  1.04213682e+00  1.85828000e-02  6.58537871e-07 
 1.85928000e-02 -3.86694493e-03  1.85928000e-02  1.04036696e+00  1.85928000e-02  6.79336974e-07 
 1.86028000e-02 -3.84695318e-03  1.86028000e-02  1.03858351e+00  1.86028000e-02  6.74749251e-07 
 1.86128000e-02 -3.82680956e-03  1.86128000e-02  1.03678655e+00  1.86128000e-02  6.96615414e-07 
 1.86228000e-02 -3.80651486e-03  1.86228000e-02  1.03497615e+00  1.86228000e-02  6.93167043e-07 
 1.86328000e-02 -3.78606988e-03  1.86328000e-02  1.03315238e+00  1.86328000e-02  7.16296951e-07 
 1.86428000e-02 -3.76547544e-03  1.86428000e-02  1.03131531e+00  1.86428000e-02  7.14206153e-07 
 1.86528000e-02 -3.74473234e-03  1.86528000e-02  1.02946501e+00  1.86528000e-02  7.38848272e-07 
 1.86628000e-02 -3.72384141e-03  1.86628000e-02  1.02760157e+00  1.86628000e-02  7.38393287e-07 
 1.86728000e-02 -3.70280347e-03  1.86728000e-02  1.02572504e+00  1.86728000e-02  7.64866998e-07 
 1.86828000e-02 -3.68161935e-03  1.86828000e-02  1.02383551e+00  1.86828000e-02  7.66409395e-07 
 1.86928000e-02 -3.66028988e-03  1.86928000e-02  1.02193306e+00  1.86928000e-02  7.95133722e-07 
 1.87028000e-02 -3.63881591e-03  1.87028000e-02  1.02001775e+00  1.87028000e-02  7.99153798e-07 
 1.87128000e-02 -3.61719829e-03  1.87128000e-02  1.01808967e+00  1.87128000e-02  8.30691748e-07 
 1.87228000e-02 -3.59543786e-03  1.87228000e-02  1.01614889e+00  1.87228000e-02  8.37844440e-07 
 1.87328000e-02 -3.57353549e-03  1.87328000e-02  1.01419548e+00  1.87328000e-02  8.72974543e-07 
 1.87428000e-02 -3.55149205e-03  1.87428000e-02  1.01222953e+00  1.87428000e-02  8.84181311e-07 
 1.87528000e-02 -3.52930840e-03  1.87528000e-02  1.01025112e+00  1.87528000e-02  9.24017808e-07 
 1.87628000e-02 -3.50698542e-03  1.87628000e-02  1.00826032e+00  1.87628000e-02  9.40625300e-07 
 1.87728000e-02 -3.48452399e-03  1.87728000e-02  1.00625721e+00  1.87728000e-02  9.86831529e-07 
 1.87828000e-02 -3.46192500e-03  1.87828000e-02  1.00424188e+00  1.87828000e-02  1.01090174e-06 
 1.87928000e-02 -3.43918933e-03  1.87928000e-02  1.00221440e+00  1.87928000e-02  1.06609262e-06 
 1.88028000e-02 -3.41631789e-03  1.88028000e-02  1.00017485e+00  1.88028000e-02  1.10096988e-06 
 1.88128000e-02 -3.39331158e-03  1.88128000e-02  9.98123320e-01  1.88128000e-02  1.16952881e-06 
 1.88228000e-02 -3.37017131e-03  1.88228000e-02  9.96059886e-01  1.88228000e-02  1.22103713e-06 
 1.88328000e-02 -3.34689800e-03  1.88328000e-02  9.93984631e-01  1.88328000e-02  1.31091055e-06 
 1.88428000e-02 -3.32349255e-03  1.88428000e-02  9.91897640e-01  1.88428000e-02  1.39008937e-06 
 1.88528000e-02 -3.29995589e-03  1.88528000e-02  9.89798996e-01  1.88528000e-02  1.51702748e-06 
 1.88628000e-02 -3.27628896e-03  1.88628000e-02  9.87688782e-01  1.88628000e-02  1.64672939e-06 
 1.88728000e-02 -3.25249269e-03  1.88728000e-02  9.85567085e-01  1.88728000e-02  1.84442439e-06 
 1.88828000e-02 -3.22856801e-03  1.88828000e-02  9.83433988e-01  1.88828000e-02  2.07410476e-06 
 1.88928000e-02 -3.20451588e-03  1.88928000e-02  9.81289578e-01  1.88928000e-02  2.41341494e-06 
 1.89028000e-02 -3.18033723e-03  1.89028000e-02  9.79133934e-01  1.89028000e-02  2.83870433e-06 
 1.89128000e-02 -3.15603303e-03  1.89128000e-02  9.76967144e-01  1.89128000e-02  3.43896545e-06 
 1.89228000e-02 -3.13160424e-03  1.89228000e-02  9.74789291e-01  1.89228000e-02  4.19804293e-06 
 1.89328000e-02 -3.10705182e-03  1.89328000e-02  9.72600466e-01  1.89328000e-02  5.21614370e-06 
 1.89428000e-02 -3.08237673e-03  1.89428000e-02  9.70400753e-01  1.89428000e-02  6.49384409e-06 
 1.89528000e-02 -3.05757996e-03  1.89528000e-02  9.68190242e-01  1.89528000e-02  8.16053984e-06 
 1.89628000e-02 -3.03266248e-03  1.89628000e-02  9.65969025e-01  1.89628000e-02  1.02542000e-05 
 1.89728000e-02 -3.00762528e-03  1.89728000e-02  9.63737187e-01  1.89728000e-02  1.29567297e-05 
 1.89828000e-02 -2.98246934e-03  1.89828000e-02  9.61494817e-01  1.89828000e-02  1.63710884e-05 
 1.89928000e-02 -2.95719566e-03  1.89928000e-02  9.59242009e-01  1.89928000e-02  2.07679570e-05 
 1.90028000e-02 -2.93180523e-03  1.90028000e-02  9.56978850e-01  1.90028000e-02  2.63632774e-05 
 1.90128000e-02 -2.90629906e-03  1.90128000e-02  9.54705433e-01  1.90128000e-02  3.35821147e-05 
 1.90228000e-02 -2.88067816e-03  1.90228000e-02  9.52421846e-01  1.90228000e-02  4.28419106e-05 
 1.90328000e-02 -2.85494353e-03  1.90328000e-02  9.50128183e-01  1.90328000e-02  5.48439163e-05 
 1.90428000e-02 -2.82909619e-03  1.90428000e-02  9.47824535e-01  1.90428000e-02  7.03727584e-05 
 1.90528000e-02 -2.80313716e-03  1.90528000e-02  9.45510994e-01  1.90528000e-02  9.06342414e-05 
 1.90628000e-02 -2.77706747e-03  1.90628000e-02  9.43187653e-01  1.90628000e-02  1.17090722e-04 
 1.90728000e-02 -2.75088815e-03  1.90728000e-02  9.40854607e-01  1.90728000e-02  1.51876466e-04 
 1.90828000e-02 -2.72460023e-03  1.90828000e-02  9.38511943e-01  1.90828000e-02  1.97698807e-04 
 1.90928000e-02 -2.69820474e-03  1.90928000e-02  9.36159762e-01  1.90928000e-02  2.58372838e-04 
 1.91028000e-02 -2.67170274e-03  1.91028000e-02  9.33798157e-01  1.91028000e-02  3.38816764e-04 
 1.91128000e-02 -2.64509526e-03  1.91128000e-02  9.31427218e-01  1.91128000e-02  4.45737172e-04 
 1.91228000e-02 -2.61838335e-03  1.91228000e-02  9.29047044e-01  1.91228000e-02  5.87702892e-04 
 1.91328000e-02 -2.59156808e-03  1.91328000e-02  9.26657730e-01  1.91328000e-02  7.75946354e-04 
 1.91428000e-02 -2.56465049e-03  1.91428000e-02  9.24259371e-01  1.91428000e-02  1.02439745e-03 
 1.91528000e-02 -2.53763166e-03  1.91528000e-02  9.21852063e-01  1.91528000e-02  1.35046723e-03 
 1.91628000e-02 -2.51051265e-03  1.91628000e-02  9.19435902e-01  1.91628000e-02  1.77483758e-03 
 1.91728000e-02 -2.48329452e-03  1.91728000e-02  9.17010988e-01  1.91728000e-02  2.32211285e-03 
 1.91828000e-02 -2.45597836e-03  1.91828000e-02  9.14577413e-01  1.91828000e-02  3.02028657e-03 
 1.91928000e-02 -2.42856524e-03  1.91928000e-02  9.12135281e-01  1.91928000e-02  3.90142405e-03 
 1.92028000e-02 -2.40105625e-03  1.92028000e-02  9.09684683e-01  1.92028000e-02  5.00106769e-03 
 1.92128000e-02 -2.37345247e-03  1.92128000e-02  9.07225722e-01  1.92128000e-02  6.35947607e-03 
 1.92228000e-02 -2.34575498e-03  1.92228000e-02  9.04758496e-01  1.92228000e-02  8.02147780e-03 
 1.92328000e-02 -2.31796489e-03  1.92328000e-02  9.02283103e-01  1.92328000e-02  1.00389707e-02 
 1.92428000e-02 -2.29008329e-03  1.92428000e-02  8.99799641e-01  1.92428000e-02  1.24718389e-02 
 1.92528000e-02 -2.26211129e-03  1.92528000e-02  8.97308214e-01  1.92528000e-02  1.53926350e-02 
 1.92628000e-02 -2.23404998e-03  1.92628000e-02  8.94808917e-01  1.92628000e-02  1.88897011e-02 
 1.92728000e-02 -2.20590047e-03  1.92728000e-02  8.92301854e-01  1.92728000e-02  2.30761287e-02 
 1.92828000e-02 -2.17766387e-03  1.92828000e-02  8.89787123e-01  1.92828000e-02  2.80984249e-02 
 1.92928000e-02 -2.14934131e-03  1.92928000e-02  8.87264828e-01  1.92928000e-02  3.41562567e-02 
 1.93028000e-02 -2.12093389e-03  1.93028000e-02  8.84735064e-01  1.93028000e-02  4.15287677e-02 
 1.93128000e-02 -2.09244275e-03  1.93128000e-02  8.82197942e-01  1.93128000e-02  5.06308243e-02 
 1.93228000e-02 -2.06386899e-03  1.93228000e-02  8.79653554e-01  1.93228000e-02  6.21150382e-02 
 1.93328000e-02 -2.03521376e-03  1.93328000e-02  8.77102012e-01  1.93328000e-02  7.71179773e-02 
 1.93428000e-02 -2.00647818e-03  1.93428000e-02  8.74543408e-01  1.93428000e-02  9.80618402e-02 
 1.93528000e-02 -1.97766339e-03  1.93528000e-02  8.71977853e-01  1.93528000e-02  1.31184832e-01 
 1.93628000e-02 -1.94877053e-03  1.93628000e-02  8.69405445e-01  1.93628000e-02  2.02072124e-01 
 1.93728000e-02 -1.91980073e-03  1.93728000e-02  8.66826293e-01  1.93728000e-02  3.47425986e-01 
 1.93828000e-02 -1.89075514e-03  1.93828000e-02  8.64240493e-01  1.93828000e-02  5.28132702e-01 
 1.93928000e-02 -1.86163491e-03  1.93928000e-02  8.61648155e-01  1.93928000e-02  7.21410740e-01 
 1.94028000e-02 -1.83244118e-03  1.94028000e-02  8.59049378e-01  1.94028000e-02  9.20832503e-01 
 1.94128000e-02 -1.80317511e-03  1.94128000e-02  8.56444274e-01  1.94128000e-02  1.12353138e+00 
 1.94228000e-02 -1.77383785e-03  1.94228000e-02  8.53832939e-01  1.94228000e-02  1.32534641e+00 
 1.94328000e-02 -1.74443057e-03  1.94328000e-02  8.51215483e-01  1.94328000e-02  1.51111845e+00 
 1.94428000e-02 -1.71495442e-03  1.94428000e-02  8.48592008e-01  1.94428000e-02  1.61946408e+00 
 1.94528000e-02 -1.68541056e-03  1.94528000e-02  8.45962624e-01  1.94528000e-02  1.67353409e+00 
 1.94628000e-02 -1.65580017e-03  1.94628000e-02  8.43327431e-01  1.94628000e-02  1.70896769e+00 
 1.94728000e-02 -1.62612441e-03  1.94728000e-02  8.40686540e-01  1.94728000e-02  1.73295332e+00 
 1.94828000e-02 -1.59638446e-03  1.94828000e-02  8.38040054e-01  1.94828000e-02  1.75063356e+00 
 1.94928000e-02 -1.56658148e-03  1.94928000e-02  8.35388079e-01  1.94928000e-02  1.76383880e+00 
 1.95028000e-02 -1.53671666e-03  1.95028000e-02  8.32730726e-01  1.95028000e-02  1.77368752e+00 
 1.95128000e-02 -1.50679116e-03  1.95128000e-02  8.30068096e-01  1.95128000e-02  1.78101003e+00 
 1.95228000e-02 -1.47680619e-03  1.95228000e-02  8.27400299e-01  1.95228000e-02  1.78641896e+00 
 1.95328000e-02 -1.44676291e-03  1.95328000e-02  8.24727442e-01  1.95328000e-02  1.79037814e+00 
 1.95428000e-02 -1.41666251e-03  1.95428000e-02  8.22049632e-01  1.95428000e-02  1.79324624e+00 
 1.95528000e-02 -1.38650619e-03  1.95528000e-02  8.19366977e-01  1.95528000e-02  1.79530104e+00 
 1.95628000e-02 -1.35629513e-03  1.95628000e-02  8.16679585e-01  1.95628000e-02  1.79675717e+00 
 1.95728000e-02 -1.32603053e-03  1.95728000e-02  8.13987564e-01  1.95728000e-02  1.79777819e+00 
 1.95828000e-02 -1.29571358e-03  1.95828000e-02  8.11291021e-01  1.95828000e-02  1.79848725e+00 
 1.95928000e-02 -1.26534547e-03  1.95928000e-02  8.08590064e-01  1.95928000e-02  1.79897538e+00 
 1.96028000e-02 -1.23492741e-03  1.96028000e-02  8.05884804e-01  1.96028000e-02  1.79930894e+00 
 1.96128000e-02 -1.20446060e-03  1.96128000e-02  8.03175349e-01  1.96128000e-02  1.79953540e+00 
 1.96228000e-02 -1.17394624e-03  1.96228000e-02  8.00461807e-01  1.96228000e-02  1.79968839e+00 
 1.96328000e-02 -1.14338553e-03  1.96328000e-02  7.97744287e-01  1.96328000e-02  1.79979130e+00 
 1.96428000e-02 -1.11277969e-03  1.96428000e-02  7.95022897e-01  1.96428000e-02  1.79986033e+00 
 1.96528000e-02 -1.08212991e-03  1.96528000e-02  7.92297751e-01  1.96528000e-02  1.79990653e+00 
 1.96628000e-02 -1.05143741e-03  1.96628000e-02  7.89568955e-01  1.96628000e-02  1.79993742e+00 
 1.96728000e-02 -1.02070341e-03  1.96728000e-02  7.86836618e-01  1.96728000e-02  1.79995804e+00 
 1.96828000e-02 -9.89929106e-04  1.96828000e-02  7.84100851e-01  1.96828000e-02  1.79997183e+00 
 1.96928000e-02 -9.59115724e-04  1.96928000e-02  7.81361766e-01  1.96928000e-02  1.79998104e+00 
 1.97028000e-02 -9.28264478e-04  1.97028000e-02  7.78619470e-01  1.97028000e-02  1.79998722e+00 
 1.97128000e-02 -8.97376585e-04  1.97128000e-02  7.75874075e-01  1.97128000e-02  1.79999134e+00 
 1.97228000e-02 -8.66453265e-04  1.97228000e-02  7.73125690e-01  1.97228000e-02  1.79999413e+00 
 1.97328000e-02 -8.35495739e-04  1.97328000e-02  7.70374426e-01  1.97328000e-02  1.79999599e+00 
 1.97428000e-02 -8.04505229e-04  1.97428000e-02  7.67620396e-01  1.97428000e-02  1.79999725e+00 
 1.97528000e-02 -7.73482959e-04  1.97528000e-02  7.64863705e-01  1.97528000e-02  1.79999810e+00 
 1.97628000e-02 -7.42430153e-04  1.97628000e-02  7.62104470e-01  1.97628000e-02  1.79999869e+00 
 1.97728000e-02 -7.11348037e-04  1.97728000e-02  7.59342798e-01  1.97728000e-02  1.79999907e+00 
 1.97828000e-02 -6.80237838e-04  1.97828000e-02  7.56578801e-01  1.97828000e-02  1.79999935e+00 
 1.97928000e-02 -6.49100785e-04  1.97928000e-02  7.53812588e-01  1.97928000e-02  1.79999953e+00 
 1.98028000e-02 -6.17938106e-04  1.98028000e-02  7.51044273e-01  1.98028000e-02  1.79999966e+00 
 1.98128000e-02 -5.86751032e-04  1.98128000e-02  7.48273965e-01  1.98128000e-02  1.79999974e+00 
 1.98228000e-02 -5.55540794e-04  1.98228000e-02  7.45501777e-01  1.98228000e-02  1.79999981e+00 
 1.98328000e-02 -5.24308624e-04  1.98328000e-02  7.42727820e-01  1.98328000e-02  1.79999985e+00 
 1.98428000e-02 -4.93055756e-04  1.98428000e-02  7.39952207e-01  1.98428000e-02  1.79999988e+00 
 1.98528000e-02 -4.61783422e-04  1.98528000e-02  7.37175049e-01  1.98528000e-02  1.79999990e+00 
 1.98628000e-02 -4.30492859e-04  1.98628000e-02  7.34396461e-01  1.98628000e-02  1.79999992e+00 
 1.98728000e-02 -3.99185300e-04  1.98728000e-02  7.31616552e-01  1.98728000e-02  1.79999993e+00 
 1.98828000e-02 -3.67861981e-04  1.98828000e-02  7.28835434e-01  1.98828000e-02  1.79999994e+00 
 1.98928000e-02 -3.36524141e-04  1.98928000e-02  7.26053220e-01  1.98928000e-02  1.79999994e+00 
 1.99028000e-02 -3.05173015e-04  1.99028000e-02  7.23270022e-01  1.99028000e-02  1.79999996e+00 
 1.99128000e-02 -2.73809841e-04  1.99128000e-02  7.20485948e-01  1.99128000e-02  1.79999996e+00 
 1.99228000e-02 -2.42435858e-04  1.99228000e-02  7.17701113e-01  1.99228000e-02  1.79999996e+00 
 1.99328000e-02 -2.11052303e-04  1.99328000e-02  7.14915629e-01  1.99328000e-02  1.79999996e+00 
 1.99428000e-02 -1.79660417e-04  1.99428000e-02  7.12129607e-01  1.99428000e-02  1.79999997e+00 
 1.99528000e-02 -1.48261438e-04  1.99528000e-02  7.09343159e-01  1.99528000e-02  1.79999997e+00 
 1.99628000e-02 -1.16856606e-04  1.99628000e-02  7.06556397e-01  1.99628000e-02  1.79999998e+00 
 1.99728000e-02 -8.54471605e-05  1.99728000e-02  7.03769434e-01  1.99728000e-02  1.79999997e+00 
 1.99828000e-02 -5.40343418e-05  1.99828000e-02  7.00982382e-01  1.99828000e-02  1.79999998e+00 
 1.99928000e-02 -2.26193900e-05  1.99928000e-02  6.98195351e-01  1.99928000e-02  1.79999998e+00 
 2.00028000e-02  8.79645489e-06  2.00028000e-02  6.95408455e-01  2.00028000e-02  1.79999998e+00 
 2.00128000e-02  4.02119525e-05  2.00128000e-02  6.92621806e-01  2.00128000e-02  1.79999998e+00 
 2.00228000e-02  7.16258625e-05  2.00228000e-02  6.89835514e-01  2.00228000e-02  1.79999998e+00 
 2.00328000e-02  1.03036945e-04  2.00328000e-02  6.87049692e-01  2.00328000e-02  1.79999998e+00 
 2.00428000e-02  1.34443960e-04  2.00428000e-02  6.84264454e-01  2.00428000e-02  1.79999999e+00 
 2.00528000e-02  1.65845667e-04  2.00528000e-02  6.81479912e-01  2.00528000e-02  1.79999998e+00 
 2.00628000e-02  1.97240826e-04  2.00628000e-02  6.78696174e-01  2.00628000e-02  1.79999999e+00 
 2.00728000e-02  2.28628200e-04  2.00728000e-02  6.75913354e-01  2.00728000e-02  1.79999998e+00 
 2.00828000e-02  2.60006547e-04  2.00828000e-02  6.73131567e-01  2.00828000e-02  1.79999999e+00 
 2.00928000e-02  2.91374629e-04  2.00928000e-02  6.70350921e-01  2.00928000e-02  1.79999999e+00 
 2.01028000e-02  3.22731209e-04  2.01028000e-02  6.67571527e-01  2.01028000e-02  1.79999999e+00 
 2.01128000e-02  3.54075048e-04  2.01128000e-02  6.64793502e-01  2.01128000e-02  1.79999999e+00 
 2.01228000e-02  3.85404908e-04  2.01228000e-02  6.62016953e-01  2.01228000e-02  1.79999999e+00 
 2.01328000e-02  4.16719553e-04  2.01328000e-02  6.59241993e-01  2.01328000e-02  1.79999999e+00 
 2.01428000e-02  4.48017747e-04  2.01428000e-02  6.56468735e-01  2.01428000e-02  1.79999999e+00 
 2.01528000e-02  4.79298254e-04  2.01528000e-02  6.53697287e-01  2.01528000e-02  1.79999999e+00 
 2.01628000e-02  5.10559839e-04  2.01628000e-02  6.50927765e-01  2.01628000e-02  1.79999999e+00 
 2.01728000e-02  5.41801268e-04  2.01728000e-02  6.48160278e-01  2.01728000e-02  1.79999999e+00 
 2.01828000e-02  5.73021308e-04  2.01828000e-02  6.45394938e-01  2.01828000e-02  1.79999999e+00 
 2.01928000e-02  6.04218726e-04  2.01928000e-02  6.42631855e-01  2.01928000e-02  1.79999999e+00 
 2.02028000e-02  6.35392290e-04  2.02028000e-02  6.39871142e-01  2.02028000e-02  1.79999999e+00 
 2.02128000e-02  6.66540770e-04  2.02128000e-02  6.37112909e-01  2.02128000e-02  1.79999999e+00 
 2.02228000e-02  6.97662936e-04  2.02228000e-02  6.34357266e-01  2.02228000e-02  1.79999999e+00 
 2.02328000e-02  7.28757560e-04  2.02328000e-02  6.31604325e-01  2.02328000e-02  1.79999999e+00 
 2.02428000e-02  7.59823414e-04  2.02428000e-02  6.28854197e-01  2.02428000e-02  1.80000000e+00 
 2.02528000e-02  7.90859271e-04  2.02528000e-02  6.26106993e-01  2.02528000e-02  1.79999999e+00 
 2.02628000e-02  8.21863906e-04  2.02628000e-02  6.23362821e-01  2.02628000e-02  1.80000000e+00 
 2.02728000e-02  8.52836095e-04  2.02728000e-02  6.20621795e-01  2.02728000e-02  1.79999999e+00 
 2.02828000e-02  8.83774616e-04  2.02828000e-02  6.17884023e-01  2.02828000e-02  1.80000000e+00 
 2.02928000e-02  9.14678247e-04  2.02928000e-02  6.15149617e-01  2.02928000e-02  1.79999999e+00 
 2.03028000e-02  9.45545769e-04  2.03028000e-02  6.12418683e-01  2.03028000e-02  1.80000000e+00 
 2.03128000e-02  9.76375961e-04  2.03128000e-02  6.09691338e-01  2.03128000e-02  1.79999999e+00 
 2.03228000e-02  1.00716761e-03  2.03228000e-02  6.06967683e-01  2.03228000e-02  1.80000000e+00 
 2.03328000e-02  1.03791949e-03  2.03328000e-02  6.04247836e-01  2.03328000e-02  1.79999999e+00 
 2.03428000e-02  1.06863040e-03  2.03428000e-02  6.01531900e-01  2.03428000e-02  1.80000000e+00 
 2.03528000e-02  1.09929913e-03  2.03528000e-02  5.98819990e-01  2.03528000e-02  1.79999999e+00 
 2.03628000e-02  1.12992445e-03  2.03628000e-02  5.96112209e-01  2.03628000e-02  1.80000000e+00 
 2.03728000e-02  1.16050517e-03  2.03728000e-02  5.93408672e-01  2.03728000e-02  1.79999999e+00 
 2.03828000e-02  1.19104007e-03  2.03828000e-02  5.90709484e-01  2.03828000e-02  1.80000000e+00 
 2.03928000e-02  1.22152795e-03  2.03928000e-02  5.88014754e-01  2.03928000e-02  1.79999999e+00 
 2.04028000e-02  1.25196761e-03  2.04028000e-02  5.85324592e-01  2.04028000e-02  1.80000000e+00 
 2.04128000e-02  1.28235784e-03  2.04128000e-02  5.82639106e-01  2.04128000e-02  1.79999999e+00 
 2.04228000e-02  1.31269745e-03  2.04228000e-02  5.79958405e-01  2.04228000e-02  1.80000000e+00 
 2.04328000e-02  1.34298523e-03  2.04328000e-02  5.77282596e-01  2.04328000e-02  1.79999999e+00 
 2.04428000e-02  1.37322000e-03  2.04428000e-02  5.74611785e-01  2.04428000e-02  1.80000000e+00 
 2.04528000e-02  1.40340055e-03  2.04528000e-02  5.71946084e-01  2.04528000e-02  1.79999999e+00 
 2.04628000e-02  1.43352570e-03  2.04628000e-02  5.69285597e-01  2.04628000e-02  1.80000000e+00 
 2.04728000e-02  1.46359426e-03  2.04728000e-02  5.66630431e-01  2.04728000e-02  1.79999999e+00 
 2.04828000e-02  1.49360503e-03  2.04828000e-02  5.63980697e-01  2.04828000e-02  1.80000000e+00 
 2.04928000e-02  1.52355684e-03  2.04928000e-02  5.61336498e-01  2.04928000e-02  1.79999999e+00 
 2.05028000e-02  1.55344851e-03  2.05028000e-02  5.58697941e-01  2.05028000e-02  1.80000000e+00 
 2.05128000e-02  1.58327884e-03  2.05128000e-02  5.56065135e-01  2.05128000e-02  1.79999999e+00 
 2.05228000e-02  1.61304667e-03  2.05228000e-02  5.53438183e-01  2.05228000e-02  1.80000000e+00 
 2.05328000e-02  1.64275082e-03  2.05328000e-02  5.50817192e-01  2.05328000e-02  1.79999999e+00 
 2.05428000e-02  1.67239012e-03  2.05428000e-02  5.48202270e-01  2.05428000e-02  1.80000000e+00 
 2.05528000e-02  1.70196340e-03  2.05528000e-02  5.45593520e-01  2.05528000e-02  1.79999999e+00 
 2.05628000e-02  1.73146948e-03  2.05628000e-02  5.42991046e-01  2.05628000e-02  1.80000000e+00 
 2.05728000e-02  1.76090721e-03  2.05728000e-02  5.40394958e-01  2.05728000e-02  1.79999999e+00 
 2.05828000e-02  1.79027542e-03  2.05828000e-02  5.37805359e-01  2.05828000e-02  1.80000000e+00 
 2.05928000e-02  1.81957295e-03  2.05928000e-02  5.35222350e-01  2.05928000e-02  1.79999999e+00 
 2.06028000e-02  1.84879865e-03  2.06028000e-02  5.32646042e-01  2.06028000e-02  1.80000000e+00 
 2.06128000e-02  1.87795136e-03  2.06128000e-02  5.30076531e-01  2.06128000e-02  1.79999999e+00 
 2.06228000e-02  1.90702994e-03  2.06228000e-02  5.27513926e-01  2.06228000e-02  1.80000000e+00 
 2.06328000e-02  1.93603323e-03  2.06328000e-02  5.24958330e-01  2.06328000e-02  1.79999999e+00 
 2.06428000e-02  1.96496008e-03  2.06428000e-02  5.22409846e-01  2.06428000e-02  1.80000000e+00 
 2.06528000e-02  1.99380937e-03  2.06528000e-02  5.19868577e-01  2.06528000e-02  1.79999999e+00 
 2.06628000e-02  2.02257994e-03  2.06628000e-02  5.17334628e-01  2.06628000e-02  1.80000000e+00 
 2.06728000e-02  2.05127066e-03  2.06728000e-02  5.14808097e-01  2.06728000e-02  1.79999999e+00 
 2.06828000e-02  2.07988040e-03  2.06828000e-02  5.12289090e-01  2.06828000e-02  1.80000000e+00 
 2.06928000e-02  2.10840804e-03  2.06928000e-02  5.09777706e-01  2.06928000e-02  1.79999999e+00 
 2.07028000e-02  2.13685243e-03  2.07028000e-02  5.07274051e-01  2.07028000e-02  1.80000000e+00 
 2.07128000e-02  2.16521247e-03  2.07128000e-02  5.04778223e-01  2.07128000e-02  1.79999999e+00 
 2.07228000e-02  2.19348703e-03  2.07228000e-02  5.02290324e-01  2.07228000e-02  1.80000000e+00 
 2.07328000e-02  2.22167499e-03  2.07328000e-02  4.99810455e-01  2.07328000e-02  1.79999999e+00 
 2.07428000e-02  2.24977525e-03  2.07428000e-02  4.97338717e-01  2.07428000e-02  1.80000000e+00 
 2.07528000e-02  2.27778668e-03  2.07528000e-02  4.94875209e-01  2.07528000e-02  1.79999999e+00 
 2.07628000e-02  2.30570820e-03  2.07628000e-02  4.92420034e-01  2.07628000e-02  1.80000000e+00 
 2.07728000e-02  2.33353869e-03  2.07728000e-02  4.89973287e-01  2.07728000e-02  1.79999999e+00 
 2.07828000e-02  2.36127705e-03  2.07828000e-02  4.87535071e-01  2.07828000e-02  1.80000000e+00 
 2.07928000e-02  2.38892220e-03  2.07928000e-02  4.85105484e-01  2.07928000e-02  1.79999999e+00 
 2.08028000e-02  2.41647303e-03  2.08028000e-02  4.82684624e-01  2.08028000e-02  1.80000000e+00 
 2.08128000e-02  2.44392847e-03  2.08128000e-02  4.80272591e-01  2.08128000e-02  1.79999999e+00 
 2.08228000e-02  2.47128743e-03  2.08228000e-02  4.77869481e-01  2.08228000e-02  1.80000000e+00 
 2.08328000e-02  2.49854882e-03  2.08328000e-02  4.75475395e-01  2.08328000e-02  1.79999999e+00 
 2.08428000e-02  2.52571157e-03  2.08428000e-02  4.73090427e-01  2.08428000e-02  1.80000000e+00 
 2.08528000e-02  2.55277462e-03  2.08528000e-02  4.70714676e-01  2.08528000e-02  1.79999999e+00 
 2.08628000e-02  2.57973688e-03  2.08628000e-02  4.68348240e-01  2.08628000e-02  1.80000000e+00 
 2.08728000e-02  2.60659730e-03  2.08728000e-02  4.65991211e-01  2.08728000e-02  1.79999999e+00 
 2.08828000e-02  2.63335482e-03  2.08828000e-02  4.63643690e-01  2.08828000e-02  1.80000000e+00 
 2.08928000e-02  2.66000838e-03  2.08928000e-02  4.61305770e-01  2.08928000e-02  1.79999999e+00 
 2.09028000e-02  2.68655692e-03  2.09028000e-02  4.58977548e-01  2.09028000e-02  1.80000000e+00 
 2.09128000e-02  2.71299940e-03  2.09128000e-02  4.56659119e-01  2.09128000e-02  1.79999999e+00 
 2.09228000e-02  2.73933478e-03  2.09228000e-02  4.54350575e-01  2.09228000e-02  1.80000000e+00 
 2.09328000e-02  2.76556202e-03  2.09328000e-02  4.52052014e-01  2.09328000e-02  1.79999999e+00 
 2.09428000e-02  2.79168007e-03  2.09428000e-02  4.49763528e-01  2.09428000e-02  1.80000000e+00 
 2.09528000e-02  2.81768792e-03  2.09528000e-02  4.47485211e-01  2.09528000e-02  1.79999999e+00 
 2.09628000e-02  2.84358452e-03  2.09628000e-02  4.45217156e-01  2.09628000e-02  1.80000000e+00 
 2.09728000e-02  2.86936887e-03  2.09728000e-02  4.42959457e-01  2.09728000e-02  1.79999999e+00 
 2.09828000e-02  2.89503994e-03  2.09828000e-02  4.40712206e-01  2.09828000e-02  1.80000000e+00 
 2.09928000e-02  2.92059672e-03  2.09928000e-02  4.38475496e-01  2.09928000e-02  1.79999999e+00 
 2.10028000e-02  2.94603819e-03  2.10028000e-02  4.36249417e-01  2.10028000e-02  1.80000000e+00 
 2.10128000e-02  2.97136337e-03  2.10128000e-02  4.34034058e-01  2.10128000e-02  1.79999999e+00 
 2.10228000e-02  2.99657124e-03  2.10228000e-02  4.31829518e-01  2.10228000e-02  1.80000000e+00 
 2.10328000e-02  3.02166081e-03  2.10328000e-02  4.29635882e-01  2.10328000e-02  1.79999999e+00 
 2.10428000e-02  3.04663109e-03  2.10428000e-02  4.27453239e-01  2.10428000e-02  1.80000000e+00 
 2.10528000e-02  3.07148109e-03  2.10528000e-02  4.25281682e-01  2.10528000e-02  1.79999999e+00 
 2.10628000e-02  3.09620984e-03  2.10628000e-02  4.23121299e-01  2.10628000e-02  1.80000000e+00 
 2.10728000e-02  3.12081635e-03  2.10728000e-02  4.20972181e-01  2.10728000e-02  1.79999999e+00 
 2.10828000e-02  3.14529966e-03  2.10828000e-02  4.18834414e-01  2.10828000e-02  1.80000000e+00 
 2.10928000e-02  3.16965880e-03  2.10928000e-02  4.16708085e-01  2.10928000e-02  1.79999999e+00 
 2.11028000e-02  3.19389280e-03  2.11028000e-02  4.14593287e-01  2.11028000e-02  1.80000000e+00 
 2.11128000e-02  3.21800072e-03  2.11128000e-02  4.12490103e-01  2.11128000e-02  1.79999999e+00 
 2.11228000e-02  3.24198159e-03  2.11228000e-02  4.10398622e-01  2.11228000e-02  1.80000000e+00 
 2.11328000e-02  3.26583448e-03  2.11328000e-02  4.08318928e-01  2.11328000e-02  1.79999999e+00 
 2.11428000e-02  3.28955844e-03  2.11428000e-02  4.06251109e-01  2.11428000e-02  1.80000000e+00 
 2.11528000e-02  3.31315253e-03  2.11528000e-02  4.04195250e-01  2.11528000e-02  1.79999999e+00 
 2.11628000e-02  3.33661582e-03  2.11628000e-02  4.02151438e-01  2.11628000e-02  1.80000000e+00 
 2.11728000e-02  3.35994739e-03  2.11728000e-02  4.00119755e-01  2.11728000e-02  1.79999999e+00 
 2.11828000e-02  3.38314632e-03  2.11828000e-02  3.98100287e-01  2.11828000e-02  1.80000000e+00 
 2.11928000e-02  3.40621168e-03  2.11928000e-02  3.96093117e-01  2.11928000e-02  1.79999999e+00 
 2.12028000e-02  3.42914257e-03  2.12028000e-02  3.94098328e-01  2.12028000e-02  1.80000000e+00 
 2.12128000e-02  3.45193809e-03  2.12128000e-02  3.92116003e-01  2.12128000e-02  1.79999999e+00 
 2.12228000e-02  3.47459733e-03  2.12228000e-02  3.90146226e-01  2.12228000e-02  1.80000000e+00 
 2.12328000e-02  3.49711940e-03  2.12328000e-02  3.88189074e-01  2.12328000e-02  1.79999999e+00 
 2.12428000e-02  3.51950340e-03  2.12428000e-02  3.86244636e-01  2.12428000e-02  1.80000000e+00 
 2.12528000e-02  3.54174847e-03  2.12528000e-02  3.84312986e-01  2.12528000e-02  1.79999999e+00 
 2.12628000e-02  3.56385371e-03  2.12628000e-02  3.82394208e-01  2.12628000e-02  1.80000000e+00 
 2.12728000e-02  3.58581826e-03  2.12728000e-02  3.80488380e-01  2.12728000e-02  1.79999999e+00 
 2.12828000e-02  3.60764124e-03  2.12828000e-02  3.78595582e-01  2.12828000e-02  1.80000000e+00 
 2.12928000e-02  3.62932180e-03  2.12928000e-02  3.76715893e-01  2.12928000e-02  1.79999999e+00 
 2.13028000e-02  3.65085908e-03  2.13028000e-02  3.74849393e-01  2.13028000e-02  1.80000000e+00 
 2.13128000e-02  3.67225224e-03  2.13128000e-02  3.72996155e-01  2.13128000e-02  1.79999999e+00 
 2.13228000e-02  3.69350041e-03  2.13228000e-02  3.71156259e-01  2.13228000e-02  1.80000000e+00 
 2.13328000e-02  3.71460278e-03  2.13328000e-02  3.69329783e-01  2.13328000e-02  1.79999999e+00 
 2.13428000e-02  3.73555850e-03  2.13428000e-02  3.67516799e-01  2.13428000e-02  1.80000000e+00 
 2.13528000e-02  3.75636674e-03  2.13528000e-02  3.65717386e-01  2.13528000e-02  1.79999999e+00 
 2.13628000e-02  3.77702669e-03  2.13628000e-02  3.63931616e-01  2.13628000e-02  1.80000000e+00 
 2.13728000e-02  3.79753753e-03  2.13728000e-02  3.62159565e-01  2.13728000e-02  1.79999999e+00 
 2.13828000e-02  3.81789845e-03  2.13828000e-02  3.60401307e-01  2.13828000e-02  1.80000000e+00 
 2.13928000e-02  3.83810865e-03  2.13928000e-02  3.58656913e-01  2.13928000e-02  1.79999999e+00 
 2.14028000e-02  3.85816732e-03  2.14028000e-02  3.56926456e-01  2.14028000e-02  1.80000000e+00 
 2.14128000e-02  3.87807368e-03  2.14128000e-02  3.55210008e-01  2.14128000e-02  1.79999999e+00 
 2.14228000e-02  3.89782694e-03  2.14228000e-02  3.53507638e-01  2.14228000e-02  1.80000000e+00 
 2.14328000e-02  3.91742632e-03  2.14328000e-02  3.51819418e-01  2.14328000e-02  1.79999999e+00 
 2.14428000e-02  3.93687105e-03  2.14428000e-02  3.50145416e-01  2.14428000e-02  1.80000000e+00 
 2.14528000e-02  3.95616036e-03  2.14528000e-02  3.48485705e-01  2.14528000e-02  1.79999999e+00 
 2.14628000e-02  3.97529348e-03  2.14628000e-02  3.46840347e-01  2.14628000e-02  1.80000000e+00 
 2.14728000e-02  3.99426967e-03  2.14728000e-02  3.45209412e-01  2.14728000e-02  1.79999999e+00 
 2.14828000e-02  4.01308817e-03  2.14828000e-02  3.43592966e-01  2.14828000e-02  1.80000000e+00 
 2.14928000e-02  4.03174824e-03  2.14928000e-02  3.41991076e-01  2.14928000e-02  1.79999999e+00 
 2.15028000e-02  4.05024914e-03  2.15028000e-02  3.40403805e-01  2.15028000e-02  1.80000000e+00 
 2.15128000e-02  4.06859014e-03  2.15128000e-02  3.38831218e-01  2.15128000e-02  1.79999999e+00 
 2.15228000e-02  4.08677053e-03  2.15228000e-02  3.37273377e-01  2.15228000e-02  1.80000000e+00 
 2.15328000e-02  4.10478958e-03  2.15328000e-02  3.35730346e-01  2.15328000e-02  1.79999999e+00 
 2.15428000e-02  4.12264657e-03  2.15428000e-02  3.34202184e-01  2.15428000e-02  1.80000000e+00 
 2.15528000e-02  4.14034081e-03  2.15528000e-02  3.32688954e-01  2.15528000e-02  1.79999999e+00 
 2.15628000e-02  4.15787160e-03  2.15628000e-02  3.31190713e-01  2.15628000e-02  1.80000000e+00 
 2.15728000e-02  4.17523824e-03  2.15728000e-02  3.29707521e-01  2.15728000e-02  1.79999999e+00 
 2.15828000e-02  4.19244005e-03  2.15828000e-02  3.28239435e-01  2.15828000e-02  1.80000000e+00 
 2.15928000e-02  4.20947635e-03  2.15928000e-02  3.26786512e-01  2.15928000e-02  1.79999999e+00 
 2.16028000e-02  4.22634647e-03  2.16028000e-02  3.25348809e-01  2.16028000e-02  1.80000000e+00 
 2.16128000e-02  4.24304974e-03  2.16128000e-02  3.23926376e-01  2.16128000e-02  1.79999999e+00 
 2.16228000e-02  4.25958550e-03  2.16228000e-02  3.22519269e-01  2.16228000e-02  1.80000000e+00 
 2.16328000e-02  4.27595310e-03  2.16328000e-02  3.21127541e-01  2.16328000e-02  1.79999999e+00 
 2.16428000e-02  4.29215189e-03  2.16428000e-02  3.19751240e-01  2.16428000e-02  1.80000000e+00 
 2.16528000e-02  4.30818123e-03  2.16528000e-02  3.18390419e-01  2.16528000e-02  1.79999999e+00 
 2.16628000e-02  4.32404050e-03  2.16628000e-02  3.17045125e-01  2.16628000e-02  1.80000000e+00 
 2.16728000e-02  4.33972906e-03  2.16728000e-02  3.15715406e-01  2.16728000e-02  1.79999999e+00 
 2.16828000e-02  4.35524629e-03  2.16828000e-02  3.14401309e-01  2.16828000e-02  1.80000000e+00 
 2.16928000e-02  4.37059159e-03  2.16928000e-02  3.13102876e-01  2.16928000e-02  1.79999999e+00 
 2.17028000e-02  4.38576434e-03  2.17028000e-02  3.11820153e-01  2.17028000e-02  1.80000000e+00 
 2.17128000e-02  4.40076395e-03  2.17128000e-02  3.10553182e-01  2.17128000e-02  1.79999999e+00 
 2.17228000e-02  4.41558983e-03  2.17228000e-02  3.09302001e-01  2.17228000e-02  1.80000000e+00 
 2.17328000e-02  4.43024139e-03  2.17328000e-02  3.08066655e-01  2.17328000e-02  1.79999999e+00 
 2.17428000e-02  4.44471805e-03  2.17428000e-02  3.06847178e-01  2.17428000e-02  1.80000000e+00 
 2.17528000e-02  4.45901923e-03  2.17528000e-02  3.05643606e-01  2.17528000e-02  1.79999999e+00 
 2.17628000e-02  4.47314439e-03  2.17628000e-02  3.04455976e-01  2.17628000e-02  1.80000000e+00 
 2.17728000e-02  4.48709295e-03  2.17728000e-02  3.03284323e-01  2.17728000e-02  1.79999999e+00 
 2.17828000e-02  4.50086437e-03  2.17828000e-02  3.02128675e-01  2.17828000e-02  1.80000000e+00 
 2.17928000e-02  4.51445810e-03  2.17928000e-02  3.00989066e-01  2.17928000e-02  1.79999999e+00 
 2.18028000e-02  4.52787361e-03  2.18028000e-02  2.99865526e-01  2.18028000e-02  1.80000000e+00 
 2.18128000e-02  4.54111037e-03  2.18128000e-02  2.98758079e-01  2.18128000e-02  1.79999999e+00 
 2.18228000e-02  4.55416785e-03  2.18228000e-02  2.97666753e-01  2.18228000e-02  1.80000000e+00 
 2.18328000e-02  4.56704554e-03  2.18328000e-02  2.96591572e-01  2.18328000e-02  1.79999999e+00 
 2.18428000e-02  4.57974293e-03  2.18428000e-02  2.95532559e-01  2.18428000e-02  1.80000000e+00 
 2.18528000e-02  4.59225952e-03  2.18528000e-02  2.94489736e-01  2.18528000e-02  1.79999999e+00 
 2.18628000e-02  4.60459482e-03  2.18628000e-02  2.93463122e-01  2.18628000e-02  1.80000000e+00 
 2.18728000e-02  4.61674833e-03  2.18728000e-02  2.92452733e-01  2.18728000e-02  1.79999999e+00 
 2.18828000e-02  4.62871959e-03  2.18828000e-02  2.91458589e-01  2.18828000e-02  1.80000000e+00 
 2.18928000e-02  4.64050811e-03  2.18928000e-02  2.90480702e-01  2.18928000e-02  1.79999999e+00 
 2.19028000e-02  4.65211343e-03  2.19028000e-02  2.89519085e-01  2.19028000e-02  1.80000000e+00 
 2.19128000e-02  4.66353509e-03  2.19128000e-02  2.88573752e-01  2.19128000e-02  1.79999999e+00 
 2.19228000e-02  4.67477264e-03  2.19228000e-02  2.87644711e-01  2.19228000e-02  1.80000000e+00 
 2.19328000e-02  4.68582565e-03  2.19328000e-02  2.86731971e-01  2.19328000e-02  1.79999999e+00 
 2.19428000e-02  4.69669366e-03  2.19428000e-02  2.85835537e-01  2.19428000e-02  1.80000000e+00 
 2.19528000e-02  4.70737626e-03  2.19528000e-02  2.84955417e-01  2.19528000e-02  1.79999999e+00 
 2.19628000e-02  4.71787301e-03  2.19628000e-02  2.84091615e-01  2.19628000e-02  1.80000000e+00 
 2.19728000e-02  4.72818352e-03  2.19728000e-02  2.83244129e-01  2.19728000e-02  1.79999999e+00 
 2.19828000e-02  4.73830736e-03  2.19828000e-02  2.82412965e-01  2.19828000e-02  1.80000000e+00 
 2.19928000e-02  4.74824415e-03  2.19928000e-02  2.81598118e-01  2.19928000e-02  1.79999999e+00 
 2.20028000e-02  4.75799348e-03  2.20028000e-02  2.80799589e-01  2.20028000e-02  1.80000000e+00 
 2.20128000e-02  4.76755497e-03  2.20128000e-02  2.80017373e-01  2.20128000e-02  1.79999999e+00 
 2.20228000e-02  4.77692825e-03  2.20228000e-02  2.79251465e-01  2.20228000e-02  1.80000000e+00 
 2.20328000e-02  4.78611294e-03  2.20328000e-02  2.78501860e-01  2.20328000e-02  1.79999999e+00 
 2.20428000e-02  4.79510869e-03  2.20428000e-02  2.77768550e-01  2.20428000e-02  1.80000000e+00 
 2.20528000e-02  4.80391513e-03  2.20528000e-02  2.77051528e-01  2.20528000e-02  1.79999999e+00 
 2.20628000e-02  4.81253192e-03  2.20628000e-02  2.76350780e-01  2.20628000e-02  1.80000000e+00 
 2.20728000e-02  4.82095873e-03  2.20728000e-02  2.75666300e-01  2.20728000e-02  1.79999999e+00 
 2.20828000e-02  4.82919520e-03  2.20828000e-02  2.74998074e-01  2.20828000e-02  1.80000000e+00 
 2.20928000e-02  4.83724104e-03  2.20928000e-02  2.74346090e-01  2.20928000e-02  1.79999999e+00 
 2.21028000e-02  4.84509590e-03  2.21028000e-02  2.73710333e-01  2.21028000e-02  1.80000000e+00 
 2.21128000e-02  4.85275949e-03  2.21128000e-02  2.73090790e-01  2.21128000e-02  1.79999999e+00 
 2.21228000e-02  4.86023150e-03  2.21228000e-02  2.72487445e-01  2.21228000e-02  1.80000000e+00 
 2.21328000e-02  4.86751164e-03  2.21328000e-02  2.71900284e-01  2.21328000e-02  1.79999999e+00 
 2.21428000e-02  4.87459961e-03  2.21428000e-02  2.71329287e-01  2.21428000e-02  1.80000000e+00 
 2.21528000e-02  4.88149515e-03  2.21528000e-02  2.70774438e-01  2.21528000e-02  1.79999999e+00 
 2.21628000e-02  4.88819797e-03  2.21628000e-02  2.70235720e-01  2.21628000e-02  1.80000000e+00 
 2.21728000e-02  4.89470781e-03  2.21728000e-02  2.69713114e-01  2.21728000e-02  1.79999999e+00 
 2.21828000e-02  4.90102442e-03  2.21828000e-02  2.69206603e-01  2.21828000e-02  1.80000000e+00 
 2.21928000e-02  4.90714754e-03  2.21928000e-02  2.68716166e-01  2.21928000e-02  1.79999999e+00 
 2.22028000e-02  4.91307694e-03  2.22028000e-02  2.68241783e-01  2.22028000e-02  1.80000000e+00 
 2.22128000e-02  4.91881238e-03  2.22128000e-02  2.67783437e-01  2.22128000e-02  1.79999999e+00 
 2.22228000e-02  4.92435364e-03  2.22228000e-02  2.67341109e-01  2.22228000e-02  1.80000000e+00 
 2.22328000e-02  4.92970048e-03  2.22328000e-02  2.66914777e-01  2.22328000e-02  1.79999999e+00 
 2.22428000e-02  4.93485272e-03  2.22428000e-02  2.66504423e-01  2.22428000e-02  1.80000000e+00 
 2.22528000e-02  4.93981013e-03  2.22528000e-02  2.66110027e-01  2.22528000e-02  1.79999999e+00 
 2.22628000e-02  4.94457253e-03  2.22628000e-02  2.65731571e-01  2.22628000e-02  1.80000000e+00 
 2.22728000e-02  4.94913972e-03  2.22728000e-02  2.65369034e-01  2.22728000e-02  1.79999999e+00 
 2.22828000e-02  4.95351153e-03  2.22828000e-02  2.65022398e-01  2.22828000e-02  1.80000000e+00 
 2.22928000e-02  4.95768778e-03  2.22928000e-02  2.64691644e-01  2.22928000e-02  1.79999999e+00 
 2.23028000e-02  4.96166832e-03  2.23028000e-02  2.64376757e-01  2.23028000e-02  1.80000000e+00 
 2.23128000e-02  4.96545297e-03  2.23128000e-02  2.64077715e-01  2.23128000e-02  1.79999999e+00 
 2.23228000e-02  4.96904160e-03  2.23228000e-02  2.63794505e-01  2.23228000e-02  1.80000000e+00 
 2.23328000e-02  4.97243406e-03  2.23328000e-02  2.63527109e-01  2.23328000e-02  1.79999999e+00 
 2.23428000e-02  4.97563021e-03  2.23428000e-02  2.63275511e-01  2.23428000e-02  1.80000000e+00 
 2.23528000e-02  4.97862994e-03  2.23528000e-02  2.63039694e-01  2.23528000e-02  1.79999999e+00 
 2.23628000e-02  4.98143312e-03  2.23628000e-02  2.62819649e-01  2.23628000e-02  1.80000000e+00 
 2.23728000e-02  4.98403964e-03  2.23728000e-02  2.62615356e-01  2.23728000e-02  1.79999999e+00 
 2.23828000e-02  4.98644939e-03  2.23828000e-02  2.62426806e-01  2.23828000e-02  1.80000000e+00 
 2.23928000e-02  4.98866230e-03  2.23928000e-02  2.62253987e-01  2.23928000e-02  1.79999999e+00 
 2.24028000e-02  4.99067825e-03  2.24028000e-02  2.62096885e-01  2.24028000e-02  1.80000000e+00 
 2.24128000e-02  4.99249719e-03  2.24128000e-02  2.61955492e-01  2.24128000e-02  1.79999999e+00 
 2.24228000e-02  4.99411903e-03  2.24228000e-02  2.61829797e-01  2.24228000e-02  1.80000000e+00 
 2.24328000e-02  4.99554371e-03  2.24328000e-02  2.61719794e-01  2.24328000e-02  1.79999999e+00 
 2.24428000e-02  4.99677117e-03  2.24428000e-02  2.61625475e-01  2.24428000e-02  1.80000000e+00 
 2.24528000e-02  4.99780137e-03  2.24528000e-02  2.61546834e-01  2.24528000e-02  1.79999999e+00 
 2.24628000e-02  4.99863427e-03  2.24628000e-02  2.61483864e-01  2.24628000e-02  1.80000000e+00 
 2.24728000e-02  4.99926982e-03  2.24728000e-02  2.61436561e-01  2.24728000e-02  1.79999999e+00 
 2.24828000e-02  4.99970802e-03  2.24828000e-02  2.61404924e-01  2.24828000e-02  1.80000000e+00 
 2.24928000e-02  4.99994884e-03  2.24928000e-02  2.61388948e-01  2.24928000e-02  1.79999999e+00 
 2.25028000e-02  4.99999226e-03  2.25028000e-02  2.61388633e-01  2.25028000e-02  1.80000000e+00 
 2.25128000e-02  4.99983830e-03  2.25128000e-02  2.61403980e-01  2.25128000e-02  1.79999999e+00 
 2.25228000e-02  4.99948695e-03  2.25228000e-02  2.61434990e-01  2.25228000e-02  1.80000000e+00 
 2.25328000e-02  4.99893823e-03  2.25328000e-02  2.61481665e-01  2.25328000e-02  1.79999999e+00 
 2.25428000e-02  4.99819216e-03  2.25428000e-02  2.61544008e-01  2.25428000e-02  1.80000000e+00 
 2.25528000e-02  4.99724876e-03  2.25528000e-02  2.61622023e-01  2.25528000e-02  1.79999999e+00 
 2.25628000e-02  4.99610809e-03  2.25628000e-02  2.61715715e-01  2.25628000e-02  1.80000000e+00 
 2.25728000e-02  4.99477018e-03  2.25728000e-02  2.61825092e-01  2.25728000e-02  1.79999999e+00 
 2.25828000e-02  4.99323508e-03  2.25828000e-02  2.61950161e-01  2.25828000e-02  1.80000000e+00 
 2.25928000e-02  4.99150286e-03  2.25928000e-02  2.62090928e-01  2.25928000e-02  1.79999999e+00 
 2.26028000e-02  4.98957359e-03  2.26028000e-02  2.62247406e-01  2.26028000e-02  1.80000000e+00 
 2.26128000e-02  4.98744733e-03  2.26128000e-02  2.62419602e-01  2.26128000e-02  1.79999999e+00 
 2.26228000e-02  4.98512418e-03  2.26228000e-02  2.62607530e-01  2.26228000e-02  1.80000000e+00 
 2.26328000e-02  4.98260422e-03  2.26328000e-02  2.62811201e-01  2.26328000e-02  1.79999999e+00 
 2.26428000e-02  4.97988756e-03  2.26428000e-02  2.63030628e-01  2.26428000e-02  1.80000000e+00 
 2.26528000e-02  4.97697430e-03  2.26528000e-02  2.63265825e-01  2.26528000e-02  1.79999999e+00 
 2.26628000e-02  4.97386456e-03  2.26628000e-02  2.63516806e-01  2.26628000e-02  1.80000000e+00 
 2.26728000e-02  4.97055846e-03  2.26728000e-02  2.63783586e-01  2.26728000e-02  1.79999999e+00 
 2.26828000e-02  4.96705613e-03  2.26828000e-02  2.64066182e-01  2.26828000e-02  1.80000000e+00 
 2.26928000e-02  4.96335771e-03  2.26928000e-02  2.64364609e-01  2.26928000e-02  1.79999999e+00 
 2.27028000e-02  4.95946334e-03  2.27028000e-02  2.64678885e-01  2.27028000e-02  1.80000000e+00 
 2.27128000e-02  4.95537318e-03  2.27128000e-02  2.65009029e-01  2.27128000e-02  1.79999999e+00 
 2.27228000e-02  4.95108740e-03  2.27228000e-02  2.65355056e-01  2.27228000e-02  1.80000000e+00 
 2.27328000e-02  4.94660615e-03  2.27328000e-02  2.65716986e-01  2.27328000e-02  1.79999999e+00 
 2.27428000e-02  4.94192962e-03  2.27428000e-02  2.66094838e-01  2.27428000e-02  1.80000000e+00 
 2.27528000e-02  4.93705799e-03  2.27528000e-02  2.66488632e-01  2.27528000e-02  1.79999999e+00 
 2.27628000e-02  4.93199146e-03  2.27628000e-02  2.66898385e-01  2.27628000e-02  1.80000000e+00 
 2.27728000e-02  4.92673021e-03  2.27728000e-02  2.67324119e-01  2.27728000e-02  1.79999999e+00 
 2.27828000e-02  4.92127447e-03  2.27828000e-02  2.67765852e-01  2.27828000e-02  1.80000000e+00 
 2.27928000e-02  4.91562445e-03  2.27928000e-02  2.68223604e-01  2.27928000e-02  1.79999999e+00 
 2.28028000e-02  4.90978036e-03  2.28028000e-02  2.68697394e-01  2.28028000e-02  1.80000000e+00 
 2.28128000e-02  4.90374245e-03  2.28128000e-02  2.69187242e-01  2.28128000e-02  1.79999999e+00 
 2.28228000e-02  4.89751094e-03  2.28228000e-02  2.69693167e-01  2.28228000e-02  1.80000000e+00 
 2.28328000e-02  4.89108609e-03  2.28328000e-02  2.70215189e-01  2.28328000e-02  1.79999999e+00 
 2.28428000e-02  4.88446814e-03  2.28428000e-02  2.70753325e-01  2.28428000e-02  1.80000000e+00 
 2.28528000e-02  4.87765737e-03  2.28528000e-02  2.71307594e-01  2.28528000e-02  1.79999999e+00 
 2.28628000e-02  4.87065404e-03  2.28628000e-02  2.71878014e-01  2.28628000e-02  1.80000000e+00 
 2.28728000e-02  4.86345842e-03  2.28728000e-02  2.72464602e-01  2.28728000e-02  1.79999999e+00 
 2.28828000e-02  4.85607079e-03  2.28828000e-02  2.73067375e-01  2.28828000e-02  1.80000000e+00 
 2.28928000e-02  4.84849146e-03  2.28928000e-02  2.73686349e-01  2.28928000e-02  1.79999999e+00 
 2.29028000e-02  4.84072072e-03  2.29028000e-02  2.74321540e-01  2.29028000e-02  1.80000000e+00 
 2.29128000e-02  4.83275888e-03  2.29128000e-02  2.74972962e-01  2.29128000e-02  1.79999999e+00 
 2.29228000e-02  4.82460624e-03  2.29228000e-02  2.75640627e-01  2.29228000e-02  1.80000000e+00 
 2.29328000e-02  4.81626314e-03  2.29328000e-02  2.76324550e-01  2.29328000e-02  1.79999999e+00 
 2.29428000e-02  4.80772990e-03  2.29428000e-02  2.77024743e-01  2.29428000e-02  1.80000000e+00 
 2.29528000e-02  4.79900687e-03  2.29528000e-02  2.77741216e-01  2.29528000e-02  1.79999999e+00 
 2.29628000e-02  4.79009437e-03  2.29628000e-02  2.78473978e-01  2.29628000e-02  1.80000000e+00 
 2.29728000e-02  4.78099277e-03  2.29728000e-02  2.79223038e-01  2.29728000e-02  1.79999999e+00 
 2.29828000e-02  4.77170242e-03  2.29828000e-02  2.79988404e-01  2.29828000e-02  1.80000000e+00 
 2.29928000e-02  4.76222370e-03  2.29928000e-02  2.80770080e-01  2.29928000e-02  1.79999999e+00 
 2.30028000e-02  4.75255697e-03  2.30028000e-02  2.81568075e-01  2.30028000e-02  1.80000000e+00 
 2.30128000e-02  4.74270262e-03  2.30128000e-02  2.82382388e-01  2.30128000e-02  1.79999999e+00 
 2.30228000e-02  4.73266103e-03  2.30228000e-02  2.83213024e-01  2.30228000e-02  1.80000000e+00 
 2.30328000e-02  4.72243261e-03  2.30328000e-02  2.84059981e-01  2.30328000e-02  1.79999999e+00 
 2.30428000e-02  4.71201775e-03  2.30428000e-02  2.84923261e-01  2.30428000e-02  1.80000000e+00 
 2.30528000e-02  4.70141687e-03  2.30528000e-02  2.85802861e-01  2.30528000e-02  1.79999999e+00 
 2.30628000e-02  4.69063039e-03  2.30628000e-02  2.86698775e-01  2.30628000e-02  1.80000000e+00 
 2.30728000e-02  4.67965873e-03  2.30728000e-02  2.87611002e-01  2.30728000e-02  1.79999999e+00 
 2.30828000e-02  4.66850232e-03  2.30828000e-02  2.88539533e-01  2.30828000e-02  1.80000000e+00 
 2.30928000e-02  4.65716161e-03  2.30928000e-02  2.89484359e-01  2.30928000e-02  1.79999999e+00 
 2.31028000e-02  4.64563704e-03  2.31028000e-02  2.90445472e-01  2.31028000e-02  1.80000000e+00 
 2.31128000e-02  4.63392908e-03  2.31128000e-02  2.91422857e-01  2.31128000e-02  1.79999999e+00 
 2.31228000e-02  4.62203817e-03  2.31228000e-02  2.92416503e-01  2.31228000e-02  1.80000000e+00 
 2.31328000e-02  4.60996479e-03  2.31328000e-02  2.93426395e-01  2.31328000e-02  1.79999999e+00 
 2.31428000e-02  4.59770942e-03  2.31428000e-02  2.94452519e-01  2.31428000e-02  1.80000000e+00 
 2.31528000e-02  4.58527253e-03  2.31528000e-02  2.95494854e-01  2.31528000e-02  1.79999999e+00 
 2.31628000e-02  4.57265463e-03  2.31628000e-02  2.96553381e-01  2.31628000e-02  1.80000000e+00 
 2.31728000e-02  4.55985621e-03  2.31728000e-02  2.97628080e-01  2.31728000e-02  1.79999999e+00 
 2.31828000e-02  4.54687778e-03  2.31828000e-02  2.98718925e-01  2.31828000e-02  1.80000000e+00 
 2.31928000e-02  4.53371984e-03  2.31928000e-02  2.99825896e-01  2.31928000e-02  1.79999999e+00 
 2.32028000e-02  4.52038291e-03  2.32028000e-02  3.00948963e-01  2.32028000e-02  1.80000000e+00 
 2.32128000e-02  4.50686753e-03  2.32128000e-02  3.02088102e-01  2.32128000e-02  1.79999999e+00 
 2.32228000e-02  4.49317423e-03  2.32228000e-02  3.03243281e-01  2.32228000e-02  1.80000000e+00 
 2.32328000e-02  4.47930354e-03  2.32328000e-02  3.04414470e-01  2.32328000e-02  1.79999999e+00 
 2.32428000e-02  4.46525602e-03  2.32428000e-02  3.05601640e-01  2.32428000e-02  1.80000000e+00 
 2.32528000e-02  4.45103222e-03  2.32528000e-02  3.06804751e-01  2.32528000e-02  1.79999999e+00 
 2.32628000e-02  4.43663270e-03  2.32628000e-02  3.08023773e-01  2.32628000e-02  1.80000000e+00 
 2.32728000e-02  4.42205803e-03  2.32728000e-02  3.09258667e-01  2.32728000e-02  1.79999999e+00 
 2.32828000e-02  4.40730878e-03  2.32828000e-02  3.10509397e-01  2.32828000e-02  1.80000000e+00 
 2.32928000e-02  4.39238554e-03  2.32928000e-02  3.11775922e-01  2.32928000e-02  1.79999999e+00 
 2.33028000e-02  4.37728890e-03  2.33028000e-02  3.13058201e-01  2.33028000e-02  1.80000000e+00 
 2.33128000e-02  4.36201944e-03  2.33128000e-02  3.14356192e-01  2.33128000e-02  1.79999999e+00 
 2.33228000e-02  4.34657779e-03  2.33228000e-02  3.15669852e-01  2.33228000e-02  1.80000000e+00 
 2.33328000e-02  4.33096453e-03  2.33328000e-02  3.16999136e-01  2.33328000e-02  1.79999999e+00 
 2.33428000e-02  4.31518030e-03  2.33428000e-02  3.18343995e-01  2.33428000e-02  1.80000000e+00 
 2.33528000e-02  4.29922571e-03  2.33528000e-02  3.19704386e-01  2.33528000e-02  1.79999999e+00 
 2.33628000e-02  4.28310140e-03  2.33628000e-02  3.21080258e-01  2.33628000e-02  1.80000000e+00 
 2.33728000e-02  4.26680800e-03  2.33728000e-02  3.22471563e-01  2.33728000e-02  1.79999999e+00 
 2.33828000e-02  4.25034615e-03  2.33828000e-02  3.23878246e-01  2.33828000e-02  1.80000000e+00 
 2.33928000e-02  4.23371650e-03  2.33928000e-02  3.25300259e-01  2.33928000e-02  1.79999999e+00 
 2.34028000e-02  4.21691972e-03  2.34028000e-02  3.26737547e-01  2.34028000e-02  1.80000000e+00 
 2.34128000e-02  4.19995646e-03  2.34128000e-02  3.28190056e-01  2.34128000e-02  1.79999999e+00 
 2.34228000e-02  4.18282739e-03  2.34228000e-02  3.29657730e-01  2.34228000e-02  1.80000000e+00 
 2.34328000e-02  4.16553319e-03  2.34328000e-02  3.31140512e-01  2.34328000e-02  1.79999999e+00 
 2.34428000e-02  4.14807454e-03  2.34428000e-02  3.32638346e-01  2.34428000e-02  1.80000000e+00 
 2.34528000e-02  4.13045213e-03  2.34528000e-02  3.34151173e-01  2.34528000e-02  1.79999999e+00 
 2.34628000e-02  4.11266666e-03  2.34628000e-02  3.35678933e-01  2.34628000e-02  1.80000000e+00 
 2.34728000e-02  4.09471883e-03  2.34728000e-02  3.37221565e-01  2.34728000e-02  1.79999999e+00 
 2.34828000e-02  4.07660934e-03  2.34828000e-02  3.38779009e-01  2.34828000e-02  1.80000000e+00 
 2.34928000e-02  4.05833892e-03  2.34928000e-02  3.40351203e-01  2.34928000e-02  1.79999999e+00 
 2.35028000e-02  4.03990829e-03  2.35028000e-02  3.41938083e-01  2.35028000e-02  1.80000000e+00 
 2.35128000e-02  4.02131816e-03  2.35128000e-02  3.43539585e-01  2.35128000e-02  1.79999999e+00 
 2.35228000e-02  4.00256928e-03  2.35228000e-02  3.45155644e-01  2.35228000e-02  1.80000000e+00 
 2.35328000e-02  3.98366238e-03  2.35328000e-02  3.46786195e-01  2.35328000e-02  1.79999999e+00 
 2.35428000e-02  3.96459822e-03  2.35428000e-02  3.48431172e-01  2.35428000e-02  1.80000000e+00 
 2.35528000e-02  3.94537754e-03  2.35528000e-02  3.50090507e-01  2.35528000e-02  1.79999999e+00 
 2.35628000e-02  3.92600110e-03  2.35628000e-02  3.51764132e-01  2.35628000e-02  1.80000000e+00 
 2.35728000e-02  3.90646967e-03  2.35728000e-02  3.53451976e-01  2.35728000e-02  1.79999999e+00 
 2.35828000e-02  3.88678403e-03  2.35828000e-02  3.55153974e-01  2.35828000e-02  1.80000000e+00 
 2.35928000e-02  3.86694493e-03  2.35928000e-02  3.56870056e-01  2.35928000e-02  1.79999999e+00 
 2.36028000e-02  3.84695318e-03  2.36028000e-02  3.58600145e-01  2.36028000e-02  1.80000000e+00 
 2.36128000e-02  3.82680956e-03  2.36128000e-02  3.60344175e-01  2.36128000e-02  1.79999999e+00 
 2.36228000e-02  3.80651486e-03  2.36228000e-02  3.62102072e-01  2.36228000e-02  1.80000000e+00 
 2.36328000e-02  3.78606988e-03  2.36328000e-02  3.63873763e-01  2.36328000e-02  1.79999999e+00 
 2.36428000e-02  3.76547544e-03  2.36428000e-02  3.65659175e-01  2.36428000e-02  1.80000000e+00 
 2.36528000e-02  3.74473234e-03  2.36528000e-02  3.67458235e-01  2.36528000e-02  1.79999999e+00 
 2.36628000e-02  3.72384141e-03  2.36628000e-02  3.69270866e-01  2.36628000e-02  1.80000000e+00 
 2.36728000e-02  3.70280347e-03  2.36728000e-02  3.71096994e-01  2.36728000e-02  1.79999999e+00 
 2.36828000e-02  3.68161935e-03  2.36828000e-02  3.72936543e-01  2.36828000e-02  1.80000000e+00 
 2.36928000e-02  3.66028988e-03  2.36928000e-02  3.74789435e-01  2.36928000e-02  1.79999999e+00 
 2.37028000e-02  3.63881591e-03  2.37028000e-02  3.76655595e-01  2.37028000e-02  1.80000000e+00 
 2.37128000e-02  3.61719829e-03  2.37128000e-02  3.78534944e-01  2.37128000e-02  1.79999999e+00 
 2.37228000e-02  3.59543786e-03  2.37228000e-02  3.80427405e-01  2.37228000e-02  1.80000000e+00 
 2.37328000e-02  3.57353549e-03  2.37328000e-02  3.82332898e-01  2.37328000e-02  1.79999999e+00 
 2.37428000e-02  3.55149205e-03  2.37428000e-02  3.84251344e-01  2.37428000e-02  1.80000000e+00 
 2.37528000e-02  3.52930840e-03  2.37528000e-02  3.86182662e-01  2.37528000e-02  1.79999999e+00 
 2.37628000e-02  3.50698542e-03  2.37628000e-02  3.88126775e-01  2.37628000e-02  1.80000000e+00 
 2.37728000e-02  3.48452399e-03  2.37728000e-02  3.90083600e-01  2.37728000e-02  1.79999999e+00 
 2.37828000e-02  3.46192500e-03  2.37828000e-02  3.92053057e-01  2.37828000e-02  1.80000000e+00 
 2.37928000e-02  3.43918933e-03  2.37928000e-02  3.94035061e-01  2.37928000e-02  1.79999999e+00 
 2.38028000e-02  3.41631789e-03  2.38028000e-02  3.96029533e-01  2.38028000e-02  1.80000000e+00 
 2.38128000e-02  3.39331158e-03  2.38128000e-02  3.98036388e-01  2.38128000e-02  1.79999999e+00 
 2.38228000e-02  3.37017131e-03  2.38228000e-02  4.00055542e-01  2.38228000e-02  1.80000000e+00 
 2.38328000e-02  3.34689800e-03  2.38328000e-02  4.02086915e-01  2.38328000e-02  1.79999999e+00 
 2.38428000e-02  3.32349255e-03  2.38428000e-02  4.04130420e-01  2.38428000e-02  1.80000000e+00 
 2.38528000e-02  3.29995589e-03  2.38528000e-02  4.06185973e-01  2.38528000e-02  1.79999999e+00 
 2.38628000e-02  3.27628896e-03  2.38628000e-02  4.08253490e-01  2.38628000e-02  1.80000000e+00 
 2.38728000e-02  3.25249269e-03  2.38728000e-02  4.10332881e-01  2.38728000e-02  1.79999999e+00 
 2.38828000e-02  3.22856801e-03  2.38828000e-02  4.12424065e-01  2.38828000e-02  1.80000000e+00 
 2.38928000e-02  3.20451588e-03  2.38928000e-02  4.14526953e-01  2.38928000e-02  1.79999999e+00 
 2.39028000e-02  3.18033723e-03  2.39028000e-02  4.16641460e-01  2.39028000e-02  1.80000000e+00 
 2.39128000e-02  3.15603303e-03  2.39128000e-02  4.18767497e-01  2.39128000e-02  1.79999999e+00 
 2.39228000e-02  3.13160424e-03  2.39228000e-02  4.20904977e-01  2.39228000e-02  1.80000000e+00 
 2.39328000e-02  3.10705182e-03  2.39328000e-02  4.23053809e-01  2.39328000e-02  1.79999999e+00 
 2.39428000e-02  3.08237673e-03  2.39428000e-02  4.25213909e-01  2.39428000e-02  1.80000000e+00 
 2.39528000e-02  3.05757996e-03  2.39528000e-02  4.27385186e-01  2.39528000e-02  1.79999999e+00 
 2.39628000e-02  3.03266248e-03  2.39628000e-02  4.29567550e-01  2.39628000e-02  1.80000000e+00 
 2.39728000e-02  3.00762528e-03  2.39728000e-02  4.31760912e-01  2.39728000e-02  1.79999999e+00 
 2.39828000e-02  2.98246934e-03  2.39828000e-02  4.33965180e-01  2.39828000e-02  1.80000000e+00 
 2.39928000e-02  2.95719566e-03  2.39928000e-02  4.36180267e-01  2.39928000e-02  1.79999999e+00 
 2.40028000e-02  2.93180523e-03  2.40028000e-02  4.38406077e-01  2.40028000e-02  1.80000000e+00 
 2.40128000e-02  2.90629906e-03  2.40128000e-02  4.40642523e-01  2.40128000e-02  1.79999999e+00 
 2.40228000e-02  2.88067816e-03  2.40228000e-02  4.42889512e-01  2.40228000e-02  1.80000000e+00 
 2.40328000e-02  2.85494353e-03  2.40328000e-02  4.45146950e-01  2.40328000e-02  1.79999999e+00 
 2.40428000e-02  2.82909619e-03  2.40428000e-02  4.47414746e-01  2.40428000e-02  1.80000000e+00 
 2.40528000e-02  2.80313716e-03  2.40528000e-02  4.49692808e-01  2.40528000e-02  1.79999999e+00 
 2.40628000e-02  2.77706747e-03  2.40628000e-02  4.51981041e-01  2.40628000e-02  1.80000000e+00 
 2.40728000e-02  2.75088815e-03  2.40728000e-02  4.54279353e-01  2.40728000e-02  1.79999999e+00 
 2.40828000e-02  2.72460023e-03  2.40828000e-02  4.56587648e-01  2.40828000e-02  1.80000000e+00 
 2.40928000e-02  2.69820474e-03  2.40928000e-02  4.58905833e-01  2.40928000e-02  1.79999999e+00 
 2.41028000e-02  2.67170274e-03  2.41028000e-02  4.61233812e-01  2.41028000e-02  1.80000000e+00 
 2.41128000e-02  2.64509526e-03  2.41128000e-02  4.63571491e-01  2.41128000e-02  1.79999999e+00 
 2.41228000e-02  2.61838335e-03  2.41228000e-02  4.65918775e-01  2.41228000e-02  1.80000000e+00 
 2.41328000e-02  2.59156808e-03  2.41328000e-02  4.68275568e-01  2.41328000e-02  1.79999999e+00 
 2.41428000e-02  2.56465049e-03  2.41428000e-02  4.70641773e-01  2.41428000e-02  1.80000000e+00 
 2.41528000e-02  2.53763166e-03  2.41528000e-02  4.73017295e-01  2.41528000e-02  1.79999999e+00 
 2.41628000e-02  2.51051265e-03  2.41628000e-02  4.75402036e-01  2.41628000e-02  1.80000000e+00 
 2.41728000e-02  2.48329452e-03  2.41728000e-02  4.77795897e-01  2.41728000e-02  1.79999999e+00 
 2.41828000e-02  2.45597836e-03  2.41828000e-02  4.80198784e-01  2.41828000e-02  1.80000000e+00 
 2.41928000e-02  2.42856524e-03  2.41928000e-02  4.82610599e-01  2.41928000e-02  1.79999999e+00 
 2.42028000e-02  2.40105625e-03  2.42028000e-02  4.85031241e-01  2.42028000e-02  1.80000000e+00 
 2.42128000e-02  2.37345247e-03  2.42128000e-02  4.87460614e-01  2.42128000e-02  1.79999999e+00 
 2.42228000e-02  2.34575498e-03  2.42228000e-02  4.89898618e-01  2.42228000e-02  1.80000000e+00 
 2.42328000e-02  2.31796489e-03  2.42328000e-02  4.92345155e-01  2.42328000e-02  1.79999999e+00 
 2.42428000e-02  2.29008329e-03  2.42428000e-02  4.94800126e-01  2.42428000e-02  1.80000000e+00 
 2.42528000e-02  2.26211129e-03  2.42528000e-02  4.97263428e-01  2.42528000e-02  1.79999999e+00 
 2.42628000e-02  2.23404998e-03  2.42628000e-02  4.99734966e-01  2.42628000e-02  1.80000000e+00 
 2.42728000e-02  2.20590047e-03  2.42728000e-02  5.02214637e-01  2.42728000e-02  1.79999999e+00 
 2.42828000e-02  2.17766387e-03  2.42828000e-02  5.04702340e-01  2.42828000e-02  1.80000000e+00 
 2.42928000e-02  2.14934131e-03  2.42928000e-02  5.07197975e-01  2.42928000e-02  1.79999999e+00 
 2.43028000e-02  2.12093389e-03  2.43028000e-02  5.09701441e-01  2.43028000e-02  1.80000000e+00 
 2.43128000e-02  2.09244275e-03  2.43128000e-02  5.12212635e-01  2.43128000e-02  1.79999999e+00 
 2.43228000e-02  2.06386899e-03  2.43228000e-02  5.14731457e-01  2.43228000e-02  1.80000000e+00 
 2.43328000e-02  2.03521376e-03  2.43328000e-02  5.17257804e-01  2.43328000e-02  1.79999999e+00 
 2.43428000e-02  2.00647818e-03  2.43428000e-02  5.19791575e-01  2.43428000e-02  1.80000000e+00 
 2.43528000e-02  1.97766339e-03  2.43528000e-02  5.22332666e-01  2.43528000e-02  1.79999999e+00 
 2.43628000e-02  1.94877053e-03  2.43628000e-02  5.24880976e-01  2.43628000e-02  1.80000000e+00 
 2.43728000e-02  1.91980073e-03  2.43728000e-02  5.27436399e-01  2.43728000e-02  1.79999999e+00 
 2.43828000e-02  1.89075514e-03  2.43828000e-02  5.29998833e-01  2.43828000e-02  1.80000000e+00 
 2.43928000e-02  1.86163491e-03  2.43928000e-02  5.32568176e-01  2.43928000e-02  1.79999999e+00 
 2.44028000e-02  1.83244118e-03  2.44028000e-02  5.35144323e-01  2.44028000e-02  1.80000000e+00 
 2.44128000e-02  1.80317511e-03  2.44128000e-02  5.37727169e-01  2.44128000e-02  1.79999999e+00 
 2.44228000e-02  1.77383785e-03  2.44228000e-02  5.40316611e-01  2.44228000e-02  1.80000000e+00 
 2.44328000e-02  1.74443057e-03  2.44328000e-02  5.42912543e-01  2.44328000e-02  1.79999999e+00 
 2.44428000e-02  1.71495442e-03  2.44428000e-02  5.45514863e-01  2.44428000e-02  1.80000000e+00 
 2.44528000e-02  1.68541056e-03  2.44528000e-02  5.48123461e-01  2.44528000e-02  1.79999999e+00 
 2.44628000e-02  1.65580017e-03  2.44628000e-02  5.50738235e-01  2.44628000e-02  1.80000000e+00 
 2.44728000e-02  1.62612441e-03  2.44728000e-02  5.53359081e-01  2.44728000e-02  1.79999999e+00 
 2.44828000e-02  1.59638446e-03  2.44828000e-02  5.55985889e-01  2.44828000e-02  1.80000000e+00 
 2.44928000e-02  1.56658148e-03  2.44928000e-02  5.58618555e-01  2.44928000e-02  1.79999999e+00 
 2.45028000e-02  1.53671666e-03  2.45028000e-02  5.61256974e-01  2.45028000e-02  1.80000000e+00 
 2.45128000e-02  1.50679116e-03  2.45128000e-02  5.63901038e-01  2.45128000e-02  1.79999999e+00 
 2.45228000e-02  1.47680619e-03  2.45228000e-02  5.66550642e-01  2.45228000e-02  1.80000000e+00 
 2.45328000e-02  1.44676291e-03  2.45328000e-02  5.69205677e-01  2.45328000e-02  1.79999999e+00 
 2.45428000e-02  1.41666251e-03  2.45428000e-02  5.71866038e-01  2.45428000e-02  1.80000000e+00 
 2.45528000e-02  1.38650619e-03  2.45528000e-02  5.74531616e-01  2.45528000e-02  1.79999999e+00 
 2.45628000e-02  1.35629513e-03  2.45628000e-02  5.77202304e-01  2.45628000e-02  1.80000000e+00 
 2.45728000e-02  1.32603053e-03  2.45728000e-02  5.79877994e-01  2.45728000e-02  1.79999999e+00 
 2.45828000e-02  1.29571358e-03  2.45828000e-02  5.82558581e-01  2.45828000e-02  1.80000000e+00 
 2.45928000e-02  1.26534547e-03  2.45928000e-02  5.85243952e-01  2.45928000e-02  1.79999999e+00 
 2.46028000e-02  1.23492741e-03  2.46028000e-02  5.87934003e-01  2.46028000e-02  1.80000000e+00 
 2.46128000e-02  1.20446060e-03  2.46128000e-02  5.90628624e-01  2.46128000e-02  1.79999999e+00 
 2.46228000e-02  1.17394624e-03  2.46228000e-02  5.93327707e-01  2.46228000e-02  1.80000000e+00 
 2.46328000e-02  1.14338553e-03  2.46328000e-02  5.96031142e-01  2.46328000e-02  1.79999999e+00 
 2.46428000e-02  1.11277969e-03  2.46428000e-02  5.98738823e-01  2.46428000e-02  1.80000000e+00 
 2.46528000e-02  1.08212991e-03  2.46528000e-02  6.01450638e-01  2.46528000e-02  1.79999999e+00 
 2.46628000e-02  1.05143741e-03  2.46628000e-02  6.04166477e-01  2.46628000e-02  1.80000000e+00 
 2.46728000e-02  1.02070341e-03  2.46728000e-02  6.06886235e-01  2.46728000e-02  1.79999999e+00 
 2.46828000e-02  9.89929106e-04  2.46828000e-02  6.09609799e-01  2.46828000e-02  1.80000000e+00 
 2.46928000e-02  9.59115724e-04  2.46928000e-02  6.12337059e-01  2.46928000e-02  1.79999999e+00 
 2.47028000e-02  9.28264478e-04  2.47028000e-02  6.15067908e-01  2.47028000e-02  1.80000000e+00 
 2.47128000e-02  8.97376585e-04  2.47128000e-02  6.17802235e-01  2.47128000e-02  1.79999999e+00 
 2.47228000e-02  8.66453265e-04  2.47228000e-02  6.20539928e-01  2.47228000e-02  1.80000000e+00 
 2.47328000e-02  8.35495739e-04  2.47328000e-02  6.23280879e-01  2.47328000e-02  1.79999999e+00 
 2.47428000e-02  8.04505229e-04  2.47428000e-02  6.26024977e-01  2.47428000e-02  1.80000000e+00 
 2.47528000e-02  7.73482959e-04  2.47528000e-02  6.28772112e-01  2.47528000e-02  1.79999999e+00 
 2.47628000e-02  7.42430153e-04  2.47628000e-02  6.31522171e-01  2.47628000e-02  1.80000000e+00 
 2.47728000e-02  7.11348037e-04  2.47728000e-02  6.34275048e-01  2.47728000e-02  1.79999999e+00 
 2.47828000e-02  6.80237838e-04  2.47828000e-02  6.37030629e-01  2.47828000e-02  1.80000000e+00 
 2.47928000e-02  6.49100785e-04  2.47928000e-02  6.39788803e-01  2.47928000e-02  1.79999999e+00 
 2.48028000e-02  6.17938106e-04  2.48028000e-02  6.42549459e-01  2.48028000e-02  1.80000000e+00 
 2.48128000e-02  5.86751032e-04  2.48128000e-02  6.45312488e-01  2.48128000e-02  1.79999999e+00 
 2.48228000e-02  5.55540794e-04  2.48228000e-02  6.48077777e-01  2.48228000e-02  1.80000000e+00 
 2.48328000e-02  5.24308624e-04  2.48328000e-02  6.50845216e-01  2.48328000e-02  1.79999999e+00 
 2.48428000e-02  4.93055756e-04  2.48428000e-02  6.53614693e-01  2.48428000e-02  1.79999999e+00 
 2.48528000e-02  4.61783422e-04  2.48528000e-02  6.56386095e-01  2.48528000e-02  1.79999999e+00 
 2.48628000e-02  4.30492859e-04  2.48628000e-02  6.59159312e-01  2.48628000e-02  1.79999999e+00 
 2.48728000e-02  3.99185300e-04  2.48728000e-02  6.61934234e-01  2.48728000e-02  1.79999999e+00 
 2.48828000e-02  3.67861981e-04  2.48828000e-02  6.64710748e-01  2.48828000e-02  1.79999999e+00 
 2.48928000e-02  3.36524141e-04  2.48928000e-02  6.67488741e-01  2.48928000e-02  1.79999999e+00 
 2.49028000e-02  3.05173015e-04  2.49028000e-02  6.70268103e-01  2.49028000e-02  1.79999999e+00 
 2.49128000e-02  2.73809841e-04  2.49128000e-02  6.73048722e-01  2.49128000e-02  1.79999999e+00 
 2.49228000e-02  2.42435858e-04  2.49228000e-02  6.75830485e-01  2.49228000e-02  1.79999999e+00 
 2.49328000e-02  2.11052303e-04  2.49328000e-02  6.78613282e-01  2.49328000e-02  1.79999999e+00 
 2.49428000e-02  1.79660417e-04  2.49428000e-02  6.81396999e-01  2.49428000e-02  1.79999999e+00 
 2.49528000e-02  1.48261438e-04  2.49528000e-02  6.84181526e-01  2.49528000e-02  1.79999998e+00 
 2.49628000e-02  1.16856606e-04  2.49628000e-02  6.86966749e-01  2.49628000e-02  1.79999999e+00 
 2.49728000e-02  8.54471605e-05  2.49728000e-02  6.89752558e-01  2.49728000e-02  1.79999998e+00 
 2.49828000e-02  5.40343418e-05  2.49828000e-02  6.92538840e-01  2.49828000e-02  1.79999999e+00 
 2.49928000e-02  2.26193900e-05  2.49928000e-02  6.95325483e-01  2.49928000e-02  1.79999998e+00 
 2.50028000e-02 -8.79645489e-06  2.50028000e-02  6.98112373e-01  2.50028000e-02  1.79999998e+00 
 2.50128000e-02 -4.02119525e-05  2.50128000e-02  7.00899401e-01  2.50128000e-02  1.79999998e+00 
 2.50228000e-02 -7.16258625e-05  2.50228000e-02  7.03686454e-01  2.50228000e-02  1.79999998e+00 
 2.50328000e-02 -1.03036945e-04  2.50328000e-02  7.06473420e-01  2.50328000e-02  1.79999997e+00 
 2.50428000e-02 -1.34443960e-04  2.50428000e-02  7.09260186e-01  2.50428000e-02  1.79999998e+00 
 2.50528000e-02 -1.65845667e-04  2.50528000e-02  7.12046642e-01  2.50528000e-02  1.79999997e+00 
 2.50628000e-02 -1.97240826e-04  2.50628000e-02  7.14832672e-01  2.50628000e-02  1.79999997e+00 
 2.50728000e-02 -2.28628200e-04  2.50728000e-02  7.17618165e-01  2.50728000e-02  1.79999996e+00 
 2.50828000e-02 -2.60006547e-04  2.50828000e-02  7.20403013e-01  2.50828000e-02  1.79999996e+00 
 2.50928000e-02 -2.91374629e-04  2.50928000e-02  7.23187100e-01  2.50928000e-02  1.79999995e+00 
 2.51028000e-02 -3.22731209e-04  2.51028000e-02  7.25970315e-01  2.51028000e-02  1.79999995e+00 
 2.51128000e-02 -3.54075048e-04  2.51128000e-02  7.28752544e-01  2.51128000e-02  1.79999994e+00 
 2.51228000e-02 -3.85404908e-04  2.51228000e-02  7.31533680e-01  2.51228000e-02  1.79999994e+00 
 2.51328000e-02 -4.16719553e-04  2.51328000e-02  7.34313606e-01  2.51328000e-02  1.79999992e+00 
 2.51428000e-02 -4.48017747e-04  2.51428000e-02  7.37092211e-01  2.51428000e-02  1.79999991e+00 
 2.51528000e-02 -4.79298254e-04  2.51528000e-02  7.39869386e-01  2.51528000e-02  1.79999988e+00 
 2.51628000e-02 -5.10559839e-04  2.51628000e-02  7.42645017e-01  2.51628000e-02  1.79999986e+00 
 2.51728000e-02 -5.41801268e-04  2.51728000e-02  7.45418994e-01  2.51728000e-02  1.79999981e+00 
 2.51828000e-02 -5.73021308e-04  2.51828000e-02  7.48191207e-01  2.51828000e-02  1.79999976e+00 
 2.51928000e-02 -6.04218726e-04  2.51928000e-02  7.50961543e-01  2.51928000e-02  1.79999967e+00 
 2.52028000e-02 -6.35392290e-04  2.52028000e-02  7.53729895e-01  2.52028000e-02  1.79999955e+00 
 2.52128000e-02 -6.66540770e-04  2.52128000e-02  7.56496146e-01  2.52128000e-02  1.79999936e+00 
 2.52228000e-02 -6.97662936e-04  2.52228000e-02  7.59260190e-01  2.52228000e-02  1.79999910e+00 
 2.52328000e-02 -7.28757560e-04  2.52328000e-02  7.62021910e-01  2.52328000e-02  1.79999871e+00 
 2.52428000e-02 -7.59823414e-04  2.52428000e-02  7.64781199e-01  2.52428000e-02  1.79999814e+00 
 2.52528000e-02 -7.90859271e-04  2.52528000e-02  7.67537945e-01  2.52528000e-02  1.79999729e+00 
 2.52628000e-02 -8.21863906e-04  2.52628000e-02  7.70292035e-01  2.52628000e-02  1.79999605e+00 
 2.52728000e-02 -8.52836095e-04  2.52728000e-02  7.73043362e-01  2.52728000e-02  1.79999420e+00 
 2.52828000e-02 -8.83774616e-04  2.52828000e-02  7.75791812e-01  2.52828000e-02  1.79999147e+00 
 2.52928000e-02 -9.14678247e-04  2.52928000e-02  7.78537275e-01  2.52928000e-02  1.79998738e+00 
 2.53028000e-02 -9.45545769e-04  2.53028000e-02  7.81279642e-01  2.53028000e-02  1.79998129e+00 
 2.53128000e-02 -9.76375961e-04  2.53128000e-02  7.84018802e-01  2.53128000e-02  1.79997218e+00 
 2.53228000e-02 -1.00716761e-03  2.53228000e-02  7.86754645e-01  2.53228000e-02  1.79995857e+00 
 2.53328000e-02 -1.03791949e-03  2.53328000e-02  7.89487061e-01  2.53328000e-02  1.79993818e+00 
 2.53428000e-02 -1.06863040e-03  2.53428000e-02  7.92215939e-01  2.53428000e-02  1.79990769e+00 
 2.53528000e-02 -1.09929913e-03  2.53528000e-02  7.94941169e-01  2.53528000e-02  1.79986204e+00 
 2.53628000e-02 -1.12992445e-03  2.53628000e-02  7.97662645e-01  2.53628000e-02  1.79979385e+00 
 2.53728000e-02 -1.16050517e-03  2.53728000e-02  8.00380254e-01  2.53728000e-02  1.79969217e+00 
 2.53828000e-02 -1.19104007e-03  2.53828000e-02  8.03093889e-01  2.53828000e-02  1.79954102e+00 
 2.53928000e-02 -1.22152795e-03  2.53928000e-02  8.05803438e-01  2.53928000e-02  1.79931721e+00 
 2.54028000e-02 -1.25196761e-03  2.54028000e-02  8.08508796e-01  2.54028000e-02  1.79898755e+00 
 2.54128000e-02 -1.28235784e-03  2.54128000e-02  8.11209852e-01  2.54128000e-02  1.79850495e+00 
 2.54228000e-02 -1.31269745e-03  2.54228000e-02  8.13906495e-01  2.54228000e-02  1.79780380e+00 
 2.54328000e-02 -1.34298523e-03  2.54328000e-02  8.16598621e-01  2.54328000e-02  1.79679379e+00 
 2.54428000e-02 -1.37322000e-03  2.54428000e-02  8.19286120e-01  2.54428000e-02  1.79535297e+00 
 2.54528000e-02 -1.40340055e-03  2.54528000e-02  8.21968885e-01  2.54528000e-02  1.79331888e+00 
 2.54628000e-02 -1.43352570e-03  2.54628000e-02  8.24646807e-01  2.54628000e-02  1.79047877e+00 
 2.54728000e-02 -1.46359426e-03  2.54728000e-02  8.27319777e-01  2.54728000e-02  1.78655642e+00 
 2.54828000e-02 -1.49360503e-03  2.54828000e-02  8.29987692e-01  2.54828000e-02  1.78119585e+00 
 2.54928000e-02 -1.52355684e-03  2.54928000e-02  8.32650438e-01  2.54928000e-02  1.77393518e+00 
 2.55028000e-02 -1.55344851e-03  2.55028000e-02  8.35307914e-01  2.55028000e-02  1.76416580e+00 
 2.55128000e-02 -1.58327884e-03  2.55128000e-02  8.37960011e-01  2.55128000e-02  1.75105408e+00 
 2.55228000e-02 -1.61304667e-03  2.55228000e-02  8.40606624e-01  2.55228000e-02  1.73338915e+00 
 2.55328000e-02 -1.64275082e-03  2.55328000e-02  8.43247644e-01  2.55328000e-02  1.70923237e+00 
 2.55428000e-02 -1.67239012e-03  2.55428000e-02  8.45882965e-01  2.55428000e-02  1.67499269e+00 
 2.55528000e-02 -1.70196340e-03  2.55528000e-02  8.48512484e-01  2.55528000e-02  1.62219376e+00 
 2.55628000e-02 -1.73146948e-03  2.55628000e-02  8.51136093e-01  2.55628000e-02  1.51556650e+00 
 2.55728000e-02 -1.76090721e-03  2.55728000e-02  8.53753686e-01  2.55728000e-02  1.33202757e+00 
 2.55828000e-02 -1.79027542e-03  2.55828000e-02  8.56365162e-01  2.55828000e-02  1.12983026e+00 
 2.55928000e-02 -1.81957295e-03  2.55928000e-02  8.58970411e-01  2.55928000e-02  9.27116413e-01 
 2.56028000e-02 -1.84879865e-03  2.56028000e-02  8.61569333e-01  2.56028000e-02  7.27559883e-01 
 2.56128000e-02 -1.87795136e-03  2.56128000e-02  8.64161817e-01  2.56128000e-02  5.34188383e-01 
 2.56228000e-02 -1.90702994e-03  2.56228000e-02  8.66747764e-01  2.56228000e-02  3.52693366e-01 
 2.56328000e-02 -1.93603323e-03  2.56328000e-02  8.69327072e-01  2.56328000e-02  2.05551968e-01 
 2.56428000e-02 -1.96496008e-03  2.56428000e-02  8.71899632e-01  2.56428000e-02  1.32567022e-01 
 2.56528000e-02 -1.99380937e-03  2.56528000e-02  8.74465344e-01  2.56528000e-02  9.88535726e-02 
 2.56628000e-02 -2.02257994e-03  2.56628000e-02  8.77024104e-01  2.56628000e-02  7.77023288e-02 
 2.56728000e-02 -2.05127066e-03  2.56728000e-02  8.79575810e-01  2.56728000e-02  6.25383902e-02 
 2.56828000e-02 -2.07988040e-03  2.56828000e-02  8.82120359e-01  2.56828000e-02  5.09214849e-02 
 2.56928000e-02 -2.10840804e-03  2.56928000e-02  8.84657651e-01  2.56928000e-02  4.17727580e-02 
 2.57028000e-02 -2.13685243e-03  2.57028000e-02  8.87187579e-01  2.57028000e-02  3.43596700e-02 
 2.57128000e-02 -2.16521247e-03  2.57128000e-02  8.89710046e-01  2.57128000e-02  2.82683874e-02 
 2.57228000e-02 -2.19348703e-03  2.57228000e-02  8.92224948e-01  2.57228000e-02  2.32179613e-02 
 2.57328000e-02 -2.22167499e-03  2.57328000e-02  8.94732187e-01  2.57328000e-02  1.90088041e-02 
 2.57428000e-02 -2.24977525e-03  2.57428000e-02  8.97231660e-01  2.57428000e-02  1.54921795e-02 
 2.57528000e-02 -2.27778668e-03  2.57528000e-02  8.99723267e-01  2.57528000e-02  1.25552728e-02 
 2.57628000e-02 -2.30570820e-03  2.57628000e-02  9.02206909e-01  2.57628000e-02  1.01082735e-02 
 2.57728000e-02 -2.33353869e-03  2.57728000e-02  9.04682486e-01  2.57728000e-02  8.07901885e-03 
 2.57828000e-02 -2.36127705e-03  2.57828000e-02  9.07149898e-01  2.57828000e-02  6.40663222e-03 
 2.57928000e-02 -2.38892220e-03  2.57928000e-02  9.09609047e-01  2.57928000e-02  5.03960252e-03 
 2.58028000e-02 -2.41647303e-03  2.58028000e-02  9.12059835e-01  2.58028000e-02  3.93240022e-03 
 2.58128000e-02 -2.44392847e-03  2.58128000e-02  9.14502159e-01  2.58128000e-02  3.04509227e-03 
 2.58228000e-02 -2.47128743e-03  2.58228000e-02  9.16935927e-01  2.58228000e-02  2.34160877e-03 
 2.58328000e-02 -2.49854882e-03  2.58328000e-02  9.19361040e-01  2.58328000e-02  1.79012415e-03 
 2.58428000e-02 -2.52571157e-03  2.58428000e-02  9.21777398e-01  2.58428000e-02  1.36222015e-03 
 2.58528000e-02 -2.55277462e-03  2.58528000e-02  9.24184907e-01  2.58528000e-02  1.03345463e-03 
 2.58628000e-02 -2.57973688e-03  2.58628000e-02  9.26583470e-01  2.58628000e-02  7.82787871e-04 
 2.58728000e-02 -2.60659730e-03  2.58728000e-02  9.28972989e-01  2.58728000e-02  5.92925141e-04 
 2.58828000e-02 -2.63335482e-03  2.58828000e-02  9.31353371e-01  2.58828000e-02  4.49637887e-04 
 2.58928000e-02 -2.66000838e-03  2.58928000e-02  9.33724518e-01  2.58928000e-02  3.41795282e-04 
 2.59028000e-02 -2.68655692e-03  2.59028000e-02  9.36086338e-01  2.59028000e-02  2.60584944e-04 
 2.59128000e-02 -2.71299940e-03  2.59128000e-02  9.38438733e-01  2.59128000e-02  1.99405241e-04 
 2.59228000e-02 -2.73933478e-03  2.59228000e-02  9.40781610e-01  2.59228000e-02  1.53139256e-04 
 2.59328000e-02 -2.76556202e-03  2.59328000e-02  9.43114877e-01  2.59328000e-02  1.18083606e-04 
 2.59428000e-02 -2.79168007e-03  2.59428000e-02  9.45438438e-01  2.59428000e-02  9.13641496e-05 
 2.59528000e-02 -2.81768792e-03  2.59528000e-02  9.47752202e-01  2.59528000e-02  7.09629013e-05 
 2.59628000e-02 -2.84358452e-03  2.59628000e-02  9.50056072e-01  2.59628000e-02  5.52713324e-05 
 2.59728000e-02 -2.86936887e-03  2.59728000e-02  9.52349964e-01  2.59728000e-02  4.32011437e-05 
 2.59828000e-02 -2.89503994e-03  2.59828000e-02  9.54633779e-01  2.59828000e-02  3.38347630e-05 
 2.59928000e-02 -2.92059672e-03  2.59928000e-02  9.56907429e-01  2.59928000e-02  2.65875305e-05 
 2.60028000e-02 -2.94603819e-03  2.60028000e-02  9.59170820e-01  2.60028000e-02  2.09177368e-05 
 2.60128000e-02 -2.97136337e-03  2.60128000e-02  9.61423864e-01  2.60128000e-02  1.65149109e-05 
 2.60228000e-02 -2.99657124e-03  2.60228000e-02  9.63666472e-01  2.60228000e-02  1.30448850e-05 
 2.60328000e-02 -3.02166081e-03  2.60328000e-02  9.65898552e-01  2.60328000e-02  1.03491878e-05 
 2.60428000e-02 -3.04663109e-03  2.60428000e-02  9.68120016e-01  2.60428000e-02  8.21113869e-06 
 2.60528000e-02 -3.07148109e-03  2.60528000e-02  9.70330775e-01  2.60528000e-02  6.55859557e-06 
 2.60628000e-02 -3.09620984e-03  2.60628000e-02  9.72530742e-01  2.60628000e-02  5.24340524e-06 
 2.60728000e-02 -3.12081635e-03  2.60728000e-02  9.74719831e-01  2.60728000e-02  4.24356374e-06 
 2.60828000e-02 -3.14529966e-03  2.60828000e-02  9.76897952e-01  2.60828000e-02  3.45113207e-06 
 2.60928000e-02 -3.16965880e-03  2.60928000e-02  9.79065020e-01  2.60928000e-02  2.87111145e-06 
 2.61028000e-02 -3.19389280e-03  2.61028000e-02  9.81220947e-01  2.61028000e-02  2.41484275e-06 
 2.61128000e-02 -3.21800072e-03  2.61128000e-02  9.83365645e-01  2.61128000e-02  2.09737786e-06 
 2.61228000e-02 -3.24198159e-03  2.61228000e-02  9.85499027e-01  2.61228000e-02  1.83937181e-06 
 2.61328000e-02 -3.26583448e-03  2.61328000e-02  9.87621005e-01  2.61328000e-02  1.66548467e-06 
 2.61428000e-02 -3.28955844e-03  2.61428000e-02  9.89731495e-01  2.61428000e-02  1.50918548e-06 
 2.61528000e-02 -3.31315253e-03  2.61528000e-02  9.91830414e-01  2.61528000e-02  1.40679357e-06 
 2.61628000e-02 -3.33661582e-03  2.61628000e-02  9.93917678e-01  2.61628000e-02  1.30166501e-06 
 2.61728000e-02 -3.35994739e-03  2.61728000e-02  9.95993207e-01  2.61728000e-02  1.23656343e-06 
 2.61828000e-02 -3.38314632e-03  2.61828000e-02  9.98056913e-01  2.61828000e-02  1.15944519e-06 
 2.61928000e-02 -3.40621168e-03  2.61928000e-02  1.00010872e+00  2.61928000e-02  1.11574748e-06 
 2.62028000e-02 -3.42914257e-03  2.62028000e-02  1.00214854e+00  2.62028000e-02  1.05547414e-06 
 2.62128000e-02 -3.45193809e-03  2.62128000e-02  1.00417630e+00  2.62128000e-02  1.02517430e-06 
 2.62228000e-02 -3.47459733e-03  2.62228000e-02  1.00619191e+00  2.62228000e-02  9.75853024e-07 
 2.62328000e-02 -3.49711940e-03  2.62328000e-02  1.00819529e+00  2.62328000e-02  9.54539214e-07 
 2.62428000e-02 -3.51950340e-03  2.62428000e-02  1.01018637e+00  2.62428000e-02  9.12785330e-07 
 2.62528000e-02 -3.54174847e-03  2.62528000e-02  1.01216506e+00  2.62528000e-02  8.97829292e-07 
 2.62628000e-02 -3.56385371e-03  2.62628000e-02  1.01413129e+00  2.62628000e-02  8.61555667e-07 
 2.62728000e-02 -3.58581826e-03  2.62728000e-02  1.01608498e+00  2.62728000e-02  8.51288219e-07 
 2.62828000e-02 -3.60764124e-03  2.62828000e-02  1.01802604e+00  2.62828000e-02  8.19131628e-07 
 2.62928000e-02 -3.62932180e-03  2.62928000e-02  1.01995441e+00  2.62928000e-02  8.12436304e-07 
 2.63028000e-02 -3.65085908e-03  2.63028000e-02  1.02187001e+00  2.63028000e-02  7.83463697e-07 
 2.63128000e-02 -3.67225224e-03  2.63128000e-02  1.02377275e+00  2.63128000e-02  7.79561611e-07 
 2.63228000e-02 -3.69350041e-03  2.63228000e-02  1.02566257e+00  2.63228000e-02  7.53109596e-07 
 2.63328000e-02 -3.71460278e-03  2.63328000e-02  1.02753939e+00  2.63328000e-02  7.51438290e-07 
 2.63428000e-02 -3.73555850e-03  2.63428000e-02  1.02940313e+00  2.63428000e-02  7.27020107e-07 
 2.63528000e-02 -3.75636674e-03  2.63528000e-02  1.03125372e+00  2.63528000e-02  7.27161602e-07 
 2.63628000e-02 -3.77702669e-03  2.63628000e-02  1.03309109e+00  2.63628000e-02  7.04410641e-07 
 2.63728000e-02 -3.79753753e-03  2.63728000e-02  1.03491516e+00  2.63728000e-02  7.06046764e-07 
 2.63828000e-02 -3.81789845e-03  2.63828000e-02  1.03672586e+00  2.63828000e-02  6.84680687e-07 
 2.63928000e-02 -3.83810865e-03  2.63928000e-02  1.03852312e+00  2.63928000e-02  6.87564242e-07 
 2.64028000e-02 -3.85816732e-03  2.64028000e-02  1.04030687e+00  2.64028000e-02  6.67361506e-07 
 2.64128000e-02 -3.87807368e-03  2.64128000e-02  1.04207703e+00  2.64128000e-02  6.71297065e-07 
 2.64228000e-02 -3.89782694e-03  2.64228000e-02  1.04383354e+00  2.64228000e-02  6.52080982e-07 
 2.64328000e-02 -3.91742632e-03  2.64328000e-02  1.04557632e+00  2.64328000e-02  6.56911692e-07 
 2.64428000e-02 -3.93687105e-03  2.64428000e-02  1.04730532e+00  2.64428000e-02  6.38539335e-07 
 2.64528000e-02 -3.95616036e-03  2.64528000e-02  1.04902045e+00  2.64528000e-02  6.44137640e-07 
 2.64628000e-02 -3.97529348e-03  2.64628000e-02  1.05072165e+00  2.64628000e-02  6.26492003e-07 
 2.64728000e-02 -3.99426967e-03  2.64728000e-02  1.05240886e+00  2.64728000e-02  6.32752981e-07 
 2.64828000e-02 -4.01308817e-03  2.64828000e-02  1.05408200e+00  2.64828000e-02  6.15737206e-07 
 2.64928000e-02 -4.03174824e-03  2.64928000e-02  1.05574101e+00  2.64928000e-02  6.22573667e-07 
 2.65028000e-02 -4.05024914e-03  2.65028000e-02  1.05738583e+00  2.65028000e-02  6.06106841e-07 
 2.65128000e-02 -4.06859014e-03  2.65128000e-02  1.05901639e+00  2.65128000e-02  6.13445697e-07 
 2.65228000e-02 -4.08677053e-03  2.65228000e-02  1.06063262e+00  2.65228000e-02  5.97459638e-07 
 2.65328000e-02 -4.10478958e-03  2.65328000e-02  1.06223446e+00  2.65328000e-02  6.05239115e-07 
 2.65428000e-02 -4.12264657e-03  2.65428000e-02  1.06382184e+00  2.65428000e-02  5.89675953e-07 
 2.65528000e-02 -4.14034081e-03  2.65528000e-02  1.06539471e+00  2.65528000e-02  5.97843482e-07 
 2.65628000e-02 -4.15787160e-03  2.65628000e-02  1.06695301e+00  2.65628000e-02  5.82653751e-07 
 2.65728000e-02 -4.17523824e-03  2.65728000e-02  1.06849666e+00  2.65728000e-02  5.91164305e-07 
 2.65828000e-02 -4.19244005e-03  2.65828000e-02  1.07002561e+00  2.65828000e-02  5.76305501e-07 
 2.65928000e-02 -4.20947635e-03  2.65928000e-02  1.07153981e+00  2.65928000e-02  5.85120296e-07 
 2.66028000e-02 -4.22634647e-03  2.66028000e-02  1.07303918e+00  2.66028000e-02  5.70555670e-07 
 2.66128000e-02 -4.24304974e-03  2.66128000e-02  1.07452367e+00  2.66128000e-02  5.79641139e-07 
 2.66228000e-02 -4.25958550e-03  2.66228000e-02  1.07599322e+00  2.66228000e-02  5.65338789e-07 
 2.66328000e-02 -4.27595310e-03  2.66328000e-02  1.07744777e+00  2.66328000e-02  5.74665728e-07 
 2.66428000e-02 -4.29215189e-03  2.66428000e-02  1.07888727e+00  2.66428000e-02  5.60597820e-07 
 2.66528000e-02 -4.30818123e-03  2.66528000e-02  1.08031166e+00  2.66528000e-02  5.70140730e-07 
 2.66628000e-02 -4.32404050e-03  2.66628000e-02  1.08172088e+00  2.66628000e-02  5.56282902e-07 
 2.66728000e-02 -4.33972906e-03  2.66728000e-02  1.08311487e+00  2.66728000e-02  5.66019433e-07 
 2.66828000e-02 -4.35524629e-03  2.66828000e-02  1.08449359e+00  2.66828000e-02  5.52350268e-07 
 2.66928000e-02 -4.37059159e-03  2.66928000e-02  1.08585698e+00  2.66928000e-02  5.62260758e-07 
 2.67028000e-02 -4.38576434e-03  2.67028000e-02  1.08720497e+00  2.67028000e-02  5.48761384e-07 
 2.67128000e-02 -4.40076395e-03  2.67128000e-02  1.08853753e+00  2.67128000e-02  5.58828486e-07 
 2.67228000e-02 -4.41558983e-03  2.67228000e-02  1.08985460e+00  2.67228000e-02  5.45482213e-07 
 2.67328000e-02 -4.43024139e-03  2.67328000e-02  1.09115612e+00  2.67328000e-02  5.55690580e-07 
 2.67428000e-02 -4.44471805e-03  2.67428000e-02  1.09244205e+00  2.67428000e-02  5.42482615e-07 
 2.67528000e-02 -4.45901923e-03  2.67528000e-02  1.09371233e+00  2.67528000e-02  5.52818631e-07 
 2.67628000e-02 -4.47314439e-03  2.67628000e-02  1.09496692e+00  2.67628000e-02  5.39735829e-07 
 2.67728000e-02 -4.48709295e-03  2.67728000e-02  1.09620576e+00  2.67728000e-02  5.50187388e-07 
 2.67828000e-02 -4.50086437e-03  2.67828000e-02  1.09742880e+00  2.67828000e-02  5.37218039e-07 
 2.67928000e-02 -4.51445810e-03  2.67928000e-02  1.09863601e+00  2.67928000e-02  5.47774357e-07 
 2.68028000e-02 -4.52787361e-03  2.68028000e-02  1.09982732e+00  2.68028000e-02  5.34908011e-07 
 2.68128000e-02 -4.54111037e-03  2.68128000e-02  1.10100270e+00  2.68128000e-02  5.45559456e-07 
 2.68228000e-02 -4.55416785e-03  2.68228000e-02  1.10216209e+00  2.68228000e-02  5.32786769e-07 
 2.68328000e-02 -4.56704554e-03  2.68328000e-02  1.10330546e+00  2.68328000e-02  5.43524729e-07 
 2.68428000e-02 -4.57974293e-03  2.68428000e-02  1.10443275e+00  2.68428000e-02  5.30837333e-07 
 2.68528000e-02 -4.59225952e-03  2.68528000e-02  1.10554393e+00  2.68528000e-02  5.41654091e-07 
 2.68628000e-02 -4.60459482e-03  2.68628000e-02  1.10663894e+00  2.68628000e-02  5.29044477e-07 
 2.68728000e-02 -4.61674833e-03  2.68728000e-02  1.10771775e+00  2.68728000e-02  5.39933109e-07 
 2.68828000e-02 -4.62871959e-03  2.68828000e-02  1.10878032e+00  2.68828000e-02  5.27394534e-07 
 2.68928000e-02 -4.64050811e-03  2.68928000e-02  1.10982659e+00  2.68928000e-02  5.38348819e-07 
 2.69028000e-02 -4.65211343e-03  2.69028000e-02  1.11085654e+00  2.69028000e-02  5.25875214e-07 
 2.69128000e-02 -4.66353509e-03  2.69128000e-02  1.11187011e+00  2.69128000e-02  5.36889557e-07 
 2.69228000e-02 -4.67477264e-03  2.69228000e-02  1.11286728e+00  2.69228000e-02  5.24475457e-07 
 2.69328000e-02 -4.68582565e-03  2.69328000e-02  1.11384800e+00  2.69328000e-02  5.35544816e-07 
 2.69428000e-02 -4.69669366e-03  2.69428000e-02  1.11481223e+00  2.69428000e-02  5.23185293e-07 
 2.69528000e-02 -4.70737626e-03  2.69528000e-02  1.11575994e+00  2.69528000e-02  5.34305124e-07 
 2.69628000e-02 -4.71787301e-03  2.69628000e-02  1.11669108e+00  2.69628000e-02  5.21995730e-07 
 2.69728000e-02 -4.72818352e-03  2.69728000e-02  1.11760563e+00  2.69728000e-02  5.33161932e-07 
 2.69828000e-02 -4.73830736e-03  2.69828000e-02  1.11850354e+00  2.69828000e-02  5.20898650e-07 
 2.69928000e-02 -4.74824415e-03  2.69928000e-02  1.11938479e+00  2.69928000e-02  5.32107517e-07 
 2.70028000e-02 -4.75799348e-03  2.70028000e-02  1.12024932e+00  2.70028000e-02  5.19886715e-07 
 2.70128000e-02 -4.76755497e-03  2.70128000e-02  1.12109713e+00  2.70128000e-02  5.31134901e-07 
 2.70228000e-02 -4.77692825e-03  2.70228000e-02  1.12192816e+00  2.70228000e-02  5.18953290e-07 
 2.70328000e-02 -4.78611294e-03  2.70328000e-02  1.12274239e+00  2.70328000e-02  5.30237767e-07 
 2.70428000e-02 -4.79510869e-03  2.70428000e-02  1.12353978e+00  2.70428000e-02  5.18092374e-07 
 2.70528000e-02 -4.80391513e-03  2.70528000e-02  1.12432030e+00  2.70528000e-02  5.29410403e-07 
 2.70628000e-02 -4.81253192e-03  2.70628000e-02  1.12508394e+00  2.70628000e-02  5.17298533e-07 
 2.70728000e-02 -4.82095873e-03  2.70728000e-02  1.12583064e+00  2.70728000e-02  5.28647636e-07 
 2.70828000e-02 -4.82919520e-03  2.70828000e-02  1.12656039e+00  2.70828000e-02  5.16566848e-07 
 2.70928000e-02 -4.83724104e-03  2.70928000e-02  1.12727315e+00  2.70928000e-02  5.27944780e-07 
 2.71028000e-02 -4.84509590e-03  2.71028000e-02  1.12796890e+00  2.71028000e-02  5.15892865e-07 
 2.71128000e-02 -4.85275949e-03  2.71128000e-02  1.12864761e+00  2.71128000e-02  5.27297596e-07 
 2.71228000e-02 -4.86023150e-03  2.71228000e-02  1.12930926e+00  2.71228000e-02  5.15272549e-07 
 2.71328000e-02 -4.86751164e-03  2.71328000e-02  1.12995381e+00  2.71328000e-02  5.26702242e-07 
 2.71428000e-02 -4.87459961e-03  2.71428000e-02  1.13058125e+00  2.71428000e-02  5.14702249e-07 
 2.71528000e-02 -4.88149515e-03  2.71528000e-02  1.13119155e+00  2.71528000e-02  5.26155241e-07 
 2.71628000e-02 -4.88819797e-03  2.71628000e-02  1.13178468e+00  2.71628000e-02  5.14178661e-07 
 2.71728000e-02 -4.89470781e-03  2.71728000e-02  1.13236062e+00  2.71728000e-02  5.25653451e-07 
 2.71828000e-02 -4.90102442e-03  2.71828000e-02  1.13291936e+00  2.71828000e-02  5.13698797e-07 
 2.71928000e-02 -4.90714754e-03  2.71928000e-02  1.13346086e+00  2.71928000e-02  5.25194030e-07 
 2.72028000e-02 -4.91307694e-03  2.72028000e-02  1.13398510e+00  2.72028000e-02  5.13259960e-07 
 2.72128000e-02 -4.91881238e-03  2.72128000e-02  1.13449208e+00  2.72128000e-02  5.24774412e-07 
 2.72228000e-02 -4.92435364e-03  2.72228000e-02  1.13498176e+00  2.72228000e-02  5.12859716e-07 
 2.72328000e-02 -4.92970048e-03  2.72328000e-02  1.13545412e+00  2.72328000e-02  5.24392289e-07 
 2.72428000e-02 -4.93485272e-03  2.72428000e-02  1.13590916e+00  2.72428000e-02  5.12495875e-07 
 2.72528000e-02 -4.93981013e-03  2.72528000e-02  1.13634685e+00  2.72528000e-02  5.24045581e-07 
 2.72628000e-02 -4.94457253e-03  2.72628000e-02  1.13676717e+00  2.72628000e-02  5.12166470e-07 
 2.72728000e-02 -4.94913972e-03  2.72728000e-02  1.13717011e+00  2.72728000e-02  5.23732428e-07 
 2.72828000e-02 -4.95351153e-03  2.72828000e-02  1.13755565e+00  2.72828000e-02  5.11869743e-07 
 2.72928000e-02 -4.95768778e-03  2.72928000e-02  1.13792378e+00  2.72928000e-02  5.23451167e-07 
 2.73028000e-02 -4.96166832e-03  2.73028000e-02  1.13827448e+00  2.73028000e-02  5.11604125e-07 
 2.73128000e-02 -4.96545297e-03  2.73128000e-02  1.13860774e+00  2.73128000e-02  5.23200320e-07 
 2.73228000e-02 -4.96904160e-03  2.73228000e-02  1.13892354e+00  2.73228000e-02  5.11368230e-07 
 2.73328000e-02 -4.97243406e-03  2.73328000e-02  1.13922188e+00  2.73328000e-02  5.22978583e-07 
 2.73428000e-02 -4.97563021e-03  2.73428000e-02  1.13950274e+00  2.73428000e-02  5.11160833e-07 
 2.73528000e-02 -4.97862994e-03  2.73528000e-02  1.13976612e+00  2.73528000e-02  5.22784811e-07 
 2.73628000e-02 -4.98143312e-03  2.73628000e-02  1.14001199e+00  2.73628000e-02  5.10980869e-07 
 2.73728000e-02 -4.98403964e-03  2.73728000e-02  1.14024036e+00  2.73728000e-02  5.22618014e-07 
 2.73828000e-02 -4.98644939e-03  2.73828000e-02  1.14045121e+00  2.73828000e-02  5.10827422e-07 
 2.73928000e-02 -4.98866230e-03  2.73928000e-02  1.14064453e+00  2.73928000e-02  5.22477344e-07 
 2.74028000e-02 -4.99067825e-03  2.74028000e-02  1.14082032e+00  2.74028000e-02  5.10699713e-07 
 2.74128000e-02 -4.99249719e-03  2.74128000e-02  1.14097857e+00  2.74128000e-02  5.22362092e-07 
 2.74228000e-02 -4.99411903e-03  2.74228000e-02  1.14111927e+00  2.74228000e-02  5.10597099e-07 
 2.74328000e-02 -4.99554371e-03  2.74328000e-02  1.14124243e+00  2.74328000e-02  5.22271678e-07 
 2.74428000e-02 -4.99677117e-03  2.74428000e-02  1.14134802e+00  2.74428000e-02  5.10519066e-07 
 2.74528000e-02 -4.99780137e-03  2.74528000e-02  1.14143606e+00  2.74528000e-02  5.22205651e-07 
 2.74628000e-02 -4.99863427e-03  2.74628000e-02  1.14150653e+00  2.74628000e-02  5.10465224e-07 
 2.74728000e-02 -4.99926982e-03  2.74728000e-02  1.14155943e+00  2.74728000e-02  5.22163682e-07 
 2.74828000e-02 -4.99970802e-03  2.74828000e-02  1.14159477e+00  2.74828000e-02  5.10435305e-07 
 2.74928000e-02 -4.99994884e-03  2.74928000e-02  1.14161254e+00  2.74928000e-02  5.22145562e-07 
 2.75028000e-02 -4.99999226e-03  2.75028000e-02  1.14161274e+00  2.75028000e-02  5.10429159e-07 
 2.75128000e-02 -4.99983830e-03  2.75128000e-02  1.14159536e+00  2.75128000e-02  5.22151201e-07 
 2.75228000e-02 -4.99948695e-03  2.75228000e-02  1.14156041e+00  2.75228000e-02  5.10446756e-07 
 2.75328000e-02 -4.99893823e-03  2.75328000e-02  1.14150790e+00  2.75328000e-02  5.22180628e-07 
 2.75428000e-02 -4.99819216e-03  2.75428000e-02  1.14143782e+00  2.75428000e-02  5.10488184e-07 
 2.75528000e-02 -4.99724876e-03  2.75528000e-02  1.14135018e+00  2.75528000e-02  5.22233989e-07 
 2.75628000e-02 -4.99610809e-03  2.75628000e-02  1.14124497e+00  2.75628000e-02  5.10553647e-07 
 2.75728000e-02 -4.99477018e-03  2.75728000e-02  1.14112221e+00  2.75728000e-02  5.22311551e-07 
 2.75828000e-02 -4.99323508e-03  2.75828000e-02  1.14098190e+00  2.75828000e-02  5.10643473e-07 
 2.75928000e-02 -4.99150286e-03  2.75928000e-02  1.14082404e+00  2.75928000e-02  5.22413700e-07 
 2.76028000e-02 -4.98957359e-03  2.76028000e-02  1.14064864e+00  2.76028000e-02  5.10758110e-07 
 2.76128000e-02 -4.98744733e-03  2.76128000e-02  1.14045571e+00  2.76128000e-02  5.22540949e-07 
 2.76228000e-02 -4.98512418e-03  2.76228000e-02  1.14024525e+00  2.76228000e-02  5.10898134e-07 
 2.76328000e-02 -4.98260422e-03  2.76328000e-02  1.14001728e+00  2.76328000e-02  5.22693939e-07 
 2.76428000e-02 -4.97988756e-03  2.76428000e-02  1.13977179e+00  2.76428000e-02  5.11064253e-07 
 2.76528000e-02 -4.97697430e-03  2.76528000e-02  1.13950881e+00  2.76528000e-02  5.22873444e-07 
 2.76628000e-02 -4.97386456e-03  2.76628000e-02  1.13922834e+00  2.76628000e-02  5.11257309e-07 
 2.76728000e-02 -4.97055846e-03  2.76728000e-02  1.13893039e+00  2.76728000e-02  5.23080381e-07 
 2.76828000e-02 -4.96705613e-03  2.76828000e-02  1.13861497e+00  2.76828000e-02  5.11478290e-07 
 2.76928000e-02 -4.96335771e-03  2.76928000e-02  1.13828210e+00  2.76928000e-02  5.23315811e-07 
 2.77028000e-02 -4.95946334e-03  2.77028000e-02  1.13793179e+00  2.77028000e-02  5.11728335e-07 
 2.77128000e-02 -4.95537318e-03  2.77128000e-02  1.13756405e+00  2.77128000e-02  5.23580955e-07 
 2.77228000e-02 -4.95108740e-03  2.77228000e-02  1.13717889e+00  2.77228000e-02  5.12008746e-07 
 2.77328000e-02 -4.94660615e-03  2.77328000e-02  1.13677634e+00  2.77328000e-02  5.23877199e-07 
 2.77428000e-02 -4.94192962e-03  2.77428000e-02  1.13635641e+00  2.77428000e-02  5.12320994e-07 
 2.77528000e-02 -4.93705799e-03  2.77528000e-02  1.13591911e+00  2.77528000e-02  5.24206107e-07 
 2.77628000e-02 -4.93199146e-03  2.77628000e-02  1.13546446e+00  2.77628000e-02  5.12666738e-07 
 2.77728000e-02 -4.92673021e-03  2.77728000e-02  1.13499248e+00  2.77728000e-02  5.24569436e-07 
 2.77828000e-02 -4.92127447e-03  2.77828000e-02  1.13450319e+00  2.77828000e-02  5.13047834e-07 
 2.77928000e-02 -4.91562445e-03  2.77928000e-02  1.13399660e+00  2.77928000e-02  5.24969149e-07 
 2.78028000e-02 -4.90978036e-03  2.78028000e-02  1.13347274e+00  2.78028000e-02  5.13466354e-07 
 2.78128000e-02 -4.90374245e-03  2.78128000e-02  1.13293162e+00  2.78128000e-02  5.25407432e-07 
 2.78228000e-02 -4.89751094e-03  2.78228000e-02  1.13237327e+00  2.78228000e-02  5.13924602e-07 
 2.78328000e-02 -4.89108609e-03  2.78328000e-02  1.13179771e+00  2.78328000e-02  5.25886715e-07 
 2.78428000e-02 -4.88446814e-03  2.78428000e-02  1.13120496e+00  2.78428000e-02  5.14425134e-07 
 2.78528000e-02 -4.87765737e-03  2.78528000e-02  1.13059505e+00  2.78528000e-02  5.26409693e-07 
 2.78628000e-02 -4.87065404e-03  2.78628000e-02  1.12996799e+00  2.78628000e-02  5.14970785e-07 
 2.78728000e-02 -4.86345842e-03  2.78728000e-02  1.12932382e+00  2.78728000e-02  5.26979347e-07 
 2.78828000e-02 -4.85607079e-03  2.78828000e-02  1.12866255e+00  2.78828000e-02  5.15564690e-07 
 2.78928000e-02 -4.84849146e-03  2.78928000e-02  1.12798422e+00  2.78928000e-02  5.27598978e-07 
 2.79028000e-02 -4.84072072e-03  2.79028000e-02  1.12728885e+00  2.79028000e-02  5.16210317e-07 
 2.79128000e-02 -4.83275888e-03  2.79128000e-02  1.12657647e+00  2.79128000e-02  5.28272233e-07 
 2.79228000e-02 -4.82460624e-03  2.79228000e-02  1.12584710e+00  2.79228000e-02  5.16911494e-07 
 2.79328000e-02 -4.81626314e-03  2.79328000e-02  1.12510077e+00  2.79328000e-02  5.29003139e-07 
 2.79428000e-02 -4.80772990e-03  2.79428000e-02  1.12433752e+00  2.79428000e-02  5.17672453e-07 
 2.79528000e-02 -4.79900687e-03  2.79528000e-02  1.12355737e+00  2.79528000e-02  5.29796145e-07 
 2.79628000e-02 -4.79009437e-03  2.79628000e-02  1.12276035e+00  2.79628000e-02  5.18497867e-07 
 2.79728000e-02 -4.78099277e-03  2.79728000e-02  1.12194650e+00  2.79728000e-02  5.30656162e-07 
 2.79828000e-02 -4.77170242e-03  2.79828000e-02  1.12111584e+00  2.79828000e-02  5.19392892e-07 
 2.79928000e-02 -4.76222370e-03  2.79928000e-02  1.12026841e+00  2.79928000e-02  5.31588617e-07 
 2.80028000e-02 -4.75255697e-03  2.80028000e-02  1.11940425e+00  2.80028000e-02  5.20363229e-07 
 2.80128000e-02 -4.74270262e-03  2.80128000e-02  1.11852337e+00  2.80128000e-02  5.32599506e-07 
 2.80228000e-02 -4.73266103e-03  2.80228000e-02  1.11762583e+00  2.80228000e-02  5.21415177e-07 
 2.80328000e-02 -4.72243261e-03  2.80328000e-02  1.11671166e+00  2.80328000e-02  5.33695452e-07 
 2.80428000e-02 -4.71201775e-03  2.80428000e-02  1.11578088e+00  2.80428000e-02  5.22555696e-07 
 2.80528000e-02 -4.70141687e-03  2.80528000e-02  1.11483354e+00  2.80528000e-02  5.34883781e-07 
 2.80628000e-02 -4.69063039e-03  2.80628000e-02  1.11386968e+00  2.80628000e-02  5.23792489e-07 
 2.80728000e-02 -4.67965873e-03  2.80728000e-02  1.11288933e+00  2.80728000e-02  5.36172602e-07 
 2.80828000e-02 -4.66850232e-03  2.80828000e-02  1.11189252e+00  2.80828000e-02  5.25134082e-07 
 2.80928000e-02 -4.65716161e-03  2.80928000e-02  1.11087931e+00  2.80928000e-02  5.37570894e-07 
 2.81028000e-02 -4.64563704e-03  2.81028000e-02  1.10984973e+00  2.81028000e-02  5.26589923e-07 
 2.81128000e-02 -4.63392908e-03  2.81128000e-02  1.10880382e+00  2.81128000e-02  5.39088611e-07 
 2.81228000e-02 -4.62203817e-03  2.81228000e-02  1.10774162e+00  2.81228000e-02  5.28170490e-07 
 2.81328000e-02 -4.60996479e-03  2.81328000e-02  1.10666317e+00  2.81328000e-02  5.40736802e-07 
 2.81428000e-02 -4.59770942e-03  2.81428000e-02  1.10556851e+00  2.81428000e-02  5.29887417e-07 
 2.81528000e-02 -4.58527253e-03  2.81528000e-02  1.10445770e+00  2.81528000e-02  5.42527735e-07 
 2.81628000e-02 -4.57265463e-03  2.81628000e-02  1.10333076e+00  2.81628000e-02  5.31753634e-07 
 2.81728000e-02 -4.55985621e-03  2.81728000e-02  1.10218776e+00  2.81728000e-02  5.44475055e-07 
 2.81828000e-02 -4.54687778e-03  2.81828000e-02  1.10102872e+00  2.81828000e-02  5.33783536e-07 
 2.81928000e-02 -4.53371984e-03  2.81928000e-02  1.09985370e+00  2.81928000e-02  5.46593970e-07 
 2.82028000e-02 -4.52038291e-03  2.82028000e-02  1.09866274e+00  2.82028000e-02  5.35993164e-07 
 2.82128000e-02 -4.50686753e-03  2.82128000e-02  1.09745589e+00  2.82128000e-02  5.48901433e-07 
 2.82228000e-02 -4.49317423e-03  2.82228000e-02  1.09623319e+00  2.82228000e-02  5.38400425e-07 
 2.82328000e-02 -4.47930354e-03  2.82328000e-02  1.09499470e+00  2.82328000e-02  5.51416389e-07 
 2.82428000e-02 -4.46525602e-03  2.82428000e-02  1.09374047e+00  2.82428000e-02  5.41025351e-07 
 2.82528000e-02 -4.45103222e-03  2.82528000e-02  1.09247054e+00  2.82528000e-02  5.54160038e-07 
 2.82628000e-02 -4.43663270e-03  2.82628000e-02  1.09118496e+00  2.82628000e-02  5.43890371e-07 
 2.82728000e-02 -4.42205803e-03  2.82728000e-02  1.08988378e+00  2.82728000e-02  5.57156164e-07 
 2.82828000e-02 -4.40730878e-03  2.82828000e-02  1.08856706e+00  2.82828000e-02  5.47020674e-07 
 2.82928000e-02 -4.39238554e-03  2.82928000e-02  1.08723484e+00  2.82928000e-02  5.60431477e-07 
 2.83028000e-02 -4.37728890e-03  2.83028000e-02  1.08588719e+00  2.83028000e-02  5.50444586e-07 
 2.83128000e-02 -4.36201944e-03  2.83128000e-02  1.08452414e+00  2.83128000e-02  5.64016075e-07 
 2.83228000e-02 -4.34657779e-03  2.83228000e-02  1.08314577e+00  2.83228000e-02  5.54194053e-07 
 2.83328000e-02 -4.33096453e-03  2.83328000e-02  1.08175211e+00  2.83328000e-02  5.67943933e-07 
 2.83428000e-02 -4.31518030e-03  2.83428000e-02  1.08034323e+00  2.83428000e-02  5.58305206e-07 
 2.83528000e-02 -4.29922571e-03  2.83528000e-02  1.07891918e+00  2.83528000e-02  5.72253518e-07 
 2.83628000e-02 -4.28310140e-03  2.83628000e-02  1.07748002e+00  2.83628000e-02  5.62818995e-07 
 2.83728000e-02 -4.26680800e-03  2.83728000e-02  1.07602580e+00  2.83728000e-02  5.76988524e-07 
 2.83828000e-02 -4.25034615e-03  2.83828000e-02  1.07455658e+00  2.83828000e-02  5.67782009e-07 
 2.83928000e-02 -4.23371650e-03  2.83928000e-02  1.07307242e+00  2.83928000e-02  5.82198719e-07 
 2.84028000e-02 -4.21691972e-03  2.84028000e-02  1.07157338e+00  2.84028000e-02  5.73247428e-07 
 2.84128000e-02 -4.19995646e-03  2.84128000e-02  1.07005952e+00  2.84128000e-02  5.87941028e-07 
 2.84228000e-02 -4.18282739e-03  2.84228000e-02  1.06853090e+00  2.84228000e-02  5.79276179e-07 
 2.84328000e-02 -4.16553319e-03  2.84328000e-02  1.06698757e+00  2.84328000e-02  5.94280812e-07 
 2.84428000e-02 -4.14807454e-03  2.84428000e-02  1.06542960e+00  2.84428000e-02  5.85938375e-07 
 2.84528000e-02 -4.13045213e-03  2.84528000e-02  1.06385705e+00  2.84528000e-02  6.01293432e-07 
 2.84628000e-02 -4.11266666e-03  2.84628000e-02  1.06226999e+00  2.84628000e-02  5.93315068e-07 
 2.84728000e-02 -4.09471883e-03  2.84728000e-02  1.06066847e+00  2.84728000e-02  6.09066259e-07 
 2.84828000e-02 -4.07660934e-03  2.84828000e-02  1.05905256e+00  2.84828000e-02  6.01500450e-07 
 2.84928000e-02 -4.05833892e-03  2.84928000e-02  1.05742232e+00  2.84928000e-02  6.17701092e-07 
 2.85028000e-02 -4.03990829e-03  2.85028000e-02  1.05577783e+00  2.85028000e-02  6.10604635e-07 
 2.85128000e-02 -4.02131816e-03  2.85128000e-02  1.05411913e+00  2.85128000e-02  6.27317312e-07 
 2.85228000e-02 -4.00256928e-03  2.85228000e-02  1.05244630e+00  2.85228000e-02  6.20757159e-07 
 2.85328000e-02 -3.98366238e-03  2.85328000e-02  1.05075941e+00  2.85328000e-02  6.38055869e-07 
 2.85428000e-02 -3.96459822e-03  2.85428000e-02  1.04905851e+00  2.85428000e-02  6.32111541e-07 
 2.85528000e-02 -3.94537754e-03  2.85528000e-02  1.04734369e+00  2.85528000e-02  6.50084452e-07 
 2.85628000e-02 -3.92600110e-03  2.85628000e-02  1.04561501e+00  2.85628000e-02  6.44851190e-07 
 2.85728000e-02 -3.90646967e-03  2.85728000e-02  1.04387253e+00  2.85728000e-02  6.63604305e-07 
 2.85828000e-02 -3.88678403e-03  2.85828000e-02  1.04211632e+00  2.85828000e-02  6.59197303e-07 
 2.85928000e-02 -3.86694493e-03  2.85928000e-02  1.04034647e+00  2.85928000e-02  6.78859347e-07 
 2.86028000e-02 -3.84695318e-03  2.86028000e-02  1.03856302e+00  2.86028000e-02  6.75419359e-07 
 2.86128000e-02 -3.82680956e-03  2.86128000e-02  1.03676606e+00  2.86128000e-02  6.96148467e-07 
 2.86228000e-02 -3.80651486e-03  2.86228000e-02  1.03495566e+00  2.86228000e-02  6.93849689e-07 
 2.86328000e-02 -3.78606988e-03  2.86328000e-02  1.03313189e+00  2.86328000e-02  7.15842651e-07 
 2.86428000e-02 -3.76547544e-03  2.86428000e-02  1.03129482e+00  2.86428000e-02  7.14903635e-07 
 2.86528000e-02 -3.74473234e-03  2.86528000e-02  1.02944453e+00  2.86528000e-02  7.38409078e-07 
 2.86628000e-02 -3.72384141e-03  2.86628000e-02  1.02758108e+00  2.86628000e-02  7.39108541e-07 
 2.86728000e-02 -3.70280347e-03  2.86728000e-02  1.02570455e+00  2.86728000e-02  7.64446148e-07 
 2.86828000e-02 -3.68161935e-03  2.86828000e-02  1.02381502e+00  2.86828000e-02  7.67146277e-07 
 2.86928000e-02 -3.66028988e-03  2.86928000e-02  1.02191257e+00  2.86928000e-02  7.94735401e-07 
 2.87028000e-02 -3.63881591e-03  2.87028000e-02  1.01999726e+00  2.87028000e-02  7.99917377e-07 
 2.87128000e-02 -3.61719829e-03  2.87128000e-02  1.01806918e+00  2.87128000e-02  8.30321725e-07 
 2.87228000e-02 -3.59543786e-03  2.87228000e-02  1.01612840e+00  2.87228000e-02  8.38641658e-07 
 2.87328000e-02 -3.57353549e-03  2.87328000e-02  1.01417499e+00  2.87328000e-02  8.72640816e-07 
 2.87428000e-02 -3.55149205e-03  2.87428000e-02  1.01220905e+00  2.87428000e-02  8.85021994e-07 
 2.87528000e-02 -3.52930840e-03  2.87528000e-02  1.01023063e+00  2.87528000e-02  9.23731920e-07 
 2.87628000e-02 -3.50698542e-03  2.87628000e-02  1.00823983e+00  2.87628000e-02  9.41523932e-07 
 2.87728000e-02 -3.48452399e-03  2.87728000e-02  1.00623673e+00  2.87728000e-02  9.86610975e-07 
 2.87828000e-02 -3.46192500e-03  2.87828000e-02  1.00422139e+00  2.87828000e-02  1.01188063e-06 
 2.87928000e-02 -3.43918933e-03  2.87928000e-02  1.00219391e+00  2.87928000e-02  1.06596527e-06 
 2.88028000e-02 -3.41631789e-03  2.88028000e-02  1.00015437e+00  2.88028000e-02  1.10206564e-06 
 2.88128000e-02 -3.39331158e-03  2.88128000e-02  9.98102833e-01  2.88128000e-02  1.16954221e-06 
 2.88228000e-02 -3.37017131e-03  2.88228000e-02  9.96039400e-01  2.88228000e-02  1.22231453e-06 
 2.88328000e-02 -3.34689800e-03  2.88328000e-02  9.93964145e-01  2.88328000e-02  1.31115264e-06 
 2.88428000e-02 -3.32349255e-03  2.88428000e-02  9.91877155e-01  2.88428000e-02  1.39167314e-06 
 2.88528000e-02 -3.29995589e-03  2.88528000e-02  9.89778511e-01  2.88528000e-02  1.51767594e-06 
 2.88628000e-02 -3.27628896e-03  2.88628000e-02  9.87668298e-01  2.88628000e-02  1.64888097e-06 
 2.88728000e-02 -3.25249269e-03  2.88728000e-02  9.85546601e-01  2.88728000e-02  1.84586129e-06 
 2.88828000e-02 -3.22856801e-03  2.88828000e-02  9.83413505e-01  2.88828000e-02  2.07738253e-06 
 2.88928000e-02 -3.20451588e-03  2.88928000e-02  9.81269093e-01  2.88928000e-02  2.41641399e-06 
 2.89028000e-02 -3.18033723e-03  2.89028000e-02  9.79113452e-01  2.89028000e-02  2.84411405e-06 
 2.89128000e-02 -3.15603303e-03  2.89128000e-02  9.76946660e-01  2.89128000e-02  3.44471188e-06 
 2.89228000e-02 -3.13160424e-03  2.89228000e-02  9.74768810e-01  2.89228000e-02  4.20692430e-06 
 2.89328000e-02 -3.10705182e-03  2.89328000e-02  9.72579983e-01  2.89328000e-02  5.22615146e-06 
 2.89428000e-02 -3.08237673e-03  2.89428000e-02  9.70380269e-01  2.89428000e-02  6.50803600e-06 
 2.89528000e-02 -3.05757996e-03  2.89528000e-02  9.68169761e-01  2.89528000e-02  8.17713185e-06 
 2.89628000e-02 -3.03266248e-03  2.89628000e-02  9.65948543e-01  2.89628000e-02  1.02767159e-05 
 2.89728000e-02 -3.00762528e-03  2.89728000e-02  9.63716706e-01  2.89728000e-02  1.29838211e-05 
 2.89828000e-02 -2.98246934e-03  2.89828000e-02  9.61474337e-01  2.89828000e-02  1.64070226e-05 
 2.89928000e-02 -2.95719566e-03  2.89928000e-02  9.59221528e-01  2.89928000e-02  2.08121605e-05 
 2.90028000e-02 -2.93180523e-03  2.90028000e-02  9.56958371e-01  2.90028000e-02  2.64212621e-05 
 2.90128000e-02 -2.90629906e-03  2.90128000e-02  9.54684953e-01  2.90128000e-02  3.36547109e-05 
 2.90228000e-02 -2.88067816e-03  2.90228000e-02  9.52401368e-01  2.90228000e-02  4.29367888e-05 
 2.90328000e-02 -2.85494353e-03  2.90328000e-02  9.50107705e-01  2.90328000e-02  5.49644730e-05 
 2.90428000e-02 -2.82909619e-03  2.90428000e-02  9.47804058e-01  2.90428000e-02  7.05305196e-05 
 2.90528000e-02 -2.80313716e-03  2.90528000e-02  9.45490519e-01  2.90528000e-02  9.08373537e-05 
 2.90628000e-02 -2.77706747e-03  2.90628000e-02  9.43167177e-01  2.90628000e-02  1.17357730e-04 
 2.90728000e-02 -2.75088815e-03  2.90728000e-02  9.40834131e-01  2.90728000e-02  1.52224286e-04 
 2.90828000e-02 -2.72460023e-03  2.90828000e-02  9.38491468e-01  2.90828000e-02  1.98158541e-04 
 2.90928000e-02 -2.69820474e-03  2.90928000e-02  9.36139288e-01  2.90928000e-02  2.58977140e-04 
 2.91028000e-02 -2.67170274e-03  2.91028000e-02  9.33777682e-01  2.91028000e-02  3.39618606e-04 
 2.91128000e-02 -2.64509526e-03  2.91128000e-02  9.31406744e-01  2.91128000e-02  4.46795569e-04 
 2.91228000e-02 -2.61838335e-03  2.91228000e-02  9.29026569e-01  2.91228000e-02  5.89105648e-04 
 2.91328000e-02 -2.59156808e-03  2.91328000e-02  9.26637257e-01  2.91328000e-02  7.77791973e-04 
 2.91428000e-02 -2.56465049e-03  2.91428000e-02  9.24238898e-01  2.91428000e-02  1.02682266e-03 
 2.91528000e-02 -2.53763166e-03  2.91528000e-02  9.21831592e-01  2.91528000e-02  1.35362138e-03 
 2.91628000e-02 -2.51051265e-03  2.91628000e-02  9.19415430e-01  2.91628000e-02  1.77891641e-03 
 2.91728000e-02 -2.48329452e-03  2.91728000e-02  9.16990517e-01  2.91728000e-02  2.32732052e-03 
 2.91828000e-02 -2.45597836e-03  2.91828000e-02  9.14556942e-01  2.91828000e-02  3.02688009e-03 
 2.91928000e-02 -2.42856524e-03  2.91928000e-02  9.12114811e-01  2.91928000e-02  3.90966163e-03 
 2.92028000e-02 -2.40105625e-03  2.92028000e-02  9.09664214e-01  2.92028000e-02  5.01127084e-03 
 2.92128000e-02 -2.37345247e-03  2.92128000e-02  9.07205253e-01  2.92128000e-02  6.37196414e-03 
 2.92228000e-02 -2.34575498e-03  2.92228000e-02  9.04738028e-01  2.92228000e-02  8.03665733e-03 
 2.92328000e-02 -2.31796489e-03  2.92328000e-02  9.02262636e-01  2.92328000e-02  1.00572545e-02 
 2.92428000e-02 -2.29008329e-03  2.92428000e-02  8.99779176e-01  2.92428000e-02  1.24937791e-02 
 2.92528000e-02 -2.26211129e-03  2.92528000e-02  8.97287748e-01  2.92528000e-02  1.54188255e-02 
 2.92628000e-02 -2.23404998e-03  2.92628000e-02  8.94788452e-01  2.92628000e-02  1.89209718e-02 
 2.92728000e-02 -2.20590047e-03  2.92728000e-02  8.92281390e-01  2.92728000e-02  2.31134382e-02 
 2.92828000e-02 -2.17766387e-03  2.92828000e-02  8.89766658e-01  2.92828000e-02  2.81431772e-02 
 2.92928000e-02 -2.14934131e-03  2.92928000e-02  8.87244363e-01  2.92928000e-02  3.42102335e-02 
 2.93028000e-02 -2.12093389e-03  2.93028000e-02  8.84714603e-01  2.93028000e-02  4.15946947e-02 
 2.93128000e-02 -2.09244275e-03  2.93128000e-02  8.82177480e-01  2.93128000e-02  5.07126603e-02 
 2.93228000e-02 -2.06386899e-03  2.93228000e-02  8.79633093e-01  2.93228000e-02  6.22195259e-02 
 2.93328000e-02 -2.03521376e-03  2.93328000e-02  8.77081550e-01  2.93328000e-02  7.72571621e-02 
 2.93428000e-02 -2.00647818e-03  2.93428000e-02  8.74522948e-01  2.93428000e-02  9.82642126e-02 
 2.93528000e-02 -1.97766339e-03  2.93528000e-02  8.71957394e-01  2.93528000e-02  1.31538789e-01 
 2.93628000e-02 -1.94877053e-03  2.93628000e-02  8.69384988e-01  2.93628000e-02  2.02940721e-01 
 2.93728000e-02 -1.91980073e-03  2.93728000e-02  8.66805835e-01  2.93728000e-02  3.48774168e-01 
 2.93828000e-02 -1.89075514e-03  2.93828000e-02  8.64220036e-01  2.93828000e-02  5.29627899e-01 
 2.93928000e-02 -1.86163491e-03  2.93928000e-02  8.61627700e-01  2.93928000e-02  7.22961740e-01 
 2.94028000e-02 -1.83244118e-03  2.94028000e-02  8.59028925e-01  2.94028000e-02  9.22417397e-01 
 2.94128000e-02 -1.80317511e-03  2.94128000e-02  8.56423819e-01  2.94128000e-02  1.12512466e+00 
 2.94228000e-02 -1.77383785e-03  2.94228000e-02  8.53812486e-01  2.94228000e-02  1.32690079e+00 
 2.94328000e-02 -1.74443057e-03  2.94328000e-02  8.51195029e-01  2.94328000e-02  1.51237084e+00 
 2.94428000e-02 -1.71495442e-03  2.94428000e-02  8.48571558e-01  2.94428000e-02  1.62002402e+00 
 2.94528000e-02 -1.68541056e-03  2.94528000e-02  8.45942172e-01  2.94528000e-02  1.67385871e+00 
 2.94628000e-02 -1.65580017e-03  2.94628000e-02  8.43306983e-01  2.94628000e-02  1.70918039e+00 
 2.94728000e-02 -1.62612441e-03  2.94728000e-02  8.40666092e-01  2.94728000e-02  1.73311086e+00 
 2.94828000e-02 -1.59638446e-03  2.94828000e-02  8.38019606e-01  2.94828000e-02  1.75075117e+00 
 2.94928000e-02 -1.56658148e-03  2.94928000e-02  8.35367634e-01  2.94928000e-02  1.76392621e+00 
 2.95028000e-02 -1.53671666e-03  2.95028000e-02  8.32710280e-01  2.95028000e-02  1.77375255e+00 
 2.95128000e-02 -1.50679116e-03  2.95128000e-02  8.30047653e-01  2.95128000e-02  1.78105811e+00 
 2.95228000e-02 -1.47680619e-03  2.95228000e-02  8.27379855e-01  2.95228000e-02  1.78645427e+00 
 2.95328000e-02 -1.44676291e-03  2.95328000e-02  8.24707000e-01  2.95328000e-02  1.79040378e+00 
 2.95428000e-02 -1.41666251e-03  2.95428000e-02  8.22029191e-01  2.95428000e-02  1.79326468e+00 
 2.95528000e-02 -1.38650619e-03  2.95528000e-02  8.19346537e-01  2.95528000e-02  1.79531414e+00 
 2.95628000e-02 -1.35629513e-03  2.95628000e-02  8.16659146e-01  2.95628000e-02  1.79676640e+00 
 2.95728000e-02 -1.32603053e-03  2.95728000e-02  8.13967125e-01  2.95728000e-02  1.79778460e+00 
 2.95828000e-02 -1.29571358e-03  2.95828000e-02  8.11270582e-01  2.95828000e-02  1.79849169e+00 
 2.95928000e-02 -1.26534547e-03  2.95928000e-02  8.08569627e-01  2.95928000e-02  1.79897841e+00 
 2.96028000e-02 -1.23492741e-03  2.96028000e-02  8.05864369e-01  2.96028000e-02  1.79931100e+00 
 2.96128000e-02 -1.20446060e-03  2.96128000e-02  8.03154914e-01  2.96128000e-02  1.79953679e+00 
 2.96228000e-02 -1.17394624e-03  2.96228000e-02  8.00441372e-01  2.96228000e-02  1.79968933e+00 
 2.96328000e-02 -1.14338553e-03  2.96328000e-02  7.97723853e-01  2.96328000e-02  1.79979192e+00 
 2.96428000e-02 -1.11277969e-03  2.96428000e-02  7.95002465e-01  2.96428000e-02  1.79986076e+00 
 2.96528000e-02 -1.08212991e-03  2.96528000e-02  7.92277319e-01  2.96528000e-02  1.79990681e+00 
 2.96628000e-02 -1.05143741e-03  2.96628000e-02  7.89548525e-01  2.96628000e-02  1.79993761e+00 
 2.96728000e-02 -1.02070341e-03  2.96728000e-02  7.86816189e-01  2.96728000e-02  1.79995817e+00 
 2.96828000e-02 -9.89929106e-04  2.96828000e-02  7.84080425e-01  2.96828000e-02  1.79997192e+00 
 2.96928000e-02 -9.59115724e-04  2.96928000e-02  7.81341340e-01  2.96928000e-02  1.79998110e+00 
 2.97028000e-02 -9.28264478e-04  2.97028000e-02  7.78599045e-01  2.97028000e-02  1.79998726e+00 
 2.97128000e-02 -8.97376585e-04  2.97128000e-02  7.75853651e-01  2.97128000e-02  1.79999137e+00 
 2.97228000e-02 -8.66453265e-04  2.97228000e-02  7.73105267e-01  2.97228000e-02  1.79999414e+00 
 2.97328000e-02 -8.35495739e-04  2.97328000e-02  7.70354005e-01  2.97328000e-02  1.79999600e+00 
 2.97428000e-02 -8.04505229e-04  2.97428000e-02  7.67599975e-01  2.97428000e-02  1.79999726e+00 
 2.97528000e-02 -7.73482959e-04  2.97528000e-02  7.64843288e-01  2.97528000e-02  1.79999810e+00 
 2.97628000e-02 -7.42430153e-04  2.97628000e-02  7.62084053e-01  2.97628000e-02  1.79999869e+00 
 2.97728000e-02 -7.11348037e-04  2.97728000e-02  7.59322381e-01  2.97728000e-02  1.79999908e+00 
 2.97828000e-02 -6.80237838e-04  2.97828000e-02  7.56558386e-01  2.97828000e-02  1.79999935e+00 
 2.97928000e-02 -6.49100785e-04  2.97928000e-02  7.53792174e-01  2.97928000e-02  1.79999953e+00 
 2.98028000e-02 -6.17938106e-04  2.98028000e-02  7.51023860e-01  2.98028000e-02  1.79999966e+00 
 2.98128000e-02 -5.86751032e-04  2.98128000e-02  7.48253555e-01  2.98128000e-02  1.79999974e+00 
 2.98228000e-02 -5.55540794e-04  2.98228000e-02  7.45481367e-01  2.98228000e-02  1.79999981e+00 
 2.98328000e-02 -5.24308624e-04  2.98328000e-02  7.42707412e-01  2.98328000e-02  1.79999985e+00 
 2.98428000e-02 -4.93055756e-04  2.98428000e-02  7.39931801e-01  2.98428000e-02  1.79999988e+00 
 2.98528000e-02 -4.61783422e-04  2.98528000e-02  7.37154645e-01  2.98528000e-02  1.79999990e+00 
 2.98628000e-02 -4.30492859e-04  2.98628000e-02  7.34376057e-01  2.98628000e-02  1.79999992e+00 
 2.98728000e-02 -3.99185300e-04  2.98728000e-02  7.31596148e-01  2.98728000e-02  1.79999993e+00 
 2.98828000e-02 -3.67861981e-04  2.98828000e-02  7.28815033e-01  2.98828000e-02  1.79999994e+00 
 2.98928000e-02 -3.36524141e-04  2.98928000e-02  7.26032820e-01  2.98928000e-02  1.79999994e+00 
 2.99028000e-02 -3.05173015e-04  2.99028000e-02  7.23249622e-01  2.99028000e-02  1.79999996e+00 
 2.99128000e-02 -2.73809841e-04  2.99128000e-02  7.20465551e-01  2.99128000e-02  1.79999995e+00 
 2.99228000e-02 -2.42435858e-04  2.99228000e-02  7.17680718e-01  2.99228000e-02  1.79999997e+00 
 2.99328000e-02 -2.11052303e-04  2.99328000e-02  7.14895235e-01  2.99328000e-02  1.79999996e+00 
 2.99428000e-02 -1.79660417e-04  2.99428000e-02  7.12109216e-01  2.99428000e-02  1.79999997e+00 
 2.99528000e-02 -1.48261438e-04  2.99528000e-02  7.09322769e-01  2.99528000e-02  1.79999997e+00 
 2.99628000e-02 -1.16856606e-04  2.99628000e-02  7.06536009e-01  2.99628000e-02  1.79999998e+00 
 2.99728000e-02 -8.54471605e-05  2.99728000e-02  7.03749046e-01  2.99728000e-02  1.79999997e+00 
 2.99828000e-02 -5.40343418e-05  2.99828000e-02  7.00961996e-01  2.99828000e-02  1.79999998e+00 
 2.99914000e-02 -2.70175653e-05  2.99914000e-02  6.98565143e-01  2.99914000e-02  1.79999997e+00 
 3.00000000e-02 -3.67394040e-18  3.00000000e-02  6.96168380e-01  3.00000000e-02  1.79999998e+00 
